Full_Name,Team,Position,Overall,Madden_Year
Taylor Boggs,CHI,C,61,2014
Roberto Garza,CHI,C,76,2014
Patrick Mannelly,CHI,C,66,2014
Tony Fiammetta,CHI,FB,69,2014
Harvey Unga,CHI,FB,74,2014
Matt Forte,CHI,HB,91,2014
Michael Bush,CHI,HB,81,2014
Armando Allen,CHI,HB,67,2014
Robbie Gould,CHI,K,93,2014
James Brown,CHI,LG,65,2014
Edwin Williams,CHI,LG,73,2014
Matt Slauson,CHI,LG,79,2014
Jermon Bushrod,CHI,LT,86,2014
Eben Britton,CHI,LT,70,2014
Cory Brandon,CHI,LT,59,2014
Jay Cutler,CHI,QB,86,2014
Josh McCown,CHI,QB,71,2014
Matt Blanchard,CHI,QB,64,2014
Derek Dennis,CHI,RG,60,2014
Kyle Long,CHI,RG,75,2014
Jordan Mills,CHI,RT,70,2014
Jonathan Scott,CHI,RT,72,2014
J'Marcus Webb,CHI,RT,77,2014
Martellus Bennett,CHI,TE,88,2014
Fendi Onobun,CHI,TE,62,2014
Steve Maneri,CHI,TE,69,2014
Brody Eldridge,CHI,TE,65,2014
Kyle Adams,CHI,TE,66,2014
Terrence Toliver,CHI,WR,61,2014
Alshon Jeffery,CHI,WR,75,2014
Marquess Wilson,CHI,WR,66,2014
Joe Anderson,CHI,WR,61,2014
Brandon Marshall,CHI,WR,95,2014
Devin Hester,CHI,WR,73,2014
Earl Bennett,CHI,WR,77,2014
Eric Weems,CHI,WR,73,2014
Kyle Cook,CIN,C,75,2014
Trevor Robinson,CIN,C,76,2014
Shaun Prater,CIN,CB,67,2014
Terence Newman,CIN,CB,85,2014
Leon Hall,CIN,CB,90,2014
Adam Jones,CIN,CB,79,2014
Onterio McCalebb,CIN,CB,58,2014
Brandon Ghee,CIN,CB,68,2014
Dre Kirkpatrick,CIN,CB,76,2014
Devon Still,CIN,DT,74,2014
Brandon Thompson,CIN,DT,66,2014
Geno Atkins,CIN,DT,97,2014
Domata Peko,CIN,DT,81,2014
John Conner,CIN,FB,74,2014
Chris Pressley,CIN,FB,79,2014
Reggie Nelson,CIN,FS,88,2014
George Iloka,CIN,FS,65,2014
Rex Burkhead,CIN,HB,68,2014
Bernard Scott,CIN,HB,74,2014
Cedric Peerman,CIN,HB,70,2014
Giovani Bernard,CIN,HB,75,2014
Daniel Herron,CIN,HB,68,2014
BenJarvus Green-Ellis,CIN,HB,82,2014
Mike Nugent,CIN,K,83,2014
Jamaal Anderson,CIN,LE,74,2014
Margus Hunt,CIN,LE,70,2014
Carlos Dunlap,CIN,LE,89,2014
Wallace Gilberry,CIN,LE,70,2014
Clint Boling,CIN,LG,78,2014
Travelle Wharton,CIN,LG,82,2014
James Harrison,CIN,LOLB,86,2014
Aaron Maybin,CIN,LOLB,74,2014
Andrew Whitworth,CIN,LT,90,2014
Tanner Hawkinson,CIN,LT,66,2014
Dennis Roland,CIN,LT,69,2014
J.K. Schaffer,CIN,MLB,58,2014
Rey Maualuga,CIN,MLB,76,2014
Kevin Huber,CIN,P,84,2014
Zac Robinson,CIN,QB,64,2014
John Skelton,CIN,QB,67,2014
Andy Dalton,CIN,QB,84,2014
Josh Johnson,CIN,QB,70,2014
Dontay Moch,CIN,RE,65,2014
DeQuin Evans,CIN,RE,60,2014
Michael Johnson,CIN,RE,89,2014
Robert Geathers,CIN,RE,76,2014
Kevin Zeitler,CIN,RG,87,2014
Mike Pollak,CIN,RG,77,2014
Vincent Rey,CIN,ROLB,66,2014
Sean Porter,CIN,ROLB,70,2014
Vontaze Burfict,CIN,ROLB,77,2014
Emmanuel Lamur,CIN,ROLB,64,2014
Andre Smith,CIN,RT,92,2014
Reid Fragel,CIN,RT,69,2014
Anthony Collins,CIN,RT,78,2014
Shawn Williams,CIN,SS,72,2014
Taylor Mays,CIN,SS,74,2014
Jeromy Miles,CIN,SS,71,2014
Tyler Eifert,CIN,TE,80,2014
Jermaine Gresham,CIN,TE,80,2014
Orson Charles,CIN,TE,71,2014
Richard Quinn,CIN,TE,70,2014
Alex Smith,CIN,TE,77,2014
Clark Harris,CIN,TE,63,2014
Brandon Tate,CIN,WR,70,2014
Mohamed Sanu,CIN,WR,74,2014
Marvin Jones,CIN,WR,70,2014
Ryan Whalen,CIN,WR,68,2014
Dane Sanzenbacher,CIN,WR,65,2014
Andrew Hawkins,CIN,WR,72,2014
Cobi Hamilton,CIN,WR,67,2014
A.J. Green,CIN,WR,94,2014
Garrison Sanborn,BUF,C,57,2014
David Snow,BUF,C,69,2014
Eric Wood,BUF,C,82,2014
Doug Legursky,BUF,C,73,2014
Leodis McKelvin,BUF,CB,77,2014
Ron Brooks,BUF,CB,68,2014
Stephon Gilmore,BUF,CB,82,2014
T.J. Heath,BUF,CB,60,2014
Justin Rogers,BUF,CB,67,2014
Crezdon Butler,BUF,CB,67,2014
Torell Troup,BUF,DT,68,2014
Marcell Dareus,BUF,DT,88,2014
Corbin Bryant,BUF,DT,66,2014
Dorin Dickerson,BUF,FB,72,2014
Frank Summers,BUF,FB,67,2014
Jairus Byrd,BUF,FS,95,2014
Aaron Williams,BUF,FS,75,2014
C.J. Spiller,BUF,HB,92,2014
Fred Jackson,BUF,HB,83,2014
Zach Brown,BUF,HB,66,2014
Tashard Choice,BUF,HB,73,2014
Dustin Hopkins,BUF,K,71,2014
Rian Lindell,BUF,K,84,2014
Mario Williams,BUF,LE,92,2014
Jarron Gilbert,BUF,LE,69,2014
Colin Brown,BUF,LG,62,2014
Sam Young,BUF,LG,72,2014
Chris Scott,BUF,LG,68,2014
Jerry Hughes,BUF,LOLB,72,2014
Mark Anderson,BUF,LOLB,73,2014
Kourtnei Brown,BUF,LOLB,56,2014
Thomas Welch,BUF,LT,60,2014
Chris Hairston,BUF,LT,74,2014
Cordy Glenn,BUF,LT,77,2014
Brian Smith,BUF,MLB,61,2014
Arthur Moats,BUF,MLB,70,2014
Kiko Alonso,BUF,MLB,70,2014
Nigel Bradham,BUF,MLB,73,2014
Marcus Dowtin,BUF,MLB,52,2014
Shawn Powell,BUF,P,65,2014
Jeff Tuel,BUF,QB,64,2014
Kevin Kolb,BUF,QB,76,2014
E.J. Manuel,BUF,QB,74,2014
Alex Carrington,BUF,RE,71,2014
Jay Ross,BUF,RE,57,2014
Alan Branch,BUF,RE,75,2014
Kyle Williams,BUF,RE,91,2014
Kraig Urbik,BUF,RG,81,2014
Zack Chibane,BUF,RG,63,2014
Keith Williams,BUF,RG,61,2014
Chris White,BUF,ROLB,61,2014
Bryan Scott,BUF,ROLB,73,2014
Manny Lawson,BUF,ROLB,82,2014
Erik Pears,BUF,RT,78,2014
Zebrie Sanders,BUF,RT,66,2014
Mana Silva,BUF,SS,65,2014
Da'Norris Searcy,BUF,SS,75,2014
Duke Williams,BUF,SS,70,2014
Jonathan Meeks,BUF,SS,64,2014
Scott Chandler,BUF,TE,83,2014
Lee Smith,BUF,TE,73,2014
Mike Caussin,BUF,TE,66,2014
Chris Gragg,BUF,TE,69,2014
Mickey Shuler,BUF,TE,62,2014
Marcus Easley,BUF,WR,66,2014
Da'Rick Rogers,BUF,WR,66,2014
Marquise Goodwin,BUF,WR,64,2014
Robert Woods,BUF,WR,70,2014
Chris Hogan,BUF,WR,63,2014
T.J. Graham,BUF,WR,70,2014
DeMarco Sampson,BUF,WR,62,2014
Brad Smith,BUF,WR,73,2014
Kevin Elliott,BUF,WR,60,2014
Stevie Johnson,BUF,WR,89,2014
C.J. Davis,DEN,C,65,2014
Justin Boren,DEN,C,61,2014
Quentin Saulsberry,DEN,C,64,2014
Philip Blake,DEN,C,68,2014
J.D. Walton,DEN,C,79,2014
Champ Bailey,DEN,CB,93,2014
Tony Carter,DEN,CB,74,2014
Mario Butler,DEN,CB,66,2014
Chris Harris,DEN,CB,82,2014
Kayvon Webster,DEN,CB,69,2014
Omar Bolden,DEN,CB,71,2014
Dominique Rodgers-Cromartie,DEN,CB,79,2014
Terrance Knighton,DEN,DT,80,2014
Kevin Vickerson,DEN,DT,78,2014
Sealver Siliga,DEN,DT,65,2014
Mitch Unrein,DEN,DT,66,2014
Sylvester Williams,DEN,DT,76,2014
Jacob Hester,DEN,FB,79,2014
Quinton Carter,DEN,FS,72,2014
Rahim Moore,DEN,FS,82,2014
Quentin Jammer,DEN,FS,79,2014
Jeremiah Johnson,DEN,HB,65,2014
Knowshon Moreno,DEN,HB,76,2014
Ronnie Hillman,DEN,HB,72,2014
Montee Ball,DEN,HB,75,2014
Lance Ball,DEN,HB,70,2014
Matt Prater,DEN,K,84,2014
Malik Jackson,DEN,LE,65,2014
Derek Wolfe,DEN,LE,74,2014
Jeremy Beal,DEN,LE,66,2014
Zane Beadles,DEN,LG,81,2014
Manny Ramirez,DEN,LG,76,2014
Stewart Bradley,DEN,LOLB,72,2014
Von Miller,DEN,LOLB,97,2014
Chris Clark,DEN,LT,64,2014
Ryan Clady,DEN,LT,94,2014
Joe Mays,DEN,MLB,79,2014
Nate Irving,DEN,MLB,66,2014
Steven Johnson,DEN,MLB,60,2014
Britton Colquitt,DEN,P,81,2014
Brock Osweiler,DEN,QB,73,2014
Zac Dysert,DEN,QB,68,2014
Peyton Manning,DEN,QB,97,2014
Quanterus Smith,DEN,RE,68,2014
Shaun Phillips,DEN,RE,79,2014
Robert Ayers,DEN,RE,81,2014
Louis Vasquez,DEN,RG,89,2014
Chris Kuper,DEN,RG,81,2014
Danny Trevathan,DEN,ROLB,68,2014
Wesley Woodyard,DEN,ROLB,80,2014
Vinston Painter,DEN,RT,64,2014
Orlando Franklin,DEN,RT,86,2014
Duke Ihenacho,DEN,SS,61,2014
David Bruton,DEN,SS,71,2014
Mike Adams,DEN,SS,78,2014
Joel Dreessen,DEN,TE,83,2014
Aaron Brewer,DEN,TE,39,2014
Julius Thomas,DEN,TE,65,2014
Virgil Green,DEN,TE,71,2014
Jacob Tamme,DEN,TE,80,2014
Andre Caldwell,DEN,WR,74,2014
Greg Orton,DEN,WR,61,2014
Gerell Robinson,DEN,WR,62,2014
Tavarres King,DEN,WR,65,2014
Eric Decker,DEN,WR,87,2014
Demaryius Thomas,DEN,WR,90,2014
Trindon Holliday,DEN,WR,67,2014
Wes Welker,DEN,WR,93,2014
Alex Mack,CLE,C,91,2014
Braxston Cave,CLE,C,64,2014
Christian Yount,CLE,C,57,2014
Buster Skrine,CLE,CB,74,2014
Joe Haden,CLE,CB,91,2014
Prince Miller,CLE,CB,59,2014
Leon McFadden,CLE,CB,71,2014
Trevin Wade,CLE,CB,65,2014
Christopher Owens,CLE,CB,73,2014
Nicolas Jean-Baptiste,CLE,DT,58,2014
Ishmaa'ily Kitchen,CLE,DT,67,2014
Phil Taylor,CLE,DT,83,2014
Owen Marecic,CLE,FB,75,2014
Brad Smelley,CLE,FB,73,2014
Dan Gronkowski,CLE,FB,64,2014
Tashaun Gipson,CLE,FS,71,2014
Johnson Bademosi,CLE,FS,67,2014
Chris Ogbonnaya,CLE,HB,70,2014
Brandon Jackson,CLE,HB,71,2014
Dion Lewis,CLE,HB,71,2014
Montario Hardesty,CLE,HB,72,2014
Miguel Maysonet,CLE,HB,64,2014
Trent Richardson,CLE,HB,87,2014
Shayne Graham,CLE,K,83,2014
Billy Winn,CLE,LE,75,2014
Hall Davis,CLE,LE,64,2014
Brian Sanford,CLE,LE,64,2014
Ahtyba Rubin,CLE,LE,84,2014
John Greco,CLE,LG,77,2014
Jason Pinkston,CLE,LG,74,2014
James-Michael Johnson,CLE,LOLB,67,2014
Paul Kruger,CLE,LOLB,87,2014
Quentin Groves,CLE,LOLB,76,2014
Oniel Cousins,CLE,LT,66,2014
Joe Thomas,CLE,LT,97,2014
Chris Faulk,CLE,LT,60,2014
Adrian Moten,CLE,MLB,55,2014
Craig Robertson,CLE,MLB,73,2014
D'Qwell Jackson,CLE,MLB,87,2014
Tank Carder,CLE,MLB,66,2014
L.J. Fort,CLE,MLB,66,2014
Spencer Lanning,CLE,P,69,2014
T.J. Conley,CLE,P,67,2014
Brandon Weeden,CLE,QB,76,2014
Brian Hoyer,CLE,QB,71,2014
Jason Campbell,CLE,QB,75,2014
Armonty Bryant,CLE,RE,64,2014
John Hughes,CLE,RE,68,2014
Desmond Bryant,CLE,RE,88,2014
Dominic Alford,CLE,RG,60,2014
Jarrod Shaw,CLE,RG,64,2014
Shawn Lauvao,CLE,RG,75,2014
Barkevious Mingo,CLE,ROLB,76,2014
Jabaal Sheard,CLE,ROLB,82,2014
Mitchell Schwartz,CLE,RT,83,2014
Ryan Miller,CLE,RT,65,2014
Rashad Butler,CLE,RT,74,2014
Jamoris Slaughter,CLE,SS,70,2014
T.J. Ward,CLE,SS,90,2014
Jordan Cameron,CLE,TE,77,2014
Gary Barnidge,CLE,TE,74,2014
Kellen Davis,CLE,TE,77,2014
Davone Bess,CLE,WR,76,2014
Greg Little,CLE,WR,76,2014
Tori Gurley,CLE,WR,63,2014
Travis Benjamin,CLE,WR,68,2014
David Nelson,CLE,WR,74,2014
Jordan Norwood,CLE,WR,66,2014
Josh Cooper,CLE,WR,64,2014
Josh Gordon,CLE,WR,81,2014
Andrew Economos,TB,C,62,2014
Ted Larsen,TB,C,73,2014
Jeremy Zuttah,TB,C,77,2014
Cody Wallace,TB,C,69,2014
Johnthan Banks,TB,CB,72,2014
Danny Gorrer,TB,CB,64,2014
Myron Lewis,TB,CB,67,2014
Anthony Gaitor,TB,CB,70,2014
Leonard Johnson,TB,CB,70,2014
Darrelle Revis,TB,CB,97,2014
Eric Wright,TB,CB,79,2014
Derek Landri,TB,DT,74,2014
Matthew Masifilo,TB,DT,60,2014
Lazarius Levingston,TB,DT,64,2014
Andre Neblett,TB,DT,65,2014
Gerald McCoy,TB,DT,91,2014
Akeem Spence,TB,DT,71,2014
Gary Gibson,TB,DT,74,2014
Erik Lorig,TB,FB,76,2014
Ahmad Black,TB,FS,75,2014
Keith Tandy,TB,FS,69,2014
Dashon Goldson,TB,FS,90,2014
Brian Leonard,TB,HB,73,2014
Mike James,TB,HB,68,2014
Michael Smith,TB,HB,66,2014
Jeff Demps,TB,HB,63,2014
Doug Martin,TB,HB,90,2014
Connor Barth,TB,K,85,2014
Da'Quan Bowers,TB,LE,77,2014
Aaron Morgan,TB,LE,67,2014
William Gholston,TB,LE,67,2014
Carl Nicks,TB,LG,95,2014
Adam Hayward,TB,LOLB,72,2014
Jacob Cutrera,TB,LOLB,66,2014
Dekoda Watson,TB,LOLB,70,2014
Donald Penn,TB,LT,87,2014
Mike Remmers,TB,LT,64,2014
Najee Goode,TB,MLB,59,2014
Joe Holland,TB,MLB,55,2014
Mason Foster,TB,MLB,75,2014
Chas Henry,TB,P,68,2014
Michael Koenen,TB,P,82,2014
Dan Orlovsky,TB,QB,70,2014
Josh Freeman,TB,QB,82,2014
Adam Weber,TB,QB,66,2014
Mike Glennon,TB,QB,66,2014
Daniel Te'o-Nesheim,TB,RE,68,2014
Adrian Clayborn,TB,RE,80,2014
Markus White,TB,RE,64,2014
Steven Means,TB,RE,67,2014
Jamon Meredith,TB,RG,71,2014
Davin Joseph,TB,RG,88,2014
Jonathan Casillas,TB,ROLB,73,2014
Lavonte David,TB,ROLB,89,2014
Gabe Carimi,TB,RT,75,2014
Jason Weaver,TB,RT,61,2014
Demar Dotson,TB,RT,79,2014
Mark Barron,TB,SS,80,2014
Cody Grimm,TB,SS,71,2014
Tom Crabtree,TB,TE,74,2014
Nate Byham,TB,TE,68,2014
Luke Stocker,TB,TE,77,2014
Danny Noble,TB,TE,63,2014
Zach Miller,TB,TE,70,2014
David Douglas,TB,WR,62,2014
Tiquan Underwood,TB,WR,69,2014
Vincent Jackson,TB,WR,92,2014
Kevin Ogletree,TB,WR,74,2014
Derek Hagan,TB,WR,72,2014
Chris Owusu,TB,WR,62,2014
Eric Page,TB,WR,63,2014
Mike Williams,TB,WR,85,2014
Lyle Sendlein,ARI,C,77,2014
Scott Wedige,ARI,C,61,2014
Jamell Fleming,ARI,CB,67,2014
Jerraud Powers,ARI,CB,78,2014
Bryan McCann,ARI,CB,66,2014
Javier Arenas,ARI,CB,76,2014
Patrick Peterson,ARI,CB,89,2014
Antoine Cason,ARI,CB,81,2014
David Carter,ARI,DT,72,2014
Ricky Lumpkin,ARI,DT,60,2014
Dan Williams,ARI,DT,81,2014
Jim Dray,ARI,FB,71,2014
Yeremiah Bell,ARI,FS,74,2014
Justin Bethel,ARI,FS,71,2014
Tyrann Mathieu,ARI,FS,72,2014
Alfonso Smith,ARI,HB,67,2014
Ryan Williams,ARI,HB,74,2014
Andre Ellington,ARI,HB,67,2014
Stepfan Taylor,ARI,HB,68,2014
William Powell,ARI,HB,69,2014
Rashard Mendenhall,ARI,HB,80,2014
Jay Feely,ARI,K,85,2014
Matt Shaughnessy,ARI,LE,77,2014
Ronald Talley,ARI,LE,63,2014
Calais Campbell,ARI,LE,93,2014
Chilo Rachal,ARI,LG,71,2014
Jonathan Cooper,ARI,LG,83,2014
Daryn Colledge,ARI,LG,80,2014
Lorenzo Alexander,ARI,LOLB,78,2014
Alex Okafor,ARI,LOLB,68,2014
O'Brien Schofield,ARI,LOLB,76,2014
Nate Potter,ARI,LT,67,2014
Levi Brown,ARI,LT,74,2014
Jasper Brinkley,ARI,MLB,75,2014
Karlos Dansby,ARI,MLB,83,2014
Zack Nash,ARI,MLB,52,2014
Daryl Washington,ARI,MLB,90,2014
Kevin Minter,ARI,MLB,71,2014
Reggie Walker,ARI,MLB,70,2014
Dave Zastudil,ARI,P,91,2014
Carson Palmer,ARI,QB,84,2014
Drew Stanton,ARI,QB,73,2014
Ryan Lindley,ARI,QB,65,2014
Frostee Rucker,ARI,RE,77,2014
Darnell Dockett,ARI,RE,79,2014
Earl Watford,ARI,RG,70,2014
Senio Kelemete,ARI,RG,64,2014
Mike Gibson,ARI,RG,70,2014
Sam Acho,ARI,ROLB,74,2014
Tim Fugger,ARI,ROLB,62,2014
Paul Fanaika,ARI,RT,70,2014
Bobby Massie,ARI,RT,76,2014
Jonathon Amaya,ARI,SS,68,2014
Curtis Taylor,ARI,SS,63,2014
Rashad Johnson,ARI,SS,76,2014
Mike Leach,ARI,TE,71,2014
Jeff King,ARI,TE,75,2014
D.C. Jefferson,ARI,TE,71,2014
Rob Housler,ARI,TE,74,2014
Kory Sperry,ARI,TE,67,2014
Michael Floyd,ARI,WR,75,2014
Kerry Taylor,ARI,WR,58,2014
Ryan Swope,ARI,WR,65,2014
Andre Roberts,ARI,WR,78,2014
Larry Fitzgerald,ARI,WR,92,2014
LaRon Byrd,ARI,WR,63,2014
Jarett Dillard,ARI,WR,65,2014
Nick Hardwick,LAC,C,78,2014
David Molk,LAC,C,68,2014
Colin Baxter,LAC,C,68,2014
Shareece Wright,LAC,CB,75,2014
Johnny Patrick,LAC,CB,70,2014
Cornelius Brown,LAC,CB,60,2014
Steve Williams,LAC,CB,69,2014
Gregory Gatson,LAC,CB,62,2014
Derek Cox,LAC,CB,84,2014
Kwame Geathers,LAC,DT,61,2014
Cam Thomas,LAC,DT,76,2014
Chris Gronkowski,LAC,FB,65,2014
Le'Ron McClain,LAC,FB,81,2014
Eric Weddle,LAC,FS,96,2014
Darrell Stuckey,LAC,FS,74,2014
Ryan Mathews,LAC,HB,82,2014
Edwin Baker,LAC,HB,62,2014
Ronnie Brown,LAC,HB,78,2014
Danny Woodhead,LAC,HB,82,2014
Nick Novak,LAC,K,79,2014
Jarius Wynn,LAC,LE,73,2014
Corey Liuget,LAC,LE,84,2014
Rich Ohrnberger,LAC,LG,70,2014
Chad Rinehart,LAC,LG,76,2014
Jarret Johnson,LAC,LOLB,82,2014
Thomas Keiser,LAC,LOLB,66,2014
Melvin Ingram,LAC,LOLB,77,2014
Max Starks,LAC,LT,75,2014
Mike Harris,LAC,LT,57,2014
King Dunlap,LAC,LT,78,2014
Bront Bird,LAC,MLB,62,2014
Jonas Mouton,LAC,MLB,69,2014
D.J. Smith,LAC,MLB,73,2014
Andrew Gachkar,LAC,MLB,64,2014
Manti Te'o,LAC,MLB,74,2014
Donald Butler,LAC,MLB,85,2014
Phillip Dillard,LAC,MLB,64,2014
Mike Scifres,LAC,P,89,2014
Charlie Whitehurst,LAC,QB,73,2014
Philip Rivers,LAC,QB,84,2014
Brad Sorensen,LAC,QB,64,2014
Damik Scafe,LAC,RE,64,2014
Kendall Reyes,LAC,RE,80,2014
Stephen Schilling,LAC,RG,70,2014
Johnnie Troutman,LAC,RG,64,2014
Jeromey Clary,LAC,RG,73,2014
Larry English,LAC,ROLB,77,2014
Dwight Freeney,LAC,ROLB,88,2014
Tourek Williams,LAC,ROLB,63,2014
D.J. Fluker,LAC,RT,78,2014
Brandyn Dombrowski,LAC,RT,72,2014
Marcus Gilchrist,LAC,SS,72,2014
Sean Cattouse,LAC,SS,62,2014
Brandon Taylor,LAC,SS,70,2014
Kyle Nelson,LAC,TE,43,2014
Antonio Gates,LAC,TE,87,2014
John Phillips,LAC,TE,76,2014
Mike Windt,LAC,TE,49,2014
Ladarius Green,LAC,TE,68,2014
Vincent Brown,LAC,WR,74,2014
Keenan Allen,LAC,WR,74,2014
Danario Alexander,LAC,WR,82,2014
Richard Goodman,LAC,WR,66,2014
Deon Butler,LAC,WR,70,2014
Malcom Floyd,LAC,WR,81,2014
Robert Meachem,LAC,WR,73,2014
Mike Willie,LAC,WR,56,2014
Eddie Royal,LAC,WR,74,2014
Eric Kush,KC,C,62,2014
Rodney Hudson,KC,C,76,2014
Jalil Brown,KC,CB,66,2014
Sanders Commings,KC,CB,70,2014
Dunta Robinson,KC,CB,82,2014
Neiko Thorpe,KC,CB,57,2014
Sean Smith,KC,CB,82,2014
Brandon Flowers,KC,CB,94,2014
Anthony Toribio,KC,DT,71,2014
Jerrell Powe,KC,DT,70,2014
Dontari Poe,KC,DT,78,2014
Anthony Sherman,KC,FB,73,2014
Braden Wilson,KC,FB,71,2014
Tysyn Hartman,KC,FS,65,2014
Kendrick Lewis,KC,FS,79,2014
Knile Davis,KC,HB,66,2014
Shaun Draughn,KC,HB,69,2014
Cyrus Gray,KC,HB,66,2014
Jamaal Charles,KC,HB,94,2014
Ryan Succop,KC,K,78,2014
Marcus Dixon,KC,LE,73,2014
Austen Lane,KC,LE,72,2014
Tyson Jackson,KC,LE,75,2014
Jeff Allen,KC,LG,69,2014
Geoff Schwartz,KC,LG,77,2014
Justin Houston,KC,LOLB,91,2014
Edgar Jones,KC,LOLB,65,2014
Steven Baker,KC,LT,56,2014
Branden Albert,KC,LT,89,2014
Nico Johnson,KC,MLB,65,2014
Akeem Jordan,KC,MLB,71,2014
Zac Diles,KC,MLB,68,2014
Derrick Johnson,KC,MLB,93,2014
Orie Lemon,KC,MLB,57,2014
Dustin Colquitt,KC,P,88,2014
Alex Smith,KC,QB,87,2014
Chase Daniel,KC,QB,75,2014
Tyler Bray,KC,QB,64,2014
Ricky Stanzi,KC,QB,65,2014
Allen Bailey,KC,RE,70,2014
Mike Devito,KC,RE,80,2014
Ryan Durand,KC,RG,69,2014
Jon Asamoah,KC,RG,88,2014
Frank Zombo,KC,ROLB,70,2014
Tamba Hali,KC,ROLB,89,2014
Eric Fisher,KC,RT,84,2014
Matt Reynolds,KC,RT,59,2014
Donald Stephenson,KC,RT,72,2014
Eric Berry,KC,SS,88,2014
Husain Abdullah,KC,SS,78,2014
Kevin Brock,KC,TE,65,2014
Thomas Gafford,KC,TE,69,2014
Travis Kelce,KC,TE,73,2014
Tony Moeaki,KC,TE,80,2014
Anthony Fasano,KC,TE,80,2014
Dwayne Bowe,KC,WR,88,2014
Terrance Copper,KC,WR,65,2014
Junior Hemingway,KC,WR,62,2014
Mardy Gilyard,KC,WR,63,2014
Dexter McCluster,KC,WR,74,2014
Devon Wylie,KC,WR,64,2014
Jonathan Baldwin,KC,WR,73,2014
Jamar Newsome,KC,WR,60,2014
Donnie Avery,KC,WR,76,2014
Khaled Holmes,IND,C,69,2014
Samson Satele,IND,C,78,2014
Greg Toler,IND,CB,77,2014
Vontae Davis,IND,CB,87,2014
Darius Butler,IND,CB,74,2014
Marshay Green,IND,CB,61,2014
Teddy Williams,IND,CB,59,2014
Cassius Vaughn,IND,CB,72,2014
Josh Gordy,IND,CB,69,2014
Josh Chapman,IND,DT,67,2014
Martin Tevaseu,IND,DT,66,2014
Brandon McKinney,IND,DT,71,2014
Montori Hughes,IND,DT,63,2014
Aubrayo Franklin,IND,DT,82,2014
Stanley Havili,IND,FB,73,2014
Larry Asante,IND,FS,68,2014
John Boyett,IND,FS,70,2014
Delano Howell,IND,FS,66,2014
Antoine Bethea,IND,FS,87,2014
Ahmad Bradshaw,IND,HB,83,2014
Donald Brown,IND,HB,74,2014
Delone Carter,IND,HB,72,2014
Kerwynn Williams,IND,HB,64,2014
Vick Ballard,IND,HB,77,2014
Adam Vinatieri,IND,K,87,2014
Ricardo Mathews,IND,LE,73,2014
Kellen Heard,IND,LE,59,2014
Lawrence Guy,IND,LE,63,2014
Cory Redding,IND,LE,83,2014
Joe Reitz,IND,LG,69,2014
Jeff Linkenbach,IND,LG,70,2014
Donald Thomas,IND,LG,81,2014
Erik Walden,IND,LOLB,74,2014
Quinton Spears,IND,LOLB,60,2014
Justin Hickman,IND,LOLB,66,2014
Bradley Sowell,IND,LT,62,2014
Justin Anderson,IND,LT,59,2014
Anthony Castonzo,IND,LT,79,2014
Kelvin Sheppard,IND,MLB,76,2014
Scott Lutrus,IND,MLB,59,2014
Kavell Conner,IND,MLB,73,2014
Pat Angerer,IND,MLB,77,2014
Jerrell Freeman,IND,MLB,74,2014
Mario Harvey,IND,MLB,63,2014
Pat McAfee,IND,P,94,2014
Matt Hasselbeck,IND,QB,79,2014
Chandler Harnish,IND,QB,66,2014
Andrew Luck,IND,QB,88,2014
Drake Nevis,IND,RE,73,2014
Ricky Jean Francois,IND,RE,75,2014
Fili Moala,IND,RE,73,2014
Robert Griffin,IND,RG,61,2014
Hugh Thornton,IND,RG,69,2014
Mike McGlynn,IND,RG,72,2014
Bjoern Werner,IND,ROLB,74,2014
Robert Mathis,IND,ROLB,86,2014
Lawrence Sidbury,IND,ROLB,66,2014
Ben Ijalana,IND,RT,72,2014
Lee Ziemba,IND,RT,64,2014
Gosder Cherilus,IND,RT,90,2014
Joe Lefeged,IND,SS,74,2014
Sergio Brown,IND,SS,70,2014
LaRon Landry,IND,SS,86,2014
Justice Cunningham,IND,TE,69,2014
Matt Overton,IND,TE,50,2014
Weslye Saunders,IND,TE,73,2014
Coby Fleener,IND,TE,77,2014
Dwayne Allen,IND,TE,84,2014
LaVon Brazill,IND,WR,67,2014
T.Y. Hilton,IND,WR,79,2014
Nathan Palmer,IND,WR,63,2014
Griff Whalen,IND,WR,67,2014
Reggie Wayne,IND,WR,91,2014
Darrius Heyward-Bey,IND,WR,79,2014
Ryan Cook,DAL,C,72,2014
Kevin Kowalski,DAL,C,63,2014
Phil Costa,DAL,C,74,2014
Travis Frederick,DAL,C,73,2014
Sterling Moore,DAL,CB,68,2014
Morris Claiborne,DAL,CB,82,2014
B.W. Webb,DAL,CB,68,2014
Orlando Scandrick,DAL,CB,76,2014
Brandon Carr,DAL,CB,88,2014
Nick Hayden,DAL,DT,67,2014
Ben Bass,DAL,DT,61,2014
Jeris Pendleton,DAL,DT,64,2014
Jay Ratliff,DAL,DT,84,2014
Jason Hatcher,DAL,DT,87,2014
Josh Brent,DAL,DT,74,2014
Sean Lissemore,DAL,DT,76,2014
Lawrence Vickers,DAL,FB,79,2014
Brandon Underwood,DAL,FS,67,2014
Matt Johnson,DAL,FS,71,2014
J.J. Wilcox,DAL,FS,68,2014
Joseph Randle,DAL,HB,69,2014
DeMarco Murray,DAL,HB,84,2014
Phillip Tanner,DAL,HB,69,2014
Lance Dunbar,DAL,HB,65,2014
Dan Bailey,DAL,K,83,2014
Tyrone Crawford,DAL,LE,72,2014
Anthony Spencer,DAL,LE,89,2014
Ronald Leary,DAL,LG,62,2014
Nate Livings,DAL,LG,78,2014
Caleb McSurdy,DAL,LOLB,58,2014
Justin Durant,DAL,LOLB,81,2014
Alex Albright,DAL,LOLB,63,2014
Tyron Smith,DAL,LT,87,2014
Darrion Weems,DAL,LT,60,2014
Sean Lee,DAL,MLB,90,2014
Cameron Sheffield,DAL,MLB,63,2014
Chris Jones,DAL,P,67,2014
Tony Romo,DAL,QB,88,2014
Kyle Orton,DAL,QB,77,2014
DeMarcus Ware,DAL,RE,94,2014
DeVonte Holloman,DAL,RE,64,2014
Kyle Wilber,DAL,RE,71,2014
Ray Dominguez,DAL,RG,64,2014
David Arkin,DAL,RG,69,2014
Mackenzy Bernadeau,DAL,RG,76,2014
Bruce Carter,DAL,ROLB,81,2014
Ernie Sims,DAL,ROLB,71,2014
Doug Free,DAL,RT,77,2014
Jermey Parnell,DAL,RT,76,2014
Barry Church,DAL,SS,75,2014
Danny McCray,DAL,SS,66,2014
Eric Frampton,DAL,SS,67,2014
Micah Pellerin,DAL,SS,51,2014
Will Allen,DAL,SS,69,2014
Jason Witten,DAL,TE,96,2014
James Hanna,DAL,TE,72,2014
Gavin Escobar,DAL,TE,72,2014
Colin Cochart,DAL,TE,69,2014
Andre Smith,DAL,TE,68,2014
L.P. Ladouceur,DAL,TE,52,2014
Tim Benford,DAL,WR,60,2014
Dwayne Harris,DAL,WR,71,2014
Terrance Williams,DAL,WR,67,2014
Carlton Mitchell,DAL,WR,67,2014
Dez Bryant,DAL,WR,92,2014
Anthony Armstrong,DAL,WR,67,2014
Danny Coale,DAL,WR,63,2014
Cole Beasley,DAL,WR,65,2014
Miles Austin,DAL,WR,84,2014
Josh Samuda,MIA,C,65,2014
Mike Pouncey,MIA,C,89,2014
Julian Posey,MIA,CB,62,2014
Nolan Carroll,MIA,CB,72,2014
R.J. Stanford,MIA,CB,64,2014
Jamar Taylor,MIA,CB,76,2014
Will Davis,MIA,CB,68,2014
De'Andre Presley,MIA,CB,57,2014
Richard Marshall,MIA,CB,79,2014
Dimitri Patterson,MIA,CB,70,2014
Brent Grimes,MIA,CB,89,2014
Paul Soliai,MIA,DT,85,2014
Vaughn Martin,MIA,DT,79,2014
Chas Alecxih,MIA,DT,60,2014
Randy Starks,MIA,DT,88,2014
Kheeston Randall,MIA,DT,64,2014
Charles Clay,MIA,FB,77,2014
Jorvorskie Lane,MIA,FB,77,2014
Chris Clemons,MIA,FS,79,2014
Kelcie McCray,MIA,FS,62,2014
Jimmy Wilson,MIA,FS,68,2014
Lamar Miller,MIA,HB,75,2014
Daniel Thomas,MIA,HB,74,2014
Mike Gillislee,MIA,HB,70,2014
Marcus Thigpen,MIA,HB,68,2014
Caleb Sturgis,MIA,K,71,2014
Dan Carpenter,MIA,K,78,2014
Cameron Wake,MIA,LE,97,2014
Derrick Shelby,MIA,LE,66,2014
Jared Odrick,MIA,LE,79,2014
Dallas Thomas,MIA,LG,74,2014
Richie Incognito,MIA,LG,83,2014
Jason Trusnik,MIA,LOLB,73,2014
Koa Misi,MIA,LOLB,82,2014
Jonathan Martin,MIA,LT,68,2014
Will Yeatman,MIA,LT,67,2014
Andrew McDonald,MIA,LT,66,2014
Jelani Jenkins,MIA,MLB,66,2014
Dannell Ellerbe,MIA,MLB,84,2014
Austin Spitler,MIA,MLB,66,2014
Brandon Fields,MIA,P,92,2014
Matt Moore,MIA,QB,75,2014
Pat Devlin,MIA,QB,65,2014
Aaron Corp,MIA,QB,62,2014
Ryan Tannehill,MIA,QB,81,2014
Olivier Vernon,MIA,RE,69,2014
Dion Jordan,MIA,RE,83,2014
John Jerry,MIA,RG,75,2014
Lance Louis,MIA,RG,75,2014
Josh Kaddu,MIA,ROLB,61,2014
Jonathan Freeny,MIA,ROLB,62,2014
Philip Wheeler,MIA,ROLB,87,2014
Nate Garner,MIA,RT,76,2014
Jeff Adams,MIA,RT,64,2014
Tyson Clabo,MIA,RT,89,2014
Don Jones,MIA,SS,63,2014
Reshad Jones,MIA,SS,92,2014
Dion Sims,MIA,TE,70,2014
Michael Egnew,MIA,TE,70,2014
Evan Rodriguez,MIA,TE,73,2014
Kyle Miller,MIA,TE,63,2014
Dustin Keller,MIA,TE,84,2014
John Denney,MIA,TE,48,2014
Brian Tyms,MIA,WR,57,2014
Brian Hartline,MIA,WR,81,2014
Mike Wallace,MIA,WR,87,2014
Brandon Gibson,MIA,WR,79,2014
Rishard Matthews,MIA,WR,65,2014
Joe Hastings,MIA,WR,62,2014
Jeff Fuller,MIA,WR,63,2014
Marvin McNutt,MIA,WR,64,2014
Armon Binns,MIA,WR,67,2014
Jason Kelce,PHI,C,79,2014
Matt Tennant,PHI,C,65,2014
Dallas Reynolds,PHI,C,68,2014
Trevard Lindley,PHI,CB,63,2014
Curtis Marsh,PHI,CB,67,2014
Bradley Fletcher,PHI,CB,82,2014
Brandon Hughes,PHI,CB,69,2014
Brandon Boykin,PHI,CB,72,2014
Jordan Poyer,PHI,CB,68,2014
Cary Williams,PHI,CB,83,2014
Antonio Dixon,PHI,DT,70,2014
Isaac Sopoaga,PHI,DT,80,2014
Bennie Logan,PHI,DT,69,2014
Emil Igwenagu,PHI,FB,62,2014
James Casey,PHI,FB,82,2014
David Sims,PHI,FS,63,2014
Kurt Coleman,PHI,FS,70,2014
Kenny Phillips,PHI,FS,85,2014
Felix Jones,PHI,HB,76,2014
Chris Polk,PHI,HB,67,2014
LeSean McCoy,PHI,HB,93,2014
Bryce Brown,PHI,HB,77,2014
Alex Henery,PHI,K,80,2014
Cedric Thornton,PHI,LE,71,2014
Clifton Geathers,PHI,LE,66,2014
Danny Watkins,PHI,LG,73,2014
Evan Mathis,PHI,LG,98,2014
Allen Barbre,PHI,LG,69,2014
Connor Barwin,PHI,LOLB,83,2014
Joe Kruger,PHI,LOLB,66,2014
Brandon Graham,PHI,LOLB,76,2014
Ed Wang,PHI,LT,67,2014
Matt Kopa,PHI,LT,58,2014
Jason Peters,PHI,LT,88,2014
Jason Phillips,PHI,MLB,70,2014
DeMeco Ryans,PHI,MLB,85,2014
Emmanuel Acho,PHI,MLB,65,2014
Jamar Chaney,PHI,MLB,70,2014
Casey Matthews,PHI,MLB,62,2014
Mychal Kendricks,PHI,MLB,72,2014
Donnie Jones,PHI,P,91,2014
Michael Vick,PHI,QB,81,2014
G.J. Kinne,PHI,QB,63,2014
Nick Foles,PHI,QB,75,2014
Matt Barkley,PHI,QB,73,2014
Dennis Dixon,PHI,QB,68,2014
Fletcher Cox,PHI,RE,79,2014
Vinny Curry,PHI,RE,70,2014
Julian Vandervelde,PHI,RG,64,2014
Todd Herremans,PHI,RG,87,2014
Trent Cole,PHI,ROLB,84,2014
Phillip Hunt,PHI,ROLB,65,2014
Dennis Kelly,PHI,RT,70,2014
Nate Menkin,PHI,RT,65,2014
Lane Johnson,PHI,RT,79,2014
Nate Allen,PHI,SS,69,2014
Colt Anderson,PHI,SS,70,2014
Earl Wolff,PHI,SS,71,2014
Patrick Chung,PHI,SS,82,2014
Brent Celek,PHI,TE,85,2014
Derek Carrier,PHI,TE,62,2014
Jon Dorenbos,PHI,TE,45,2014
Clay Harbor,PHI,TE,74,2014
Zach Ertz,PHI,TE,75,2014
Arrelious Benn,PHI,WR,73,2014
Riley Cooper,PHI,WR,70,2014
Greg Salas,PHI,WR,65,2014
B.J. Cunningham,PHI,WR,64,2014
Damaris Johnson,PHI,WR,67,2014
Jason Avant,PHI,WR,79,2014
Jeremy Maclin,PHI,WR,83,2014
DeSean Jackson,PHI,WR,85,2014
Nick Miller,PHI,WR,56,2014
Peter Konz,ATL,C,72,2014
Joe Hawley,ATL,C,70,2014
Robert McClain,ATL,CB,73,2014
Dominique Franks,ATL,CB,72,2014
Desmond Trufant,ATL,CB,77,2014
Robert Alford,ATL,CB,72,2014
Terrence Johnson,ATL,CB,63,2014
Peyton Thompson,ATL,CB,63,2014
Asante Samuel,ATL,CB,89,2014
Micanor Regis,ATL,DT,63,2014
Travian Robertson,ATL,DT,66,2014
Peria Jerry,ATL,DT,77,2014
Jonathan Babineaux,ATL,DT,85,2014
Corey Peters,ATL,DT,74,2014
Bradie Ewing,ATL,FB,65,2014
Patrick DiMarco,ATL,FB,76,2014
Charles Mitchell,ATL,FS,69,2014
Kemal Ishmael,ATL,FS,68,2014
Thomas DeCoud,ATL,FS,84,2014
Steven Jackson,ATL,HB,89,2014
Antone Smith,ATL,HB,65,2014
Jason Snelling,ATL,HB,74,2014
Josh Vaughan,ATL,HB,64,2014
Jacquizz Rodgers,ATL,HB,81,2014
Matt Bryant,ATL,K,87,2014
Malliciah Goodman,ATL,LE,67,2014
Cliff Matthews,ATL,LE,68,2014
Kroy Biermann,ATL,LE,74,2014
Jacques McClendon,ATL,LG,71,2014
Justin Blalock,ATL,LG,82,2014
Stephen Nicholas,ATL,LOLB,78,2014
Nick Clancy,ATL,LOLB,61,2014
Alec Savoie,ATL,LT,59,2014
Sam Baker,ATL,LT,80,2014
Brian Banks,ATL,MLB,57,2014
Pat Schiller,ATL,MLB,60,2014
Akeem Dent,ATL,MLB,77,2014
Matt Bosher,ATL,P,81,2014
Dominique Davis,ATL,QB,68,2014
Sean Renfree,ATL,QB,70,2014
Matt Ryan,ATL,QB,94,2014
Jonathan Massaquoi,ATL,RE,65,2014
Stansly Maponga,ATL,RE,64,2014
Osi Umenyiora,ATL,RE,84,2014
Harland Gunn,ATL,RG,62,2014
Phillipkeith Manley,ATL,RG,64,2014
Garrett Reynolds,ATL,RG,74,2014
Sean Weatherspoon,ATL,ROLB,83,2014
Robert James,ATL,ROLB,67,2014
Mike Johnson,ATL,RT,68,2014
Lamar Holmes,ATL,RT,72,2014
Zeke Motta,ATL,SS,71,2014
William Moore,ATL,SS,87,2014
Shann Schillinger,ATL,SS,67,2014
Levine Toilolo,ATL,TE,65,2014
Tony Gonzalez,ATL,TE,95,2014
Tommy Gallarda,ATL,TE,64,2014
Chase Coffman,ATL,TE,68,2014
Josh Harris,ATL,TE,57,2014
James Rodgers,ATL,WR,61,2014
Roddy White,ATL,WR,93,2014
Drew Davis,ATL,WR,66,2014
Kevin Cone,ATL,WR,63,2014
Julio Jones,ATL,WR,92,2014
Tim Toone,ATL,WR,59,2014
Harry Douglas,ATL,WR,76,2014
Daniel Kilgore,SF,C,64,2014
Jonathan Goodwin,SF,C,85,2014
Nnamdi Asomugha,SF,CB,83,2014
Carlos Rogers,SF,CB,90,2014
Tarell Brown,SF,CB,88,2014
Chris Culliver,SF,CB,78,2014
Tramaine Brock,SF,CB,75,2014
Perrish Cox,SF,CB,71,2014
Ian Williams,SF,DT,73,2014
Quinton Dial,SF,DT,64,2014
Lamar Divens,SF,DT,67,2014
Bruce Miller,SF,FB,88,2014
Will Tukuafu,SF,FB,65,2014
Eric Reid,SF,FS,76,2014
Craig Dahl,SF,FS,74,2014
C.J. Spillman,SF,FS,69,2014
Frank Gore,SF,HB,93,2014
Jewel Hampton,SF,HB,65,2014
Marcus Lattimore,SF,HB,70,2014
D.J. Harper,SF,HB,64,2014
Anthony Dixon,SF,HB,68,2014
Kendall Hunter,SF,HB,79,2014
LaMichael James,SF,HB,74,2014
Phil Dawson,SF,K,89,2014
Tank Carradine,SF,LE,75,2014
Tony Jerod-Eddie,SF,LE,63,2014
Ray McDonald,SF,LE,89,2014
Mike Iupati,SF,LG,95,2014
Joe Looney,SF,LG,63,2014
Parys Haralson,SF,LOLB,82,2014
Ahmad Brooks,SF,LOLB,89,2014
Darius Fleming,SF,LOLB,66,2014
Kenny Wiggins,SF,LT,56,2014
Joe Staley,SF,LT,96,2014
Patrick Willis,SF,MLB,97,2014
Michael Wilhoite,SF,MLB,62,2014
Nathan Stupar,SF,MLB,60,2014
Dan Skuta,SF,MLB,68,2014
NaVorro Bowman,SF,MLB,93,2014
Andy Lee,SF,P,95,2014
B.J. Daniels,SF,QB,63,2014
Colin Kaepernick,SF,QB,89,2014
Colt McCoy,SF,QB,73,2014
Scott Tolzien,SF,QB,65,2014
Justin Smith,SF,RE,94,2014
Glenn Dorsey,SF,RE,82,2014
Adam Snyder,SF,RG,73,2014
Alex Boone,SF,RG,89,2014
Nick Moody,SF,ROLB,65,2014
Aldon Smith,SF,ROLB,95,2014
Cam Johnson,SF,ROLB,65,2014
Corey Lemonier,SF,ROLB,68,2014
Anthony Davis,SF,RT,90,2014
Al Netter,SF,RT,71,2014
Trenton Robinson,SF,SS,69,2014
Darcel McBath,SF,SS,72,2014
Donte Whitner,SF,SS,86,2014
Vernon Davis,SF,TE,94,2014
Garrett Celek,SF,TE,67,2014
Vance McDonald,SF,TE,71,2014
Demarcus Dobbs,SF,TE,61,2014
Brian Jennings,SF,TE,64,2014
Mario Manningham,SF,WR,81,2014
A.J. Jenkins,SF,WR,71,2014
Ricardo Lockette,SF,WR,65,2014
Quinton Patton,SF,WR,69,2014
Chad Hall,SF,WR,65,2014
Marlon Moore,SF,WR,66,2014
Kyle Williams,SF,WR,72,2014
Anquan Boldin,SF,WR,88,2014
Kassim Osgood,SF,WR,67,2014
Michael Crabtree,SF,WR,90,2014
David Baas,NYG,C,78,2014
Jim Cordle,NYG,C,66,2014
Prince Amukamara,NYG,CB,80,2014
Corey Webster,NYG,CB,81,2014
Aaron Ross,NYG,CB,76,2014
Trumaine McBride,NYG,CB,70,2014
Laron Scott,NYG,CB,60,2014
Jayron Hosley,NYG,CB,72,2014
Terrence Frederick,NYG,CB,63,2014
Terrell Thomas,NYG,CB,77,2014
Frank Okam,NYG,DT,66,2014
Markus Kuhn,NYG,DT,64,2014
Shaun Rogers,NYG,DT,75,2014
Mike Patterson,NYG,DT,75,2014
Cullen Jenkins,NYG,DT,83,2014
Marvin Austin,NYG,DT,71,2014
Linval Joseph,NYG,DT,84,2014
Johnathan Hankins,NYG,DT,70,2014
Henry Hynoski,NYG,FB,85,2014
Will Hill,NYG,FS,67,2014
Antrel Rolle,NYG,FS,83,2014
Andre Brown,NYG,HB,76,2014
Michael Cox,NYG,HB,64,2014
David Wilson,NYG,HB,78,2014
Da'Rel Scott,NYG,HB,69,2014
Ryan Torain,NYG,HB,71,2014
Josh Brown,NYG,K,82,2014
David Buehler,NYG,K,67,2014
Justin Tuck,NYG,LE,87,2014
Mathias Kiwanuka,NYG,LE,83,2014
Adrian Tracy,NYG,LE,68,2014
Chris DeGeare,NYG,LG,70,2014
Selvish Capers,NYG,LG,71,2014
Kevin Boothe,NYG,LG,82,2014
Aaron Curry,NYG,LOLB,76,2014
Keith Rivers,NYG,LOLB,77,2014
Will Beatty,NYG,LT,90,2014
David Diehl,NYG,LT,75,2014
Matthew McCants,NYG,LT,62,2014
Mark Herzlich,NYG,MLB,66,2014
Dan Connor,NYG,MLB,76,2014
Steve Weatherford,NYG,P,81,2014
Eli Manning,NYG,QB,91,2014
David Carr,NYG,QB,74,2014
Ryan Nassib,NYG,QB,72,2014
Damontre Moore,NYG,RE,69,2014
Jason Pierre-Paul,NYG,RE,94,2014
Justin Trattou,NYG,RE,64,2014
Adewale Ojomo,NYG,RE,63,2014
Chris Snee,NYG,RG,90,2014
Brandon Mosley,NYG,RG,67,2014
Bryant Browning,NYG,RG,63,2014
Michael Jasper,NYG,RG,62,2014
Spencer Paysinger,NYG,ROLB,66,2014
Jacquian Williams,NYG,ROLB,76,2014
James Brewer,NYG,RT,76,2014
Justin Pugh,NYG,RT,77,2014
Stevie Brown,NYG,SS,83,2014
David Caldwell,NYG,SS,71,2014
Tyler Sash,NYG,SS,63,2014
Cooper Taylor,NYG,SS,68,2014
Ryan Mundy,NYG,SS,74,2014
Brandon Myers,NYG,TE,81,2014
Adrien Robinson,NYG,TE,69,2014
Zak DeOssie,NYG,TE,50,2014
Bear Pascoe,NYG,TE,73,2014
Louis Murphy,NYG,WR,73,2014
Hakeem Nicks,NYG,WR,89,2014
LARes Barden,NYG,WR,72,2014
Jerrel Jernigan,NYG,WR,66,2014
Kris Adams,NYG,WR,64,2014
Rueben Randle,NYG,WR,76,2014
Victor Cruz,NYG,WR,90,2014
Jeremy Horne,NYG,WR,64,2014
Dan Gerberry,JAX,C,62,2014
Brad Meester,JAX,C,78,2014
Mike Brewster,JAX,C,66,2014
Kevin Rutland,JAX,CB,67,2014
Alan Ball,JAX,CB,71,2014
Mike Harris,JAX,CB,68,2014
Dwayne Gratz,JAX,CB,71,2014
Marcus Trufant,JAX,CB,81,2014
Demetrius McCray,JAX,CB,69,2014
Jeremy Harris,JAX,CB,63,2014
Roy Miller,JAX,DT,75,2014
Sen'Derrick Marks,JAX,DT,77,2014
Brandon Deaderick,JAX,DT,73,2014
Kyle Love,JAX,DT,75,2014
D'Anthony Smith,JAX,DT,65,2014
Will Ta'ufo'ou,JAX,FB,70,2014
Lonnie Pryor,JAX,FB,67,2014
Josh Evans,JAX,FS,67,2014
Antwon Blake,JAX,FS,65,2014
Dwight Lowery,JAX,FS,81,2014
Justin Forsett,JAX,HB,77,2014
Jonathan Grimes,JAX,HB,66,2014
Maurice Jones-Drew,JAX,HB,91,2014
Denard Robinson,JAX,HB,67,2014
Jordan Todman,JAX,HB,66,2014
Josh Scobee,JAX,K,85,2014
Jeremy Mincey,JAX,LE,76,2014
Pannel Egboh,JAX,LE,70,2014
Tyson Alualu,JAX,LE,78,2014
Will Rackley,JAX,LG,72,2014
Austin Pasztor,JAX,LG,63,2014
Julian Stanford,JAX,LOLB,65,2014
Russell Allen,JAX,LOLB,81,2014
Mark Asper,JAX,LT,59,2014
Eugene Monroe,JAX,LT,89,2014
Paul Posluszny,JAX,MLB,83,2014
Michael Zimmer,JAX,MLB,58,2014
Bryan Anger,JAX,P,78,2014
Mike Kafka,JAX,QB,71,2014
Matt Scott,JAX,QB,64,2014
Jordan Rodgers,JAX,QB,64,2014
Blaine Gabbert,JAX,QB,74,2014
Chad Henne,JAX,QB,74,2014
Andre Branch,JAX,RE,71,2014
Ryan Davis,JAX,RE,64,2014
Jason Babin,JAX,RE,79,2014
Uche Nwaneri,JAX,RG,80,2014
Jason Spitz,JAX,RG,76,2014
Brandon Marshall,JAX,ROLB,65,2014
Geno Hayes,JAX,ROLB,74,2014
Cameron Bradfield,JAX,RT,75,2014
Luke Joeckel,JAX,RT,83,2014
Johnathan Cyprien,JAX,SS,76,2014
Chris Prosinski,JAX,SS,66,2014
Allen Reisner,JAX,TE,70,2014
Brett Brackett,JAX,TE,60,2014
Ryan Otten,JAX,TE,66,2014
Marcedes Lewis,JAX,TE,88,2014
Isaiah Stanback,JAX,TE,67,2014
Jeremy Cain,JAX,TE,45,2014
Mohamed Massaquoi,JAX,WR,74,2014
Toney Clemons,JAX,WR,61,2014
Tobais Palmer,JAX,WR,56,2014
Jordan Shipley,JAX,WR,73,2014
Taylor Price,JAX,WR,64,2014
Ace Sanders,JAX,WR,63,2014
Justin Blackmon,JAX,WR,81,2014
Cecil Shorts III,JAX,WR,83,2014
Caleb Schlauderaff,NYJ,C,66,2014
Nick Mangold,NYJ,C,94,2014
Antonio Cromartie,NYJ,CB,92,2014
Ellis Lankster,NYJ,CB,71,2014
Donnie Fletcher,NYJ,CB,59,2014
Isaiah Trufant,NYJ,CB,69,2014
Darrin Walls,NYJ,CB,64,2014
Dee Milliner,NYJ,CB,81,2014
Aaron Berry,NYJ,CB,70,2014
Kyle Wilson,NYJ,CB,78,2014
Kenrick Ellis,NYJ,DT,73,2014
Damon Harrison,NYJ,DT,66,2014
Lanier Coleman,NYJ,DT,60,2014
Tommy Bohanon,NYJ,FB,72,2014
Lex Hilliard,NYJ,FB,75,2014
Bret Lockett,NYJ,FS,66,2014
Antonio Allen,NYJ,FS,67,2014
Josh Bush,NYJ,FS,72,2014
Mike Goodson,NYJ,HB,77,2014
Joe McKnight,NYJ,HB,69,2014
Chris Ivory,NYJ,HB,80,2014
Bilal Powell,NYJ,HB,74,2014
Nick Folk,NYJ,K,76,2014
Tevita Finau,NYJ,LE,66,2014
Muhammad Wilkerson,NYJ,LE,94,2014
Brian Winters,NYJ,LG,72,2014
Dennis Landolt,NYJ,LG,64,2014
Willie Colon,NYJ,LG,80,2014
Calvin Pace,NYJ,LOLB,75,2014
Garrett McIntyre,NYJ,LOLB,67,2014
Quinton Coples,NYJ,LOLB,75,2014
Oday Aboushi,NYJ,LT,63,2014
D'Brickashaw Ferguson,NYJ,LT,91,2014
David Harris,NYJ,MLB,81,2014
Demario Davis,NYJ,MLB,71,2014
Josh Mauga,NYJ,MLB,67,2014
Nick Bellore,NYJ,MLB,65,2014
Robert Malone,NYJ,P,71,2014
Greg McElroy,NYJ,QB,72,2014
Geno Smith,NYJ,QB,73,2014
Matt Simms,NYJ,QB,61,2014
Mark Sanchez,NYJ,QB,73,2014
Antonio Garay,NYJ,RE,76,2014
Sheldon Richardson,NYJ,RE,79,2014
Vladimir Ducasse,NYJ,RG,71,2014
Stephen Peterman,NYJ,RG,79,2014
William Campbell,NYJ,RG,64,2014
Antwan Barnes,NYJ,ROLB,77,2014
Ricky Sapp,NYJ,ROLB,65,2014
Jacquies Smith,NYJ,ROLB,56,2014
Austin Howard,NYJ,RT,80,2014
Mark Popek,NYJ,RT,65,2014
Dawan Landry,NYJ,SS,79,2014
Jaiquawn Jarrett,NYJ,SS,71,2014
Konrad Reuland,NYJ,TE,69,2014
Jeff Cumberland,NYJ,TE,76,2014
Tanner Purdum,NYJ,TE,54,2014
Kellen Winslow,NYJ,TE,79,2014
Hayden Smith,NYJ,TE,67,2014
Thomas Mayo,NYJ,WR,60,2014
Titus Ryan,NYJ,WR,54,2014
Ben Obomanu,NYJ,WR,73,2014
Santonio Holmes,NYJ,WR,84,2014
Vidal Hazelton,NYJ,WR,57,2014
Stephen Hill,NYJ,WR,74,2014
Jordan White,NYJ,WR,63,2014
Jeremy Kerley,NYJ,WR,73,2014
Clyde Gates,NYJ,WR,68,2014
Dylan Gandy,DET,C,71,2014
Dominic Raiola,DET,C,83,2014
DeQuan Menzie,DET,CB,64,2014
Chris Greenwood,DET,CB,66,2014
Jonte Green,DET,CB,70,2014
Bill Bentley,DET,CB,72,2014
Ron Bartell,DET,CB,75,2014
Chris Houston,DET,CB,85,2014
Ross Weaver,DET,CB,61,2014
Domonique Johnson,DET,CB,64,2014
Darius Slay,DET,CB,71,2014
Ndamukong Suh,DET,DT,93,2014
Jimmy Saddler-McQueen,DET,DT,62,2014
Nick Fairley,DET,DT,90,2014
C.J. Mosley,DET,DT,75,2014
Ogemdi Nwagbuo,DET,DT,70,2014
Shaun Chapas,DET,FB,71,2014
Amari Spievey,DET,FS,76,2014
Glover Quin,DET,FS,83,2014
Tyrell Johnson,DET,FS,71,2014
Montell Owens,DET,HB,74,2014
Reggie Bush,DET,HB,83,2014
Theo Riddick,DET,HB,66,2014
Mikel Leshoure,DET,HB,79,2014
Joique Bell,DET,HB,76,2014
Jahvid Best,DET,HB,71,2014
David Akers,DET,K,81,2014
Willie Young,DET,LE,74,2014
Israel Idonije,DET,LE,81,2014
Jason Jones,DET,LE,81,2014
Rob Sims,DET,LG,89,2014
Rodney Austin,DET,LG,69,2014
Derek Hardman,DET,LG,68,2014
Cory Greenwood,DET,LOLB,69,2014
Tahir Whitehead,DET,LOLB,66,2014
Ashlee Palmer,DET,LOLB,74,2014
Riley Reiff,DET,LT,77,2014
Stephen Tulloch,DET,MLB,88,2014
Travis Lewis,DET,MLB,66,2014
Sam Martin,DET,P,63,2014
Shaun Hill,DET,QB,76,2014
Matthew Stafford,DET,QB,85,2014
Kellen Moore,DET,QB,68,2014
Ronnell Lewis,DET,RE,69,2014
Ezekiel Ansah,DET,RE,78,2014
Devin Taylor,DET,RE,66,2014
Larry Warford,DET,RG,72,2014
Bill Nagy,DET,RG,71,2014
Carmen Messina,DET,ROLB,70,2014
DeAndre Levy,DET,ROLB,79,2014
Corey Hilliard,DET,RT,75,2014
Jason Fox,DET,RT,69,2014
Ricardo Silva,DET,SS,66,2014
John Wendling,DET,SS,70,2014
Don Carey,DET,SS,76,2014
Louis Delmas,DET,SS,84,2014
Brandon Pettigrew,DET,TE,79,2014
Tony Scheffler,DET,TE,78,2014
Michael Williams,DET,TE,70,2014
Matt Veldman,DET,TE,63,2014
Joseph Fauria,DET,TE,65,2014
Nathan Overbay,DET,TE,65,2014
Don Muhlbach,DET,TE,58,2014
Chastin West,DET,WR,67,2014
Terrence Austin,DET,WR,60,2014
Corey Fuller,DET,WR,63,2014
Ryan Broyles,DET,WR,73,2014
Patrick Edwards,DET,WR,56,2014
Kris Durham,DET,WR,65,2014
Nate Burleson,DET,WR,76,2014
Calvin Johnson Jr.,DET,WR,99,2014
Mike Thomas,DET,WR,73,2014
Devin Thomas,DET,WR,66,2014
Evan Dietrich-Smith,GB,C,75,2014
Garth Gerhart,GB,C,66,2014
Brett Goode,GB,C,63,2014
Sam Shields,GB,CB,84,2014
Davon House,GB,CB,74,2014
Tramon Williams,GB,CB,86,2014
Jarrett Bush,GB,CB,73,2014
Micah Hyde,GB,CB,67,2014
Casey Hayward,GB,CB,86,2014
Jordan Miller,GB,DT,68,2014
Ryan Pickett,GB,DT,86,2014
Johnny Jolly,GB,DT,74,2014
John Kuhn,GB,FB,88,2014
Jerron McMillian,GB,FS,71,2014
Morgan Burnett,GB,FS,85,2014
Alex Green,GB,HB,71,2014
James Starks,GB,HB,72,2014
Eddie Lacy,GB,HB,76,2014
Johnathan Franklin,GB,HB,73,2014
DuJuan Harris,GB,HB,72,2014
Mason Crosby,GB,K,73,2014
B.J. Raji,GB,LE,83,2014
Mike Daniels,GB,LE,71,2014
Mike Neal,GB,LE,74,2014
Greg Van Roten,GB,LG,64,2014
Josh Sitton,GB,LG,96,2014
Nate Palmer,GB,LOLB,63,2014
Nick Perry,GB,LOLB,76,2014
Andrew Datko,GB,LT,62,2014
David Bakhtiari,GB,LT,66,2014
Bryan Bulaga,GB,LT,82,2014
Robert Francois,GB,MLB,65,2014
Jamari Lattimore,GB,MLB,56,2014
Sam Barrington,GB,MLB,61,2014
Terrell Manning,GB,MLB,64,2014
A.J. Hawk,GB,MLB,84,2014
Brad Jones,GB,MLB,78,2014
Tim Masthay,GB,P,78,2014
B.J. Coleman,GB,QB,63,2014
Graham Harrell,GB,QB,66,2014
Aaron Rodgers,GB,QB,98,2014
Josh Boyd,GB,RE,63,2014
Jerel Worthy,GB,RE,70,2014
C.J. Wilson,GB,RE,72,2014
Datone Jones,GB,RE,74,2014
Kevin Hughes,GB,RG,65,2014
J.C. Tretter,GB,RG,69,2014
T.J. Lang,GB,RG,85,2014
Clay Matthews,GB,ROLB,95,2014
Dezman Moses,GB,ROLB,65,2014
Don Barclay,GB,RT,72,2014
Derek Sherrod,GB,RT,75,2014
Marshall Newhouse,GB,RT,75,2014
M.D. Jennings,GB,SS,76,2014
Sean Richardson,GB,SS,65,2014
Ryan Taylor,GB,TE,67,2014
D.J. Williams,GB,TE,74,2014
Andrew Quarless,GB,TE,75,2014
Matthew Mulligan,GB,TE,72,2014
Jermichael Finley,GB,TE,85,2014
Jordy Nelson,GB,WR,89,2014
Randall Cobb,GB,WR,88,2014
Jeremy Ross,GB,WR,64,2014
Jarrett Boykin,GB,WR,67,2014
Charles Johnson,GB,WR,65,2014
Kevin Dorsey,GB,WR,63,2014
James Jones,GB,WR,87,2014
Ryan Kalil,CAR,C,85,2014
Jeff Byers,CAR,C,67,2014
James Dockery,CAR,CB,69,2014
Josh Thomas,CAR,CB,69,2014
Captain Munnerlyn,CAR,CB,76,2014
D.J. Moore,CAR,CB,72,2014
Drayton Florence,CAR,CB,70,2014
Josh Norman,CAR,CB,74,2014
Nate Chandler,CAR,DT,63,2014
Dwan Edwards,CAR,DT,79,2014
Colin Cole,CAR,DT,75,2014
Sione Fua,CAR,DT,73,2014
Frank Kearse,CAR,DT,73,2014
Kawann Short,CAR,DT,73,2014
Star Lotulelei,CAR,DT,81,2014
Richie Brockel,CAR,FB,69,2014
Mike Tolbert,CAR,FB,92,2014
Haruki Nakamura,CAR,FS,74,2014
Colin Jones,CAR,FS,69,2014
Armond Smith,CAR,HB,63,2014
Tauren Poole,CAR,HB,68,2014
Kenjon Barner,CAR,HB,69,2014
DeAngelo Williams,CAR,HB,82,2014
Jonathan Stewart,CAR,HB,82,2014
Graham Gano,CAR,K,76,2014
Greg Hardy,CAR,LE,90,2014
Frank Alexander,CAR,LE,67,2014
Amini Silatolu,CAR,LG,74,2014
Hayworth Hicks,CAR,LG,62,2014
Edmund Kugbila,CAR,LG,66,2014
A.J. Klein,CAR,LOLB,67,2014
Thomas Davis,CAR,LOLB,80,2014
Jason Williams,CAR,LOLB,68,2014
Jordan Gross,CAR,LT,88,2014
Bruce Campbell,CAR,LT,69,2014
Patrick Brown,CAR,LT,65,2014
Luke Kuechly,CAR,MLB,89,2014
Ben Jacobs,CAR,MLB,60,2014
Chase Blackburn,CAR,MLB,77,2014
Brad Nortman,CAR,P,69,2014
Derek Anderson,CAR,QB,73,2014
Cam Newton,CAR,QB,89,2014
Jimmy Clausen,CAR,QB,68,2014
Mario Addison,CAR,RE,72,2014
Charles Johnson,CAR,RE,93,2014
Geoff Hangartner,CAR,RG,77,2014
Garry Williams,CAR,RG,74,2014
Jordan Senn,CAR,ROLB,72,2014
Jon Beason,CAR,ROLB,88,2014
Doug Hogue,CAR,ROLB,66,2014
Byron Bell,CAR,RT,73,2014
Thomas Austin,CAR,RT,66,2014
Anderson Russell,CAR,SS,67,2014
Mike Mitchell,CAR,SS,75,2014
D.J. Campbell,CAR,SS,66,2014
Charles Godfrey,CAR,SS,80,2014
Ben Hartsock,CAR,TE,75,2014
Nelson Rosario,CAR,TE,65,2014
Greg Olsen,CAR,TE,88,2014
J.J. Jansen,CAR,TE,49,2014
Armanti Edwards,CAR,WR,66,2014
Brandon LaFell,CAR,WR,77,2014
David Gettis,CAR,WR,70,2014
Kealoha Pilares,CAR,WR,68,2014
Joe Adams,CAR,WR,64,2014
Ted Ginn,CAR,WR,74,2014
Domenik Hixon,CAR,WR,76,2014
Steve Smith,CAR,WR,90,2014
Nick McDonald,NE,C,65,2014
Ryan Wendell,NE,C,89,2014
Marquice Cole,NE,CB,69,2014
Kyle Arrington,NE,CB,77,2014
Aqib Talib,NE,CB,86,2014
Logan Ryan,NE,CB,70,2014
Ras-I Dowling,NE,CB,74,2014
Alfonzo Dennard,NE,CB,81,2014
Marcus Forston,NE,DT,65,2014
Vince Wilfork,NE,DT,93,2014
Tommy Kelly,NE,DT,78,2014
James Develin,NE,FB,65,2014
Devin McCourty,NE,FS,92,2014
Steve Gregory,NE,FS,75,2014
Tavon Wilson,NE,FS,72,2014
Leon Washington,NE,HB,75,2014
Stevan Ridley,NE,HB,85,2014
Shane Vereen,NE,HB,78,2014
LeGarrette Blount,NE,HB,75,2014
Brandon Bolden,NE,HB,72,2014
Stephen Gostkowski,NE,K,89,2014
Rob Ninkovich,NE,LE,85,2014
Michael Buchanan,NE,LE,67,2014
Justin Francis,NE,LE,72,2014
Jermaine Cunningham,NE,LE,68,2014
Logan Mankins,NE,LG,94,2014
A.J. Edds,NE,LOLB,65,2014
Dont'a Hightower,NE,LOLB,80,2014
Jeff Tarpinian,NE,LOLB,63,2014
Nate Solder,NE,LT,85,2014
Will Svitek,NE,LT,75,2014
Steve Beauharnais,NE,MLB,65,2014
Brandon Spikes,NE,MLB,86,2014
Mike Rivera,NE,MLB,63,2014
Dane Fletcher,NE,MLB,70,2014
Zoltan Mesko,NE,P,84,2014
Ryan Mallett,NE,QB,74,2014
Tim Tebow,NE,QB,73,2014
Tom Brady,NE,QB,97,2014
Marcus Benard,NE,RE,70,2014
Chandler Jones,NE,RE,81,2014
Jake Bequette,NE,RE,71,2014
Marcus Cannon,NE,RG,74,2014
Dan Connolly,NE,RG,81,2014
Niko Koutouvides,NE,ROLB,71,2014
Jamie Collins,NE,ROLB,69,2014
Jerod Mayo,NE,ROLB,94,2014
Markus Zusevics,NE,RT,68,2014
Sebastian Vollmer,NE,RT,91,2014
Adrian Wilson,NE,SS,87,2014
Duron Harmon,NE,SS,70,2014
Nate Ebner,NE,SS,63,2014
Danny Aiken,NE,TE,57,2014
Michael Hoomanawanui,NE,TE,73,2014
Rob Gronkowski,NE,TE,98,2014
Jake Ballard,NE,TE,77,2014
Daniel Fells,NE,TE,74,2014
Julian Edelman,NE,WR,77,2014
Danny Amendola,NE,WR,83,2014
Lavelle Hawkins,NE,WR,71,2014
Matthew Slater,NE,WR,70,2014
Donald Jones,NE,WR,77,2014
Aaron Dobson,NE,WR,72,2014
Josh Boyce,NE,WR,67,2014
Kamar Aiken,NE,WR,61,2014
Michael Jenkins,NE,WR,77,2014
Alex Parsons,OAK,C,65,2014
Stefen Wisniewski,OAK,C,85,2014
Chimdi Chekwa,OAK,CB,68,2014
Brandian Ross,OAK,CB,66,2014
D.J. Hayden,OAK,CB,78,2014
Phillip Adams,OAK,CB,73,2014
Coye Francies,OAK,CB,67,2014
Joselio Hanson,OAK,CB,76,2014
Mike Jenkins,OAK,CB,77,2014
Tracy Porter,OAK,CB,78,2014
Pat Sims,OAK,DT,77,2014
Vance Walker,OAK,DT,81,2014
Christo Bilukidi,OAK,DT,66,2014
Stacy McGee,OAK,DT,63,2014
Johnny Jones,OAK,DT,64,2014
Jon Hoese,OAK,FB,63,2014
Marcel Reece,OAK,FB,95,2014
Jamize Olawale,OAK,FB,65,2014
Usama Young,OAK,FS,78,2014
Charles Woodson,OAK,FS,85,2014
Cory Nelms,OAK,FS,65,2014
Taiwan Jones,OAK,HB,68,2014
Rashad Jennings,OAK,HB,73,2014
Jeremy Stewart,OAK,HB,68,2014
Latavius Murray,OAK,HB,67,2014
Darren McFadden,OAK,HB,87,2014
Sebastian Janikowski,OAK,K,94,2014
Lamarr Houston,OAK,LE,89,2014
Brandon Bair,OAK,LE,68,2014
Andre Carter,OAK,LE,80,2014
Tony Bergstrom,OAK,LG,71,2014
Kaelin Burnett,OAK,LOLB,61,2014
Miles Burris,OAK,LOLB,70,2014
Nick Roach,OAK,LOLB,78,2014
Willie Smith,OAK,LT,60,2014
Jared Veldheer,OAK,LT,90,2014
Travis Goethel,OAK,MLB,63,2014
Kaluka Maiava,OAK,MLB,75,2014
Chris Kluwe,OAK,P,79,2014
Tyler Wilson,OAK,QB,69,2014
Terrelle Pryor,OAK,QB,70,2014
Matt Flynn,OAK,QB,78,2014
Jack Crawford,OAK,RE,64,2014
Jason Hunter,OAK,RE,74,2014
Mike Brisiel,OAK,RG,79,2014
Lucas Nix,OAK,RG,64,2014
Sio Moore,OAK,ROLB,71,2014
Keenan Clayton,OAK,ROLB,67,2014
Kevin Burnett,OAK,ROLB,83,2014
Alex Barron,OAK,RT,76,2014
Khalif Barnes,OAK,RT,76,2014
Menelik Watson,OAK,RT,72,2014
Reggie Smith,OAK,SS,74,2014
Tyvon Branch,OAK,SS,89,2014
Jon Condo,OAK,TE,44,2014
Nick Kasa,OAK,TE,67,2014
Jeron Mastrud,OAK,TE,67,2014
Richard Gordon,OAK,TE,73,2014
David Ausberry,OAK,TE,71,2014
Mychal Rivera,OAK,TE,68,2014
Brice Butler,OAK,WR,59,2014
Rod Streater,OAK,WR,73,2014
Josh Cribbs,OAK,WR,72,2014
Denarius Moore,OAK,WR,82,2014
Andre Holmes,OAK,WR,66,2014
Juron Criner,OAK,WR,69,2014
Isaiah Williams,OAK,WR,62,2014
Conner Vernon,OAK,WR,64,2014
Jacoby Ford,OAK,WR,74,2014
Barrett Jones,LAR,C,71,2014
Tim Barnes,LAR,C,63,2014
Scott Wells,LAR,C,80,2014
Robert Steeples,LAR,CB,65,2014
Brandon McGee,LAR,CB,67,2014
Trumaine Johnson,LAR,CB,74,2014
Cortland Finnegan,LAR,CB,88,2014
Janoris Jenkins,LAR,CB,82,2014
Michael Brockers,LAR,DT,82,2014
Jermelle Cudjo,LAR,DT,68,2014
Matthew Conrath,LAR,DT,66,2014
Kendall Langford,LAR,DT,81,2014
Mike McNeill,LAR,FB,63,2014
Lance Kendricks,LAR,FB,78,2014
Rodney McLeod,LAR,FS,70,2014
Quinton Pointer,LAR,FS,67,2014
T.J. McDonald,LAR,FS,71,2014
Daryl Richardson,LAR,HB,74,2014
Terrance Ganaway,LAR,HB,63,2014
Isaiah Pead,LAR,HB,74,2014
Chase Reynolds,LAR,HB,65,2014
Zac Stacy,LAR,HB,70,2014
Greg Zuerlein,LAR,K,79,2014
Mason Brodine,LAR,LE,60,2014
William Hayes,LAR,LE,81,2014
Chris Long,LAR,LE,88,2014
Rokevious Watkins,LAR,LG,67,2014
Shelley Smith,LAR,LG,74,2014
Sammy Brown,LAR,LOLB,67,2014
Jo-Lonn Dunbar,LAR,LOLB,80,2014
Jake Long,LAR,LT,88,2014
Ty Nsekhe,LAR,LT,57,2014
James Laurinaitis,LAR,MLB,86,2014
Josh Hull,LAR,MLB,66,2014
Jabara Williams,LAR,MLB,60,2014
John Hekker,LAR,P,73,2014
Kellen Clemens,LAR,QB,72,2014
Austin Davis,LAR,QB,68,2014
Sam Bradford,LAR,QB,85,2014
Eugene Sims,LAR,RE,71,2014
Robert Quinn,LAR,RE,78,2014
Brandon Washington,LAR,RG,61,2014
Harvey Dahl,LAR,RG,89,2014
Chris Williams,LAR,RG,76,2014
Jonathan Stewart,LAR,ROLB,61,2014
Alec Ogletree,LAR,ROLB,77,2014
Rodger Saffold,LAR,RT,84,2014
Joe Barksdale,LAR,RT,69,2014
Darian Stewart,LAR,SS,77,2014
Matthew Daniels,LAR,SS,72,2014
Matt Giordano,LAR,SS,73,2014
Jared Cook,LAR,TE,87,2014
Cory Harkey,LAR,TE,69,2014
Zach Potter,LAR,TE,66,2014
Jake McQuaide,LAR,TE,49,2014
Cameron Graham,LAR,TE,62,2014
Brian Quick,LAR,WR,73,2014
Chris Givens,LAR,WR,75,2014
Raymond Radway,LAR,WR,62,2014
Austin Pettis,LAR,WR,73,2014
Stedman Bailey,LAR,WR,71,2014
Tavon Austin,LAR,WR,76,2014
Nick Johnson,LAR,WR,54,2014
Ryan Jensen,BAL,C,67,2014
Gino Gradkowski,BAL,C,74,2014
A.Q. Shipley,BAL,C,73,2014
Reggie Stephens,BAL,C,65,2014
Jimmy Smith,BAL,CB,76,2014
Chykie Brown,BAL,CB,66,2014
Lardarius Webb,BAL,CB,90,2014
Corey Graham,BAL,CB,80,2014
Asa Jackson,BAL,CB,66,2014
Marc Anthony,BAL,CB,66,2014
Chris Johnson,BAL,CB,72,2014
Brandon Williams,BAL,DT,64,2014
Terrence Cody,BAL,DT,74,2014
Kyle Juszczyk,BAL,FB,74,2014
Anthony Levine,BAL,FS,64,2014
Omar Brown,BAL,FS,73,2014
Michael Huff,BAL,FS,83,2014
Bernard Pierce,BAL,HB,82,2014
Bobby Rainey,BAL,HB,68,2014
Damien Berry,BAL,HB,68,2014
Anthony Allen,BAL,HB,69,2014
Ray Rice,BAL,HB,94,2014
Justin Tucker,BAL,K,88,2014
Kapron Lewis-Moore,BAL,LE,67,2014
Chris Canty,BAL,LE,85,2014
Arthur Jones,BAL,LE,77,2014
Ramon Harewood,BAL,LG,74,2014
Kelechi Osemele,BAL,LG,80,2014
Pernell McPhee,BAL,LOLB,77,2014
Terrell Suggs,BAL,LOLB,89,2014
Adrian Hamilton,BAL,LOLB,57,2014
John Simon,BAL,LOLB,69,2014
Bryant McKinnie,BAL,LT,81,2014
David Mims,BAL,LT,59,2014
Albert McClellan,BAL,MLB,69,2014
Josh Bynes,BAL,MLB,65,2014
Bryan Hall,BAL,MLB,56,2014
Arthur Brown,BAL,MLB,74,2014
Daryl Smith,BAL,MLB,82,2014
Jameel McClain,BAL,MLB,78,2014
Sam Koch,BAL,P,90,2014
Tyrod Taylor,BAL,QB,73,2014
Caleb Hanie,BAL,QB,70,2014
Joe Flacco,BAL,QB,93,2014
Haloti Ngata,BAL,RE,94,2014
Marcus Spears,BAL,RE,73,2014
DeAngelo Tyson,BAL,RE,61,2014
Ricky Wagner,BAL,RG,67,2014
Marshal Yanda,BAL,RG,97,2014
Antoine McClain,BAL,RG,64,2014
Courtney Upshaw,BAL,ROLB,79,2014
Elvis Dumervil,BAL,ROLB,83,2014
Spencer Adkins,BAL,ROLB,66,2014
Michael Oher,BAL,RT,82,2014
Jah Reid,BAL,RT,76,2014
Matt Elam,BAL,SS,78,2014
James Ihedigbo,BAL,SS,74,2014
Christian Thompson,BAL,SS,67,2014
Billy Bajema,BAL,TE,69,2014
Ed Dickson,BAL,TE,77,2014
Dennis Pitta,BAL,TE,87,2014
Morgan Cox,BAL,TE,44,2014
Alex Silvestro,BAL,TE,52,2014
Tommy Streeter,BAL,WR,63,2014
Torrey Smith,BAL,WR,85,2014
Tandon Doss,BAL,WR,69,2014
LaQuan Williams,BAL,WR,64,2014
David Reed,BAL,WR,67,2014
Aaron Mellette,BAL,WR,63,2014
Jacoby Jones,BAL,WR,81,2014
Deonte Thompson,BAL,WR,61,2014
Will Montgomery,WAS,C,90,2014
Nick Sundberg,WAS,C,57,2014
Kevin Matthews,WAS,C,66,2014
Jerome Murphy,WAS,CB,70,2014
Josh Wilson,WAS,CB,83,2014
E.J. Biggers,WAS,CB,74,2014
Richard Crawford,WAS,CB,69,2014
David Amerson,WAS,CB,69,2014
DeAngelo Hall,WAS,CB,81,2014
Ron Brace,WAS,DT,70,2014
Chris Baker,WAS,DT,74,2014
Barry Cofield,WAS,DT,83,2014
Chris Neild,WAS,DT,71,2014
Eric Kettani,WAS,FB,70,2014
Darrel Young,WAS,FB,89,2014
Jordan Pugh,WAS,FS,70,2014
Phillip Thomas,WAS,FS,72,2014
Reed Doughty,WAS,FS,74,2014
Jordan Bernstine,WAS,FS,64,2014
Alfred Morris,WAS,HB,89,2014
Chris Thompson,WAS,HB,66,2014
Jawan Jamison,WAS,HB,66,2014
Keiland Williams,WAS,HB,68,2014
Roy Helu Jr.,WAS,HB,74,2014
Evan Royster,WAS,HB,74,2014
Kai Forbath,WAS,K,81,2014
Jarvis Jenkins,WAS,LE,79,2014
Adam Carriker,WAS,LE,78,2014
Maurice Hurt,WAS,LG,69,2014
Kory Lichtensteiger,WAS,LG,80,2014
Ryan Kerrigan,WAS,LOLB,87,2014
Vic So'oto,WAS,LOLB,66,2014
Darryl Tapp,WAS,LOLB,69,2014
Tom Compton,WAS,LT,63,2014
Xavier Nixon,WAS,LT,64,2014
Trent Williams,WAS,LT,89,2014
London Fletcher,WAS,MLB,82,2014
Roddrick Muckelroy,WAS,MLB,64,2014
Perry Riley,WAS,MLB,78,2014
Keenan Robinson,WAS,MLB,60,2014
Bryan Kehl,WAS,MLB,66,2014
Sav Rocca,WAS,P,77,2014
Pat White,WAS,QB,65,2014
Rex Grossman,WAS,QB,72,2014
Robert Griffin III,WAS,QB,89,2014
Kirk Cousins,WAS,QB,75,2014
Kedric Golston,WAS,RE,72,2014
Stephen Bowen,WAS,RE,81,2014
Phillip Merling,WAS,RE,70,2014
Chris Chester,WAS,RG,88,2014
Adam Gettis,WAS,RG,65,2014
Josh LeRibeus,WAS,RG,69,2014
Ricky Elmore,WAS,ROLB,62,2014
Brian Orakpo,WAS,ROLB,90,2014
Brandon Jenkins,WAS,ROLB,64,2014
Rob Jackson,WAS,ROLB,77,2014
Tyler Polumbus,WAS,RT,74,2014
Tony Pashos,WAS,RT,73,2014
Jeremy Trueblood,WAS,RT,73,2014
Brandon Meriweather,WAS,SS,78,2014
Devin Holland,WAS,SS,59,2014
DeJon Gomes,WAS,SS,72,2014
Bacarri Rambo,WAS,SS,71,2014
Jordan Reed,WAS,TE,69,2014
Logan Paulsen,WAS,TE,75,2014
Niles Paul,WAS,TE,70,2014
Fred Davis,WAS,TE,86,2014
Pierre Garcon,WAS,WR,87,2014
Josh Morgan,WAS,WR,79,2014
Aldrick Robinson,WAS,WR,69,2014
Leonard Hankerson,WAS,WR,73,2014
Dezmon Briscoe,WAS,WR,68,2014
Devery Henderson,WAS,WR,72,2014
Santana Moss,WAS,WR,81,2014
Brian De La Puente,NO,C,91,2014
Jabari Greer,NO,CB,86,2014
Ryan Steed,NO,CB,67,2014
Corey White,NO,CB,69,2014
A.J. Davis,NO,CB,60,2014
Keenan Lewis,NO,CB,83,2014
Patrick Robinson,NO,CB,78,2014
Korey Lindsey,NO,CB,63,2014
Isaako Aaitui,NO,DT,63,2014
John Jenkins,NO,DT,70,2014
Brodrick Bunkley,NO,DT,82,2014
Tyrunn Walker,NO,DT,66,2014
Jed Collins,NO,FB,90,2014
Rafael Bush,NO,FS,75,2014
Jerico Nelson,NO,FS,64,2014
Jim Leonhard,NO,FS,75,2014
Malcolm Jenkins,NO,FS,76,2014
Darren Sproles,NO,HB,87,2014
Pierre Thomas,NO,HB,82,2014
Travaris Cadet,NO,HB,68,2014
Mark Ingram,NO,HB,81,2014
Garrett Hartley,NO,K,76,2014
Akiem Hicks,NO,LE,79,2014
Kenyon Coleman,NO,LE,78,2014
Jay Richardson,NO,LE,72,2014
Ben Grubbs,NO,LG,95,2014
Eric Olsen,NO,LG,70,2014
Martez Wilson,NO,LOLB,70,2014
Baraka Atkins,NO,LOLB,60,2014
Victor Butler,NO,LOLB,81,2014
Marcel Jones,NO,LT,62,2014
Terron Armstead,NO,LT,68,2014
Charles Brown,NO,LT,74,2014
Will Herring,NO,MLB,70,2014
Jonathan Vilma,NO,MLB,78,2014
Kevin Reddick,NO,MLB,64,2014
Chris Chamberlain,NO,MLB,71,2014
Curtis Lofton,NO,MLB,82,2014
David Hawthorne,NO,MLB,80,2014
Ramon Humber,NO,MLB,64,2014
Thomas Morstead,NO,P,94,2014
Seneca Wallace,NO,QB,72,2014
Luke McCown,NO,QB,72,2014
Drew Brees,NO,QB,96,2014
Cameron Jordan,NO,RE,81,2014
Greg Romeus,NO,RE,66,2014
Tom Johnson,NO,RE,70,2014
Andrew Tiller,NO,RG,63,2014
Ricky Henry,NO,RG,66,2014
Jahri Evans,NO,RG,95,2014
Will Smith,NO,ROLB,78,2014
Chase Thomas,NO,ROLB,69,2014
Junior Galette,NO,ROLB,77,2014
Bryce Harris,NO,RT,66,2014
Zach Strief,NO,RT,77,2014
Jason Smith,NO,RT,75,2014
Roman Harper,NO,SS,76,2014
Kenny Vaccaro,NO,SS,80,2014
Isa Abdul-Quddus,NO,SS,72,2014
Justin Drescher,NO,TE,45,2014
Michael Higgins,NO,TE,66,2014
Jimmy Graham,NO,TE,96,2014
Benjamin Watson,NO,TE,82,2014
Chris Givens,NO,WR,71,2014
Saalim Hakim,NO,WR,52,2014
Marques Colston,NO,WR,90,2014
Lance Moore,NO,WR,85,2014
Courtney Roby,NO,WR,67,2014
Kenny Stills,NO,WR,66,2014
Andy Tanner,NO,WR,57,2014
Preston Parker,NO,WR,68,2014
Joseph Morgan,NO,WR,72,2014
Jarred Fayson,NO,WR,56,2014
Nick Toon,NO,WR,65,2014
Lemuel Jeanpierre,SEA,C,67,2014
Max Unger,SEA,C,92,2014
Will Blackmon,SEA,CB,65,2014
DeShawn Shead,SEA,CB,63,2014
Tharold Simon,SEA,CB,67,2014
Jeremy Lane,SEA,CB,71,2014
Brandon Browner,SEA,CB,88,2014
Byron Maxwell,SEA,CB,70,2014
Richard Sherman,SEA,CB,96,2014
Ron Parker,SEA,CB,62,2014
Walter Thurmond,SEA,CB,72,2014
Antoine Winfield,SEA,CB,90,2014
Jesse Williams,SEA,DT,69,2014
Jaye Howard,SEA,DT,66,2014
Jordan Hill,SEA,DT,66,2014
Brandon Mebane,SEA,DT,85,2014
Clinton McDonald,SEA,DT,71,2014
Tony McDaniel,SEA,DT,77,2014
Michael Robinson,SEA,FB,87,2014
Spencer Ware,SEA,FB,65,2014
Earl Thomas,SEA,FS,91,2014
Chris Maragos,SEA,FS,65,2014
Christine Michael,SEA,HB,70,2014
Robert Turbin,SEA,HB,76,2014
Marshawn Lynch,SEA,HB,96,2014
Steven Hauschka,SEA,K,81,2014
Red Bryant,SEA,LE,80,2014
Greg Scruggs,SEA,LE,66,2014
Michael Bennett,SEA,LE,86,2014
Alvin Bailey,SEA,LG,66,2014
Rishaw Johnson,SEA,LG,66,2014
James Carpenter,SEA,LG,75,2014
John Moffitt,SEA,LG,71,2014
K.J. Wright,SEA,LOLB,84,2014
Mike Morgan,SEA,LOLB,64,2014
Korey Toomer,SEA,LOLB,61,2014
Mike Person,SEA,LT,63,2014
Russell Okung,SEA,LT,88,2014
Bobby Wagner,SEA,MLB,88,2014
Ty Powell,SEA,MLB,61,2014
Jon Ryan,SEA,P,86,2014
Tarvaris Jackson,SEA,QB,73,2014
Brady Quinn,SEA,QB,73,2014
Russell Wilson,SEA,QB,89,2014
Chris Clemons,SEA,RE,89,2014
Bruce Irvin,SEA,RE,79,2014
Cliff Avril,SEA,RE,83,2014
J.R. Sweezy,SEA,RG,73,2014
Paul McQuistan,SEA,RG,74,2014
Heath Farwell,SEA,ROLB,75,2014
Malcolm Smith,SEA,ROLB,67,2014
Allen Bradford,SEA,ROLB,56,2014
Michael Bowie,SEA,RT,64,2014
Breno Giacomini,SEA,RT,77,2014
Winston Guy,SEA,SS,67,2014
Kam Chancellor,SEA,SS,90,2014
Jeron Johnson,SEA,SS,74,2014
Clint Gresham,SEA,TE,49,2014
Anthony McCoy,SEA,TE,77,2014
Sean McGrath,SEA,TE,61,2014
Luke Willson,SEA,TE,63,2014
Zach Miller,SEA,TE,83,2014
Sidney Rice,SEA,WR,86,2014
Percy Harvin,SEA,WR,92,2014
Phil Bates,SEA,WR,61,2014
Golden Tate,SEA,WR,80,2014
Chris Harper,SEA,WR,69,2014
Bryan Walters,SEA,WR,60,2014
Stephen Williams,SEA,WR,62,2014
Charly Martin,SEA,WR,65,2014
Doug Baldwin,SEA,WR,74,2014
Jermaine Kearse,SEA,WR,64,2014
Brett Swain,SEA,WR,66,2014
Maurkice Pouncey,PIT,C,88,2014
Joe Madsen,PIT,C,73,2014
Greg Warren,PIT,C,71,2014
William Gay,PIT,CB,77,2014
Ike Taylor,PIT,CB,89,2014
Terry Hawthorne,PIT,CB,67,2014
Josh Victorian,PIT,CB,62,2014
Ross Ventrone,PIT,CB,64,2014
Cortez Allen,PIT,CB,80,2014
DeMarcus Van Dyke,PIT,CB,69,2014
Curtis Brown,PIT,CB,69,2014
Justin King,PIT,CB,67,2014
Alameda Ta'amu,PIT,DT,74,2014
Hebron Fangupo,PIT,DT,63,2014
Steve McLendon,PIT,DT,79,2014
Will Johnson,PIT,FB,72,2014
David Johnson,PIT,FB,76,2014
Robert Golden,PIT,FS,65,2014
Ryan Clark,PIT,FS,85,2014
LaRod Stephens-Howling,PIT,HB,72,2014
Baron Batch,PIT,HB,67,2014
Isaac Redman,PIT,HB,74,2014
Jonathan Dwyer,PIT,HB,76,2014
Le'Veon Bell,PIT,HB,73,2014
Shaun Suisham,PIT,K,86,2014
Ziggy Hood,PIT,LE,77,2014
Al Woods,PIT,LE,65,2014
John Malecki,PIT,LG,67,2014
Ramon Foster,PIT,LG,83,2014
Chris Carter,PIT,LOLB,64,2014
LaMarr Woodley,PIT,LOLB,87,2014
Adrian Robinson,PIT,LOLB,60,2014
Kelvin Beachum,PIT,LT,66,2014
Mike Adams,PIT,LT,73,2014
Marshall McFadden,PIT,MLB,58,2014
Brian Rolle,PIT,MLB,68,2014
Stevenson Sylvester,PIT,MLB,69,2014
Kion Wilson,PIT,MLB,65,2014
Sean Spence,PIT,MLB,66,2014
Larry Foote,PIT,MLB,75,2014
Vince Williams,PIT,MLB,61,2014
Lawrence Timmons,PIT,MLB,91,2014
Brian Moorman,PIT,P,77,2014
Drew Butler,PIT,P,71,2014
Ben Roethlisberger,PIT,QB,92,2014
Bruce Gradkowski,PIT,QB,73,2014
John Parker Wilson,PIT,QB,64,2014
Landry Jones,PIT,QB,67,2014
Cameron Heyward,PIT,RE,77,2014
Brett Keisel,PIT,RE,83,2014
Nicholas Williams,PIT,RE,63,2014
David DeCastro,PIT,RG,79,2014
Jarvis Jones,PIT,ROLB,76,2014
Jason Worilds,PIT,ROLB,78,2014
Marcus Gilbert,PIT,RT,78,2014
Joe Long,PIT,RT,59,2014
Guy Whimper,PIT,RT,73,2014
Shamarko Thomas,PIT,SS,72,2014
Troy Polamalu,PIT,SS,95,2014
Da'Mon Cromartie-Smith,PIT,SS,65,2014
Jamie McCoy,PIT,TE,66,2014
Zack Pianalto,PIT,TE,63,2014
David Paulson,PIT,TE,69,2014
Matt Spaeth,PIT,TE,80,2014
Heath Miller,PIT,TE,88,2014
Jerricho Cotchery,PIT,WR,75,2014
Justin Brown,PIT,WR,62,2014
David Gilreath,PIT,WR,58,2014
Kashif Moore,PIT,WR,57,2014
Markus Wheaton,PIT,WR,70,2014
Emmanuel Sanders,PIT,WR,76,2014
Antonio Brown,PIT,WR,86,2014
Plaxico Burress,PIT,WR,74,2014
Brian Schwenke,TEN,C,71,2014
Fernando Velasco,TEN,C,82,2014
Jason McCourty,TEN,CB,88,2014
Blidi Wreh-Wilson,TEN,CB,73,2014
Alterraun Verner,TEN,CB,83,2014
Tommie Campbell,TEN,CB,70,2014
Khalid Wooten,TEN,CB,68,2014
Coty Sensabaugh,TEN,CB,71,2014
Sammie Hill,TEN,DT,79,2014
Antonio Johnson,TEN,DT,73,2014
Karl Klug,TEN,DT,77,2014
Jurrell Casey,TEN,DT,88,2014
Zach Clayton,TEN,DT,66,2014
Mike Martin,TEN,DT,82,2014
DaJohn Harris,TEN,DT,64,2014
Ropati Pitoitua,TEN,DT,76,2014
Craig Stevens,TEN,FB,79,2014
Quinn Johnson,TEN,FB,68,2014
Michael Griffin,TEN,FS,78,2014
Tracy Wilson,TEN,FS,67,2014
Robert Johnson,TEN,FS,69,2014
Shonn Greene,TEN,HB,79,2014
Jalen Parmele,TEN,HB,69,2014
Chris Johnson,TEN,HB,87,2014
Darius Reynaud,TEN,HB,74,2014
Rob Bironas,TEN,K,88,2014
Lavar Edwards,TEN,LE,68,2014
Thaddeus Gibson,TEN,LE,69,2014
Derrick Morgan,TEN,LE,88,2014
Chris Spencer,TEN,LG,75,2014
Andy Levitre,TEN,LG,96,2014
Kasey Studdard,TEN,LG,74,2014
Tim Shaw,TEN,LOLB,69,2014
Akeem Ayers,TEN,LOLB,79,2014
Patrick Bailey,TEN,LOLB,67,2014
Barry Richardson,TEN,LT,69,2014
Michael Otto,TEN,LT,70,2014
Michael Roos,TEN,LT,91,2014
Colin McCarthy,TEN,MLB,74,2014
Greg Jones,TEN,MLB,66,2014
Moise Fokou,TEN,MLB,73,2014
Brett Kern,TEN,P,82,2014
Rusty Smith,TEN,QB,65,2014
Nathan Enderle,TEN,QB,65,2014
Jake Locker,TEN,QB,77,2014
Ryan Fitzpatrick,TEN,QB,76,2014
Keyunta Dawson,TEN,RE,67,2014
Kamerion Wimbley,TEN,RE,82,2014
Scott Solomon,TEN,RE,66,2014
Robert Turner,TEN,RG,73,2014
Chance Warmack,TEN,RG,84,2014
Zach Brown,TEN,ROLB,79,2014
Zaviar Gooden,TEN,ROLB,65,2014
David Stewart,TEN,RT,90,2014
Byron Stingily,TEN,RT,69,2014
Daniel Baldridge,TEN,RT,68,2014
Al Afalava,TEN,SS,73,2014
George Wilson,TEN,SS,85,2014
Bernard Pollard,TEN,SS,85,2014
Markelle Martin,TEN,SS,67,2014
Taylor Thompson,TEN,TE,71,2014
Brandon Barden,TEN,TE,62,2014
Beau Brinkley,TEN,TE,53,2014
Delanie Walker,TEN,TE,83,2014
Nate Washington,TEN,WR,78,2014
Kenny Britt,TEN,WR,83,2014
Kevin Walter,TEN,WR,74,2014
Marc Mariani,TEN,WR,69,2014
Roberto Wallace,TEN,WR,66,2014
Justin Hunter,TEN,WR,71,2014
Damian Williams,TEN,WR,72,2014
Michael Preston,TEN,WR,61,2014
Diondre Borel,TEN,WR,65,2014
Kendall Wright,TEN,WR,78,2014
Joe Berger,MIN,C,74,2014
John Sullivan,MIN,C,95,2014
Jacob Lacey,MIN,CB,73,2014
Greg McCoy,MIN,CB,59,2014
Josh Robinson,MIN,CB,73,2014
Marcus Sherels,MIN,CB,67,2014
Brandon Burton,MIN,CB,68,2014
Xavier Rhodes,MIN,CB,74,2014
A.J. Jefferson,MIN,CB,71,2014
Chris Cook,MIN,CB,79,2014
Sharrif Floyd,MIN,DT,78,2014
Christian Ballard,MIN,DT,73,2014
Kevin Williams,MIN,DT,90,2014
Everett Dawkins,MIN,DT,66,2014
Fred Evans,MIN,DT,76,2014
Letroy Guion,MIN,DT,75,2014
Jerome Felton,MIN,FB,88,2014
Matt Asiata,MIN,FB,61,2014
Harrison Smith,MIN,FS,84,2014
Andrew Sendejo,MIN,FS,65,2014
Jamarca Sanford,MIN,FS,77,2014
Adrian Peterson,MIN,HB,99,2014
Joe Banyard,MIN,HB,70,2014
Toby Gerhart,MIN,HB,74,2014
Blair Walsh,MIN,K,92,2014
Brian Robison,MIN,LE,87,2014
D'Aundre Reed,MIN,LE,67,2014
Lawrence Jackson,MIN,LE,75,2014
Charlie Johnson,MIN,LG,79,2014
Troy Kropog,MIN,LG,74,2014
Jeff Baca,MIN,LG,71,2014
Audie Cole,MIN,LOLB,67,2014
Chad Greenway,MIN,LOLB,87,2014
Marvin Mitchell,MIN,LOLB,69,2014
DeMarcus Love,MIN,LT,63,2014
Matt Kalil,MIN,LT,87,2014
Desmond Bishop,MIN,MLB,83,2014
Tyrone McKenzie,MIN,MLB,65,2014
Michael Mauti,MIN,MLB,66,2014
Erin Henderson,MIN,MLB,80,2014
Jeff Locke,MIN,P,68,2014
McLeod Bethel-Thompson,MIN,QB,64,2014
Matt Cassel,MIN,QB,76,2014
Christian Ponder,MIN,QB,78,2014
George Johnson,MIN,RE,66,2014
Everson Griffen,MIN,RE,78,2014
Jared Allen,MIN,RE,89,2014
Seth Olsen,MIN,RG,66,2014
Travis Bond,MIN,RG,66,2014
Brandon Fusco,MIN,RG,76,2014
Larry Dean,MIN,ROLB,62,2014
Gerald Hodges,MIN,ROLB,70,2014
Phil Loadholt,MIN,RT,86,2014
Brandon Keith,MIN,RT,74,2014
Robert Blanton,MIN,SS,71,2014
Mistral Raymond,MIN,SS,76,2014
Kyle Rudolph,MIN,TE,86,2014
Cullen Loeffler,MIN,TE,67,2014
Rhett Ellison,MIN,TE,80,2014
John Carlson,MIN,TE,81,2014
Jerome Simpson,MIN,WR,74,2014
Greg Childs,MIN,WR,65,2014
Greg Jennings,MIN,WR,88,2014
Joe Webb,MIN,WR,64,2014
Cordarrelle Patterson,MIN,WR,73,2014
Stephen Burton,MIN,WR,66,2014
Jarius Wright,MIN,WR,68,2014
Chris Myers,HOU,C,93,2014
Cody White,HOU,C,62,2014
Johnathan Joseph,HOU,CB,89,2014
Roc Carmichael,HOU,CB,65,2014
Brandon Harris,HOU,CB,71,2014
Kareem Jackson,HOU,CB,85,2014
Brice McCain,HOU,CB,76,2014
Earl Mitchell,HOU,DT,77,2014
Terrell McClain,HOU,DT,70,2014
Chris Jones,HOU,DT,66,2014
Greg Jones,HOU,FB,89,2014
Tyler Clutts,HOU,FB,70,2014
D.J. Swearinger,HOU,FS,75,2014
Shiloh Keo,HOU,FS,67,2014
Ed Reed,HOU,FS,86,2014
Ray Graham,HOU,HB,68,2014
Arian Foster,HOU,HB,95,2014
Dennis Johnson,HOU,HB,66,2014
Cierre Wood,HOU,HB,67,2014
Ben Tate,HOU,HB,81,2014
Deji Karim,HOU,HB,69,2014
Randy Bullock,HOU,K,66,2014
David Hunter,HOU,LE,65,2014
Ra'Shon Harris,HOU,LE,65,2014
Tim Jamison,HOU,LE,76,2014
J.J. Watt,HOU,LE,99,2014
Wade Smith,HOU,LG,84,2014
Brooks Reed,HOU,LOLB,79,2014
Bryan Braman,HOU,LOLB,68,2014
Sam Montgomery,HOU,LOLB,66,2014
David Quessenberry,HOU,LT,62,2014
Nick Mondek,HOU,LT,57,2014
Ryan Harris,HOU,LT,70,2014
Duane Brown,HOU,LT,96,2014
Tim Dobbins,HOU,MLB,72,2014
Brian Cushing,HOU,MLB,90,2014
Cameron Collins,HOU,MLB,58,2014
Darryl Sharpton,HOU,MLB,73,2014
Mike Mohamed,HOU,MLB,61,2014
Shane Lechler,HOU,P,89,2014
T.J. Yates,HOU,QB,74,2014
Case Keenum,HOU,QB,65,2014
Matt Schaub,HOU,QB,87,2014
Stephen McGee,HOU,QB,66,2014
Antonio Smith,HOU,RE,90,2014
Jared Crick,HOU,RE,69,2014
Ben Jones,HOU,RG,74,2014
Brandon Brooks,HOU,RG,68,2014
Whitney Mercilus,HOU,ROLB,77,2014
Trevardo Williams,HOU,ROLB,63,2014
Derek Newton,HOU,RT,73,2014
Brennan Williams,HOU,RT,71,2014
Andrew Gardner,HOU,RT,68,2014
Eddie Pleasant,HOU,SS,68,2014
Danieal Manning,HOU,SS,84,2014
Owen Daniels,HOU,TE,87,2014
Phillip Supernaw,HOU,TE,65,2014
Ryan Griffin,HOU,TE,67,2014
Garrett Graham,HOU,TE,78,2014
Jonathan Weeks,HOU,TE,45,2014
DeAndre Hopkins,HOU,WR,74,2014
Lestar Jean,HOU,WR,68,2014
Jeff Maehl,HOU,WR,62,2014
DeVier Posey,HOU,WR,67,2014
Keshawn Martin,HOU,WR,67,2014
Alan Bonner,HOU,WR,62,2014
Andre Johnson,HOU,WR,97,2014
Brian De La Puente,CHI,C,83,2015
Roberto Garza,CHI,C,80,2015
Taylor Boggs,CHI,C,61,2015
Tim Jennings,CHI,CB,88,2015
Charles Tillman,CHI,CB,87,2015
Kyle Fuller,CHI,CB,75,2015
Kelvin Hayden,CHI,CB,74,2015
Isaiah Frey,CHI,CB,69,2015
C.J. Wilson,CHI,CB,67,2015
Sherrick McManis,CHI,CB,66,2015
Stephen Paea,CHI,DT,79,2015
Jeremiah Ratliff,CHI,DT,79,2015
Ego Ferguson,CHI,DT,69,2015
Will Sutton,CHI,DT,69,2015
Nate Collins,CHI,DT,68,2015
Tony Fiammetta,CHI,FB,72,2015
Chris Conte,CHI,FS,74,2015
Danny McCray,CHI,FS,67,2015
Brock Vereen,CHI,FS,66,2015
Matt Forte,CHI,HB,95,2015
Ka'Deem Carey,CHI,HB,71,2015
Shaun Draughn,CHI,HB,70,2015
Michael Ford,CHI,HB,65,2015
Robbie Gould,CHI,K,93,2015
Lamarr Houston,CHI,LE,89,2015
Austen Lane,CHI,LE,71,2015
Cornelius Washington,CHI,LE,69,2015
Matt Slauson,CHI,LG,91,2015
James Brown,CHI,LG,65,2015
Khaseem Greene,CHI,LOLB,69,2015
Shea McClellin,CHI,LOLB,67,2015
Jermon Bushrod,CHI,LT,77,2015
Eben Britton,CHI,LT,70,2015
Joe Long,CHI,LT,57,2015
D.J. Williams,CHI,MLB,78,2015
Jon Bostic,CHI,MLB,70,2015
Jerry Franklin,CHI,MLB,58,2015
Christian Jones,CHI,MLB,56,2015
Pat O'Donnell,CHI,P,54,2015
Jay Cutler,CHI,QB,86,2015
Jimmy Clausen,CHI,QB,67,2015
David Fales,CHI,QB,66,2015
Jordan Palmer,CHI,QB,66,2015
Jerrod Johnson,CHI,QB,64,2015
Jared Allen,CHI,RE,87,2015
Willie Young,CHI,RE,80,2015
Israel Idonije,CHI,RE,77,2015
David Bass,CHI,RE,65,2015
Kyle Long,CHI,RG,78,2015
Charles Leno Jr.,CHI,RG,66,2015
Lance Briggs,CHI,ROLB,87,2015
Jordan Senn,CHI,ROLB,72,2015
Jordan Mills,CHI,RT,74,2015
Cody Booth,CHI,RT,65,2015
Ryan Mundy,CHI,SS,79,2015
M.D. Jennings,CHI,SS,74,2015
Craig Steltz,CHI,SS,73,2015
Sean Cattouse,CHI,SS,62,2015
Martellus Bennett,CHI,TE,87,2015
Dante Rosario,CHI,TE,76,2015
Matthew Mulligan,CHI,TE,71,2015
Fendi Onobun,CHI,TE,65,2015
Brandon Hartson,CHI,TE,54,2015
Brandon Marshall,CHI,WR,96,2015
Alshon Jeffery,CHI,WR,91,2015
Josh Morgan,CHI,WR,76,2015
Eric Weems,CHI,WR,73,2015
Armanti Edwards,CHI,WR,72,2015
Micheal Spurlock,CHI,WR,71,2015
Marquess Wilson,CHI,WR,68,2015
Terrence Toliver,CHI,WR,63,2015
Josh Bellamy,CHI,WR,60,2015
Trevor Robinson,CIN,C,76,2015
Russell Bodine,CIN,C,66,2015
Leon Hall,CIN,CB,88,2015
Terence Newman,CIN,CB,83,2015
Adam Jones,CIN,CB,81,2015
Darqueze Dennard,CIN,CB,78,2015
Dre Kirkpatrick,CIN,CB,74,2015
Chris Lewis-Harris,CIN,CB,68,2015
R.J. Stanford,CIN,CB,67,2015
Lavelle Westbrooks,CIN,CB,64,2015
Onterio McCalebb,CIN,CB,62,2015
Victor Hampton,CIN,CB,60,2015
Geno Atkins,CIN,DT,96,2015
Domata Peko,CIN,DT,76,2015
Devon Still,CIN,DT,74,2015
Brandon Thompson,CIN,DT,68,2015
Christo Bilukidi,CIN,DT,67,2015
Zach Minter,CIN,DT,63,2015
Orson Charles,CIN,FB,79,2015
Nikita Whitlock,CIN,FB,56,2015
Reggie Nelson,CIN,FS,85,2015
Shawn Williams,CIN,FS,72,2015
Giovani Bernard,CIN,HB,84,2015
BenJarvus Green-Ellis,CIN,HB,78,2015
Jeremy Hill,CIN,HB,73,2015
Cedric Peerman,CIN,HB,70,2015
Rex Burkhead,CIN,HB,68,2015
James Wilder Jr.,CIN,HB,65,2015
Mike Nugent,CIN,K,75,2015
Carlos Dunlap,CIN,LE,90,2015
Margus Hunt,CIN,LE,69,2015
Sam Montgomery,CIN,LE,68,2015
Clint Boling,CIN,LG,79,2015
Mike Pollak,CIN,LG,79,2015
Jayson DiManche,CIN,LOLB,69,2015
Marquis Flowers,CIN,LOLB,61,2015
Andrew Whitworth,CIN,LT,87,2015
Marshall Newhouse,CIN,LT,68,2015
Rey Maualuga,CIN,MLB,76,2015
Vincent Rey,CIN,MLB,73,2015
J.K. Schaffer,CIN,MLB,59,2015
Kevin Huber,CIN,P,80,2015
Andy Dalton,CIN,QB,85,2015
Jason Campbell,CIN,QB,76,2015
A.J. McCarron,CIN,QB,72,2015
Matt Scott,CIN,QB,65,2015
Robert Geathers,CIN,RE,76,2015
Wallace Gilberry,CIN,RE,73,2015
Will Clarke,CIN,RE,68,2015
Kevin Zeitler,CIN,RG,83,2015
T.J. Johnson,CIN,RG,68,2015
Vontaze Burfict,CIN,ROLB,88,2015
Sean Porter,CIN,ROLB,70,2015
Emmanuel Lamur,CIN,ROLB,68,2015
Dontay Moch,CIN,ROLB,62,2015
Andre Smith,CIN,RT,88,2015
Tanner Hawkinson,CIN,RT,69,2015
Danieal Manning,CIN,SS,80,2015
George Iloka,CIN,SS,77,2015
Taylor Mays,CIN,SS,73,2015
Jermaine Gresham,CIN,TE,83,2015
Tyler Eifert,CIN,TE,82,2015
Alex Smith,CIN,TE,76,2015
Kevin Brock,CIN,TE,65,2015
Clark Harris,CIN,TE,63,2015
A.J. Green,CIN,WR,95,2015
Marvin Jones,CIN,WR,81,2015
Mohamed Sanu,CIN,WR,73,2015
Dane Sanzenbacher,CIN,WR,70,2015
Brandon Tate,CIN,WR,70,2015
Ryan Whalen,CIN,WR,68,2015
Cobi Hamilton,CIN,WR,67,2015
James Wright,CIN,WR,58,2015
Eric Wood,BUF,C,80,2015
Garrison Sanborn,BUF,C,57,2015
Stephon Gilmore,BUF,CB,85,2015
Corey Graham,BUF,CB,81,2015
Leodis McKelvin,BUF,CB,81,2015
Nickell Robey,BUF,CB,75,2015
Ron Brooks,BUF,CB,70,2015
Ross Cockrell,BUF,CB,70,2015
Mario Butler,BUF,CB,66,2015
Brandon Smith,BUF,CB,66,2015
Kyle Williams,BUF,DT,95,2015
Marcell Dareus,BUF,DT,91,2015
Corbin Bryant,BUF,DT,72,2015
Stefan Charles,BUF,DT,64,2015
Frank Summers,BUF,FB,70,2015
Evan Rodriguez,BUF,FB,65,2015
Da'Norris Searcy,BUF,FS,76,2015
Duke Williams,BUF,FS,71,2015
Fred Jackson,BUF,HB,85,2015
C.J. Spiller,BUF,HB,85,2015
Bryce Brown,BUF,HB,77,2015
Anthony Dixon,BUF,HB,73,2015
Ronnie Wingo,BUF,HB,63,2015
Dan Carpenter,BUF,K,87,2015
Dustin Hopkins,BUF,K,65,2015
Alan Branch,BUF,LE,78,2015
Jarius Wynn,BUF,LE,72,2015
Chris Williams,BUF,LG,77,2015
Doug Legursky,BUF,LG,74,2015
Mark Asper,BUF,LG,65,2015
Manny Lawson,BUF,LOLB,81,2015
Ty Powell,BUF,LOLB,67,2015
Randell Johnson,BUF,LOLB,60,2015
Cordy Glenn,BUF,LT,88,2015
Brandon Spikes,BUF,MLB,86,2015
Keith Rivers,BUF,MLB,79,2015
Preston Brown,BUF,MLB,67,2015
Brian Moorman,BUF,P,69,2015
E.J. Manuel,BUF,QB,78,2015
Thad Lewis,BUF,QB,72,2015
Dennis Dixon,BUF,QB,68,2015
Jeff Tuel,BUF,QB,64,2015
Mario Williams,BUF,RE,91,2015
Jerry Hughes,BUF,RE,83,2015
Kraig Urbik,BUF,RG,81,2015
Antoine McClain,BUF,RG,64,2015
Cyril Richardson,BUF,RG,64,2015
Kiko Alonso,BUF,ROLB,88,2015
Nigel Bradham,BUF,ROLB,77,2015
Chris Hairston,BUF,RT,81,2015
Cyrus Kouandjio,BUF,RT,75,2015
Erik Pears,BUF,RT,74,2015
Seantrel Henderson,BUF,RT,62,2015
Aaron Williams,BUF,SS,79,2015
Jonathan Meeks,BUF,SS,64,2015
Scott Chandler,BUF,TE,81,2015
Tony Moeaki,BUF,TE,77,2015
Lee Smith,BUF,TE,75,2015
Chris Gragg,BUF,TE,69,2015
Mike Caussin,BUF,TE,66,2015
Mike Williams,BUF,WR,83,2015
Sammy Watkins,BUF,WR,80,2015
Robert Woods,BUF,WR,75,2015
Marquise Goodwin,BUF,WR,73,2015
T.J. Graham,BUF,WR,73,2015
LARes Barden,BUF,WR,72,2015
Marcus Easley,BUF,WR,65,2015
Chris Hogan,BUF,WR,63,2015
Kevin Elliott,BUF,WR,60,2015
Will Montgomery,DEN,C,86,2015
Manny Ramirez,DEN,C,85,2015
Matt Paradis,DEN,C,62,2015
Aqib Talib,DEN,CB,90,2015
Chris Harris Jr.,DEN,CB,85,2015
Tony Carter,DEN,CB,73,2015
Bradley Roby,DEN,CB,73,2015
Kayvon Webster,DEN,CB,71,2015
Jerome Murphy,DEN,CB,70,2015
Terrance Knighton,DEN,DT,88,2015
Kevin Vickerson,DEN,DT,79,2015
Sylvester Williams,DEN,DT,74,2015
Mitch Unrein,DEN,DT,73,2015
Sione Fua,DEN,DT,72,2015
Marvin Austin,DEN,DT,66,2015
Virgil Green,DEN,FB,66,2015
Rahim Moore,DEN,FS,85,2015
Quinton Carter,DEN,FS,73,2015
Eric Hagg,DEN,FS,73,2015
Omar Bolden,DEN,FS,72,2015
John Boyett,DEN,FS,70,2015
Charles Mitchell,DEN,FS,69,2015
Montee Ball,DEN,HB,78,2015
Ronnie Hillman,DEN,HB,74,2015
C.J. Anderson,DEN,HB,71,2015
Kapri Bibbs,DEN,HB,66,2015
Matt Prater,DEN,K,95,2015
Malik Jackson,DEN,LE,76,2015
Derek Wolfe,DEN,LE,76,2015
Hall Davis,DEN,LE,68,2015
Orlando Franklin,DEN,LG,87,2015
Von Miller,DEN,LOLB,96,2015
Nate Irving,DEN,LOLB,76,2015
Brandon Marshall,DEN,LOLB,64,2015
Ryan Clady,DEN,LT,91,2015
Winston Justice,DEN,LT,67,2015
Vinston Painter,DEN,LT,63,2015
Jamar Chaney,DEN,MLB,72,2015
L.J. Fort,DEN,MLB,66,2015
Lamin Barrow,DEN,MLB,65,2015
Britton Colquitt,DEN,P,74,2015
Peyton Manning,DEN,QB,98,2015
Brock Osweiler,DEN,QB,73,2015
Zac Dysert,DEN,QB,71,2015
Bryn Renner,DEN,QB,65,2015
DeMarcus Ware,DEN,RE,90,2015
Quanterus Smith,DEN,RE,68,2015
Louis Vasquez,DEN,RG,93,2015
Ryan Miller,DEN,RG,63,2015
Danny Trevathan,DEN,ROLB,82,2015
Steven Johnson,DEN,ROLB,65,2015
Corey Nelson,DEN,ROLB,62,2015
Chris Clark,DEN,RT,84,2015
Michael Schofield,DEN,RT,68,2015
T.J. Ward,DEN,SS,91,2015
Duke Ihenacho,DEN,SS,75,2015
David Bruton,DEN,SS,73,2015
Julius Thomas,DEN,TE,87,2015
Jacob Tamme,DEN,TE,79,2015
Joel Dreessen,DEN,TE,78,2015
Cameron Morrah,DEN,TE,70,2015
Gerell Robinson,DEN,TE,65,2015
Aaron Brewer,DEN,TE,51,2015
Demaryius Thomas,DEN,WR,93,2015
Wes Welker,DEN,WR,89,2015
Emmanuel Sanders,DEN,WR,83,2015
Andre Caldwell,DEN,WR,75,2015
Cody Latimer,DEN,WR,72,2015
Jordan Norwood,DEN,WR,66,2015
Nathan Palmer,DEN,WR,63,2015
Alex Mack,CLE,C,92,2015
Christian Yount,CLE,C,63,2015
Joe Haden,CLE,CB,95,2015
Justin Gilbert,CLE,CB,77,2015
Buster Skrine,CLE,CB,75,2015
Aaron Berry,CLE,CB,70,2015
Leon McFadden,CLE,CB,70,2015
Isaiah Trufant,CLE,CB,69,2015
Pierre Desir,CLE,CB,67,2015
T.J. Heath,CLE,CB,60,2015
Phil Taylor,CLE,DT,83,2015
Ishmaa'ily Kitchen,CLE,DT,68,2015
Chris Ogbonnaya,CLE,FB,81,2015
Tashaun Gipson,CLE,FS,77,2015
Johnson Bademosi,CLE,FS,71,2015
Ben Tate,CLE,HB,83,2015
Dion Lewis,CLE,HB,71,2015
Terrance West,CLE,HB,69,2015
Edwin Baker,CLE,HB,67,2015
Isaiah Crowell,CLE,HB,67,2015
Billy Cundiff,CLE,K,79,2015
Ahtyba Rubin,CLE,LE,82,2015
Billy Winn,CLE,LE,79,2015
Armonty Bryant,CLE,LE,67,2015
John Greco,CLE,LG,79,2015
Paul McQuistan,CLE,LG,74,2015
Garrett Gilkey,CLE,LG,65,2015
Paul Kruger,CLE,LOLB,85,2015
Eric Martin,CLE,LOLB,67,2015
Brandon Magee,CLE,LOLB,63,2015
Joe Thomas,CLE,LT,98,2015
Reid Fragel,CLE,LT,66,2015
Chris Faulk,CLE,LT,61,2015
Karlos Dansby,CLE,MLB,88,2015
Craig Robertson,CLE,MLB,73,2015
Zac Diles,CLE,MLB,68,2015
Tank Carder,CLE,MLB,66,2015
Chris Kirksey,CLE,MLB,64,2015
Darius Eubanks,CLE,MLB,59,2015
Spencer Lanning,CLE,P,62,2015
Brian Hoyer,CLE,QB,79,2015
Johnny Manziel,CLE,QB,77,2015
Tyler Thigpen,CLE,QB,69,2015
Connor Shaw,CLE,QB,66,2015
Desmond Bryant,CLE,RE,81,2015
John Hughes,CLE,RE,77,2015
Joel Bitonio,CLE,RG,76,2015
Jason Pinkston,CLE,RG,76,2015
Jabaal Sheard,CLE,ROLB,83,2015
Barkevious Mingo,CLE,ROLB,76,2015
Mitchell Schwartz,CLE,RT,78,2015
Martin Wallace,CLE,RT,63,2015
Keavon Milton,CLE,RT,60,2015
Donte Whitner,CLE,SS,89,2015
Jordan Poyer,CLE,SS,69,2015
Josh Aubrey,CLE,SS,68,2015
Jordan Cameron,CLE,TE,88,2015
Gary Barnidge,CLE,TE,75,2015
Jim Dray,CLE,TE,71,2015
MarQueis Gray,CLE,TE,64,2015
Josh Gordon,CLE,WR,93,2015
Miles Austin,CLE,WR,77,2015
Nate Burleson,CLE,WR,77,2015
Andrew Hawkins,CLE,WR,77,2015
Travis Benjamin,CLE,WR,69,2015
Anthony Armstrong,CLE,WR,68,2015
Charles Johnson,CLE,WR,65,2015
Conner Vernon,CLE,WR,64,2015
Evan Dietrich-Smith,TB,C,82,2015
Alterraun Verner,TB,CB,87,2015
Mike Jenkins,TB,CB,77,2015
Johnthan Banks,TB,CB,75,2015
D.J. Moore,TB,CB,74,2015
Leonard Johnson,TB,CB,73,2015
Danny Gorrer,TB,CB,67,2015
Quinton Pointer,TB,CB,67,2015
Deveron Carr,TB,CB,64,2015
Rashaan Melvin,TB,CB,63,2015
Gerald McCoy,TB,DT,95,2015
Clinton McDonald,TB,DT,77,2015
Akeem Spence,TB,DT,71,2015
Everett Dawkins,TB,DT,67,2015
Matthew Masifilo,TB,DT,63,2015
Lonnie Pryor,TB,FB,76,2015
Jorvorskie Lane,TB,FB,73,2015
Dashon Goldson,TB,FS,81,2015
Kelcie McCray,TB,FS,69,2015
Bradley McDougald,TB,FS,64,2015
Doug Martin,TB,HB,89,2015
Mike James,TB,HB,75,2015
Bobby Rainey,TB,HB,73,2015
Charles Sims,TB,HB,70,2015
Jeff Demps,TB,HB,63,2015
Connor Barth,TB,K,83,2015
Da'Quan Bowers,TB,LE,70,2015
William Gholston,TB,LE,70,2015
Carl Nicks,TB,LG,93,2015
Kadeem Edwards,TB,LG,66,2015
Jonathan Casillas,TB,LOLB,75,2015
Ka'Lial Glaud,TB,LOLB,61,2015
Anthony Collins,TB,LT,84,2015
Oniel Cousins,TB,LT,67,2015
Mason Foster,TB,MLB,75,2015
Dane Fletcher,TB,MLB,74,2015
Danny Lansanah,TB,MLB,64,2015
Michael Koenen,TB,P,78,2015
Josh McCown,TB,QB,83,2015
Mike Glennon,TB,QB,79,2015
Mike Kafka,TB,QB,71,2015
Alex Tanney,TB,QB,65,2015
Michael Johnson,TB,RE,91,2015
Adrian Clayborn,TB,RE,76,2015
Steven Means,TB,RE,68,2015
Scott Solomon,TB,RE,67,2015
Jamon Meredith,TB,RG,71,2015
Patrick Omameh,TB,RG,68,2015
Lavonte David,TB,ROLB,93,2015
Demar Dotson,TB,RT,85,2015
Kevin Pamphile,TB,RT,66,2015
Mark Barron,TB,SS,82,2015
Major Wright,TB,SS,78,2015
Keith Tandy,TB,SS,70,2015
Brandon Myers,TB,TE,77,2015
Austin Seferian-Jenkins,TB,TE,75,2015
Luke Stocker,TB,TE,75,2015
Tim Wright,TB,TE,74,2015
Jeremy Cain,TB,TE,46,2015
Vincent Jackson,TB,WR,92,2015
Mike Evans,TB,WR,78,2015
Louis Murphy Jr.,TB,WR,74,2015
Lavelle Hawkins,TB,WR,72,2015
Robert Herron,TB,WR,68,2015
Russell Shepard,TB,WR,68,2015
Eric Page,TB,WR,66,2015
Tommy Streeter,TB,WR,63,2015
Chris Owusu,TB,WR,62,2015
Skye Dawson,TB,WR,61,2015
Lyle Sendlein,ARI,C,81,2015
Ted Larsen,ARI,C,74,2015
Philip Blake,ARI,C,68,2015
John Estes,ARI,C,66,2015
Patrick Peterson,ARI,CB,93,2015
Antonio Cromartie,ARI,CB,87,2015
Jerraud Powers,ARI,CB,80,2015
Justin Bethel,ARI,CB,71,2015
Bryan McCann,ARI,CB,66,2015
Jimmy Legree,ARI,CB,63,2015
Brandon Sermons,ARI,CB,63,2015
Dan Williams,ARI,DT,83,2015
Alameda Ta'amu,ARI,DT,72,2015
Robert Hughes,ARI,FB,70,2015
Tyrann Mathieu,ARI,FS,84,2015
Rashad Johnson,ARI,FS,80,2015
Andre Ellington,ARI,HB,80,2015
Jonathan Dwyer,ARI,HB,76,2015
Stepfan Taylor,ARI,HB,70,2015
Jay Feely,ARI,K,86,2015
Calais Campbell,ARI,LE,96,2015
Kareem Martin,ARI,LE,70,2015
Adrian Tracy,ARI,LE,68,2015
Jonathan Cooper,ARI,LG,83,2015
Matt Shaughnessy,ARI,LOLB,78,2015
Sam Acho,ARI,LOLB,73,2015
Alex Okafor,ARI,LOLB,68,2015
Marcus Benard,ARI,LOLB,66,2015
Jared Veldheer,ARI,LT,88,2015
Bradley Sowell,ARI,LT,64,2015
Daryl Washington,ARI,MLB,89,2015
Lorenzo Alexander,ARI,MLB,75,2015
Larry Foote,ARI,MLB,75,2015
Kevin Minter,ARI,MLB,73,2015
Ernie Sims,ARI,MLB,68,2015
Dave Zastudil,ARI,P,84,2015
Carson Palmer,ARI,QB,83,2015
Drew Stanton,ARI,QB,73,2015
Ryan Lindley,ARI,QB,64,2015
Logan Thomas,ARI,QB,62,2015
Darnell Dockett,ARI,RE,85,2015
Frostee Rucker,ARI,RE,76,2015
Ed Stinson,ARI,RE,64,2015
Paul Fanaika,ARI,RG,73,2015
Earl Watford,ARI,RG,73,2015
Anthony Steen,ARI,RG,63,2015
John Abraham,ARI,ROLB,85,2015
Keenan Clayton,ARI,ROLB,69,2015
Bobby Massie,ARI,RT,75,2015
Nate Potter,ARI,RT,70,2015
Deone Bucannon,ARI,SS,75,2015
Tony Jefferson,ARI,SS,69,2015
Curtis Taylor,ARI,SS,66,2015
John Carlson,ARI,TE,83,2015
Rob Housler,ARI,TE,76,2015
Troy Niklas,ARI,TE,74,2015
Jake Ballard,ARI,TE,72,2015
Mike Leach,ARI,TE,71,2015
Larry Fitzgerald,ARI,WR,93,2015
Michael Floyd,ARI,WR,83,2015
Ted Ginn,ARI,WR,79,2015
Jaron Brown,ARI,WR,66,2015
John Brown,ARI,WR,65,2015
Brittan Golden,ARI,WR,65,2015
Walt Powell,ARI,WR,62,2015
Teddy Williams,ARI,WR,57,2015
Nick Hardwick,LAC,C,84,2015
Nick McDonald,LAC,C,65,2015
Jason Verrett,LAC,CB,77,2015
Shareece Wright,LAC,CB,77,2015
Steve Williams,LAC,CB,74,2015
Richard Marshall,LAC,CB,73,2015
Brandon Ghee,LAC,CB,71,2015
Crezdon Butler,LAC,CB,69,2015
Marcus Cromartie,LAC,CB,61,2015
Sean Lissemore,LAC,DT,77,2015
Ryan Carrethers,LAC,DT,68,2015
Kwame Geathers,LAC,DT,68,2015
David Johnson,LAC,FB,74,2015
Eric Weddle,LAC,FS,94,2015
Darrell Stuckey,LAC,FS,76,2015
Jahleel Addae,LAC,FS,73,2015
Danny Woodhead,LAC,HB,85,2015
Ryan Mathews,LAC,HB,84,2015
Donald Brown,LAC,HB,80,2015
Marion Grice,LAC,HB,70,2015
Kerwynn Williams,LAC,HB,64,2015
Nick Novak,LAC,K,83,2015
Kendall Reyes,LAC,LE,79,2015
Lawrence Guy,LAC,LE,70,2015
Chad Rinehart,LAC,LG,81,2015
Johnnie Troutman,LAC,LG,70,2015
Jarret Johnson,LAC,LOLB,81,2015
Melvin Ingram,LAC,LOLB,78,2015
Thomas Keiser,LAC,LOLB,65,2015
King Dunlap,LAC,LT,82,2015
Kenny Wiggins,LAC,LT,61,2015
Donald Butler,LAC,MLB,83,2015
Kavell Conner,LAC,MLB,72,2015
Manti Te'o,LAC,MLB,72,2015
Andrew Gachkar,LAC,MLB,70,2015
Jonas Mouton,LAC,MLB,69,2015
Reggie Walker,LAC,MLB,69,2015
Mike Scifres,LAC,P,84,2015
Philip Rivers,LAC,QB,92,2015
Kellen Clemens,LAC,QB,76,2015
Brad Sorensen,LAC,QB,63,2015
Corey Liuget,LAC,RE,83,2015
Damik Scafe,LAC,RE,64,2015
Jeromey Clary,LAC,RG,73,2015
Chris Watt,LAC,RG,71,2015
Rich Ohrnberger,LAC,RG,70,2015
Dwight Freeney,LAC,ROLB,87,2015
Larry English,LAC,ROLB,78,2015
Jerry Attaochu,LAC,ROLB,69,2015
Tourek Williams,LAC,ROLB,65,2015
D.J. Fluker,LAC,RT,82,2015
Mike Harris,LAC,RT,68,2015
Willie Smith,LAC,RT,68,2015
Nick Becton,LAC,RT,61,2015
Marcus Gilchrist,LAC,SS,77,2015
Brandon Taylor,LAC,SS,70,2015
Antonio Gates,LAC,TE,86,2015
Ladarius Green,LAC,TE,79,2015
John Phillips,LAC,TE,75,2015
Jake Byrne,LAC,TE,68,2015
Mike Windt,LAC,TE,52,2015
Keenan Allen,LAC,WR,87,2015
Malcom Floyd,LAC,WR,79,2015
Eddie Royal,LAC,WR,79,2015
Vincent Brown,LAC,WR,73,2015
Seyi Ajirotutu,LAC,WR,68,2015
Tevin Reese,LAC,WR,61,2015
Rodney Hudson,KC,C,79,2015
Eric Kush,KC,C,65,2015
Sean Smith,KC,CB,85,2015
Chris Owens,KC,CB,76,2015
Marcus Cooper,KC,CB,75,2015
Phillip Gaines,KC,CB,71,2015
Sanders Commings,KC,CB,70,2015
Ron Parker,KC,CB,68,2015
DeMarcus Van Dyke,KC,CB,68,2015
Kevin Rutland,KC,CB,67,2015
Dontari Poe,KC,DT,91,2015
Kyle Love,KC,DT,72,2015
Jermelle Cudjo,KC,DT,69,2015
Jaye Howard,KC,DT,68,2015
Anthony Sherman,KC,FB,90,2015
Eric Kettani,KC,FB,70,2015
Husain Abdullah,KC,FS,79,2015
Malcolm Bronson,KC,FS,70,2015
Jerron McMillian,KC,FS,69,2015
Jamaal Charles,KC,HB,97,2015
Knile Davis,KC,HB,75,2015
Joe McKnight,KC,HB,69,2015
Cyrus Gray,KC,HB,68,2015
De'Anthony Thomas,KC,HB,65,2015
Ryan Succop,KC,K,75,2015
Allen Bailey,KC,LE,80,2015
Vance Walker,KC,LE,79,2015
Jeff Allen,KC,LG,77,2015
Rishaw Johnson,KC,LG,70,2015
Zach Fulton,KC,LG,68,2015
Justin Houston,KC,LOLB,93,2015
Frank Zombo,KC,LOLB,72,2015
Josh Martin,KC,LOLB,64,2015
Eric Fisher,KC,LT,74,2015
J'Marcus Webb,KC,LT,71,2015
Derrick Johnson,KC,MLB,91,2015
Joe Mays,KC,MLB,79,2015
Nico Johnson,KC,MLB,70,2015
James-Michael Johnson,KC,MLB,67,2015
Dustin Colquitt,KC,P,86,2015
Alex Smith,KC,QB,89,2015
Chase Daniel,KC,QB,76,2015
Aaron Murray,KC,QB,69,2015
Tyler Bray,KC,QB,64,2015
Mike Devito,KC,RE,87,2015
Mike Catapano,KC,RE,68,2015
Chas Alecxih,KC,RE,57,2015
Jeff Linkenbach,KC,RG,72,2015
Rokevious Watkins,KC,RG,66,2015
Tamba Hali,KC,ROLB,92,2015
Dee Ford,KC,ROLB,73,2015
Dezman Moses,KC,ROLB,68,2015
Donald Stephenson,KC,RT,77,2015
Laurent Duvernay-Tardif,KC,RT,66,2015
Eric Berry,KC,SS,90,2015
Daniel Sorensen,KC,SS,63,2015
Anthony Fasano,KC,TE,82,2015
Travis Kelce,KC,TE,74,2015
Sean McGrath,KC,TE,73,2015
Richard Gordon,KC,TE,72,2015
Thomas Gafford,KC,TE,69,2015
Dwayne Bowe,KC,WR,87,2015
Donnie Avery,KC,WR,78,2015
Kyle Williams,KC,WR,71,2015
A.J. Jenkins,KC,WR,69,2015
Weston Dressler,KC,WR,66,2015
Junior Hemingway,KC,WR,66,2015
Jerrell Jackson,KC,WR,55,2015
Khaled Holmes,IND,C,71,2015
Vontae Davis,IND,CB,92,2015
Darius Butler,IND,CB,77,2015
Greg Toler,IND,CB,76,2015
Josh Gordy,IND,CB,72,2015
Brandon Burton,IND,CB,69,2015
Johnny Adams,IND,CB,63,2015
Marcus Burley,IND,CB,63,2015
Sheldon Price,IND,CB,61,2015
Loucheiz Purifoy,IND,CB,59,2015
Josh Chapman,IND,DT,68,2015
Montori Hughes,IND,DT,68,2015
Stanley Havili,IND,FB,80,2015
LaRon Landry,IND,FS,82,2015
Delano Howell,IND,FS,66,2015
David Sims,IND,FS,63,2015
Ahmad Bradshaw,IND,HB,82,2015
Trent Richardson,IND,HB,80,2015
Vick Ballard,IND,HB,75,2015
Daniel Herron,IND,HB,69,2015
Chris Rainey,IND,HB,62,2015
Adam Vinatieri,IND,K,88,2015
Arthur Jones,IND,LE,84,2015
Cory Redding,IND,LE,84,2015
Cam Johnson,IND,LE,71,2015
Donald Thomas,IND,LG,81,2015
Joe Reitz,IND,LG,75,2015
Jack Mewhort,IND,LG,72,2015
Erik Walden,IND,LOLB,76,2015
Andy Studebaker,IND,LOLB,73,2015
Justin Hickman,IND,LOLB,70,2015
Jonathan Newsome,IND,LOLB,64,2015
Anthony Castonzo,IND,LT,83,2015
D'Qwell Jackson,IND,MLB,83,2015
Jerrell Freeman,IND,MLB,78,2015
Kelvin Sheppard,IND,MLB,71,2015
Andrew Jackson,IND,MLB,65,2015
Josh McNary,IND,MLB,64,2015
Mario Harvey,IND,MLB,63,2015
Pat McAfee,IND,P,83,2015
Andrew Luck,IND,QB,88,2015
Matt Hasselbeck,IND,QB,79,2015
Chandler Harnish,IND,QB,66,2015
Ricky Jean Francois,IND,RE,78,2015
Fili Moala,IND,RE,75,2015
Jeris Pendleton,IND,RE,62,2015
Hugh Thornton,IND,RG,76,2015
Lance Louis,IND,RG,74,2015
Robert Mathis,IND,ROLB,93,2015
Bjoern Werner,IND,ROLB,73,2015
Aaron Morgan,IND,ROLB,65,2015
Daniel Adongo,IND,ROLB,55,2015
Gosder Cherilus,IND,RT,85,2015
Xavier Nixon,IND,RT,68,2015
Ulrick John,IND,RT,66,2015
Sergio Brown,IND,SS,72,2015
Corey Lynch,IND,SS,72,2015
Colt Anderson,IND,SS,70,2015
Dwayne Allen,IND,TE,84,2015
Coby Fleener,IND,TE,80,2015
Weslye Saunders,IND,TE,70,2015
Jack Doyle,IND,TE,67,2015
Erik Swoope,IND,TE,60,2015
Matt Overton,IND,TE,50,2015
Reggie Wayne,IND,WR,87,2015
T.Y. Hilton,IND,WR,85,2015
Hakeem Nicks,IND,WR,84,2015
Griff Whalen,IND,WR,74,2015
LaVon Brazill,IND,WR,72,2015
Da'Rick Rogers,IND,WR,71,2015
Donte Moncrief,IND,WR,68,2015
Josh Lenz,IND,WR,57,2015
Travis Frederick,DAL,C,82,2015
Ronald Patrick,DAL,C,60,2015
Brandon Carr,DAL,CB,86,2015
Orlando Scandrick,DAL,CB,79,2015
Morris Claiborne,DAL,CB,77,2015
Sterling Moore,DAL,CB,71,2015
B.W. Webb,DAL,CB,67,2015
Terrance Mitchell,DAL,CB,64,2015
Henry Melton,DAL,DT,88,2015
Nick Hayden,DAL,DT,73,2015
Amobi Okoye,DAL,DT,72,2015
Terrell McClain,DAL,DT,71,2015
Ben Bass,DAL,DT,66,2015
Ken Bishop,DAL,DT,62,2015
Tyler Clutts,DAL,FB,74,2015
Barry Church,DAL,FS,83,2015
Matt Johnson,DAL,FS,71,2015
Jakar Hamilton,DAL,FS,65,2015
DeMarco Murray,DAL,HB,89,2015
Lance Dunbar,DAL,HB,74,2015
Ryan Williams,DAL,HB,72,2015
Joseph Randle,DAL,HB,69,2015
Dan Bailey,DAL,K,87,2015
George Selvie,DAL,LE,77,2015
Tyrone Crawford,DAL,LE,74,2015
Caesar Rayford,DAL,LE,71,2015
Ben Gardner,DAL,LE,68,2015
Mackenzy Bernadeau,DAL,LG,78,2015
Ronald Leary,DAL,LG,73,2015
Bruce Carter,DAL,LOLB,79,2015
DeVonte Holloman,DAL,LOLB,66,2015
Cameron Lawrence,DAL,LOLB,63,2015
Tyron Smith,DAL,LT,92,2015
Darrion Weems,DAL,LT,66,2015
Sean Lee,DAL,MLB,89,2015
Justin Durant,DAL,MLB,77,2015
Orie Lemon,DAL,MLB,65,2015
Anthony Hitchens,DAL,MLB,64,2015
Chris Jones,DAL,P,68,2015
Tony Romo,DAL,QB,91,2015
Kyle Orton,DAL,QB,74,2015
Brandon Weeden,DAL,QB,74,2015
Caleb Hanie,DAL,QB,69,2015
Anthony Spencer,DAL,RE,85,2015
Demarcus Lawrence,DAL,RE,73,2015
Jeremy Mincey,DAL,RE,73,2015
Martez Wilson,DAL,RE,71,2015
Zack Martin,DAL,RG,78,2015
Tyronne Green,DAL,RG,73,2015
Kyle Wilber,DAL,ROLB,72,2015
Will Smith,DAL,ROLB,66,2015
Doug Free,DAL,RT,82,2015
Jermey Parnell,DAL,RT,75,2015
J.J. Wilcox,DAL,SS,75,2015
Jeff Heath,DAL,SS,71,2015
Ahmad Dixon,DAL,SS,68,2015
Jason Witten,DAL,TE,93,2015
Gavin Escobar,DAL,TE,73,2015
James Hanna,DAL,TE,71,2015
L.P. Ladouceur,DAL,TE,56,2015
Dez Bryant,DAL,WR,94,2015
Terrance Williams,DAL,WR,75,2015
Dwayne Harris,DAL,WR,73,2015
Cole Beasley,DAL,WR,72,2015
LaRon Byrd,DAL,WR,64,2015
Devin Street,DAL,WR,64,2015
Tim Benford,DAL,WR,63,2015
Jamar Newsome,DAL,WR,62,2015
Chris Boyd,DAL,WR,60,2015
Mike Pouncey,MIA,C,87,2015
Sam Brenner,MIA,C,69,2015
Brent Grimes,MIA,CB,91,2015
Cortland Finnegan,MIA,CB,82,2015
Will Davis,MIA,CB,70,2015
Anthony Gaitor,MIA,CB,69,2015
Jamar Taylor,MIA,CB,69,2015
Jalil Brown,MIA,CB,68,2015
Walt Aikens,MIA,CB,66,2015
Randy Starks,MIA,DT,89,2015
Jared Odrick,MIA,DT,80,2015
Earl Mitchell,MIA,DT,79,2015
Anthony Johnson,MIA,DT,64,2015
Isaako Aaitui,MIA,DT,63,2015
A.J. Francis,MIA,DT,60,2015
Kyle Miller,MIA,FB,64,2015
Louis Delmas,MIA,FS,84,2015
Jimmy Wilson,MIA,FS,72,2015
Don Jones,MIA,FS,65,2015
Knowshon Moreno,MIA,HB,87,2015
Lamar Miller,MIA,HB,77,2015
Daniel Thomas,MIA,HB,76,2015
Marcus Thigpen,MIA,HB,70,2015
Mike Gillislee,MIA,HB,68,2015
Caleb Sturgis,MIA,K,66,2015
Cameron Wake,MIA,LE,96,2015
Derrick Shelby,MIA,LE,69,2015
Terrence Fede,MIA,LE,65,2015
Shelley Smith,MIA,LG,79,2015
Nate Garner,MIA,LG,73,2015
Koa Misi,MIA,LOLB,82,2015
Jonathan Freeny,MIA,LOLB,63,2015
Branden Albert,MIA,LT,88,2015
Billy Turner,MIA,LT,67,2015
Dannell Ellerbe,MIA,MLB,77,2015
Jason Trusnik,MIA,MLB,71,2015
Brandon Fields,MIA,P,96,2015
Ryan Tannehill,MIA,QB,84,2015
Matt Moore,MIA,QB,74,2015
Pat Devlin,MIA,QB,65,2015
Olivier Vernon,MIA,RE,80,2015
Dion Jordan,MIA,RE,75,2015
Dallas Thomas,MIA,RG,70,2015
David Arkin,MIA,RG,66,2015
Philip Wheeler,MIA,ROLB,78,2015
Jelani Jenkins,MIA,ROLB,72,2015
Jordan Tripp,MIA,ROLB,66,2015
Ja'Wuan James,MIA,RT,74,2015
Jason Fox,MIA,RT,73,2015
Reshad Jones,MIA,SS,89,2015
Jordan Kovacs,MIA,SS,70,2015
Michael Thomas,MIA,SS,67,2015
Charles Clay,MIA,TE,84,2015
Dion Sims,MIA,TE,74,2015
Michael Egnew,MIA,TE,69,2015
Arthur Lynch,MIA,TE,69,2015
John Denney,MIA,TE,56,2015
Mike Wallace,MIA,WR,87,2015
Brian Hartline,MIA,WR,84,2015
Brandon Gibson,MIA,WR,79,2015
Rishard Matthews,MIA,WR,75,2015
Damian Williams,MIA,WR,72,2015
Jarvis Landry,MIA,WR,69,2015
Armon Binns,MIA,WR,67,2015
Kevin Cone,MIA,WR,65,2015
Matt Hazel,MIA,WR,65,2015
Stephen Williams,MIA,WR,65,2015
Ryan Spadola,MIA,WR,64,2015
Jason Kelce,PHI,C,87,2015
David Molk,PHI,C,68,2015
Julian Vandervelde,PHI,C,65,2015
Cary Williams,PHI,CB,82,2015
Brandon Boykin,PHI,CB,80,2015
Bradley Fletcher,PHI,CB,80,2015
Nolan Carroll II,PHI,CB,77,2015
Roc Carmichael,PHI,CB,70,2015
Curtis Marsh,PHI,CB,69,2015
Jaylen Watkins,PHI,CB,68,2015
Bennie Logan,PHI,DT,76,2015
Damion Square,PHI,DT,69,2015
Beau Allen,PHI,DT,66,2015
James Casey,PHI,FB,80,2015
Malcolm Jenkins,PHI,FS,77,2015
Chris Maragos,PHI,FS,71,2015
Ed Reynolds,PHI,FS,70,2015
LeSean McCoy,PHI,HB,97,2015
Darren Sproles,PHI,HB,87,2015
Chris Polk,PHI,HB,73,2015
Matthew Tucker,PHI,HB,67,2015
David Fluellen,PHI,HB,65,2015
Alex Henery,PHI,K,71,2015
Cedric Thornton,PHI,LE,80,2015
Brandon Bair,PHI,LE,68,2015
Evan Mathis,PHI,LG,97,2015
Allen Barbre,PHI,LG,76,2015
Connor Barwin,PHI,LOLB,83,2015
Brandon Graham,PHI,LOLB,77,2015
Bryan Braman,PHI,LOLB,71,2015
Joe Kruger,PHI,LOLB,66,2015
Josh Kaddu,PHI,LOLB,63,2015
Jason Peters,PHI,LT,93,2015
Andrew Gardner,PHI,LT,64,2015
Matt Tobin,PHI,LT,63,2015
DeMeco Ryans,PHI,MLB,78,2015
Mychal Kendricks,PHI,MLB,76,2015
Jason Phillips,PHI,MLB,70,2015
Najee Goode,PHI,MLB,63,2015
Casey Matthews,PHI,MLB,63,2015
Jake Knott,PHI,MLB,60,2015
Donnie Jones,PHI,P,87,2015
Nick Foles,PHI,QB,88,2015
Mark Sanchez,PHI,QB,74,2015
Matt Barkley,PHI,QB,71,2015
G.J. Kinne,PHI,QB,63,2015
Fletcher Cox,PHI,RE,84,2015
Vinny Curry,PHI,RE,77,2015
Taylor Hart,PHI,RE,69,2015
Todd Herremans,PHI,RG,83,2015
Trent Cole,PHI,ROLB,89,2015
Marcus Smith II,PHI,ROLB,74,2015
Lane Johnson,PHI,RT,81,2015
Dennis Kelly,PHI,RT,70,2015
Earl Wolff,PHI,SS,76,2015
Nate Allen,PHI,SS,73,2015
Keelan Johnson,PHI,SS,61,2015
Brent Celek,PHI,TE,85,2015
Zach Ertz,PHI,TE,79,2015
Emil Igwenagu,PHI,TE,64,2015
Jon Dorenbos,PHI,TE,48,2015
Jeremy Maclin,PHI,WR,83,2015
Riley Cooper,PHI,WR,81,2015
Arrelious Benn,PHI,WR,73,2015
Jordan Matthews,PHI,WR,73,2015
Brad Smith,PHI,WR,72,2015
Damaris Johnson,PHI,WR,67,2015
Josh Huff,PHI,WR,65,2015
B.J. Cunningham,PHI,WR,64,2015
Jeff Maehl,PHI,WR,64,2015
Joe Hawley,ATL,C,73,2015
Peter Konz,ATL,C,70,2015
Desmond Trufant,ATL,CB,82,2015
Josh Wilson,ATL,CB,79,2015
Javier Arenas,ATL,CB,76,2015
Robert McClain,ATL,CB,74,2015
Robert Alford,ATL,CB,73,2015
Ricardo Allen,ATL,CB,68,2015
Paul Soliai,ATL,DT,87,2015
Ra'Shede Hageman,ATL,DT,73,2015
Travian Robertson,ATL,DT,66,2015
Patrick DiMarco,ATL,FB,76,2015
Dwight Lowery,ATL,FS,76,2015
Zeke Motta,ATL,FS,73,2015
Kemal Ishmael,ATL,FS,72,2015
Dezmen Southward,ATL,FS,67,2015
Steven Jackson,ATL,HB,83,2015
Jacquizz Rodgers,ATL,HB,80,2015
Antone Smith,ATL,HB,73,2015
Devonta Freeman,ATL,HB,72,2015
Josh Vaughan,ATL,HB,64,2015
Matt Bryant,ATL,K,85,2015
Tyson Jackson,ATL,LE,84,2015
Malliciah Goodman,ATL,LE,70,2015
Cliff Matthews,ATL,LE,68,2015
Justin Blalock,ATL,LG,82,2015
Gabe Carimi,ATL,LG,73,2015
Kroy Biermann,ATL,LOLB,77,2015
Stansly Maponga,ATL,LOLB,67,2015
Sam Baker,ATL,LT,76,2015
Ryan Schraeder,ATL,LT,63,2015
Sean Weatherspoon,ATL,MLB,76,2015
Akeem Dent,ATL,MLB,75,2015
Paul Worrilow,ATL,MLB,75,2015
Joplo Bartu,ATL,MLB,67,2015
Marquis Spruill,ATL,MLB,64,2015
Prince Shembo,ATL,MLB,63,2015
Yawin Smallwood,ATL,MLB,63,2015
Matt Bosher,ATL,P,90,2015
Matt Ryan,ATL,QB,87,2015
Dominique Davis,ATL,QB,71,2015
Sean Renfree,ATL,QB,70,2015
Jonathan Babineaux,ATL,RE,79,2015
Corey Peters,ATL,RE,76,2015
Peria Jerry,ATL,RE,73,2015
Jon Asamoah,ATL,RG,85,2015
Harland Gunn,ATL,RG,67,2015
Osi Umenyiora,ATL,ROLB,79,2015
Jonathan Massaquoi,ATL,ROLB,70,2015
Tyler Starr,ATL,ROLB,64,2015
Jake Matthews,ATL,RT,81,2015
Lamar Holmes,ATL,RT,69,2015
Mike Johnson,ATL,RT,68,2015
Terren Jones,ATL,RT,60,2015
William Moore,ATL,SS,83,2015
Bear Pascoe,ATL,TE,72,2015
Levine Toilolo,ATL,TE,70,2015
Mickey Shuler,ATL,TE,62,2015
Josh Harris,ATL,TE,60,2015
Julio Jones,ATL,WR,92,2015
Roddy White,ATL,WR,89,2015
Harry Douglas,ATL,WR,81,2015
Devin Hester,ATL,WR,73,2015
Drew Davis,ATL,WR,71,2015
Darius Johnson,ATL,WR,65,2015
Daniel Kilgore,SF,C,75,2015
Marcus Martin,SF,C,71,2015
Tramaine Brock,SF,CB,82,2015
Chris Cook,SF,CB,79,2015
Chris Culliver,SF,CB,78,2015
Perrish Cox,SF,CB,71,2015
Darryl Morris,SF,CB,67,2015
Keith Reaser,SF,CB,66,2015
Kenneth Acker,SF,CB,64,2015
Glenn Dorsey,SF,DT,79,2015
Ian Williams,SF,DT,74,2015
Quinton Dial,SF,DT,64,2015
Bruce Miller,SF,FB,87,2015
Will Tukuafu,SF,FB,68,2015
Trey Millard,SF,FB,65,2015
Eric Reid,SF,FS,81,2015
C.J. Spillman,SF,FS,72,2015
Dontae Johnson,SF,FS,69,2015
Frank Gore,SF,HB,90,2015
Kendall Hunter,SF,HB,78,2015
Carlos Hyde,SF,HB,74,2015
Marcus Lattimore,SF,HB,70,2015
LaMichael James,SF,HB,69,2015
Jewel Hampton,SF,HB,65,2015
Phil Dawson,SF,K,90,2015
Ray McDonald,SF,LE,87,2015
Tony Jerod-Eddie,SF,LE,74,2015
Kaleb LARey,SF,LE,64,2015
Mike Iupati,SF,LG,90,2015
Brandon Thomas,SF,LG,73,2015
Joe Looney,SF,LG,65,2015
Ahmad Brooks,SF,LOLB,84,2015
Corey Lemonier,SF,LOLB,71,2015
Aaron Lynch,SF,LOLB,61,2015
Joe Staley,SF,LT,94,2015
Jonathan Martin,SF,LT,70,2015
NaVorro Bowman,SF,MLB,96,2015
Patrick Willis,SF,MLB,96,2015
Chris Borland,SF,MLB,73,2015
Michael Wilhoite,SF,MLB,70,2015
Nick Moody,SF,MLB,61,2015
Andy Lee,SF,P,95,2015
Colin Kaepernick,SF,QB,89,2015
Blaine Gabbert,SF,QB,72,2015
Josh Johnson,SF,QB,71,2015
McLeod Bethel-Thompson,SF,QB,64,2015
Justin Smith,SF,RE,92,2015
Tank Carradine,SF,RE,73,2015
Demarcus Dobbs,SF,RE,64,2015
Alex Boone,SF,RG,83,2015
Adam Snyder,SF,RG,74,2015
Ryan Seymour,SF,RG,69,2015
Aldon Smith,SF,ROLB,96,2015
Dan Skuta,SF,ROLB,75,2015
Anthony Davis,SF,RT,88,2015
Al Netter,SF,RT,71,2015
Antoine Bethea,SF,SS,87,2015
Craig Dahl,SF,SS,74,2015
Jimmie Ward,SF,SS,74,2015
Bubba Ventrone,SF,SS,70,2015
Vernon Davis,SF,TE,94,2015
Vance McDonald,SF,TE,71,2015
Garrett Celek,SF,TE,68,2015
Derek Carrier,SF,TE,65,2015
Kevin McDermott,SF,TE,57,2015
Anquan Boldin,SF,WR,90,2015
Michael Crabtree,SF,WR,89,2015
Stevie Johnson,SF,WR,86,2015
Brandon Lloyd,SF,WR,78,2015
Quinton Patton,SF,WR,72,2015
Jonathan Baldwin,SF,WR,69,2015
Bruce Ellington,SF,WR,69,2015
Kassim Osgood,SF,WR,67,2015
J.D. Walton,NYG,C,76,2015
Weston Richburg,NYG,C,74,2015
Dallas Reynolds,NYG,C,66,2015
Dominique Rodgers-Cromartie,NYG,CB,87,2015
Prince Amukamara,NYG,CB,84,2015
Zack Bowman,NYG,CB,77,2015
Walter Thurmond III,NYG,CB,77,2015
Trumaine McBride,NYG,CB,75,2015
Jayron Hosley,NYG,CB,73,2015
Bennett Jackson,NYG,CB,64,2015
Charles James,NYG,CB,63,2015
Cullen Jenkins,NYG,DT,82,2015
Johnathan Hankins,NYG,DT,74,2015
Mike Patterson,NYG,DT,73,2015
Jay Bromley,NYG,DT,70,2015
Markus Kuhn,NYG,DT,65,2015
Kelcy Quarles,NYG,DT,64,2015
Henry Hynoski,NYG,FB,83,2015
John Conner,NYG,FB,78,2015
Stevie Brown,NYG,FS,82,2015
Quintin Demps,NYG,FS,77,2015
Nat Berhe,NYG,FS,68,2015
Rashad Jennings,NYG,HB,82,2015
David Wilson,NYG,HB,75,2015
Peyton Hillis,NYG,HB,73,2015
Andre Williams,NYG,HB,66,2015
Michael Cox,NYG,HB,64,2015
Josh Brown,NYG,K,83,2015
Robert Ayers,NYG,LE,81,2015
Damontre Moore,NYG,LE,71,2015
Geoff Schwartz,NYG,LG,80,2015
James Brewer,NYG,LG,75,2015
Troy Kropog,NYG,LG,72,2015
Jameel McClain,NYG,LOLB,76,2015
Devon Kennard,NYG,LOLB,66,2015
Will Beatty,NYG,LT,75,2015
Charles Brown,NYG,LT,70,2015
Jon Beason,NYG,MLB,79,2015
Mark Herzlich,NYG,MLB,71,2015
Terrell Manning,NYG,MLB,64,2015
Steve Weatherford,NYG,P,76,2015
Eli Manning,NYG,QB,81,2015
Ryan Nassib,NYG,QB,71,2015
Curtis Painter,NYG,QB,69,2015
Jason Pierre-Paul,NYG,RE,87,2015
Mathias Kiwanuka,NYG,RE,72,2015
Chris Snee,NYG,RG,83,2015
John Jerry,NYG,RG,75,2015
Brandon Mosley,NYG,RG,69,2015
Eric Herman,NYG,RG,64,2015
Spencer Paysinger,NYG,ROLB,77,2015
Jacquian Williams,NYG,ROLB,75,2015
Justin Pugh,NYG,RT,80,2015
Steven Baker,NYG,RT,63,2015
Antrel Rolle,NYG,SS,86,2015
Cooper Taylor,NYG,SS,68,2015
Kellen Davis,NYG,TE,74,2015
Adrien Robinson,NYG,TE,72,2015
Daniel Fells,NYG,TE,71,2015
Larry Donnell,NYG,TE,68,2015
Xavier Grimble,NYG,TE,65,2015
Zak DeOssie,NYG,TE,57,2015
Victor Cruz,NYG,WR,87,2015
Mario Manningham,NYG,WR,77,2015
Rueben Randle,NYG,WR,77,2015
Odell Beckham Jr.,NYG,WR,75,2015
Jerrel Jernigan,NYG,WR,74,2015
Preston Parker,NYG,WR,68,2015
Trindon Holliday,NYG,WR,67,2015
Julian Talley,NYG,WR,63,2015
Mike Brewster,JAX,C,70,2015
Luke Bowanko,JAX,C,66,2015
Patrick Lewis,JAX,C,65,2015
Alan Ball,JAX,CB,78,2015
Will Blackmon,JAX,CB,76,2015
Dwayne Gratz,JAX,CB,75,2015
Demetrius McCray,JAX,CB,71,2015
Mike Harris,JAX,CB,70,2015
Aaron Colvin,JAX,CB,69,2015
Jeremy Harris,JAX,CB,68,2015
Jamell Fleming,JAX,CB,67,2015
Sen'Derrick Marks,JAX,DT,80,2015
Ziggy Hood,JAX,DT,76,2015
Roy Miller,JAX,DT,74,2015
Jordan Miller,JAX,DT,68,2015
Abry Jones,JAX,DT,63,2015
Will Ta'ufo'ou,JAX,FB,72,2015
Bradie Ewing,JAX,FB,70,2015
Sherrod Martin,JAX,FS,72,2015
Josh Evans,JAX,FS,71,2015
Chris Prosinski,JAX,FS,70,2015
Toby Gerhart,JAX,HB,79,2015
Jordan Todman,JAX,HB,72,2015
Denard Robinson,JAX,HB,69,2015
Storm Johnson,JAX,HB,67,2015
Josh Scobee,JAX,K,90,2015
Red Bryant,JAX,LE,83,2015
Tyson Alualu,JAX,LE,79,2015
Ryan Davis,JAX,LE,70,2015
Gerald Rivers,JAX,LE,61,2015
Brandon Linder,JAX,LG,72,2015
Drew Nowak,JAX,LG,67,2015
Dekoda Watson,JAX,LOLB,76,2015
John Lotulelei,JAX,LOLB,67,2015
Chris Smith,JAX,LOLB,66,2015
Luke Joeckel,JAX,LT,78,2015
Paul Posluszny,JAX,MLB,82,2015
LaRoy Reynolds,JAX,MLB,66,2015
Allen Bradford,JAX,MLB,65,2015
Nathan Stupar,JAX,MLB,63,2015
Bryan Anger,JAX,P,78,2015
Blake Bortles,JAX,QB,78,2015
Chad Henne,JAX,QB,75,2015
Stephen Morris,JAX,QB,65,2015
Ricky Stanzi,JAX,QB,65,2015
Chris Clemons,JAX,RE,84,2015
Jason Babin,JAX,RE,80,2015
Andre Branch,JAX,RE,75,2015
Zane Beadles,JAX,RG,76,2015
Jacques McClendon,JAX,RG,70,2015
Sam Young,JAX,RG,69,2015
Geno Hayes,JAX,ROLB,75,2015
J.T. Thomas,JAX,ROLB,68,2015
Telvin Smith,JAX,ROLB,64,2015
Cameron Bradfield,JAX,RT,74,2015
Austin Pasztor,JAX,RT,74,2015
Johnathan Cyprien,JAX,SS,77,2015
Winston Guy,JAX,SS,68,2015
Marcedes Lewis,JAX,TE,84,2015
Clay Harbor,JAX,TE,71,2015
Brandon Barden,JAX,TE,62,2015
Carson Tinker,JAX,TE,41,2015
Cecil Shorts III,JAX,WR,84,2015
Justin Blackmon,JAX,WR,83,2015
Marqise Lee,JAX,WR,73,2015
Ace Sanders,JAX,WR,73,2015
Allen Robinson,JAX,WR,72,2015
Tandon Doss,JAX,WR,71,2015
Mike Brown,JAX,WR,69,2015
Kerry Taylor,JAX,WR,66,2015
Nick Mangold,NYJ,C,86,2015
Caleb Schlauderaff,NYJ,C,66,2015
Dee Milliner,NYJ,CB,78,2015
Dimitri Patterson,NYJ,CB,77,2015
Kyle Wilson,NYJ,CB,76,2015
Ellis Lankster,NYJ,CB,71,2015
Dexter McDougle,NYJ,CB,70,2015
Ras-I Dowling,NYJ,CB,69,2015
Darrin Walls,NYJ,CB,69,2015
Johnny Patrick,NYJ,CB,68,2015
Brandon Dixon,NYJ,CB,64,2015
Damon Harrison,NYJ,DT,88,2015
Kenrick Ellis,NYJ,DT,75,2015
Tommy Bohanon,NYJ,FB,72,2015
Antonio Allen,NYJ,FS,75,2015
Jaiquawn Jarrett,NYJ,FS,69,2015
Chris Johnson,NYJ,HB,83,2015
Chris Ivory,NYJ,HB,80,2015
Bilal Powell,NYJ,HB,76,2015
Alex Green,NYJ,HB,71,2015
Daryl Richardson,NYJ,HB,71,2015
Nick Folk,NYJ,K,85,2015
Muhammad Wilkerson,NYJ,LE,93,2015
Leger Douzable,NYJ,LE,73,2015
Tevita Finau,NYJ,LE,66,2015
Brian Winters,NYJ,LG,69,2015
William Campbell,NYJ,LG,64,2015
Calvin Pace,NYJ,LOLB,78,2015
Antwan Barnes,NYJ,LOLB,74,2015
Garrett McIntyre,NYJ,LOLB,70,2015
Trevor Reilly,NYJ,LOLB,68,2015
D'Brickashaw Ferguson,NYJ,LT,88,2015
Ben Ijalana,NYJ,LT,66,2015
David Harris,NYJ,MLB,82,2015
Demario Davis,NYJ,MLB,72,2015
Nick Bellore,NYJ,MLB,66,2015
Jeremiah George,NYJ,MLB,66,2015
A.J. Edds,NYJ,MLB,64,2015
Troy Davis,NYJ,MLB,61,2015
Ryan Quigley,NYJ,P,67,2015
Michael Vick,NYJ,QB,79,2015
Geno Smith,NYJ,QB,78,2015
Tajh Boyd,NYJ,QB,67,2015
Matt Simms,NYJ,QB,64,2015
Sheldon Richardson,NYJ,RE,88,2015
Willie Colon,NYJ,RG,82,2015
Dakota Dozier,NYJ,RG,68,2015
Quinton Coples,NYJ,ROLB,79,2015
Jermaine Cunningham,NYJ,ROLB,69,2015
IK Enemkpali,NYJ,ROLB,66,2015
Tim Fugger,NYJ,ROLB,64,2015
Breno Giacomini,NYJ,RT,79,2015
Oday Aboushi,NYJ,RT,67,2015
Markus Zusevics,NYJ,RT,67,2015
Calvin Pryor,NYJ,SS,79,2015
Dawan Landry,NYJ,SS,77,2015
Josh Bush,NYJ,SS,71,2015
Jeff Cumberland,NYJ,TE,76,2015
Jace Amaro,NYJ,TE,74,2015
Zach Sudfeld,NYJ,TE,68,2015
Chris Pantale,NYJ,TE,64,2015
Tanner Purdum,NYJ,TE,54,2015
Eric Decker,NYJ,WR,88,2015
Jeremy Kerley,NYJ,WR,77,2015
David Nelson,NYJ,WR,76,2015
Jacoby Ford,NYJ,WR,73,2015
Stephen Hill,NYJ,WR,72,2015
Clyde Gates,NYJ,WR,69,2015
Shaq Evans,NYJ,WR,67,2015
Greg Salas,NYJ,WR,67,2015
Jalen Saunders,NYJ,WR,66,2015
Quincy Enunwa,NYJ,WR,64,2015
Saalim Hakim,NYJ,WR,53,2015
Dominic Raiola,DET,C,91,2015
Travis Swanson,DET,C,69,2015
Rashean Mathis,DET,CB,80,2015
Bill Bentley,DET,CB,73,2015
Cassius Vaughn,DET,CB,73,2015
Darius Slay,DET,CB,72,2015
Jonte Green,DET,CB,70,2015
Nevin Lawson,DET,CB,70,2015
Chris Greenwood,DET,CB,69,2015
Ndamukong Suh,DET,DT,97,2015
Nick Fairley,DET,DT,91,2015
C.J. Mosley,DET,DT,76,2015
Andre Fluellen,DET,DT,68,2015
Jimmy Saddler-McQueen,DET,DT,66,2015
Caraun Reid,DET,DT,65,2015
Jed Collins,DET,FB,85,2015
Montell Owens,DET,FB,82,2015
Glover Quin,DET,FS,84,2015
Gabe Lynn,DET,FS,65,2015
Reggie Bush,DET,HB,85,2015
Joique Bell,DET,HB,84,2015
Mikel Leshoure,DET,HB,72,2015
Theo Riddick,DET,HB,71,2015
Giorgio Tavecchio,DET,K,65,2015
Nate Freese,DET,K,64,2015
Jason Jones,DET,LE,80,2015
Darryl Tapp,DET,LE,75,2015
Devin Taylor,DET,LE,75,2015
George Johnson,DET,LE,66,2015
Rob Sims,DET,LG,83,2015
Rodney Austin,DET,LG,69,2015
Ashlee Palmer,DET,LOLB,77,2015
Kyle Van Noy,DET,LOLB,72,2015
Tahir Whitehead,DET,LOLB,66,2015
Riley Reiff,DET,LT,80,2015
Corey Hilliard,DET,LT,71,2015
Stephen Tulloch,DET,MLB,89,2015
Julian Stanford,DET,MLB,67,2015
Travis Lewis,DET,MLB,62,2015
Sam Martin,DET,P,81,2015
Matthew Stafford,DET,QB,87,2015
Dan Orlovsky,DET,QB,71,2015
Kellen Moore,DET,QB,67,2015
Ezekiel Ansah,DET,RE,82,2015
Larry Webster,DET,RE,64,2015
Larry Warford,DET,RG,88,2015
DeAndre Levy,DET,ROLB,83,2015
Cory Greenwood,DET,ROLB,69,2015
LaAdrian Waddle,DET,RT,76,2015
James Ihedigbo,DET,SS,81,2015
Don Carey,DET,SS,73,2015
Isa Abdul-Quddus,DET,SS,72,2015
DeJon Gomes,DET,SS,72,2015
Brandon Pettigrew,DET,TE,79,2015
Eric Ebron,DET,TE,77,2015
Joseph Fauria,DET,TE,77,2015
Michael Williams,DET,TE,70,2015
Don Muhlbach,DET,TE,58,2015
Calvin Johnson,DET,WR,99,2015
Golden Tate,DET,WR,84,2015
Ryan Broyles,DET,WR,72,2015
Kris Durham,DET,WR,71,2015
Kevin Ogletree,DET,WR,70,2015
T.J. Jones,DET,WR,67,2015
Jeremy Ross,DET,WR,67,2015
Pat Edwards,DET,WR,63,2015
Corey Fuller,DET,WR,63,2015
J.C. Tretter,GB,C,74,2015
Corey Linsley,GB,C,70,2015
Garth Gerhart,GB,C,66,2015
Brett Goode,GB,C,63,2015
Tramon Williams,GB,CB,87,2015
Sam Shields,GB,CB,86,2015
Casey Hayward,GB,CB,85,2015
Micah Hyde,GB,CB,75,2015
Jarrett Bush,GB,CB,74,2015
Davon House,GB,CB,74,2015
Demetri Goodson,GB,CB,66,2015
B.J. Raji,GB,DT,83,2015
Letroy Guion,GB,DT,75,2015
Josh Boyd,GB,DT,71,2015
John Kuhn,GB,FB,93,2015
Ha Ha Clinton-Dix,GB,FS,79,2015
Sean Richardson,GB,FS,69,2015
Eddie Lacy,GB,HB,87,2015
James Starks,GB,HB,78,2015
DuJuan Harris,GB,HB,74,2015
Mason Crosby,GB,K,82,2015
Mike Neal,GB,LE,82,2015
Datone Jones,GB,LE,74,2015
Josh Sitton,GB,LG,97,2015
Lane Taylor,GB,LG,63,2015
Julius Peppers,GB,LOLB,82,2015
Nick Perry,GB,LOLB,73,2015
Adrian Hubbard,GB,LOLB,63,2015
David Bakhtiari,GB,LT,76,2015
Aaron Adams,GB,LT,62,2015
A.J. Hawk,GB,MLB,81,2015
Brad Jones,GB,MLB,77,2015
Jamari Lattimore,GB,MLB,67,2015
Sam Barrington,GB,MLB,65,2015
Carl Bradford,GB,MLB,65,2015
Tim Masthay,GB,P,72,2015
Aaron Rodgers,GB,QB,98,2015
Matt Flynn,GB,QB,78,2015
Scott Tolzien,GB,QB,71,2015
Mike Daniels,GB,RE,75,2015
Jerel Worthy,GB,RE,70,2015
Khyri Thornton,GB,RE,66,2015
T.J. Lang,GB,RG,87,2015
Andrew Tiller,GB,RG,63,2015
Clay Matthews,GB,ROLB,90,2015
Andy Mulumba,GB,ROLB,67,2015
Nate Palmer,GB,ROLB,65,2015
Bryan Bulaga,GB,RT,86,2015
Derek Sherrod,GB,RT,76,2015
Don Barclay,GB,RT,75,2015
Morgan Burnett,GB,SS,83,2015
Chris Banjo,GB,SS,70,2015
Andrew Quarless,GB,TE,74,2015
Brandon Bostick,GB,TE,72,2015
Ryan Taylor,GB,TE,72,2015
Colt Lyerla,GB,TE,68,2015
Richard Rodgers,GB,TE,67,2015
Jake Stoneburner,GB,TE,66,2015
Jordy Nelson,GB,WR,93,2015
Randall Cobb,GB,WR,89,2015
Jarrett Boykin,GB,WR,78,2015
Davante Adams,GB,WR,72,2015
Jared Abbrederis,GB,WR,69,2015
Chris Harper,GB,WR,65,2015
Myles White,GB,WR,65,2015
Kevin Dorsey,GB,WR,63,2015
Jeff Janis,GB,WR,63,2015
Ryan Kalil,CAR,C,89,2015
Brian Folkerts,CAR,C,62,2015
Antoine Cason,CAR,CB,81,2015
Josh Norman,CAR,CB,76,2015
Melvin White,CAR,CB,72,2015
James Dockery,CAR,CB,70,2015
Josh Thomas,CAR,CB,70,2015
Bene Benwikere,CAR,CB,68,2015
DeQuan Menzie,CAR,CB,64,2015
Star Lotulelei,CAR,DT,88,2015
Kawann Short,CAR,DT,84,2015
Dwan Edwards,CAR,DT,81,2015
Colin Cole,CAR,DT,75,2015
Drake Nevis,CAR,DT,71,2015
Mike Tolbert,CAR,FB,92,2015
Richie Brockel,CAR,FB,74,2015
Thomas DeCoud,CAR,FS,81,2015
Charles Godfrey,CAR,FS,79,2015
Colin Jones,CAR,FS,69,2015
Tre Boston,CAR,FS,67,2015
DeAngelo Williams,CAR,HB,81,2015
Jonathan Stewart,CAR,HB,80,2015
Kenjon Barner,CAR,HB,69,2015
Tyler Gaffney,CAR,HB,68,2015
Graham Gano,CAR,K,86,2015
Charles Johnson,CAR,LE,88,2015
Frank Alexander,CAR,LE,69,2015
Amini Silatolu,CAR,LG,76,2015
Edmund Kugbila,CAR,LG,66,2015
Thomas Davis,CAR,LOLB,89,2015
Jason Williams,CAR,LOLB,68,2015
Nate Chandler,CAR,LT,73,2015
Andrew McDonald,CAR,LT,65,2015
Luke Kuechly,CAR,MLB,94,2015
D.J. Smith,CAR,MLB,71,2015
Ben Jacobs,CAR,MLB,63,2015
Brad Nortman,CAR,P,85,2015
Cam Newton,CAR,QB,89,2015
Derek Anderson,CAR,QB,73,2015
Joe Webb,CAR,QB,67,2015
Matt Blanchard,CAR,QB,64,2015
Greg Hardy,CAR,RE,92,2015
Kony Ealy,CAR,RE,74,2015
Mario Addison,CAR,RE,73,2015
Wes Horton,CAR,RE,65,2015
Garry Williams,CAR,RG,75,2015
Chris Scott,CAR,RG,71,2015
Trai Turner,CAR,RG,69,2015
Derek Dennis,CAR,RG,60,2015
Chase Blackburn,CAR,ROLB,76,2015
A.J. Klein,CAR,ROLB,69,2015
Byron Bell,CAR,RT,76,2015
Roman Harper,CAR,SS,80,2015
Robert Lester,CAR,SS,76,2015
Anderson Russell,CAR,SS,66,2015
Greg Olsen,CAR,TE,88,2015
Mike McNeill,CAR,TE,73,2015
Ed Dickson,CAR,TE,72,2015
D.C. Jefferson,CAR,TE,71,2015
Brandon Williams,CAR,TE,69,2015
J.J. Jansen,CAR,TE,51,2015
Jerricho Cotchery,CAR,WR,80,2015
Jason Avant,CAR,WR,77,2015
Tiquan Underwood,CAR,WR,73,2015
Kelvin Benjamin,CAR,WR,71,2015
Kealoha Pilares,CAR,WR,68,2015
Tavarres King,CAR,WR,65,2015
Marvin McNutt,CAR,WR,64,2015
Toney Clemons,CAR,WR,61,2015
Ryan Wendell,NE,C,76,2015
Braxston Cave,NE,C,67,2015
Bryan Stork,NE,C,67,2015
Chris Barker,NE,C,66,2015
Darrelle Revis,NE,CB,97,2015
Brandon Browner,NE,CB,86,2015
Alfonzo Dennard,NE,CB,80,2015
Kyle Arrington,NE,CB,79,2015
Logan Ryan,NE,CB,79,2015
Justin Green,NE,CB,63,2015
Vince Wilfork,NE,DT,91,2015
Tommy Kelly,NE,DT,78,2015
Dominique Easley,NE,DT,73,2015
Joe Vellano,NE,DT,71,2015
Chris Jones,NE,DT,69,2015
Sealver Siliga,NE,DT,69,2015
Marcus Forston,NE,DT,64,2015
James Develin,NE,FB,73,2015
Devin McCourty,NE,FS,94,2015
Tavon Wilson,NE,FS,72,2015
Jemea Thomas,NE,FS,69,2015
Nate Ebner,NE,FS,66,2015
Shane Vereen,NE,HB,82,2015
Stevan Ridley,NE,HB,80,2015
Brandon Bolden,NE,HB,74,2015
James White,NE,HB,69,2015
Stephen Gostkowski,NE,K,92,2015
Rob Ninkovich,NE,LE,88,2015
Jake Bequette,NE,LE,72,2015
Michael Buchanan,NE,LE,68,2015
Logan Mankins,NE,LG,91,2015
Jon Halapio,NE,LG,65,2015
Dont'a Hightower,NE,LOLB,84,2015
James Anderson,NE,LOLB,76,2015
Steve Beauharnais,NE,LOLB,68,2015
Nate Solder,NE,LT,91,2015
Cameron Fleming,NE,LT,66,2015
Jerod Mayo,NE,MLB,91,2015
Josh Hull,NE,MLB,67,2015
Chris White,NE,MLB,67,2015
Ryan Allen,NE,P,70,2015
Tom Brady,NE,QB,93,2015
Ryan Mallett,NE,QB,73,2015
Jimmy Garoppolo,NE,QB,71,2015
Chandler Jones,NE,RE,87,2015
Will Smith,NE,RE,78,2015
Zach Moore,NE,RE,65,2015
Dan Connolly,NE,RG,78,2015
Josh Kline,NE,RG,66,2015
Jamie Collins,NE,ROLB,81,2015
Darius Fleming,NE,ROLB,66,2015
Ja'Gared Davis,NE,ROLB,61,2015
Sebastian Vollmer,NE,RT,85,2015
Marcus Cannon,NE,RT,75,2015
Duron Harmon,NE,SS,76,2015
Patrick Chung,NE,SS,75,2015
Kanorris Davis,NE,SS,68,2015
Rob Gronkowski,NE,TE,96,2015
Michael Hoomanawanui,NE,TE,72,2015
D.J. Williams,NE,TE,71,2015
Danny Aiken,NE,TE,57,2015
Julian Edelman,NE,WR,88,2015
Danny Amendola,NE,WR,86,2015
Brandon LaFell,NE,WR,79,2015
Aaron Dobson,NE,WR,75,2015
Kenbrell Thompkins,NE,WR,73,2015
Matthew Slater,NE,WR,70,2015
Josh Boyce,NE,WR,68,2015
Jeremy Gallon,NE,WR,62,2015
Stefen Wisniewski,OAK,C,88,2015
Tarell Brown,OAK,CB,86,2015
Carlos Rogers,OAK,CB,81,2015
D.J. Hayden,OAK,CB,77,2015
Keith McGill,OAK,CB,70,2015
Chimdi Chekwa,OAK,CB,69,2015
Taiwan Jones,OAK,CB,69,2015
T.J. Carrie,OAK,CB,68,2015
Chance Casey,OAK,CB,67,2015
Neiko Thorpe,OAK,CB,65,2015
Antonio Smith,OAK,DT,87,2015
Pat Sims,OAK,DT,83,2015
Stacy McGee,OAK,DT,70,2015
Torell Troup,OAK,DT,68,2015
Ricky Lumpkin,OAK,DT,66,2015
Justin Ellis,OAK,DT,63,2015
Marcel Reece,OAK,FB,92,2015
Jamize Olawale,OAK,FB,70,2015
Charles Woodson,OAK,FS,86,2015
Usama Young,OAK,FS,78,2015
Shelton Johnson,OAK,FS,66,2015
Jonathan Dowling,OAK,FS,64,2015
Maurice Jones-Drew,OAK,HB,86,2015
Darren McFadden,OAK,HB,79,2015
Jeremy Stewart,OAK,HB,69,2015
Latavius Murray,OAK,HB,68,2015
Kory Sheets,OAK,HB,61,2015
Sebastian Janikowski,OAK,K,76,2015
LaMarr Woodley,OAK,LE,87,2015
Jack Crawford,OAK,LE,67,2015
Shelby Harris,OAK,LE,65,2015
Tony Bergstrom,OAK,LG,74,2015
Lucas Nix,OAK,LG,66,2015
Khalil Mack,OAK,LOLB,81,2015
Kaelin Burnett,OAK,LOLB,69,2015
Donald Penn,OAK,LT,82,2015
Menelik Watson,OAK,LT,70,2015
Nick Roach,OAK,MLB,78,2015
Kevin Burnett,OAK,MLB,77,2015
Kaluka Maiava,OAK,MLB,74,2015
Marquette King,OAK,P,82,2015
Matt Schaub,OAK,QB,78,2015
Derek Carr,OAK,QB,74,2015
Matt McGloin,OAK,QB,73,2015
Trent Edwards,OAK,QB,69,2015
Justin Tuck,OAK,RE,88,2015
C.J. Wilson,OAK,RE,73,2015
Ryan Robinson,OAK,RE,61,2015
Kevin Boothe,OAK,RG,75,2015
Gabe Jackson,OAK,RG,70,2015
Lamar Mady,OAK,RG,63,2015
Sio Moore,OAK,ROLB,82,2015
Miles Burris,OAK,ROLB,71,2015
Justin Cole,OAK,ROLB,69,2015
Marshall McFadden,OAK,ROLB,63,2015
Austin Howard,OAK,RT,81,2015
Khalif Barnes,OAK,RT,75,2015
Matthew McCants,OAK,RT,68,2015
Tyvon Branch,OAK,SS,88,2015
Brandian Ross,OAK,SS,67,2015
David Ausberry,OAK,TE,75,2015
Mychal Rivera,OAK,TE,74,2015
Nick Kasa,OAK,TE,70,2015
Jon Condo,OAK,TE,48,2015
James Jones,OAK,WR,84,2015
Denarius Moore,OAK,WR,81,2015
Rod Streater,OAK,WR,80,2015
Andre Holmes,OAK,WR,73,2015
Greg Little,OAK,WR,71,2015
Juron Criner,OAK,WR,70,2015
Brice Butler,OAK,WR,66,2015
Greg Jenkins,OAK,WR,62,2015
Scott Wells,LAR,C,79,2015
Barrett Jones,LAR,C,70,2015
Tim Barnes,LAR,C,69,2015
Demetrius Rhaney,LAR,C,61,2015
Janoris Jenkins,LAR,CB,84,2015
Trumaine Johnson,LAR,CB,77,2015
Lamarcus Joyner,LAR,CB,73,2015
Brandon McGee,LAR,CB,70,2015
E.J. Gaines,LAR,CB,67,2015
Michael Brockers,LAR,DT,81,2015
Kendall Langford,LAR,DT,80,2015
Aaron Donald,LAR,DT,79,2015
Alex Carrington,LAR,DT,76,2015
Matt Conrath,LAR,DT,65,2015
Cory Harkey,LAR,FB,72,2015
Rodney McLeod,LAR,FS,74,2015
Matt Daniels,LAR,FS,71,2015
Cody Davis,LAR,FS,64,2015
Zac Stacy,LAR,HB,84,2015
Tre Mason,LAR,HB,74,2015
Benny Cunningham,LAR,HB,70,2015
Isaiah Pead,LAR,HB,67,2015
Chase Reynolds,LAR,HB,65,2015
Greg Zuerlein,LAR,K,87,2015
Chris Long,LAR,LE,87,2015
William Hayes,LAR,LE,84,2015
Mason Brodine,LAR,LE,68,2015
Greg Robinson,LAR,LG,83,2015
Travis Bond,LAR,LG,71,2015
Brandon Washington,LAR,LG,70,2015
Alec Ogletree,LAR,LOLB,79,2015
Sammy Brown,LAR,LOLB,66,2015
Ray Ray Armstrong,LAR,LOLB,64,2015
Jake Long,LAR,LT,90,2015
Mike Person,LAR,LT,63,2015
James Laurinaitis,LAR,MLB,81,2015
Caleb McSurdy,LAR,MLB,59,2015
Johnny Hekker,LAR,P,87,2015
Sam Bradford,LAR,QB,85,2015
Shaun Hill,LAR,QB,76,2015
Austin Davis,LAR,QB,70,2015
Garrett Gilbert,LAR,QB,66,2015
Robert Quinn,LAR,RE,97,2015
Eugene Sims,LAR,RE,73,2015
Michael Sam,LAR,RE,66,2015
Rodger Saffold,LAR,RG,87,2015
Davin Joseph,LAR,RG,74,2015
Jo-Lonn Dunbar,LAR,ROLB,77,2015
Phillip Steward,LAR,ROLB,67,2015
Daren Bates,LAR,ROLB,62,2015
Joe Barksdale,LAR,RT,79,2015
Mitchell Van Dyk,LAR,RT,64,2015
T.J. McDonald,LAR,SS,75,2015
Maurice Alexander,LAR,SS,65,2015
Christian Bryant,LAR,SS,65,2015
Jared Cook,LAR,TE,81,2015
Lance Kendricks,LAR,TE,77,2015
Justice Cunningham,LAR,TE,69,2015
Jake McQuaide,LAR,TE,49,2015
Tavon Austin,LAR,WR,78,2015
Kenny Britt,LAR,WR,77,2015
Austin Pettis,LAR,WR,76,2015
Chris Givens,LAR,WR,75,2015
Stedman Bailey,LAR,WR,73,2015
Brian Quick,LAR,WR,72,2015
Justin Veltung,LAR,WR,58,2015
Jeremy Zuttah,BAL,C,81,2015
Gino Gradkowski,BAL,C,68,2015
A.Q. Shipley,BAL,C,68,2015
Ryan Jensen,BAL,C,67,2015
Reggie Stephens,BAL,C,65,2015
Lardarius Webb,BAL,CB,90,2015
Jimmy Smith,BAL,CB,82,2015
Chykie Brown,BAL,CB,66,2015
Asa Jackson,BAL,CB,66,2015
Haloti Ngata,BAL,DT,92,2015
Terrence Cody,BAL,DT,73,2015
Kyle Juszczyk,BAL,FB,74,2015
Shaun Chapas,BAL,FB,71,2015
Omar Brown,BAL,FS,73,2015
Terrence Brooks,BAL,FS,72,2015
Brynden Trawick,BAL,FS,63,2015
Ray Rice,BAL,HB,82,2015
Bernard Pierce,BAL,HB,79,2015
Justin Forsett,BAL,HB,74,2015
Lorenzo Taliaferro,BAL,HB,69,2015
Cierre Wood,BAL,HB,66,2015
Justin Tucker,BAL,K,93,2015
Timmy Jernigan,BAL,LE,71,2015
Brandon Williams,BAL,LE,67,2015
Kelechi Osemele,BAL,LG,81,2015
Jah Reid,BAL,LG,73,2015
Will Rackley,BAL,LG,71,2015
Terrell Suggs,BAL,LOLB,90,2015
Pernell McPhee,BAL,LOLB,76,2015
Eugene Monroe,BAL,LT,89,2015
James Hurst,BAL,LT,59,2015
Daryl Smith,BAL,MLB,85,2015
Josh Bynes,BAL,MLB,75,2015
C.J. Mosley,BAL,MLB,75,2015
Arthur Brown,BAL,MLB,73,2015
Albert McClellan,BAL,MLB,69,2015
Sam Koch,BAL,P,84,2015
Joe Flacco,BAL,QB,86,2015
Tyrod Taylor,BAL,QB,72,2015
Keith Wenning,BAL,QB,64,2015
Chris Canty,BAL,RE,84,2015
DeAngelo Tyson,BAL,RE,67,2015
Kapron Lewis-Moore,BAL,RE,66,2015
Brent Urban,BAL,RE,65,2015
Marshal Yanda,BAL,RG,92,2015
John Urschel,BAL,RG,69,2015
Elvis Dumervil,BAL,ROLB,90,2015
Courtney Upshaw,BAL,ROLB,78,2015
John Simon,BAL,ROLB,70,2015
Rick Wagner,BAL,RT,73,2015
David Mims,BAL,RT,65,2015
Matt Elam,BAL,SS,79,2015
Darian Stewart,BAL,SS,78,2015
Jeromy Miles,BAL,SS,71,2015
Anthony Levine,BAL,SS,65,2015
Dennis Pitta,BAL,TE,87,2015
Owen Daniels,BAL,TE,82,2015
Crockett Gillmore,BAL,TE,71,2015
Phillip Supernaw,BAL,TE,65,2015
Morgan Cox,BAL,TE,48,2015
Steve Smith,BAL,WR,87,2015
Torrey Smith,BAL,WR,86,2015
Jacoby Jones,BAL,WR,79,2015
Marlon Brown,BAL,WR,74,2015
Michael Campanaro,BAL,WR,66,2015
Deonte Thompson,BAL,WR,66,2015
LaQuan Williams,BAL,WR,64,2015
Kamar Aiken,BAL,WR,63,2015
Kory Lichtensteiger,WAS,C,77,2015
Tevita Stevens,WAS,C,62,2015
Nick Sundberg,WAS,C,57,2015
DeAngelo Hall,WAS,CB,82,2015
Tracy Porter,WAS,CB,77,2015
David Amerson,WAS,CB,74,2015
E.J. Biggers,WAS,CB,72,2015
Bashaud Breeland,WAS,CB,69,2015
Richard Crawford,WAS,CB,69,2015
Chase Minnifield,WAS,CB,64,2015
Peyton Thompson,WAS,CB,63,2015
Barry Cofield,WAS,DT,86,2015
Chris Baker,WAS,DT,74,2015
Frank Kearse,WAS,DT,73,2015
Chris Neild,WAS,DT,70,2015
Darrel Young,WAS,FB,87,2015
Ryan Clark,WAS,FS,82,2015
Phillip Thomas,WAS,FS,72,2015
Trenton Robinson,WAS,FS,70,2015
Bacarri Rambo,WAS,FS,69,2015
Alfred Morris,WAS,HB,87,2015
Roy Helu Jr.,WAS,HB,78,2015
Evan Royster,WAS,HB,74,2015
Lache Seastrunk,WAS,HB,66,2015
Chris Thompson,WAS,HB,66,2015
Kai Forbath,WAS,K,69,2015
Zach Hocker,WAS,K,58,2015
Jarvis Jenkins,WAS,LE,75,2015
Clifton Geathers,WAS,LE,68,2015
Doug Worthington,WAS,LE,63,2015
Shawn Lauvao,WAS,LG,76,2015
Josh LeRibeus,WAS,LG,70,2015
Maurice Hurt,WAS,LG,68,2015
Ryan Kerrigan,WAS,LOLB,86,2015
Adam Hayward,WAS,LOLB,72,2015
Trent Murphy,WAS,LOLB,70,2015
Adrian Robinson,WAS,LOLB,61,2015
Trent Williams,WAS,LT,95,2015
Akeem Jordan,WAS,MLB,77,2015
Perry Riley Jr.,WAS,MLB,76,2015
Darryl Sharpton,WAS,MLB,75,2015
Keenan Robinson,WAS,MLB,60,2015
Robert Malone,WAS,P,66,2015
Robert Griffin III,WAS,QB,82,2015
Kirk Cousins,WAS,QB,77,2015
Colt McCoy,WAS,QB,73,2015
Jason Hatcher,WAS,RE,89,2015
Stephen Bowen,WAS,RE,79,2015
Kedric Golston,WAS,RE,74,2015
Chris Chester,WAS,RG,81,2015
Mike McGlynn,WAS,RG,72,2015
Spencer Long,WAS,RG,71,2015
Adam Gettis,WAS,RG,67,2015
Brian Orakpo,WAS,ROLB,92,2015
Rob Jackson,WAS,ROLB,74,2015
Brandon Jenkins,WAS,ROLB,70,2015
Tyler Polumbus,WAS,RT,78,2015
Morgan Moses,WAS,RT,74,2015
Tom Compton,WAS,RT,71,2015
Brandon Meriweather,WAS,SS,79,2015
Tanard Jackson,WAS,SS,75,2015
Jordan Reed,WAS,TE,81,2015
Logan Paulsen,WAS,TE,72,2015
Niles Paul,WAS,TE,70,2015
Ted Bolser,WAS,TE,68,2015
Kyle Nelson,WAS,TE,43,2015
DeSean Jackson,WAS,WR,90,2015
Pierre Garcon,WAS,WR,89,2015
Andre Roberts,WAS,WR,80,2015
Leonard Hankerson,WAS,WR,76,2015
Santana Moss,WAS,WR,76,2015
Aldrick Robinson,WAS,WR,74,2015
Ryan Grant,WAS,WR,64,2015
Nick Williams,WAS,WR,59,2015
Jonathan Goodwin,NO,C,79,2015
Tim Lelito,NO,C,70,2015
Keenan Lewis,NO,CB,87,2015
Champ Bailey,NO,CB,86,2015
Patrick Robinson,NO,CB,77,2015
Corey White,NO,CB,75,2015
Stanley Jean-Baptiste,NO,CB,68,2015
Rod Sweeting,NO,CB,66,2015
Trevin Wade,NO,CB,65,2015
Terrence Frederick,NO,CB,63,2015
A.J. Davis,NO,CB,61,2015
Brodrick Bunkley,NO,DT,79,2015
John Jenkins,NO,DT,73,2015
Erik Lorig,NO,FB,79,2015
Jairus Byrd,NO,FS,96,2015
Rafael Bush,NO,FS,78,2015
Pierre Thomas,NO,HB,83,2015
Mark Ingram,NO,HB,77,2015
Khiry Robinson,NO,HB,73,2015
Travaris Cadet,NO,HB,70,2015
Timothy Flanders,NO,HB,65,2015
Shayne Graham,NO,K,80,2015
Akiem Hicks,NO,LE,82,2015
Glenn Foster,NO,LE,72,2015
Cheta Ozougwu,NO,LE,69,2015
Ben Grubbs,NO,LG,91,2015
Junior Galette,NO,LOLB,85,2015
Keyunta Dawson,NO,LOLB,67,2015
Rufus Johnson Jr.,NO,LOLB,65,2015
Terron Armstead,NO,LT,75,2015
Ty Nsekhe,NO,LT,63,2015
Tavon Rooks,NO,LT,62,2015
Jason Weaver,NO,LT,61,2015
Curtis Lofton,NO,MLB,80,2015
David Hawthorne,NO,MLB,75,2015
Kevin Reddick,NO,MLB,67,2015
Ramon Humber,NO,MLB,66,2015
Khairi Fortt,NO,MLB,65,2015
Kyle Knox,NO,MLB,61,2015
Thomas Morstead,NO,P,93,2015
Drew Brees,NO,QB,96,2015
Luke McCown,NO,QB,75,2015
Ryan Griffin,NO,QB,66,2015
Cameron Jordan,NO,RE,93,2015
Tyrunn Walker,NO,RE,68,2015
Brandon Deaderick,NO,RE,66,2015
Jahri Evans,NO,RG,91,2015
Senio Kelemete,NO,RG,64,2015
Parys Haralson,NO,ROLB,82,2015
Victor Butler,NO,ROLB,81,2015
Ronald Powell,NO,ROLB,62,2015
Zach Strief,NO,RT,87,2015
Thomas Welch,NO,RT,70,2015
Marcel Jones,NO,RT,69,2015
Bryce Harris,NO,RT,67,2015
Kenny Vaccaro,NO,SS,87,2015
Marcus Ball,NO,SS,71,2015
Vinnie Sunseri,NO,SS,69,2015
Jimmy Graham,NO,TE,97,2015
Benjamin Watson,NO,TE,83,2015
Josh Hill,NO,TE,66,2015
Justin Drescher,NO,TE,50,2015
Marques Colston,NO,WR,90,2015
Kenny Stills,NO,WR,78,2015
Robert Meachem,NO,WR,76,2015
Brandin Cooks,NO,WR,74,2015
Joseph Morgan,NO,WR,72,2015
Nick Toon,NO,WR,69,2015
Brandon Coleman,NO,WR,63,2015
Andy Tanner,NO,WR,62,2015
Max Unger,SEA,C,86,2015
Lemuel Jeanpierre,SEA,C,72,2015
Richard Sherman,SEA,CB,99,2015
Byron Maxwell,SEA,CB,84,2015
Jeremy Lane,SEA,CB,78,2015
A.J. Jefferson,SEA,CB,72,2015
Phillip Adams,SEA,CB,71,2015
Tharold Simon,SEA,CB,69,2015
Eric Pinkins,SEA,CB,66,2015
DeShawn Shead,SEA,CB,66,2015
Brandon Mebane,SEA,DT,91,2015
Tony McDaniel,SEA,DT,83,2015
Kevin Williams,SEA,DT,82,2015
Jesse Williams,SEA,DT,70,2015
D'Anthony Smith,SEA,DT,68,2015
Jordan Hill,SEA,DT,66,2015
Jimmy Staten,SEA,DT,62,2015
Derrick Coleman,SEA,FB,79,2015
Kiero Small,SEA,FB,69,2015
Spencer Ware,SEA,FB,69,2015
Earl Thomas III,SEA,FS,95,2015
Marshawn Lynch,SEA,HB,95,2015
Robert Turbin,SEA,HB,78,2015
Christine Michael,SEA,HB,76,2015
Steven Hauschka,SEA,K,89,2015
Michael Bennett,SEA,LE,89,2015
Greg Scruggs,SEA,LE,66,2015
James Carpenter,SEA,LG,78,2015
Greg Van Roten,SEA,LG,73,2015
Malcolm Smith,SEA,LOLB,80,2015
Mike Morgan,SEA,LOLB,66,2015
Korey Toomer,SEA,LOLB,61,2015
Russell Okung,SEA,LT,86,2015
Alvin Bailey,SEA,LT,64,2015
Caylin Hauptmann,SEA,LT,59,2015
Bobby Wagner,SEA,MLB,88,2015
K.J. Wright,SEA,MLB,83,2015
Heath Farwell,SEA,MLB,73,2015
Jon Ryan,SEA,P,79,2015
Russell Wilson,SEA,QB,93,2015
Tarvaris Jackson,SEA,QB,75,2015
Terrelle Pryor,SEA,QB,75,2015
B.J. Daniels,SEA,QB,62,2015
Cliff Avril,SEA,RE,87,2015
Benson Mayowa,SEA,RE,68,2015
Cassius Marsh,SEA,RE,67,2015
J.R. Sweezy,SEA,RG,78,2015
Stephen Schilling,SEA,RG,70,2015
Bruce Irvin,SEA,ROLB,83,2015
O'Brien Schofield,SEA,ROLB,75,2015
Kevin Pierre-Louis,SEA,ROLB,65,2015
Michael Bowie,SEA,RT,77,2015
Justin Britt,SEA,RT,72,2015
Kam Chancellor,SEA,SS,93,2015
Jeron Johnson,SEA,SS,74,2015
Zach Miller,SEA,TE,86,2015
Anthony McCoy,SEA,TE,76,2015
Luke Willson,SEA,TE,72,2015
Clint Gresham,SEA,TE,52,2015
Percy Harvin,SEA,WR,90,2015
Doug Baldwin,SEA,WR,83,2015
Sidney Rice,SEA,WR,82,2015
Jermaine Kearse,SEA,WR,78,2015
Kevin Norwood,SEA,WR,68,2015
Paul Richardson,SEA,WR,68,2015
Ricardo Lockette,SEA,WR,65,2015
Taylor Price,SEA,WR,64,2015
Bryan Walters,SEA,WR,62,2015
Phil Bates,SEA,WR,61,2015
Maurkice Pouncey,PIT,C,88,2015
Greg Warren,PIT,C,71,2015
Cody Wallace,PIT,C,69,2015
Ike Taylor,PIT,CB,83,2015
Cortez Allen,PIT,CB,82,2015
William Gay,PIT,CB,81,2015
Brice McCain,PIT,CB,69,2015
Shaquille Richardson,PIT,CB,68,2015
Isaiah Green,PIT,CB,66,2015
Antwon Blake,PIT,CB,64,2015
Ross Ventrone,PIT,CB,64,2015
Steve McLendon,PIT,DT,82,2015
Cam Thomas,PIT,DT,78,2015
Hebron Fangupo,PIT,DT,63,2015
Daniel McCullers,PIT,DT,62,2015
Will Johnson,PIT,FB,77,2015
Mike Mitchell,PIT,FS,83,2015
Robert Golden,PIT,FS,65,2015
LeGarrette Blount,PIT,HB,83,2015
Le'Veon Bell,PIT,HB,82,2015
Tauren Poole,PIT,HB,67,2015
Dri Archer,PIT,HB,65,2015
Miguel Maysonet,PIT,HB,64,2015
Alvester Alexander,PIT,HB,60,2015
Shaun Suisham,PIT,K,83,2015
Cameron Heyward,PIT,LE,84,2015
Stephon Tuitt,PIT,LE,74,2015
Ramon Foster,PIT,LG,85,2015
Bryant Browning,PIT,LG,69,2015
David Snow,PIT,LG,69,2015
Arthur Moats,PIT,LOLB,74,2015
Chris Carter,PIT,LOLB,70,2015
Jordan Zumwalt,PIT,LOLB,64,2015
Kelvin Beachum,PIT,LT,73,2015
Guy Whimper,PIT,LT,65,2015
Lawrence Timmons,PIT,MLB,88,2015
Ryan Shazier,PIT,MLB,74,2015
Vince Williams,PIT,MLB,73,2015
Sean Spence,PIT,MLB,66,2015
Kion Wilson,PIT,MLB,65,2015
Terence Garvin,PIT,MLB,62,2015
Adam Podlesh,PIT,P,65,2015
Brad Wing,PIT,P,64,2015
Ben Roethlisberger,PIT,QB,90,2015
Bruce Gradkowski,PIT,QB,73,2015
Landry Jones,PIT,QB,68,2015
Nick Williams,PIT,RE,65,2015
David DeCastro,PIT,RG,85,2015
Wesley Johnson,PIT,RG,69,2015
Jason Worilds,PIT,ROLB,84,2015
Jarvis Jones,PIT,ROLB,74,2015
Vic So'oto,PIT,ROLB,66,2015
Marcus Gilbert,PIT,RT,80,2015
Mike Adams,PIT,RT,78,2015
Troy Polamalu,PIT,SS,93,2015
Will Allen,PIT,SS,77,2015
Shamarko Thomas,PIT,SS,77,2015
Heath Miller,PIT,TE,85,2015
Matt Spaeth,PIT,TE,76,2015
Michael Palmer,PIT,TE,70,2015
Rob Blanchflower,PIT,TE,68,2015
David Paulson,PIT,TE,68,2015
Antonio Brown,PIT,WR,92,2015
Lance Moore,PIT,WR,80,2015
Markus Wheaton,PIT,WR,73,2015
Darrius Heyward-Bey,PIT,WR,72,2015
Martavis Bryant,PIT,WR,66,2015
Danny Coale,PIT,WR,63,2015
Justin Brown,PIT,WR,62,2015
Derek Moye,PIT,WR,62,2015
Kashif Moore,PIT,WR,57,2015
Chris Myers,HOU,C,88,2015
Johnathan Joseph,HOU,CB,88,2015
Kareem Jackson,HOU,CB,81,2015
Brandon Harris,HOU,CB,72,2015
Elbert Mack,HOU,CB,69,2015
Andre Hal,HOU,CB,66,2015
A.J. Bouye,HOU,CB,65,2015
Josh Victorian,HOU,CB,64,2015
Louis Nix III,HOU,DT,74,2015
Jerrell Powe,HOU,DT,72,2015
Brad Smelley,HOU,FB,71,2015
Jay Prosch,HOU,FB,70,2015
Chris Clemons,HOU,FS,81,2015
Kendrick Lewis,HOU,FS,80,2015
Shiloh Keo,HOU,FS,75,2015
Jawanza Starling,HOU,FS,66,2015
Lonnie Ballentine,HOU,FS,65,2015
Arian Foster,HOU,HB,91,2015
Andre Brown,HOU,HB,78,2015
Dennis Johnson,HOU,HB,71,2015
Jonathan Grimes,HOU,HB,68,2015
Alfred Blue,HOU,HB,65,2015
Randy Bullock,HOU,K,61,2015
J.J. Watt,HOU,LE,99,2015
Jared Crick,HOU,LE,71,2015
Ricardo Mathews,HOU,LE,71,2015
Xavier Su'a-Filo,HOU,LG,76,2015
Ben Jones,HOU,LG,73,2015
Alex Kupper,HOU,LG,62,2015
Whitney Mercilus,HOU,LOLB,72,2015
Duane Brown,HOU,LT,93,2015
Will Yeatman,HOU,LT,67,2015
David Quessenberry,HOU,LT,66,2015
Brian Cushing,HOU,MLB,91,2015
Brooks Reed,HOU,MLB,78,2015
Jeff Tarpinian,HOU,MLB,69,2015
Mike Mohamed,HOU,MLB,63,2015
Justin Tuggle,HOU,MLB,63,2015
Paul Hazel,HOU,MLB,61,2015
Shane Lechler,HOU,P,92,2015
Ryan Fitzpatrick,HOU,QB,80,2015
Case Keenum,HOU,QB,78,2015
Tom Savage,HOU,QB,70,2015
Tim Jamison,HOU,RE,74,2015
Jeoffrey Pagan,HOU,RE,64,2015
Brandon Brooks,HOU,RG,83,2015
Cody White,HOU,RG,65,2015
Jadeveon Clowney,HOU,ROLB,83,2015
Ricky Sapp,HOU,ROLB,65,2015
Trevardo Williams,HOU,ROLB,63,2015
Derek Newton,HOU,RT,73,2015
Brennan Williams,HOU,RT,71,2015
D.J. Swearinger,HOU,SS,76,2015
Eddie Pleasant,HOU,SS,72,2015
Garrett Graham,HOU,TE,76,2015
Ryan Griffin,HOU,TE,75,2015
C.J. Fiedorowicz,HOU,TE,72,2015
Zach Potter,HOU,TE,66,2015
Jonathan Weeks,HOU,TE,49,2015
Andre Johnson,HOU,WR,95,2015
DeAndre Hopkins,HOU,WR,75,2015
Mike Thomas,HOU,WR,73,2015
Keshawn Martin,HOU,WR,71,2015
DeVier Posey,HOU,WR,68,2015
Alan Bonner,HOU,WR,62,2015
Brian Schwenke,TEN,C,72,2015
Tyler Horn,TEN,C,63,2015
Jason McCourty,TEN,CB,89,2015
Coty Sensabaugh,TEN,CB,73,2015
Blidi Wreh-Wilson,TEN,CB,73,2015
Tommie Campbell,TEN,CB,70,2015
Khalid Wooten,TEN,CB,68,2015
Marc Anthony,TEN,CB,66,2015
Micah Pellerin,TEN,CB,65,2015
Jurrell Casey,TEN,DT,93,2015
Sammie Hill,TEN,DT,79,2015
Antonio Johnson,TEN,DT,74,2015
Chigbo Anunoby,TEN,DT,62,2015
Collin Mooney,TEN,FB,74,2015
Michael Griffin,TEN,FS,82,2015
Daimion Stafford,TEN,FS,69,2015
Shonn Greene,TEN,HB,77,2015
Jackie Battle,TEN,HB,74,2015
Leon Washington,TEN,HB,74,2015
Bishop Sankey,TEN,HB,73,2015
Maikon Bonani,TEN,K,59,2015
Derrick Morgan,TEN,LE,86,2015
Ropati Pitoitua,TEN,LE,76,2015
Lavar Edwards,TEN,LE,67,2015
DaQuan Jones,TEN,LE,66,2015
Andy Levitre,TEN,LG,92,2015
Chris Spencer,TEN,LG,76,2015
Akeem Ayers,TEN,LOLB,84,2015
Patrick Bailey,TEN,LOLB,67,2015
Zaviar Gooden,TEN,LOLB,65,2015
Michael Roos,TEN,LT,89,2015
Jeff Adams,TEN,LT,63,2015
Colin McCarthy,TEN,MLB,76,2015
Zach Brown,TEN,MLB,75,2015
Wesley Woodyard,TEN,MLB,75,2015
Moise Fokou,TEN,MLB,68,2015
Avery Williamson,TEN,MLB,68,2015
Brett Kern,TEN,P,80,2015
Jake Locker,TEN,QB,75,2015
Charlie Whitehurst,TEN,QB,73,2015
Zach Mettenberger,TEN,QB,68,2015
Tyler Wilson,TEN,QB,67,2015
Karl Klug,TEN,RE,77,2015
Mike Martin,TEN,RE,75,2015
Al Woods,TEN,RE,73,2015
Chance Warmack,TEN,RG,79,2015
Eric Olsen,TEN,RG,69,2015
Shaun Phillips,TEN,ROLB,80,2015
Kamerion Wimbley,TEN,ROLB,74,2015
Taylor Lewan,TEN,RT,79,2015
Michael Oher,TEN,RT,76,2015
Byron Stingily,TEN,RT,70,2015
Bernard Pollard,TEN,SS,87,2015
George Wilson,TEN,SS,81,2015
Marqueston Huff,TEN,SS,66,2015
Delanie Walker,TEN,TE,84,2015
Craig Stevens,TEN,TE,76,2015
Taylor Thompson,TEN,TE,72,2015
Beau Brinkley,TEN,TE,53,2015
Kendall Wright,TEN,WR,86,2015
Nate Washington,TEN,WR,83,2015
Dexter McCluster,TEN,WR,78,2015
Justin Hunter,TEN,WR,75,2015
Derek Hagan,TEN,WR,71,2015
Marc Mariani,TEN,WR,69,2015
Michael Preston,TEN,WR,66,2015
Brian Robiskie,TEN,WR,66,2015
John Sullivan,MIN,C,92,2015
Josh Samuda,MIN,C,65,2015
Captain Munnerlyn,MIN,CB,86,2015
Xavier Rhodes,MIN,CB,79,2015
Derek Cox,MIN,CB,76,2015
Josh Robinson,MIN,CB,74,2015
Shaun Prater,MIN,CB,70,2015
Marcus Sherels,MIN,CB,70,2015
Antone Exum,MIN,CB,69,2015
Kendall James,MIN,CB,68,2015
Jabari Price,MIN,CB,67,2015
Robert Steeples,MIN,CB,65,2015
Linval Joseph,MIN,DT,86,2015
Sharrif Floyd,MIN,DT,77,2015
Fred Evans,MIN,DT,75,2015
Tom Johnson,MIN,DT,71,2015
Chase Baker,MIN,DT,65,2015
Kheeston Randall,MIN,DT,64,2015
Shamar Stephen,MIN,DT,63,2015
Jerome Felton,MIN,FB,88,2015
Zach Line,MIN,FB,70,2015
Harrison Smith,MIN,FS,84,2015
Andrew Sendejo,MIN,FS,73,2015
Kurt Coleman,MIN,FS,72,2015
Robert Blanton,MIN,FS,70,2015
Adrian Peterson,MIN,HB,98,2015
Joe Banyard,MIN,HB,69,2015
Matt Asiata,MIN,HB,66,2015
Jerick McKinnon,MIN,HB,66,2015
Blair Walsh,MIN,K,81,2015
Brian Robison,MIN,LE,86,2015
Scott Crichton,MIN,LE,73,2015
Justin Trattou,MIN,LE,65,2015
Charlie Johnson,MIN,LG,78,2015
David Yankey,MIN,LG,72,2015
Jeff Baca,MIN,LG,71,2015
Anthony Barr,MIN,LOLB,75,2015
Larry Dean,MIN,LOLB,64,2015
Dom DeCicco,MIN,LOLB,64,2015
Matt Kalil,MIN,LT,80,2015
Antonio Richardson,MIN,LT,67,2015
Mike Remmers,MIN,LT,64,2015
Jasper Brinkley,MIN,MLB,76,2015
Audie Cole,MIN,MLB,67,2015
Michael Mauti,MIN,MLB,66,2015
Mike Zimmer,MIN,MLB,59,2015
Jeff Locke,MIN,P,64,2015
Matt Cassel,MIN,QB,78,2015
Teddy Bridgewater,MIN,QB,77,2015
Christian Ponder,MIN,QB,77,2015
Everson Griffen,MIN,RE,83,2015
Corey Wootton,MIN,RE,74,2015
Brandon Fusco,MIN,RG,84,2015
Joe Berger,MIN,RG,75,2015
Vladimir Ducasse,MIN,RG,73,2015
Chad Greenway,MIN,ROLB,83,2015
Gerald Hodges,MIN,ROLB,70,2015
Brandon Watts,MIN,ROLB,60,2015
Phil Loadholt,MIN,RT,90,2015
Jamarca Sanford,MIN,SS,79,2015
Mistral Raymond,MIN,SS,75,2015
Kyle Rudolph,MIN,TE,84,2015
Rhett Ellison,MIN,TE,77,2015
Allen Reisner,MIN,TE,72,2015
Chase Ford,MIN,TE,67,2015
Cullen Loeffler,MIN,TE,67,2015
A.C. Leonard,MIN,TE,66,2015
Greg Jennings,MIN,WR,84,2015
Cordarrelle Patterson,MIN,WR,82,2015
Jerome Simpson,MIN,WR,78,2015
Jarius Wright,MIN,WR,74,2015
Lestar Jean,MIN,WR,68,2015
Rodney Smith,MIN,WR,61,2015
Kenneth Acker,SF,CB,64,2016
Busta Anderson,SF,TE,64,2016
Dres Anderson,SF,WR,65,2016
Arik Armstead,SF,LE,72,2016
Blake Bell,SF,TE,65,2016
Nick Bellore,SF,MLB,67,2016
Antoine Bethea,SF,SS,91,2016
Desmond Bishop,SF,MLB,76,2016
Anquan Boldin,SF,WR,88,2016
Alex Boone,SF,RG,88,2016
NaVorro Bowman,SF,MLB,93,2016
Tramaine Brock,SF,CB,80,2016
Ahmad Brooks,SF,LOLB,80,2016
Trent Brown,SF,LG,60,2016
Reggie Bush,SF,HB,80,2016
Tank Carradine,SF,LE,77,2016
Derek Carrier,SF,TE,69,2016
Garrett Celek,SF,TE,72,2016
Asante Cleveland,SF,TE,68,2016
Chris Cook,SF,CB,79,2016
Marcus Cromartie,SF,CB,61,2016
Craig Dahl,SF,SS,74,2016
Mike Davis,SF,HB,71,2016
Vernon Davis,SF,TE,84,2016
Phil Dawson,SF,K,91,2016
Quinton Dial,SF,DT,76,2016
Darnell Dockett,SF,RE,82,2016
Glenn Dorsey,SF,DT,78,2016
Bruce Ellington,SF,WR,68,2016
Dillon Farrell,SF,C,65,2016
Blaine Gabbert,SF,QB,72,2016
Eli Harold,SF,ROLB,66,2016
Kendall Hunter,SF,HB,74,2016
Carlos Hyde,SF,HB,77,2016
Tony Jerod-Eddie,SF,LE,76,2016
Dontae Johnson,SF,CB,74,2016
Colin Kaepernick,SF,QB,81,2016
Daniel Kilgore,SF,C,79,2016
Corey Lemonier,SF,ROLB,71,2016
Joe Looney,SF,RG,68,2016
Aaron Lynch,SF,LOLB,79,2016
Marcus Martin,SF,C,72,2016
L.J. McCray,SF,FS,63,2016
Vance McDonald,SF,TE,78,2016
Leon McFadden,SF,CB,71,2016
Trey Millard,SF,FB,65,2016
Bruce Miller,SF,FB,88,2016
Nick Moody,SF,MLB,68,2016
Kyle Nelson,SF,TE,50,2016
Lawrence Okoye,SF,RE,50,2016
Quinton Patton,SF,WR,71,2016
Erik Pears,SF,RT,72,2016
Bradley Pinion,SF,P,51,2016
Kaleb LARey,SF,LE,64,2016
Keith Reaser,SF,CB,65,2016
Eric Reid,SF,FS,81,2016
Ian Silberman,SF,RT,64,2016
Jerome Simpson,SF,WR,74,2016
DeAndre Smelter,SF,WR,67,2016
Aldon Smith,SF,ROLB,89,2016
Torrey Smith,SF,WR,86,2016
Joe Staley,SF,LT,94,2016
Jaquiski Tartt,SF,SS,69,2016
Brandon Thomas,SF,LG,73,2016
Dylan Thompson,SF,QB,64,2016
Andrew Tiller,SF,RG,63,2016
Jimmie Ward,SF,FS,73,2016
Philip Wheeler,SF,MLB,76,2016
DeAndrew White,SF,WR,66,2016
Michael Wilhoite,SF,MLB,75,2016
Ian Williams,SF,DT,80,2016
Shareece Wright,SF,CB,74,2016
Sam Acho,CHI,MLB,73,2016
Jared Allen,CHI,ROLB,79,2016
Adrian Amos,CHI,FS,66,2016
Blake Annen,CHI,TE,65,2016
Alan Ball,CHI,CB,79,2016
David Bass,CHI,LOLB,64,2016
Joshua Bellamy,CHI,WR,68,2016
Martellus Bennett,CHI,TE,90,2016
Conor Boffeli,CHI,RG,68,2016
Jon Bostic,CHI,MLB,75,2016
Jermon Bushrod,CHI,LT,79,2016
Bryce Callahan,CHI,CB,66,2016
Shane Carden,CHI,QB,65,2016
Ka'Deem Carey,CHI,HB,74,2016
John Chiles,CHI,WR,66,2016
Jimmy Clausen,CHI,QB,72,2016
Jay Cutler,CHI,QB,79,2016
Pat Devlin,CHI,QB,65,2016
Vladimir Ducasse,CHI,RG,72,2016
Brandon Dunn,CHI,LE,61,2016
Tayo Fabuluje,CHI,RT,61,2016
David Fales,CHI,QB,66,2016
Ego Ferguson,CHI,RE,69,2016
Matt Forte,CHI,HB,90,2016
Mason Foster,CHI,MLB,76,2016
Kyle Fuller,CHI,CB,78,2016
Thomas Gafford,CHI,TE,69,2016
Eddie Goldman,CHI,DT,70,2016
Robbie Gould,CHI,K,88,2016
Hroniss Grasu,CHI,C,69,2016
Ryan Groy,CHI,LG,71,2016
Lamarr Houston,CHI,LOLB,77,2016
Demontre Hurst,CHI,CB,68,2016
Anthony Jefferson,CHI,SS,67,2016
Alshon Jeffery,CHI,WR,90,2016
Jarvis Jenkins,CHI,LE,72,2016
Tim Jennings,CHI,CB,86,2016
Christian Jones,CHI,MLB,65,2016
Jeremy Langford,CHI,HB,71,2016
DeDe Lattimore,CHI,MLB,61,2016
Charles Leno,CHI,LT,65,2016
Kyle Long,CHI,RG,88,2016
Al Louis-Jean,CHI,CB,61,2016
Marc Mariani,CHI,WR,69,2016
Shea McClellin,CHI,ROLB,78,2016
Sherrick McManis,CHI,CB,67,2016
Pernell McPhee,CHI,LOLB,87,2016
Zach Miller,CHI,TE,71,2016
Jordan Mills,CHI,RT,74,2016
Terrance Mitchell,CHI,CB,66,2016
Will Montgomery,CHI,C,84,2016
Ryan Mundy,CHI,SS,81,2016
Pat O'Donnell,CHI,P,73,2016
Michael Ola,CHI,LG,74,2016
Chris Pantale,CHI,TE,64,2016
Bear Pascoe,CHI,FB,82,2016
Senorise Perry,CHI,HB,64,2016
Olsen Pierre,CHI,RE,59,2016
Tracy Porter,CHI,CB,73,2016
Jeremiah Ratliff,CHI,LE,85,2016
Jacquizz Rodgers,CHI,HB,76,2016
Antrel Rolle,CHI,SS,81,2016
Dante Rosario,CHI,TE,72,2016
Eddie Royal,CHI,WR,81,2016
Matt Slauson,CHI,LG,84,2016
Will Sutton,CHI,DT,72,2016
Brock Vereen,CHI,FS,75,2016
Cornelius Washington,CHI,ROLB,69,2016
Jason Weaver,CHI,RT,68,2016
Kevin White,CHI,WR,78,2016
Marquess Wilson,CHI,WR,73,2016
Willie Young,CHI,LOLB,72,2016
Mario Alford,CIN,WR,62,2016
Geno Atkins,CIN,DT,89,2016
Giovani Bernard,CIN,HB,84,2016
Russell Bodine,CIN,C,75,2016
Clint Boling,CIN,LG,84,2016
Vontaze Burfict,CIN,ROLB,86,2016
Rex Burkhead,CIN,HB,72,2016
Chris Carter,CIN,ROLB,70,2016
Will Clarke,CIN,RE,69,2016
Andy Dalton,CIN,QB,80,2016
P.J. Dawson,CIN,ROLB,72,2016
Darqueze Dennard,CIN,CB,76,2016
Jayson DiManche,CIN,LOLB,70,2016
Carlos Dunlap,CIN,LE,88,2016
Tyler Eifert,CIN,TE,81,2016
Jake Fisher,CIN,RT,72,2016
Marquis Flowers,CIN,LOLB,66,2016
Kwame Geathers,CIN,DT,69,2016
Brandon Ghee,CIN,CB,70,2016
Wallace Gilberry,CIN,RE,74,2016
A.J. Green,CIN,WR,92,2016
Leon Hall,CIN,CB,86,2016
Cobi Hamilton,CIN,WR,67,2016
Marcus Hardison,CIN,DT,64,2016
Clark Harris,CIN,TE,64,2016
A.J. Hawk,CIN,MLB,77,2016
Tanner Hawkinson,CIN,RT,70,2016
Ryan Hewitt,CIN,FB,84,2016
Jeremy Hill,CIN,HB,86,2016
Trey Hopkins,CIN,RG,65,2016
Kevin Huber,CIN,P,82,2016
Margus Hunt,CIN,LE,73,2016
George Iloka,CIN,SS,86,2016
Josh Johnson,CIN,QB,69,2016
Michael Johnson,CIN,RE,81,2016
Nico Johnson,CIN,MLB,73,2016
T.J. Johnson,CIN,C,67,2016
Adam Jones,CIN,CB,81,2016
Marvin Jones,CIN,WR,78,2016
Shiloh Keo,CIN,FS,74,2016
Dre Kirkpatrick,CIN,CB,77,2016
Tyler Kroft,CIN,TE,70,2016
Emmanuel Lamur,CIN,LOLB,74,2016
Chris Lewis-Harris,CIN,CB,68,2016
Rey Maualuga,CIN,MLB,83,2016
Onterio McCalebb,CIN,CB,60,2016
A.J. McCarron,CIN,QB,72,2016
Sam Montgomery,CIN,LOLB,65,2016
Denarius Moore,CIN,WR,73,2016
Jake Murphy,CIN,TE,68,2016
Reggie Nelson,CIN,FS,86,2016
Mike Nugent,CIN,K,76,2016
Cedric Ogbuehi,CIN,LT,73,2016
Cedric Peerman,CIN,HB,72,2016
Domata Peko,CIN,DT,72,2016
Sean Porter,CIN,ROLB,70,2016
Terrelle Pryor,CIN,QB,65,2016
Tevin Reese,CIN,WR,61,2016
Vincent Rey,CIN,ROLB,78,2016
Mohamed Sanu,CIN,WR,79,2016
Josh Shaw,CIN,CB,68,2016
Pat Sims,CIN,DT,75,2016
Andre Smith,CIN,RT,85,2016
Derron Smith,CIN,FS,67,2016
Devon Still,CIN,DT,73,2016
Brandon Tate,CIN,WR,72,2016
Brandon Thompson,CIN,DT,69,2016
C.J. Uzomah,CIN,TE,63,2016
Andrew Whitworth,CIN,LT,95,2016
James Wilder Jr.,CIN,HB,63,2016
Shawn Williams,CIN,SS,74,2016
Eric Winston,CIN,RT,75,2016
James Wright,CIN,WR,67,2016
Kevin Zeitler,CIN,RG,89,2016
Nigel Bradham,BUF,LOLB,83,2016
Ron Brooks,BUF,CB,69,2016
Bryce Brown,BUF,HB,72,2016
Justin Brown,BUF,WR,63,2016
Preston Brown,BUF,MLB,78,2016
Corbin Bryant,BUF,DT,69,2016
Mario Butler,BUF,CB,67,2016
William Campbell,BUF,RG,67,2016
Dan Carpenter,BUF,K,89,2016
Alex Carrington,BUF,LE,72,2016
Matt Cassel,BUF,QB,75,2016
Stefan Charles,BUF,DT,70,2016
Charles Clay,BUF,TE,86,2016
Ross Cockrell,BUF,CB,73,2016
John Conner,BUF,FB,77,2016
Ronald Darby,BUF,CB,70,2016
Marcell Dareus,BUF,DT,94,2016
Boobie Dixon,BUF,HB,72,2016
Marcus Easley,BUF,WR,68,2016
Jerome Felton,BUF,FB,88,2016
Jimmy Gaines,BUF,MLB,64,2016
Jordan Gay,BUF,K,66,2016
Stephon Gilmore,BUF,CB,86,2016
Cordy Glenn,BUF,LT,86,2016
Marquise Goodwin,BUF,WR,68,2016
Chris Gragg,BUF,TE,72,2016
Corey Graham,BUF,CB,84,2016
MarQueis Gray,BUF,FB,65,2016
Justin Hamilton,BUF,DT,64,2016
Percy Harvin,BUF,WR,86,2016
Seantrel Henderson,BUF,RT,76,2016
Chris Hogan,BUF,WR,72,2016
Andrew Hudson,BUF,LOLB,56,2016
Jerry Hughes,BUF,RE,85,2016
Richie Incognito,BUF,RG,79,2016
Fred Jackson,BUF,HB,82,2016
Randell Johnson,BUF,ROLB,69,2016
Cyrus Kouandjio,BUF,RT,67,2016
Alex Kupper,BUF,LG,70,2016
Kenny Ladler,BUF,FS,63,2016
Manny Lawson,BUF,RE,77,2016
Dezmin Lewis,BUF,WR,67,2016
E.J. Manuel,BUF,QB,73,2016
LeSean McCoy,BUF,HB,88,2016
Leodis McKelvin,BUF,CB,80,2016
Jonathan Meeks,BUF,SS,65,2016
John Miller,BUF,LG,71,2016
Nick O'Leary,BUF,TE,69,2016
Tobais Palmer,BUF,WR,59,2016
Ty Powell,BUF,MLB,63,2016
Bacarri Rambo,BUF,SS,74,2016
Cyril Richardson,BUF,LG,64,2016
Nickell Robey,BUF,CB,74,2016
Garrison Sanborn,BUF,C,57,2016
Colton Schmidt,BUF,P,66,2016
Matt Simms,BUF,QB,63,2016
Tony Steward,BUF,ROLB,65,2016
Rod Sweeting,BUF,CB,67,2016
A.J. Tarpley,BUF,ROLB,64,2016
Tyrod Taylor,BUF,QB,72,2016
Marcus Thigpen,BUF,WR,61,2016
Deonte Thompson,BUF,WR,65,2016
Kraig Urbik,BUF,C,75,2016
Sammy Watkins,BUF,WR,85,2016
Aaron Williams,BUF,SS,79,2016
Chris Williams,BUF,RG,75,2016
Duke Williams,BUF,FS,76,2016
Karlos Williams,BUF,HB,69,2016
Kyle Williams,BUF,DT,93,2016
Mario Williams,BUF,LE,90,2016
Eric Wood,BUF,C,80,2016
Robert Woods,BUF,WR,80,2016
Jarius Wynn,BUF,LE,77,2016
C.J. Anderson,DEN,HB,85,2016
Marvin Austin Jr.,DEN,DT,72,2016
Montee Ball,DEN,HB,76,2016
Lamin Barrow,DEN,MLB,65,2016
Connor Barth,DEN,K,82,2016
Kapri Bibbs,DEN,HB,65,2016
Omar Bolden,DEN,FS,72,2016
Aaron Brewer,DEN,TE,53,2016
David Bruton Jr.,DEN,FS,77,2016
Isaiah Burse,DEN,WR,63,2016
Josh Bush,DEN,SS,71,2016
Andre Caldwell,DEN,WR,74,2016
Tony Carter,DEN,CB,73,2016
James Casey,DEN,FB,80,2016
Ryan Clady,DEN,LT,83,2016
Chris Clark,DEN,RT,79,2016
Britton Colquitt,DEN,P,76,2016
Owen Daniels,DEN,TE,80,2016
Andre Davis,DEN,LG,64,2016
Todd Davis,DEN,MLB,62,2016
Lorenzo Doss,DEN,CB,65,2016
Zac Dysert,DEN,QB,67,2016
Bennie Fowler,DEN,WR,66,2016
Josh Furman,DEN,SS,65,2016
Max Garcia,DEN,C,65,2016
Ben Garland,DEN,RG,69,2016
Gino Gradkowski,DEN,C,70,2016
Virgil Green,DEN,TE,82,2016
Ryan Harris,DEN,LT,76,2016
Chris Harris Jr.,DEN,CB,94,2016
Jeff Heuerman,DEN,TE,71,2016
Ronnie Hillman,DEN,HB,74,2016
Malik Jackson,DEN,RE,84,2016
Marcel Jensen,DEN,TE,66,2016
Steven Johnson,DEN,MLB,67,2016
Dominique Jones,DEN,TE,71,2016
Darius Kilgo,DEN,DT,62,2016
Cody Latimer,DEN,WR,73,2016
Peyton Manning,DEN,QB,92,2016
Curtis Marsh,DEN,CB,69,2016
Brandon Marshall,DEN,MLB,84,2016
Lerentee McCray,DEN,LOLB,69,2016
Brandon McManus,DEN,K,72,2016
Von Miller,DEN,LOLB,97,2016
Corey Nelson,DEN,MLB,60,2016
Taurean Nixon,DEN,CB,61,2016
Jordan Norwood,DEN,WR,64,2016
Brock Osweiler,DEN,QB,73,2016
Nathan Palmer,DEN,WR,63,2016
Matt Paradis,DEN,C,63,2016
Solomon Patton,DEN,WR,56,2016
Shane Ray,DEN,ROLB,72,2016
Gerald Rivers,DEN,RE,62,2016
Bradley Roby,DEN,CB,79,2016
Ty Sambrailo,DEN,LT,66,2016
Emmanuel Sanders,DEN,WR,89,2016
Michael Schofield,DEN,RT,69,2016
Trevor Siemian,DEN,QB,64,2016
Antonio Smith,DEN,RE,77,2016
Shelley Smith,DEN,LG,75,2016
Darian Stewart,DEN,FS,85,2016
Jeremy Stewart,DEN,HB,70,2016
Aqib Talib,DEN,CB,90,2016
Demaryius Thomas,DEN,WR,93,2016
Juwan Thompson,DEN,HB,72,2016
Danny Trevathan,DEN,MLB,79,2016
Louis Vasquez,DEN,RG,86,2016
Reggie Walker,DEN,MLB,66,2016
Vance Walker,DEN,LE,76,2016
T.J. Ward,DEN,SS,87,2016
DeMarcus Ware,DEN,ROLB,83,2016
Kayvon Webster,DEN,CB,73,2016
Kyle Williams,DEN,WR,68,2016
Sylvester Williams,DEN,DT,76,2016
Derek Wolfe,DEN,LE,82,2016
Johnson Bademosi,CLE,SS,71,2016
Gary Barnidge,CLE,TE,76,2016
Karim Barton,CLE,RG,60,2016
Travis Benjamin,CLE,WR,72,2016
Emmanuel Bibbs,CLE,TE,66,2016
Joel Bitonio,CLE,LG,91,2016
Dwayne Bowe,CLE,WR,83,2016
Michael Bowie,CLE,RT,73,2016
Armonty Bryant,CLE,LOLB,64,2016
Desmond Bryant,CLE,RE,79,2016
Ibraheim Campbell,CLE,SS,67,2016
Tank Carder,CLE,MLB,67,2016
Kevin Cone,CLE,WR,64,2016
Xavier Cooper,CLE,LE,65,2016
Isaiah Crowell,CLE,HB,74,2016
Karlos Dansby,CLE,MLB,90,2016
Pierre Desir,CLE,CB,68,2016
Shaun Draughn,CLE,HB,71,2016
Jim Dray,CLE,TE,74,2016
Ifo Ekpre-Olomu,CLE,CB,70,2016
Cameron Erving,CLE,C,73,2016
Darius Eubanks,CLE,MLB,62,2016
Taylor Gabriel,CLE,WR,75,2016
Charles Gaines,CLE,CB,62,2016
Justin Gilbert,CLE,CB,77,2016
Tashaun Gipson,CLE,FS,89,2016
Josh Gordon,CLE,WR,87,2016
John Greco,CLE,RG,86,2016
Joe Haden,CLE,CB,90,2016
Brian Hartline,CLE,WR,78,2016
Andrew Hawkins,CLE,WR,80,2016
Rob Housler,CLE,TE,71,2016
John Hughes,CLE,RE,78,2016
Charley Hughlett,CLE,TE,51,2016
Kendall James,CLE,CB,67,2016
Duke Johnson,CLE,HB,73,2016
Malcolm Johnson,CLE,FB,63,2016
Chris Kirksey,CLE,MLB,72,2016
Ishmaa'ily Kitchen,CLE,DT,71,2016
Paul Kruger,CLE,ROLB,88,2016
Andy Lee,CLE,P,89,2016
Josh Lenz,CLE,WR,60,2016
Thad Lewis,CLE,QB,69,2016
Alex Mack,CLE,C,89,2016
Johnny Manziel,CLE,QB,71,2016
Vince Mayle,CLE,WR,70,2016
Josh McCown,CLE,QB,72,2016
Andrew McDonald,CLE,RT,70,2016
Barkevious Mingo,CLE,LOLB,82,2016
Marlon Moore,CLE,WR,68,2016
Robert Nelson,CLE,CB,64,2016
Nate Orchard,CLE,ROLB,68,2016
Vinston Painter,CLE,LG,70,2016
Micah Pellerin,CLE,SS,60,2016
Jordan Poyer,CLE,FS,69,2016
Hayes Pullard,CLE,MLB,62,2016
Craig Robertson,CLE,MLB,79,2016
Mitchell Schwartz,CLE,RT,77,2016
Ryan Seymour,CLE,LT,62,2016
Connor Shaw,CLE,QB,64,2016
Danny Shelton,CLE,DT,75,2016
Rodney Smith,CLE,WR,62,2016
Scott Solomon,CLE,ROLB,69,2016
Carey Spear,CLE,K,57,2016
Randy Starks,CLE,LE,79,2016
Phil Taylor,CLE,DT,80,2016
Randall Telfer,CLE,TE,66,2016
Joe Thomas,CLE,LT,95,2016
Terrance West,CLE,HB,73,2016
Donte Whitner,CLE,SS,90,2016
K'Waun Williams,CLE,CB,80,2016
Tramon Williams,CLE,CB,84,2016
Billy Winn,CLE,LE,77,2016
Glenn Winston,CLE,HB,64,2016
Kwon Alexander,TB,ROLB,63,2016
Josh Allen,TB,C,62,2016
Johnthan Banks,TB,CB,77,2016
Kenny Bell,TB,WR,66,2016
Cameron Brate,TB,FB,63,2016
Dominique Brown,TB,HB,66,2016
Bruce Carter,TB,LOLB,78,2016
Kaelin Clay,TB,WR,60,2016
Chris Conte,TB,FS,75,2016
Lavonte David,TB,ROLB,91,2016
Larry Dean,TB,ROLB,65,2016
Andrew DePaola,TB,TE,61,2016
Brandon Dixon,TB,CB,67,2016
Demar Dotson,TB,LT,80,2016
Kadeem Edwards,TB,LG,66,2016
Larry English,TB,RE,72,2016
Mike Evans,TB,WR,87,2016
T.J. Fatinikun,TB,LE,71,2016
Reid Fragel,TB,RT,71,2016
Isaiah Frey,TB,CB,70,2016
William Gholston,TB,LE,73,2016
Garrett Gilkey,TB,C,64,2016
Mike Glennon,TB,QB,73,2016
Khaseem Greene,TB,MLB,66,2016
Chris Hackett,TB,FS,64,2016
Rannell Hall,TB,WR,64,2016
Robert Herron,TB,WR,67,2016
Joey Iosefa,TB,FB,65,2016
Vincent Jackson,TB,WR,86,2016
Mike James,TB,HB,72,2016
Mike Jenkins,TB,CB,75,2016
George Johnson,TB,RE,75,2016
Leonard Johnson,TB,CB,73,2016
Tavarres King,TB,WR,64,2016
Michael Koenen,TB,P,68,2016
Jorvorskie Lane,TB,FB,75,2016
Spencer Lanning,TB,P,69,2016
Danny Lansanah,TB,MLB,79,2016
Orie Lemon,TB,MLB,68,2016
Seth Lobato,TB,QB,59,2016
Logan Mankins,TB,LG,86,2016
Ali Marpet,TB,RG,70,2016
Doug Martin,TB,HB,78,2016
Matthew Masifilo,TB,DT,68,2016
Gerald McCoy,TB,DT,95,2016
Clinton McDonald,TB,DT,79,2016
Bradley McDougald,TB,SS,74,2016
Henry Melton,TB,DT,83,2016
Sterling Moore,TB,CB,78,2016
Louis Murphy Jr.,TB,WR,74,2016
Patrick Murray,TB,K,71,2016
Brandon Myers,TB,TE,74,2016
Patrick Omameh,TB,RG,73,2016
Kevin Pamphile,TB,RT,75,2016
Bobby Rainey,TB,HB,75,2016
Evan Rodriguez,TB,TE,73,2016
Austin Seferian-Jenkins,TB,TE,76,2016
Russell Shepard,TB,WR,67,2016
Lawrence Sidbury Jr.,TB,RE,72,2016
Charles Sims,TB,HB,72,2016
Donovan Smith,TB,LT,67,2016
Evan Smith,TB,C,79,2016
Jacquies Smith,TB,LE,75,2016
Akeem Spence,TB,DT,73,2016
Luke Stocker,TB,TE,74,2016
D.J. Swearinger,TB,SS,74,2016
Keith Tandy,TB,FS,73,2016
Alterraun Verner,TB,CB,87,2016
Jason Williams,TB,LOLB,67,2016
C.J. Wilson,TB,CB,67,2016
Jameis Winston,TB,QB,81,2016
Major Wright,TB,SS,78,2016
Tim Wright,TB,TE,74,2016
Lorenzo Alexander,ARI,LOLB,76,2016
Justin Bethel,ARI,CB,72,2016
Ted Bolser,ARI,TE,71,2016
Cameron Bradfield,ARI,RT,72,2016
Jaron Brown,ARI,WR,74,2016
John Brown,ARI,WR,79,2016
Deone Bucannon,ARI,SS,77,2016
Drew Butler,ARI,P,73,2016
Calais Campbell,ARI,LE,95,2016
D.J. Campbell,ARI,SS,69,2016
Glenn Carson,ARI,MLB,63,2016
Chandler Catanzaro,ARI,K,83,2016
Gerald Christian,ARI,TE,65,2016
Chris Clemons,ARI,FS,78,2016
Jonathan Cooper,ARI,RG,77,2016
Kenny Demens,ARI,MLB,68,2016
Alfonzo Dennard,ARI,CB,78,2016
Andre Ellington,ARI,HB,77,2016
Darren Fells,ARI,TE,73,2016
Larry Fitzgerald,ARI,WR,87,2016
Michael Floyd,ARI,WR,86,2016
Brittan Golden,ARI,WR,64,2016
Markus Golden,ARI,ROLB,64,2016
Marion Grice,ARI,HB,70,2016
Rodney Gunter,ARI,LE,59,2016
Jon Halapio,ARI,LG,63,2016
Chandler Harnish,ARI,QB,63,2016
Robert Hughes,ARI,HB,64,2016
D.J. Humphries,ARI,RT,74,2016
Mike Iupati,ARI,LG,88,2016
Tony Jefferson,ARI,SS,77,2016
David Johnson,ARI,HB,70,2016
Rashad Johnson,ARI,FS,77,2016
Ted Larsen,ARI,C,76,2016
Paul Lasike,ARI,FB,65,2016
Mike Leach,ARI,TE,70,2016
Jimmy Legree,ARI,CB,66,2016
Kareem Martin,ARI,LE,74,2016
Bobby Massie,ARI,RT,79,2016
Tyrann Mathieu,ARI,FS,83,2016
Josh Mauro,ARI,LE,60,2016
Antoine McClain,ARI,RG,65,2016
Kevin Minter,ARI,MLB,78,2016
Ifeanyi Momah,ARI,TE,65,2016
J.J. Nelson,ARI,WR,60,2016
Troy Niklas,ARI,TE,72,2016
Alex Okafor,ARI,LOLB,73,2016
Carson Palmer,ARI,QB,83,2016
Corey Peters,ARI,DT,80,2016
Patrick Peterson,ARI,CB,89,2016
Jerraud Powers,ARI,CB,80,2016
Cory Redding,ARI,RE,80,2016
Shaquille Riddick,ARI,LOLB,61,2016
Frostee Rucker,ARI,RE,82,2016
Darryl Sharpton,ARI,MLB,74,2016
Matt Shaughnessy,ARI,ROLB,79,2016
A.Q. Shipley,ARI,C,77,2016
Damond Smith,ARI,CB,64,2016
Bradley Sowell,ARI,RT,74,2016
Ryan Spadola,ARI,WR,63,2016
Drew Stanton,ARI,QB,73,2016
Anthony Steen,ARI,LG,65,2016
Ed Stinson,ARI,RE,66,2016
Alameda Ta'amu,ARI,DT,73,2016
Stepfan Taylor,ARI,HB,72,2016
Logan Thomas,ARI,QB,68,2016
Jared Veldheer,ARI,LT,90,2016
Daryl Washington,ARI,MLB,84,2016
Earl Watford,ARI,RG,74,2016
Sean Weatherspoon,ARI,MLB,76,2016
Kerwynn Williams,ARI,HB,72,2016
Darren Woodard,ARI,CB,65,2016
LaMarr Woodley,ARI,ROLB,77,2016
Dave Zastudil,ARI,P,78,2016
Jahleel Addae,LAC,SS,77,2016
Keenan Allen,LAC,WR,86,2016
Torrence Allen,LAC,WR,65,2016
Jeremiah Attaochu,LAC,ROLB,73,2016
Joe Barksdale,LAC,RT,80,2016
Donald Brown,LAC,HB,75,2016
Donald Butler,LAC,MLB,78,2016
Ryan Carrethers,LAC,DT,72,2016
Kellen Clemens,LAC,QB,72,2016
Kavell Conner,LAC,MLB,75,2016
Richard Crawford,LAC,CB,68,2016
Chris Davis,LAC,CB,66,2016
Titus Davis,LAC,WR,68,2016
Greg Ducre,LAC,CB,66,2016
King Dunlap,LAC,LT,83,2016
Jahwan Edwards,LAC,HB,66,2016
Kyle Emanuel,LAC,ROLB,63,2016
Brandon Flowers,LAC,CB,89,2016
Malcom Floyd,LAC,WR,83,2016
D.J. Fluker,LAC,RT,81,2016
Orlando Franklin,LAC,LG,90,2016
Antonio Gates,LAC,TE,88,2016
Melvin Gordon,LAC,HB,78,2016
Curtis Grant,LAC,MLB,61,2016
Ladarius Green,LAC,TE,78,2016
Chris Hairston,LAC,LT,74,2016
Javontee Herndon,LAC,WR,68,2016
Melvin Ingram,LAC,ROLB,79,2016
Dontrelle Inman,LAC,WR,71,2016
David Johnson,LAC,FB,78,2016
Stevie Johnson,LAC,WR,83,2016
Jacoby Jones,LAC,WR,75,2016
Josh Lambo,LAC,K,59,2016
Cordarro Law,LAC,LOLB,64,2016
Sean Lissemore,LAC,DT,76,2016
Corey Liuget,LAC,RE,84,2016
Craig Mager,LAC,CB,67,2016
Ricardo Mathews,LAC,LE,75,2016
Kyle Miller,LAC,TE,65,2016
Nick Novak,LAC,K,81,2016
Branden Oliver,LAC,HB,77,2016
Tenny Palepoi,LAC,RE,68,2016
Dave Paulson,LAC,TE,69,2016
Denzel Perryman,LAC,MLB,70,2016
Austin Pettis,LAC,WR,73,2016
Adrian Phillips,LAC,SS,63,2016
John Phillips,LAC,TE,72,2016
Darius Philon,LAC,LE,63,2016
Kendall Reyes,LAC,LE,75,2016
Philip Rivers,LAC,QB,90,2016
Patrick Robinson,LAC,CB,79,2016
Trevor Robinson,LAC,C,72,2016
Mike Scifres,LAC,P,85,2016
Dreamius Smith,LAC,HB,61,2016
Brad Sorensen,LAC,QB,63,2016
Damion Square,LAC,RE,66,2016
Darrell Stuckey,LAC,FS,75,2016
Manti Te'o,LAC,MLB,78,2016
Johnnie Troutman,LAC,RG,70,2016
Colton Underwood,LAC,LOLB,67,2016
Mitch Unrein,LAC,DT,75,2016
Jason Verrett,LAC,CB,82,2016
Chris Watt,LAC,C,73,2016
Eric Weddle,LAC,FS,96,2016
Kenny Wiggins,LAC,RG,70,2016
Steve Williams,LAC,CB,75,2016
Tourek Williams,LAC,LOLB,70,2016
Jimmy Wilson,LAC,SS,74,2016
Mike Windt,LAC,TE,52,2016
Danny Woodhead,LAC,HB,78,2016
Husain Abdullah,KC,FS,81,2016
D.J. Alexander,KC,MLB,56,2016
Jeff Allen,KC,RG,75,2016
Jason Avant,KC,WR,75,2016
Allen Bailey,KC,RE,81,2016
Eric Berry,KC,SS,84,2016
Armon Binns,KC,WR,68,2016
Tyvon Branch,KC,SS,84,2016
Tyler Bray,KC,QB,63,2016
Da'Ron Brown,KC,WR,60,2016
Mike Catapano,KC,RE,68,2016
Jamaal Charles,KC,HB,94,2016
Dustin Colquitt,KC,P,86,2016
Sanders Commings,KC,CB,72,2016
Chris Conley,KC,WR,70,2016
Marcus Cooper,KC,CB,71,2016
Chase Daniel,KC,QB,72,2016
Knile Davis,KC,HB,80,2016
Mike DeVito,KC,RE,85,2016
Laurent Duvernay-Tardif,KC,LG,68,2016
Paul Fanaika,KC,RG,74,2016
Eric Fisher,KC,LT,75,2016
Jamell Fleming,KC,CB,71,2016
Dee Ford,KC,LOLB,74,2016
Zach Fulton,KC,RG,74,2016
Phillip Gaines,KC,CB,77,2016
Richard Gordon,KC,TE,71,2016
Cyrus Gray,KC,HB,66,2016
Ben Grubbs,KC,LG,85,2016
Tamba Hali,KC,ROLB,90,2016
Frankie Hammond,KC,WR,66,2016
Demetrius Harris,KC,TE,66,2016
Junior Hemingway,KC,WR,71,2016
Justin Houston,KC,LOLB,97,2016
Jaye Howard,KC,LE,80,2016
Derrick Johnson,KC,MLB,88,2016
James-Michael Johnson,KC,MLB,75,2016
Travis Kelce,KC,TE,91,2016
Eric Kush,KC,C,71,2016
Donatella Luckett,KC,WR,59,2016
Jeremy Maclin,KC,WR,88,2016
Josh Martin,KC,ROLB,68,2016
Vaughn Martin,KC,LE,72,2016
Josh Mauga,KC,MLB,74,2016
Kelcie McCray,KC,FS,69,2016
Mitch Morse,KC,C,66,2016
Dezman Moses,KC,ROLB,67,2016
Aaron Murray,KC,QB,68,2016
Steven Nelson,KC,CB,68,2016
Rakeem Nunez-Roches,KC,RE,64,2016
James O'Shaughnessy,KC,TE,65,2016
Ron Parker,KC,SS,82,2016
Marcus Peters,KC,CB,74,2016
Dontari Poe,KC,DT,87,2016
Tavon Rooks,KC,LT,63,2016
Cairo Santos,KC,K,72,2016
Anthony Sherman,KC,FB,95,2016
Derek Sherrod,KC,RT,73,2016
Alex Smith,KC,QB,84,2016
Sean Smith,KC,CB,91,2016
Daniel Sorensen,KC,FS,64,2016
Donald Stephenson,KC,RT,77,2016
De'Anthony Thomas,KC,WR,73,2016
Charles Tuaau,KC,DT,59,2016
Spencer Ware,KC,FB,69,2016
Charcandrick West,KC,HB,64,2016
Nick Williams,KC,LE,72,2016
Albert Wilson,KC,WR,73,2016
Ramik Wilson,KC,MLB,63,2016
James Winchester,KC,TE,48,2016
Jerel Worthy,KC,LE,68,2016
Frank Zombo,KC,LOLB,73,2016
Mike Adams,IND,SS,85,2016
Daniel Adongo,IND,LOLB,57,2016
Dwayne Allen,IND,TE,85,2016
Colt Anderson,IND,SS,71,2016
Henry Anderson,IND,RE,71,2016
David Arkin,IND,LG,67,2016
Vick Ballard,IND,HB,72,2016
Bryan Bennett,IND,QB,60,2016
Jalil Brown,IND,CB,70,2016
Vincent Brown,IND,WR,71,2016
Darius Butler,IND,CB,79,2016
Deveron Carr,IND,CB,65,2016
Duron Carter,IND,WR,70,2016
Chance Casey,IND,CB,72,2016
Anthony Castonzo,IND,LT,89,2016
Josh Chapman,IND,DT,74,2016
Gosder Cherilus,IND,RT,80,2016
Trent Cole,IND,LOLB,82,2016
Vontae Davis,IND,CB,95,2016
Phillip Dorsett,IND,WR,73,2016
Jack Doyle,IND,TE,75,2016
Coby Fleener,IND,TE,83,2016
Jerrell Freeman,IND,MLB,76,2016
Clayton Geathers,IND,SS,65,2016
Denzelle Good,IND,RT,58,2016
Frank Gore,IND,HB,83,2016
Winston Guy,IND,SS,73,2016
Jonotthan Harrison,IND,C,72,2016
Matt Hasselbeck,IND,QB,73,2016
Todd Herremans,IND,RG,78,2016
Amarlo Herrera,IND,MLB,63,2016
Daniel Herron,IND,HB,75,2016
T.Y. Hilton,IND,WR,89,2016
Khaled Holmes,IND,C,71,2016
Montori Hughes,IND,DT,70,2016
Nate Irving,IND,MLB,79,2016
D'Qwell Jackson,IND,MLB,82,2016
Ulrick John,IND,LT,65,2016
Andre Johnson,IND,WR,86,2016
Cam Johnson,IND,LOLB,64,2016
Arthur Jones,IND,RE,74,2016
Zach Kerr,IND,RE,69,2016
Kendall Langford,IND,LE,80,2016
Ryan Lankford,IND,WR,62,2016
Lance Louis,IND,RG,73,2016
Dwight Lowery,IND,FS,80,2016
Andrew Luck,IND,QB,94,2016
Robert Mathis,IND,ROLB,87,2016
Pat McAfee,IND,P,95,2016
Dewey McDonald,IND,FS,68,2016
Sean McGrath,IND,TE,71,2016
Jack Mewhort,IND,LG,80,2016
Donte Moncrief,IND,WR,76,2016
Henoc Muamba,IND,MLB,63,2016
Jonathan Newsome,IND,LOLB,75,2016
Matt Overton,IND,TE,50,2016
David Parry,IND,DT,67,2016
Sheldon Price,IND,CB,62,2016
Kelcy Quarles,IND,LE,64,2016
Joe Reitz,IND,LT,71,2016
Josh Robinson,IND,HB,67,2016
D'Joun Smith,IND,CB,69,2016
Erik Swoope,IND,TE,60,2016
Donald Thomas,IND,LG,78,2016
Hugh Thornton,IND,RG,76,2016
Zurlon Tipton,IND,HB,69,2016
Greg Toler,IND,CB,79,2016
Tyler Varga,IND,FB,60,2016
Adam Vinatieri,IND,K,90,2016
Erik Walden,IND,LOLB,79,2016
Bjoern Werner,IND,ROLB,74,2016
Griff Whalen,IND,WR,72,2016
Ray Agnew,DAL,FB,65,2016
Dan Bailey,DAL,K,93,2016
Cole Beasley,DAL,WR,77,2016
Mackenzy Bernadeau,DAL,RG,78,2016
Ken Bishop,DAL,DT,63,2016
Jasper Brinkley,DAL,MLB,81,2016
Dez Bryant,DAL,WR,96,2016
Brandon Carr,DAL,CB,80,2016
Barry Church,DAL,FS,81,2016
Morris Claiborne,DAL,CB,73,2016
Tyler Clutts,DAL,FB,74,2016
Davon Coleman,DAL,DT,67,2016
La'el Collins,DAL,LG,72,2016
Jack Crawford,DAL,LE,73,2016
Tyrone Crawford,DAL,DT,82,2016
Lance Dunbar,DAL,HB,74,2016
Reggie Dunn,DAL,WR,56,2016
Lavar Edwards,DAL,LE,71,2016
Gavin Escobar,DAL,TE,75,2016
George Farmer,DAL,WR,61,2016
Travis Frederick,DAL,C,91,2016
Doug Free,DAL,RT,87,2016
Andrew Gachkar,DAL,MLB,75,2016
Ben Gardner,DAL,LE,68,2016
Laurence Gibson,DAL,LT,60,2016
Antwan Goodley,DAL,WR,68,2016
Chaz Green,DAL,RT,68,2016
Deontay Greenberry,DAL,WR,63,2016
Randy Gregory,DAL,RE,73,2016
James Hanna,DAL,TE,74,2016
Greg Hardy,DAL,RE,88,2016
Nick Hayden,DAL,DT,71,2016
Jeff Heath,DAL,FS,71,2016
Anthony Hitchens,DAL,LOLB,75,2016
A.J. Jenkins,DAL,WR,68,2016
Byron Jones,DAL,CB,73,2016
Chris Jones,DAL,P,78,2016
L.P. LaDouceur,DAL,TE,56,2016
Cameron Lawrence,DAL,LOLB,69,2016
DeMarcus Lawrence,DAL,LE,79,2016
Ronald Leary,DAL,LG,83,2016
Sean Lee,DAL,ROLB,89,2016
Zack Martin,DAL,RG,92,2016
Rolando McClain,DAL,MLB,86,2016
Terrell McClain,DAL,DT,77,2016
Danny McCray,DAL,SS,75,2016
Shane McDermott,DAL,C,62,2016
Darren McFadden,DAL,HB,76,2016
Ryan Miller,DAL,LT,63,2016
Jeremy Mincey,DAL,RE,82,2016
Mark Nzeocha,DAL,ROLB,58,2016
Tyler Patmon,DAL,CB,70,2016
Joseph Randle,DAL,HB,75,2016
Keith Rivers,DAL,LOLB,76,2016
Tony Romo,DAL,QB,93,2016
Ryan Russell,DAL,LE,64,2016
Orlando Scandrick,DAL,CB,88,2016
Lache Seastrunk,DAL,HB,66,2016
Jameill Showers,DAL,QB,55,2016
Tyron Smith,DAL,LT,93,2016
Robert Steeples,DAL,CB,63,2016
Devin Street,DAL,WR,69,2016
Geoff Swaim,DAL,TE,64,2016
Dustin Vaughan,DAL,QB,66,2016
Brandon Weeden,DAL,QB,73,2016
Darrion Weems,DAL,LT,66,2016
Chris Whaley,DAL,DT,63,2016
Corey White,DAL,CB,71,2016
Kyle Wilber,DAL,LOLB,77,2016
J.J. Wilcox,DAL,SS,79,2016
Ryan Williams,DAL,HB,73,2016
Terrance Williams,DAL,WR,82,2016
Damien Wilson,DAL,MLB,65,2016
Jason Witten,DAL,TE,93,2016
Walt Aikens,MIA,SS,66,2016
Jay Ajayi,MIA,HB,72,2016
Branden Albert,MIA,LT,90,2016
Mickey Baucus,MIA,LT,61,2016
McLeod Bethel-Thompson,MIA,QB,64,2016
Zack Bowman,MIA,CB,74,2016
Sam Brenner,MIA,LG,71,2016
LaRon Byrd,MIA,WR,65,2016
Jordan Cameron,MIA,TE,84,2016
Deandre Coleman,MIA,DT,64,2016
Will Davis,MIA,CB,72,2016
Louis Delmas,MIA,FS,83,2016
John Denney,MIA,TE,56,2016
Jamil Douglas,MIA,LG,70,2016
Terrence Fede,MIA,RE,72,2016
Brandon Fields,MIA,P,82,2016
Jason Fox,MIA,RT,73,2016
A.J. Francis,MIA,DT,62,2016
Josh Freeman,MIA,QB,67,2016
Mike Gillislee,MIA,HB,68,2016
Brent Grimes,MIA,CB,87,2016
Donald Hawkins,MIA,RT,64,2016
Matt Hazel,MIA,WR,67,2016
Ja'Wuan James,MIA,RT,76,2016
LaMichael James,MIA,HB,66,2016
Jelani Jenkins,MIA,ROLB,79,2016
Greg Jennings,MIA,WR,81,2016
Anthony Johnson,MIA,DT,67,2016
Don Jones,MIA,FS,69,2016
Reshad Jones,MIA,SS,92,2016
Dion Jordan,MIA,RE,74,2016
Jordan Kovacs,MIA,FS,71,2016
Jarvis Landry,MIA,WR,80,2016
Jeff Linkenbach,MIA,RG,75,2016
Tony Lippett,MIA,CB,63,2016
Arthur Lynch,MIA,TE,72,2016
Rishard Matthews,MIA,WR,72,2016
Bobby McCain,MIA,CB,65,2016
Brice McCain,MIA,CB,76,2016
Chris McCain,MIA,LOLB,70,2016
Jacques McClendon,MIA,C,71,2016
Lamar Miller,MIA,HB,84,2016
Koa Misi,MIA,MLB,84,2016
Earl Mitchell,MIA,DT,80,2016
Matt Moore,MIA,QB,73,2016
C.J. Mosley,MIA,DT,79,2016
DeVante Parker,MIA,WR,76,2016
Spencer Paysinger,MIA,ROLB,76,2016
Jordan Phillips,MIA,DT,65,2016
Mike Pouncey,MIA,C,84,2016
Michael Preston,MIA,WR,65,2016
Gerell Robinson,MIA,FB,62,2016
Sammy Seamster,MIA,CB,65,2016
Derrick Shelby,MIA,LE,76,2016
Kelvin Sheppard,MIA,MLB,73,2016
Dion Sims,MIA,TE,77,2016
Kenny Stills,MIA,WR,81,2016
Jake Stoneburner,MIA,TE,67,2016
Tommy Streeter,MIA,WR,64,2016
Caleb Sturgis,MIA,K,76,2016
Ndamukong Suh,MIA,DT,96,2016
Ryan Tannehill,MIA,QB,85,2016
Jamar Taylor,MIA,CB,68,2016
Dallas Thomas,MIA,LG,72,2016
Michael Thomas,MIA,FS,69,2016
Cedric Thompson,MIA,FS,64,2016
Jordan Tripp,MIA,ROLB,66,2016
Billy Turner,MIA,RG,75,2016
Olivier Vernon,MIA,RE,83,2016
Zach Vigil,MIA,LOLB,62,2016
Cameron Wake,MIA,LE,94,2016
J.D. Walton,MIA,C,73,2016
Damien Williams,MIA,HB,71,2016
Emmanuel Acho,PHI,MLB,69,2016
Nelson Agholor,PHI,WR,74,2016
Seyi Ajirotutu,PHI,WR,69,2016
Beau Allen,PHI,DT,69,2016
Kiko Alonso,PHI,MLB,87,2016
Miles Austin,PHI,WR,78,2016
Brandon Bair,PHI,RE,69,2016
Allen Barbre,PHI,RG,77,2016
Matt Barkley,PHI,QB,69,2016
Kenjon Barner,PHI,HB,67,2016
Connor Barwin,PHI,LOLB,87,2016
E.J. Biggers,PHI,CB,71,2016
Brandon Boykin,PHI,CB,82,2016
Sam Bradford,PHI,QB,79,2016
Bryan Braman,PHI,ROLB,72,2016
Trey Burton,PHI,TE,70,2016
Nolan Carroll,PHI,CB,74,2016
Brent Celek,PHI,TE,85,2016
Riley Cooper,PHI,WR,76,2016
Jerome Couplin,PHI,SS,69,2016
Fletcher Cox,PHI,RE,92,2016
Vinny Curry,PHI,LE,81,2016
Devante Davis,PHI,WR,65,2016
Jon Dorenbos,PHI,TE,51,2016
Zach Ertz,PHI,TE,84,2016
Randall Evans,PHI,CB,69,2016
Andrew Gardner,PHI,LT,67,2016
Najee Goode,PHI,MLB,64,2016
Kevin Graf,PHI,RT,67,2016
Brandon Graham,PHI,ROLB,86,2016
Taylor Hart,PHI,LE,71,2016
Brandon Hepburn,PHI,ROLB,70,2016
Jordan Hicks,PHI,MLB,64,2016
Josh Huff,PHI,WR,72,2016
Malcolm Jenkins,PHI,FS,85,2016
Lane Johnson,PHI,RT,88,2016
Brad Jones,PHI,MLB,73,2016
Donnie Jones,PHI,P,78,2016
Jason Kelce,PHI,C,87,2016
Wade Keliikipi,PHI,DT,68,2016
Dennis Kelly,PHI,LG,72,2016
Mychal Kendricks,PHI,MLB,86,2016
G.J. Kinne,PHI,QB,62,2016
Bennie Logan,PHI,DT,80,2016
Jeff Maehl,PHI,WR,64,2016
Chris Maragos,PHI,FS,74,2016
Ryan Mathews,PHI,HB,84,2016
Jordan Matthews,PHI,WR,81,2016
Byron Maxwell,PHI,CB,84,2016
Brian Mihalik,PHI,RE,58,2016
David Molk,PHI,C,74,2016
DeMarco Murray,PHI,HB,94,2016
Cody Parkey,PHI,K,80,2016
Jason Peters,PHI,LT,96,2016
Quron Pratt,PHI,WR,66,2016
Chris Prosinski,PHI,SS,69,2016
Ed Reynolds,PHI,FS,70,2016
Eric Rowe,PHI,CB,72,2016
DeMeco Ryans,PHI,MLB,82,2016
Mark Sanchez,PHI,QB,76,2016
JaCorey Shepherd,PHI,CB,63,2016
Marcus Smith,PHI,LOLB,70,2016
Darren Sproles,PHI,HB,82,2016
Tim Tebow,PHI,QB,68,2016
Cedric Thornton,PHI,LE,81,2016
Walter Thurmond,PHI,CB,75,2016
Matt Tobin,PHI,RG,72,2016
Eric Tomlinson,PHI,TE,65,2016
Matthew Tucker,PHI,FB,66,2016
Julian Vandervelde,PHI,C,66,2016
Jaylen Watkins,PHI,CB,68,2016
Earl Wolff,PHI,SS,77,2016
Phillip Adams,ATL,CB,70,2016
Robert Alford,ATL,CB,75,2016
Ricardo Allen,ATL,CB,68,2016
Jon Asamoah,ATL,RG,85,2016
Jonathan Babineaux,ATL,DT,83,2016
Sean Baker,ATL,FS,69,2016
Joplo Bartu,ATL,MLB,73,2016
Vic Beasley Jr.,ATL,RE,77,2016
Kroy Biermann,ATL,RE,77,2016
Matt Bosher,ATL,P,92,2016
Allen Bradford,ATL,MLB,66,2016
Matt Bryant,ATL,K,91,2016
Chris Chester,ATL,LG,83,2016
Adrian Clayborn,ATL,RE,78,2016
Tevin Coleman,ATL,HB,74,2016
Jalen Collins,ATL,CB,71,2016
Patrick DiMarco,ATL,FB,79,2016
Justin Durant,ATL,ROLB,84,2016
Devonta Freeman,ATL,HB,75,2016
Charles Godfrey,ATL,FS,76,2016
Malliciah Goodman,ATL,LE,69,2016
Harland Gunn,ATL,LG,70,2016
Ra'Shede Hageman,ATL,DT,73,2016
Leonard Hankerson,ATL,WR,76,2016
Justin Hardy,ATL,WR,71,2016
Josh Harris,ATL,TE,62,2016
Ricky Havili-Heimuli,ATL,DT,66,2016
Joe Hawley,ATL,C,74,2016
Devin Hester,ATL,WR,74,2016
Lamar Holmes,ATL,LT,70,2016
Kemal Ishmael,ATL,SS,79,2016
Tyson Jackson,ATL,LE,77,2016
Grady Jarrett,ATL,DT,67,2016
Julio Jones,ATL,WR,94,2016
Akeem King,ATL,FS,62,2016
Peter Konz,ATL,C,70,2016
Stansly Maponga,ATL,RE,72,2016
Freddie Martino,ATL,WR,61,2016
Cliff Matthews,ATL,LE,72,2016
Jake Matthews,ATL,LT,75,2016
Tony Moeaki,ATL,TE,74,2016
Collin Mooney,ATL,FB,73,2016
William Moore,ATL,SS,80,2016
Mike Person,ATL,LG,73,2016
Tyler Polumbus,ATL,RT,73,2016
Brooks Reed,ATL,LOLB,80,2016
Bernard Reedy,ATL,WR,62,2016
Sean Renfree,ATL,QB,70,2016
Jake Rodgers,ATL,RT,62,2016
Matt Ryan,ATL,QB,90,2016
O'Brien Schofield,ATL,LOLB,74,2016
Ryan Schraeder,ATL,RT,80,2016
Mickey Shuler,ATL,TE,66,2016
Antone Smith,ATL,HB,75,2016
Jared Smith,ATL,RG,72,2016
Jerome Smith,ATL,HB,67,2016
Paul Soliai,ATL,DT,80,2016
Dezmen Southward,ATL,FS,76,2016
Marquis Spruill,ATL,ROLB,68,2016
Tyler Starr,ATL,LOLB,63,2016
James Stone,ATL,C,67,2016
Nathan Stupar,ATL,MLB,66,2016
Jacob Tamme,ATL,TE,77,2016
Levine Toilolo,ATL,TE,75,2016
Desmond Trufant,ATL,CB,90,2016
Eric Weems,ATL,WR,72,2016
Kevin White,ATL,CB,65,2016
Roddy White,ATL,WR,84,2016
Nick Williams,ATL,WR,61,2016
Paul Worrilow,ATL,MLB,77,2016
Shane Wynn,ATL,WR,54,2016
T.J. Yates,ATL,QB,72,2016
Prince Amukamara,NYG,CB,86,2016
Robert Ayers,NYG,LE,82,2016
Jon Beason,NYG,MLB,79,2016
Will Beatty,NYG,LT,85,2016
Odell Beckham Jr.,NYG,WR,94,2016
Nat Berhe,NYG,SS,70,2016
Chris Boswell,NYG,K,52,2016
Jay Bromley,NYG,DT,69,2016
Chykie Brown,NYG,CB,70,2016
Josh Brown,NYG,K,87,2016
Victor Butler,NYG,ROLB,76,2016
Jonathan Casillas,NYG,ROLB,76,2016
Landon Collins,NYG,SS,74,2016
Juron Criner,NYG,WR,70,2016
Victor Cruz,NYG,WR,84,2016
Orleans Darkwa,NYG,HB,70,2016
Geremy Davis,NYG,WR,66,2016
Zak DeOssie,NYG,TE,62,2016
Larry Donnell,NYG,TE,79,2016
Kenrick Ellis,NYG,DT,75,2016
Daniel Fells,NYG,TE,76,2016
Chandler Fenner,NYG,CB,64,2016
Ereck Flowers,NYG,LT,73,2016
Adam Gettis,NYG,RG,68,2016
Josh Gordy,NYG,CB,73,2016
Dominique Hamilton,NYG,DT,68,2016
Johnathan Hankins,NYG,DT,86,2016
Chris Harper,NYG,WR,66,2016
Dwayne Harris,NYG,WR,75,2016
Mike Harris,NYG,CB,69,2016
Bobby Hart,NYG,LG,62,2016
Eric Herman,NYG,RG,65,2016
Mark Herzlich,NYG,LOLB,75,2016
Jayron Hosley,NYG,CB,70,2016
Henry Hynoski,NYG,FB,90,2016
Bennett Jackson,NYG,CB,64,2016
Cullen Jenkins,NYG,LE,78,2016
Rashad Jennings,NYG,HB,80,2016
John Jerry,NYG,LG,77,2016
Devon Kennard,NYG,LOLB,79,2016
Troy Kropog,NYG,LG,72,2016
Markus Kuhn,NYG,DT,70,2016
Robert Malone,NYG,P,66,2016
Eli Manning,NYG,QB,87,2016
Trumaine McBride,NYG,CB,75,2016
Jameel McClain,NYG,MLB,77,2016
Damontre Moore,NYG,LE,76,2016
Brandon Mosley,NYG,RT,70,2016
Ryan Nassib,NYG,QB,71,2016
Marshall Newhouse,NYG,LT,71,2016
Owamagbe Odighizuwa,NYG,RE,69,2016
Preston Parker,NYG,WR,70,2016
Jason Pierre-Paul,NYG,RE,89,2016
Justin Pugh,NYG,RT,79,2016
Rueben Randle,NYG,WR,82,2016
Dallas Reynolds,NYG,LG,70,2016
Weston Richburg,NYG,C,74,2016
Adrien Robinson,NYG,TE,70,2016
Dominique Rodgers-Cromartie,NYG,CB,88,2016
Geoff Schwartz,NYG,RG,78,2016
George Selvie,NYG,RE,74,2016
Ricky Stanzi,NYG,QB,64,2016
Julian Talley,NYG,WR,63,2016
Cooper Taylor,NYG,FS,71,2016
J.T. Thomas,NYG,ROLB,75,2016
Mykkele Thompson,NYG,FS,64,2016
Shane Vereen,NYG,HB,81,2016
Trevin Wade,NYG,CB,64,2016
Corey Washington,NYG,WR,66,2016
Steve Weatherford,NYG,P,79,2016
Nikita Whitlock,NYG,FB,61,2016
Andre Williams,NYG,HB,73,2016
Kerry Wynn,NYG,RE,65,2016
Tyson Alualu,JAX,LE,76,2016
Bryan Anger,JAX,P,86,2016
Zane Beadles,JAX,LG,83,2016
Arrelious Benn,JAX,WR,71,2016
Michael Bennett,JAX,DT,69,2016
Justin Blackmon,JAX,WR,76,2016
Cody Booth,JAX,RT,66,2016
Blake Bortles,JAX,QB,74,2016
Luke Bowanko,JAX,C,75,2016
Andre Branch,JAX,LE,75,2016
Sergio Brown,JAX,FS,80,2016
Tommie Campbell,JAX,CB,66,2016
A.J. Cann,JAX,LG,73,2016
Chris Clemons,JAX,RE,77,2016
Aaron Colvin,JAX,CB,71,2016
Johnathan Cyprien,JAX,SS,79,2016
Matt Daniels,JAX,SS,73,2016
Ryan Davis,JAX,RE,76,2016
Tandon Doss,JAX,WR,71,2016
Josh Evans,JAX,FS,70,2016
Khairi Fortt,JAX,LOLB,68,2016
Dante Fowler Jr.,JAX,RE,79,2016
Jeremiah George,JAX,MLB,67,2016
Toby Gerhart,JAX,HB,73,2016
Corey Grant,JAX,HB,58,2016
Dwayne Gratz,JAX,CB,78,2016
Rashad Greene,JAX,WR,71,2016
Clay Harbor,JAX,TE,74,2016
Jeremy Harris,JAX,CB,67,2016
Chad Henne,JAX,QB,73,2016
Ziggy Hood,JAX,DT,78,2016
Davon House,JAX,CB,80,2016
Allen Hurns,JAX,WR,73,2016
Nic Jacobs,JAX,FB,70,2016
Luke Joeckel,JAX,LT,76,2016
Storm Johnson,JAX,HB,70,2016
Abry Jones,JAX,DT,68,2016
Ben Koyack,JAX,TE,64,2016
Marqise Lee,JAX,WR,74,2016
Marcedes Lewis,JAX,TE,81,2016
Brandon Linder,JAX,RG,87,2016
Craig Loston,JAX,SS,71,2016
John Lotulelei,JAX,ROLB,68,2016
Sen'Derrick Marks,JAX,DT,87,2016
Demetrius McCray,JAX,CB,77,2016
Roy Miller,JAX,DT,75,2016
Stephen Morris,JAX,QB,64,2016
Jared Odrick,JAX,DT,84,2016
Jermey Parnell,JAX,RT,84,2016
Austin Pasztor,JAX,RT,74,2016
Bernard Pierce,JAX,HB,72,2016
Paul Posluszny,JAX,MLB,83,2016
LaRoy Reynolds,JAX,LOLB,73,2016
Allen Robinson,JAX,WR,79,2016
Denard Robinson,JAX,HB,74,2016
James Sample,JAX,SS,67,2016
Ace Sanders,JAX,WR,71,2016
Josh Scobee,JAX,K,85,2016
Tyler Shatley,JAX,RG,67,2016
Dan Skuta,JAX,LOLB,80,2016
Chris Smith,JAX,RE,70,2016
Telvin Smith,JAX,ROLB,79,2016
Neal Sterling,JAX,WR,59,2016
Julius Thomas,JAX,TE,89,2016
Peyton Thompson,JAX,CB,63,2016
Carson Tinker,JAX,TE,52,2016
Jeff Tuel,JAX,QB,66,2016
Bryan Walters,JAX,WR,65,2016
Josh Wells,JAX,RT,73,2016
Brennan Williams,JAX,LT,60,2016
Stefen Wisniewski,JAX,C,80,2016
T.J. Yeldon,JAX,HB,73,2016
Sam Young,JAX,LT,65,2016
Oday Aboushi,NYJ,RT,75,2016
Antonio Allen,NYJ,FS,79,2016
Jace Amaro,NYJ,TE,76,2016
Jason Babin,NYJ,ROLB,79,2016
T.J. Barnes,NYJ,RE,62,2016
Tommy Bohanon,NYJ,FB,76,2016
Stephen Bowen,NYJ,RE,73,2016
James Brewer,NYJ,LG,74,2016
Curtis Brown,NYJ,CB,69,2016
James Carpenter,NYJ,RG,80,2016
Willie Colon,NYJ,LG,77,2016
Quinton Coples,NYJ,ROLB,79,2016
Antonio Cromartie,NYJ,CB,86,2016
Jeff Cumberland,NYJ,TE,74,2016
Demario Davis,NYJ,MLB,81,2016
Kellen Davis,NYJ,TE,74,2016
Eric Decker,NYJ,WR,86,2016
Dakota Dozier,NYJ,RG,69,2016
Ikemefuna Enemkpali,NYJ,ROLB,68,2016
Quincy Enunwa,NYJ,WR,65,2016
Shaq Evans,NYJ,WR,65,2016
D'Brickashaw Ferguson,NYJ,LT,84,2016
Ryan Fitzpatrick,NYJ,QB,78,2016
Nick Folk,NYJ,K,80,2016
Dalton Freeman,NYJ,C,69,2016
Breno Giacomini,NYJ,RT,78,2016
Marcus Gilchrist,NYJ,SS,79,2016
T.J. Graham,NYJ,WR,71,2016
Saalim Hakim,NYJ,WR,57,2016
David Harris,NYJ,MLB,81,2016
Damon Harrison,NYJ,DT,88,2016
Jarvis Harrison,NYJ,RG,68,2016
Erin Henderson,NYJ,MLB,74,2016
Ben Ijalana,NYJ,LT,66,2016
Chris Ivory,NYJ,HB,80,2016
Jaiquawn Jarrett,NYJ,SS,79,2016
Wesley Johnson,NYJ,C,67,2016
Jeremy Kerley,NYJ,WR,76,2016
Jamari Lattimore,NYJ,MLB,72,2016
Nick Mangold,NYJ,C,95,2016
Brandon Marshall,NYJ,WR,89,2016
Lorenzo Mauldin,NYJ,LOLB,67,2016
Joe Mays,NYJ,MLB,77,2016
Dexter McDougle,NYJ,CB,70,2016
Rontez Miles,NYJ,FS,71,2016
Dee Milliner,NYJ,CB,77,2016
Chris Owusu,NYJ,WR,68,2016
Calvin Pace,NYJ,LOLB,77,2016
Bryce Petty,NYJ,QB,70,2016
DeVier Posey,NYJ,WR,68,2016
Bilal Powell,NYJ,HB,74,2016
Walter Powell,NYJ,WR,62,2016
Calvin Pryor,NYJ,FS,82,2016
Tanner Purdum,NYJ,TE,54,2016
Ryan Quigley,NYJ,P,84,2016
Trevor Reilly,NYJ,LOLB,69,2016
Darrelle Revis,NYJ,CB,97,2016
Daryl Richardson,NYJ,HB,68,2016
Sheldon Richardson,NYJ,RE,92,2016
Stevan Ridley,NYJ,HB,76,2016
Wes Saxton,NYJ,TE,63,2016
Deon Simon,NYJ,DT,64,2016
Buster Skrine,NYJ,CB,78,2016
Devin Smith,NYJ,WR,72,2016
Geno Smith,NYJ,QB,76,2016
Zac Stacy,NYJ,HB,76,2016
Zach Sudfeld,NYJ,TE,71,2016
Kevin Vickerson,NYJ,LE,74,2016
Darrin Walls,NYJ,CB,74,2016
Muhammad Wilkerson,NYJ,LE,96,2016
Leonard Williams,NYJ,LE,80,2016
Marcus Williams,NYJ,CB,71,2016
Brian Winters,NYJ,LG,69,2016
Ameer Abdullah,DET,HB,74,2016
Isa Abdul-Quddus,DET,SS,71,2016
Ezekiel Ansah,DET,RE,88,2016
David Ausberry,DET,TE,74,2016
Joique Bell,DET,HB,80,2016
Bill Bentley,DET,CB,72,2016
Taylor Boggs,DET,C,67,2016
Al Bond,DET,RG,62,2016
Ryan Broyles,DET,WR,71,2016
Michael Burton,DET,FB,64,2016
Crezdon Butler,DET,CB,65,2016
Josh Bynes,DET,LOLB,75,2016
Don Carey,DET,FS,73,2016
Alex Carter,DET,CB,68,2016
Braxston Cave,DET,C,66,2016
Jermelle Cudjo,DET,DT,70,2016
Quandre Diggs,DET,CB,65,2016
Eric Ebron,DET,TE,75,2016
Joseph Fauria,DET,TE,77,2016
Corey Fuller,DET,WR,72,2016
Garrett Gilbert,DET,QB,65,2016
Phillip Hunt,DET,LE,73,2016
Emil Igwenagu,DET,TE,65,2016
James Ihedigbo,DET,SS,85,2016
Calvin Johnson,DET,WR,95,2016
Vernon Johnson,DET,WR,59,2016
Jason Jones,DET,LE,80,2016
T.J. Jones,DET,WR,67,2016
Darren Keyton,DET,C,64,2016
Nevin Lawson,DET,CB,72,2016
DeAndre Levy,DET,ROLB,93,2016
Travis Lewis,DET,MLB,65,2016
Cornelius Lucas,DET,LT,65,2016
Sam Martin,DET,P,91,2016
Rashean Mathis,DET,CB,84,2016
Kellen Moore,DET,QB,71,2016
Lance Moore,DET,WR,73,2016
Don Muhlbach,DET,TE,59,2016
Nate Ness,DET,CB,66,2016
Haloti Ngata,DET,DT,92,2016
Dan Orlovsky,DET,QB,70,2016
Chris Owens,DET,CB,75,2016
Brandon Pettigrew,DET,TE,77,2016
Matt Prater,DET,K,85,2016
Xavier Proctor,DET,RE,62,2016
Glover Quin,DET,FS,90,2016
Manny Ramirez,DET,LG,79,2016
Caraun Reid,DET,DT,68,2016
Riley Reiff,DET,LT,82,2016
Theo Riddick,DET,HB,75,2016
Corey Robinson,DET,LT,63,2016
Jeremy Ross,DET,WR,72,2016
Greg Salas,DET,WR,70,2016
Mohammed Seisay,DET,CB,65,2016
Darius Slay,DET,CB,84,2016
Matthew Stafford,DET,QB,84,2016
Julian Stanford,DET,ROLB,72,2016
Travis Swanson,DET,C,73,2016
Darryl Tapp,DET,RE,72,2016
Golden Tate,DET,WR,88,2016
Devin Taylor,DET,LE,72,2016
Jordan Thompson,DET,TE,67,2016
Laken Tomlinson,DET,LG,74,2016
Stephen Tulloch,DET,MLB,87,2016
Kyle Van Noy,DET,LOLB,72,2016
LaAdrian Waddle,DET,RT,79,2016
Tyrunn Walker,DET,DT,79,2016
Larry Warford,DET,RG,87,2016
Larry Webster,DET,LE,69,2016
Tahir Whitehead,DET,MLB,82,2016
Michael Williams,DET,RT,66,2016
Josh Wilson,DET,CB,78,2016
George Winn,DET,HB,69,2016
Gabe Wright,DET,DT,65,2016
Zach Zenner,DET,HB,67,2016
Jared Abbrederis,GB,WR,69,2016
Davante Adams,GB,WR,79,2016
Kennard Backman,GB,TE,64,2016
David Bakhtiari,GB,LT,79,2016
Chris Banjo,GB,SS,69,2016
Don Barclay,GB,RT,75,2016
Sam Barrington,GB,MLB,74,2016
Matt Blanchard,GB,QB,62,2016
Javess Blue,GB,WR,60,2016
Josh Boyd,GB,LE,76,2016
Carl Bradford,GB,MLB,71,2016
Bryan Bulaga,GB,RT,87,2016
Morgan Burnett,GB,SS,86,2016
Ha Ha Clinton-Dix,GB,FS,81,2016
Randall Cobb,GB,WR,91,2016
Ricky Collins,GB,WR,61,2016
John Crockett,GB,HB,68,2016
Mason Crosby,GB,K,84,2016
Mike Daniels,GB,RE,89,2016
Jayrone Elliott,GB,LOLB,68,2016
Bruce Gaston,GB,RE,63,2016
Garth Gerhart,GB,LG,70,2016
Tay Glover-Wright,GB,CB,68,2016
Brett Goode,GB,C,62,2016
Demetri Goodson,GB,CB,71,2016
Letroy Guion,GB,DT,74,2016
LaDarius Gunter,GB,CB,63,2016
Alonzo Harris,GB,HB,60,2016
Casey Hayward,GB,CB,85,2016
Adrian Hubbard,GB,LOLB,64,2016
Brett Hundley,GB,QB,70,2016
Micah Hyde,GB,FS,79,2016
Jeff Janis,GB,WR,71,2016
Datone Jones,GB,LE,74,2016
John Kuhn,GB,FB,89,2016
Eddie Lacy,GB,HB,90,2016
T.J. Lang,GB,RG,92,2016
Corey Linsley,GB,C,86,2016
Tim Masthay,GB,P,63,2016
Clay Matthews,GB,MLB,90,2016
Ty Montgomery,GB,WR,69,2016
Andy Mulumba,GB,ROLB,68,2016
Mike Neal,GB,ROLB,76,2016
Rajion Neal,GB,HB,66,2016
Jordy Nelson,GB,WR,93,2016
Nate Palmer,GB,LOLB,66,2016
Mike Pennel,GB,DT,69,2016
Julius Peppers,GB,LOLB,88,2016
Justin Perillo,GB,TE,64,2016
Nick Perry,GB,ROLB,79,2016
Andrew Quarless,GB,TE,77,2016
B.J. Raji,GB,DT,81,2016
Damarious Randall,GB,CB,72,2016
Sean Richardson,GB,SS,73,2016
Christian Ringo,GB,DT,62,2016
Aaron Ripkowski,GB,FB,65,2016
Aaron Rodgers,GB,QB,99,2016
Richard Rodgers,GB,TE,74,2016
Quinten Rollins,GB,CB,67,2016
Jake Ryan,GB,MLB,65,2016
Sam Shields,GB,CB,82,2016
Josh Sitton,GB,LG,97,2016
James Starks,GB,HB,78,2016
Lane Taylor,GB,RG,66,2016
Joe Thomas,GB,MLB,65,2016
Khyri Thornton,GB,LE,68,2016
Scott Tolzien,GB,QB,71,2016
J.C. Tretter,GB,C,73,2016
Jeremy Vujnovich,GB,LT,60,2016
Myles White,GB,WR,64,2016
Mario Addison,CAR,LE,77,2016
Frank Alexander,CAR,LE,69,2016
Derek Anderson,CAR,QB,72,2016
Cameron Artis-Payne,CAR,HB,69,2016
Kelvin Benjamin,CAR,WR,86,2016
Bene Benwikere,CAR,CB,81,2016
Brenton Bersin,CAR,WR,67,2016
Tre Boston,CAR,FS,81,2016
Jarrett Boykin,CAR,WR,72,2016
Richie Brockel,CAR,FB,75,2016
Corey Brown,CAR,WR,73,2016
Mike Brown,CAR,WR,66,2016
Carrington Byndom,CAR,CB,64,2016
Nate Chandler,CAR,RT,76,2016
Colin Cole,CAR,DT,74,2016
Kurt Coleman,CAR,SS,79,2016
Jerricho Cotchery,CAR,WR,76,2016
Thomas Davis,CAR,LOLB,90,2016
Ed Dickson,CAR,TE,76,2016
Kony Ealy,CAR,RE,72,2016
Dwan Edwards,CAR,DT,75,2016
Brian Folkerts,CAR,C,67,2016
David Foucault,CAR,RT,67,2016
Devin Funchess,CAR,WR,72,2016
Graham Gano,CAR,K,87,2016
Ted Ginn Jr.,CAR,WR,75,2016
Adarius Glanton,CAR,LOLB,64,2016
Tyronne Green,CAR,RG,71,2016
Roman Harper,CAR,SS,79,2016
Stephen Hill,CAR,WR,66,2016
Wes Horton,CAR,RE,74,2016
Ben Jacobs,CAR,MLB,64,2016
J.J. Jansen,CAR,TE,51,2016
Charles Johnson,CAR,LE,89,2016
Colin Jones,CAR,FS,72,2016
Ryan Kalil,CAR,C,87,2016
A.J. Klein,CAR,ROLB,74,2016
Luke Kuechly,CAR,MLB,96,2016
Robert Lester,CAR,SS,75,2016
Star Lotulelei,CAR,DT,87,2016
Kyle Love,CAR,DT,73,2016
Dean Marlowe,CAR,FS,62,2016
Jonathan Martin,CAR,LT,67,2016
David Mayo,CAR,MLB,65,2016
Cam Newton,CAR,QB,90,2016
Josh Norman,CAR,CB,84,2016
Brad Nortman,CAR,P,81,2016
Andrew Norwell,CAR,LG,79,2016
Michael Oher,CAR,LT,72,2016
Greg Olsen,CAR,TE,92,2016
Garry Peters,CAR,CB,63,2016
De'Andre Presley,CAR,WR,58,2016
Darrin Reaves,CAR,HB,64,2016
Kevin Reddick,CAR,ROLB,69,2016
Micanor Regis,CAR,DT,64,2016
Mike Remmers,CAR,RT,77,2016
Chris Scott,CAR,RG,72,2016
Kawann Short,CAR,DT,83,2016
Amini Silatolu,CAR,LG,74,2016
Jonathan Stewart,CAR,HB,84,2016
Shaq Thompson,CAR,ROLB,72,2016
Charles Tillman,CAR,CB,81,2016
Jordan Todman,CAR,HB,73,2016
Mike Tolbert,CAR,FB,80,2016
Jason Trusnik,CAR,MLB,72,2016
Trai Turner,CAR,RG,83,2016
Martin Wallace,CAR,LT,59,2016
Joe Webb,CAR,QB,66,2016
Melvin White,CAR,CB,69,2016
Fozzy Whittaker,CAR,HB,68,2016
Brandon Williams,CAR,TE,72,2016
Daryl Williams,CAR,RT,70,2016
Teddy Williams,CAR,CB,60,2016
Ryan Allen,NE,P,72,2016
Danny Amendola,NE,WR,79,2016
Jake Bequette,NE,LE,75,2016
LeGarrette Blount,NE,HB,80,2016
Brandon Bolden,NE,HB,73,2016
Josh Boyce,NE,WR,67,2016
Tom Brady,NE,QB,97,2016
Alan Branch,NE,DT,79,2016
Malcom Brown,NE,DT,72,2016
Malcolm Butler,NE,CB,76,2016
Travaris Cadet,NE,HB,71,2016
Marcus Cannon,NE,LT,72,2016
Joe Cardona,NE,TE,47,2016
Scott Chandler,NE,TE,80,2016
Patrick Chung,NE,SS,88,2016
Jamie Collins,NE,LOLB,90,2016
Fred Davis,NE,TE,75,2016
A.J. Derby,NE,TE,63,2016
James Develin,NE,FB,87,2016
Jordan Devey,NE,LG,73,2016
Xzavier Dickson,NE,RE,66,2016
Aaron Dobson,NE,WR,75,2016
Dominique Easley,NE,DT,75,2016
Nate Ebner,NE,SS,67,2016
Julian Edelman,NE,WR,89,2016
Cameron Fleming,NE,RT,72,2016
Darius Fleming,NE,LOLB,67,2016
Bradley Fletcher,NE,CB,77,2016
Dane Fletcher,NE,MLB,69,2016
Trey Flowers,NE,LE,72,2016
Matt Flynn,NE,QB,73,2016
Jonathan Freeny,NE,LOLB,71,2016
Tyler Gaffney,NE,HB,69,2016
Jimmy Garoppolo,NE,QB,73,2016
Brandon Gibson,NE,WR,73,2016
Stephen Gostkowski,NE,K,95,2016
Jonas Gray,NE,HB,72,2016
Justin Green,NE,CB,69,2016
Geneo Grissom,NE,RE,63,2016
Rob Gronkowski,NE,TE,99,2016
Duron Harmon,NE,FS,73,2016
Caylin Hauptmann,NE,RT,67,2016
Dont'a Hightower,NE,ROLB,93,2016
Michael Hoomanawanui,NE,TE,77,2016
Tre Jackson,NE,LG,70,2016
Antonio Johnson,NE,DT,73,2016
Rufus Johnson,NE,LOLB,66,2016
Chandler Jones,NE,RE,88,2016
Chris Jones,NE,DT,71,2016
Josh Kline,NE,RG,73,2016
Brandon LaFell,NE,WR,83,2016
Dion Lewis,NE,HB,70,2016
Eric Martin,NE,MLB,63,2016
Shaq Mason,NE,C,62,2016
Jerod Mayo,NE,MLB,89,2016
Robert McClain,NE,CB,71,2016
Devin McCourty,NE,FS,94,2016
Zach Moore,NE,RE,69,2016
Rob Ninkovich,NE,LE,87,2016
Jordan Richards,NE,SS,69,2016
Darryl Roberts,NE,CB,65,2016
Logan Ryan,NE,CB,80,2016
Jabaal Sheard,NE,DT,84,2016
Sealver Siliga,NE,DT,79,2016
Matthew Slater,NE,WR,72,2016
Nate Solder,NE,LT,82,2016
Bryan Stork,NE,C,78,2016
Brian Tyms,NE,WR,70,2016
Joe Vellano,NE,DT,73,2016
Sebastian Vollmer,NE,RT,91,2016
Dekoda Watson,NE,ROLB,74,2016
Ryan Wendell,NE,RG,79,2016
Chris White,NE,ROLB,69,2016
James White,NE,HB,70,2016
Tavon Wilson,NE,FS,75,2016
Nate Allen,OAK,SS,82,2016
Ray Ray Armstrong,OAK,ROLB,67,2016
Larry Asante,OAK,SS,72,2016
George Atkinson III,OAK,HB,65,2016
Denico Autry,OAK,LE,65,2016
Neiron Ball,OAK,LOLB,62,2016
Khalif Barnes,OAK,RG,75,2016
Tony Bergstrom,OAK,LG,72,2016
Brice Butler,OAK,WR,73,2016
Derek Carr,OAK,QB,79,2016
T.J. Carrie,OAK,CB,81,2016
Chimdi Chekwa,OAK,CB,69,2016
Jon Condo,OAK,TE,49,2016
Amari Cooper,OAK,WR,82,2016
Michael Crabtree,OAK,WR,82,2016
Andre Debose,OAK,WR,55,2016
James Dockery,OAK,CB,67,2016
Jonathan Dowling,OAK,SS,64,2016
Ras-I Dowling,OAK,SS,71,2016
Michael Dyer,OAK,HB,65,2016
Mario Edwards Jr.,OAK,RE,71,2016
Justin Ellis,OAK,DT,74,2016
Cody Fajardo,OAK,QB,62,2016
Jon Feliciano,OAK,RG,65,2016
Josh Harper,OAK,WR,69,2016
Shelby Harris,OAK,RE,64,2016
D.J. Hayden,OAK,CB,78,2016
Ben Heeney,OAK,MLB,63,2016
Roy Helu Jr.,OAK,HB,77,2016
Andre Holmes,OAK,WR,75,2016
Austin Howard,OAK,RT,78,2016
Rodney Hudson,OAK,C,89,2016
Gabe Jackson,OAK,LG,84,2016
Sebastian Janikowski,OAK,K,87,2016
Taiwan Jones,OAK,HB,67,2016
Marquette King,OAK,P,80,2016
Brian Leonhardt,OAK,TE,72,2016
Curtis Lofton,OAK,MLB,79,2016
Ricky Lumpkin,OAK,DT,69,2016
Khalil Mack,OAK,LOLB,91,2016
Lamar Mady,OAK,LG,70,2016
Benson Mayowa,OAK,RE,69,2016
Matthew McCants,OAK,LT,67,2016
Dexter McDonald,OAK,CB,61,2016
Stacy McGee,OAK,DT,71,2016
Keith McGill,OAK,CB,71,2016
Matt McGloin,OAK,QB,70,2016
Sio Moore,OAK,ROLB,80,2016
Anthony Morris,OAK,LT,56,2016
Latavius Murray,OAK,HB,78,2016
Donald Penn,OAK,LT,89,2016
Christian Ponder,OAK,QB,73,2016
Marcel Reece,OAK,FB,82,2016
Trent Richardson,OAK,HB,75,2016
Mychal Rivera,OAK,TE,75,2016
Seth Roberts,OAK,WR,62,2016
Brandian Ross,OAK,SS,72,2016
Lee Smith,OAK,TE,77,2016
Malcolm Smith,OAK,ROLB,77,2016
Rod Streater,OAK,WR,78,2016
Giorgio Tavecchio,OAK,K,65,2016
Kenbrell Thompkins,OAK,WR,72,2016
Neiko Thorpe,OAK,CB,64,2016
Justin Tuck,OAK,LE,85,2016
Max Valles,OAK,LE,61,2016
Clive Walford,OAK,TE,72,2016
Menelik Watson,OAK,RT,73,2016
J'Marcus Webb,OAK,LT,70,2016
Dan Williams,OAK,DT,88,2016
C.J. Wilson,OAK,RE,74,2016
Charles Woodson,OAK,FS,85,2016
Maurice Alexander,LAR,SS,66,2016
Tavon Austin,LAR,WR,75,2016
Akeem Ayers,LAR,ROLB,81,2016
Stedman Bailey,LAR,WR,76,2016
Steven Baker,LAR,RT,63,2016
Tim Barnes,LAR,C,72,2016
Mark Barron,LAR,FS,78,2016
Daren Bates,LAR,MLB,60,2016
Alex Bayer,LAR,TE,67,2016
Kenny Britt,LAR,WR,82,2016
Michael Brockers,LAR,DT,80,2016
Jamon Brown,LAR,LT,65,2016
Malcolm Brown,LAR,HB,67,2016
Christian Bryant,LAR,SS,65,2016
Jared Cook,LAR,TE,84,2016
Benny Cunningham,LAR,HB,73,2016
Justice Cunningham,LAR,TE,69,2016
Austin Davis,LAR,QB,73,2016
Cody Davis,LAR,SS,68,2016
Aaron Donald,LAR,DT,92,2016
Andrew Donnal,LAR,RG,66,2016
Jo-Lonn Dunbar,LAR,ROLB,76,2016
Nick Fairley,LAR,DT,86,2016
Nick Foles,LAR,QB,78,2016
E.J. Gaines,LAR,CB,79,2016
Chris Givens,LAR,WR,68,2016
Todd Gurley,LAR,HB,80,2016
Bryce Hager,LAR,MLB,63,2016
Cory Harkey,LAR,FB,79,2016
Rob Havenstein,LAR,RT,70,2016
William Hayes,LAR,LE,86,2016
Johnny Hekker,LAR,P,93,2016
Martin Ifedi,LAR,RE,62,2016
Janoris Jenkins,LAR,CB,81,2016
Trumaine Johnson,LAR,CB,75,2016
Barrett Jones,LAR,RG,74,2016
Lamarcus Joyner,LAR,FS,77,2016
Case Keenum,LAR,QB,72,2016
Lance Kendricks,LAR,TE,78,2016
James Laurinaitis,LAR,MLB,79,2016
Chris Long,LAR,LE,84,2016
Sean Mannion,LAR,QB,69,2016
Tre Mason,LAR,HB,79,2016
T.J. McDonald,LAR,SS,82,2016
Marshall McFadden,LAR,LOLB,64,2016
Brandon McGee,LAR,CB,69,2016
Rodney McLeod,LAR,FS,79,2016
Jake McQuaide,LAR,TE,51,2016
Alec Ogletree,LAR,LOLB,81,2016
Isaiah Pead,LAR,HB,67,2016
Brian Quick,LAR,WR,79,2016
Robert Quinn,LAR,RE,93,2016
Chase Reynolds,LAR,HB,68,2016
Garrett Reynolds,LAR,RT,77,2016
Demetrius Rhaney,LAR,C,63,2016
Marcus Roberson,LAR,CB,64,2016
Greg Robinson,LAR,LT,74,2016
Rodger Saffold,LAR,LG,83,2016
Eugene Sims,LAR,RE,74,2016
Brad Smelley,LAR,TE,73,2016
Korey Toomer,LAR,ROLB,63,2016
Louis Trinca-Pasat,LAR,DT,62,2016
Brandon Washington,LAR,RT,72,2016
Trey Watts,LAR,HB,69,2016
Ethan Westbrooks,LAR,LE,64,2016
Cody Wichmann,LAR,LG,64,2016
Damian Williams,LAR,WR,72,2016
Doug Worthington,LAR,DT,69,2016
Devon Wylie,LAR,WR,62,2016
Greg Zuerlein,LAR,K,81,2016
Kamar Aiken,BAL,WR,72,2016
Javorius Allen,BAL,HB,71,2016
Kyle Arrington,BAL,CB,77,2016
Christo Bilukidi,BAL,DT,70,2016
Nick Boyle,BAL,TE,67,2016
Terrence Brooks,BAL,FS,72,2016
Arthur Brown,BAL,MLB,73,2016
Marlon Brown,BAL,WR,76,2016
Michael Campanaro,BAL,WR,71,2016
Chris Canty,BAL,RE,82,2016
Morgan Cox,BAL,TE,48,2016
Carl Davis,BAL,DT,71,2016
Elvis Dumervil,BAL,LOLB,88,2016
Matt Elam,BAL,SS,72,2016
Joe Flacco,BAL,QB,89,2016
Justin Forsett,BAL,HB,87,2016
Crockett Gillmore,BAL,TE,76,2016
Chris Greenwood,BAL,CB,65,2016
Lawrence Guy,BAL,LE,74,2016
Will Hill,BAL,SS,88,2016
James Hurst,BAL,LT,59,2016
Asa Jackson,BAL,CB,68,2016
Tramain Jacobs,BAL,CB,61,2016
Ryan Jensen,BAL,C,67,2016
Timmy Jernigan,BAL,LE,79,2016
Marcel Jones,BAL,RT,70,2016
Kyle Juszczyk,BAL,FB,86,2016
Sam Koch,BAL,P,85,2016
Anthony Levine,BAL,CB,73,2016
Kendrick Lewis,BAL,FS,81,2016
Kapron Lewis-Moore,BAL,RE,65,2016
Jerry Lovelocke,BAL,QB,57,2016
Terrence Magee,BAL,HB,67,2016
Albert McClellan,BAL,MLB,69,2016
Steven Means,BAL,RE,69,2016
Rashaan Melvin,BAL,CB,71,2016
Eugene Monroe,BAL,LT,82,2016
C.J. Mosley,BAL,MLB,88,2016
Robert Myers,BAL,LG,60,2016
Zachary Orr,BAL,MLB,56,2016
Kelechi Osemele,BAL,LG,90,2016
Breshad Perriman,BAL,WR,73,2016
Dennis Pitta,BAL,TE,83,2016
Quinton Pointer,BAL,FS,68,2016
Jah Reid,BAL,LG,74,2016
Allen Reisner,BAL,TE,71,2016
Bryn Renner,BAL,QB,65,2016
Konrad Reuland,BAL,TE,70,2016
Aldrick Robinson,BAL,WR,69,2016
Matt Schaub,BAL,QB,74,2016
Kiero Small,BAL,FB,68,2016
Daryl Smith,BAL,MLB,90,2016
Jimmy Smith,BAL,CB,88,2016
Za'Darius Smith,BAL,ROLB,61,2016
Steve Smith Sr.,BAL,WR,86,2016
Terrell Suggs,BAL,ROLB,93,2016
Lorenzo Taliaferro,BAL,HB,73,2016
Brynden Trawick,BAL,SS,65,2016
Justin Tucker,BAL,K,95,2016
DeAngelo Tyson,BAL,RE,66,2016
Courtney Upshaw,BAL,LOLB,80,2016
Brent Urban,BAL,RE,66,2016
John Urschel,BAL,RG,78,2016
Cassius Vaughn,BAL,CB,71,2016
Rick Wagner,BAL,RT,86,2016
Casey Walker,BAL,LE,61,2016
Tray Walker,BAL,CB,61,2016
Darren Waller,BAL,WR,61,2016
Lardarius Webb,BAL,CB,82,2016
Brandon Williams,BAL,DT,85,2016
Maxx Williams,BAL,TE,74,2016
Marshal Yanda,BAL,RG,98,2016
Jeremy Zuttah,BAL,C,82,2016
David Amerson,WAS,CB,71,2016
Chris Baker,WAS,DT,77,2016
Bashaud Breeland,WAS,CB,72,2016
Takoby Cofield,WAS,RG,65,2016
Tom Compton,WAS,RT,76,2016
Will Compton,WAS,MLB,70,2016
Kirk Cousins,WAS,QB,73,2016
Da'Mon Cromartie-Smith,WAS,SS,65,2016
Jamison Crowder,WAS,WR,70,2016
Chris Culliver,WAS,CB,85,2016
Akeem Davis,WAS,SS,66,2016
Ja'Gared Davis,WAS,MLB,55,2016
Kai Forbath,WAS,K,78,2016
Pierre Garcon,WAS,WR,83,2016
Dashon Goldson,WAS,FS,74,2016
Kedric Golston,WAS,LE,72,2016
Ryan Grant,WAS,WR,68,2016
Robert Griffin III,WAS,QB,78,2016
DeAngelo Hall,WAS,CB,77,2016
Je'Ron Hamm,WAS,WR,59,2016
Jason Hatcher,WAS,RE,87,2016
Adam Hayward,WAS,MLB,70,2016
Michael Hill,WAS,HB,68,2016
Duke Ihenacho,WAS,SS,76,2016
DeSean Jackson,WAS,WR,88,2016
Kyshoen Jarrett,WAS,FS,63,2016
Ricky Jean Francois,WAS,LE,77,2016
Jackson Jeffcoat,WAS,LOLB,63,2016
Jeron Johnson,WAS,SS,76,2016
Matt Jones,WAS,HB,71,2016
Frank Kearse,WAS,RE,67,2016
Ryan Kerrigan,WAS,LOLB,90,2016
Terrance Knighton,WAS,DT,88,2016
Arie Kouandjio,WAS,LG,62,2016
Tyler Larsen,WAS,C,65,2016
Shawn Lauvao,WAS,LG,80,2016
Josh LeRibeus,WAS,LG,73,2016
Kory Lichtensteiger,WAS,C,86,2016
Colin Lockett,WAS,WR,64,2016
Spencer Long,WAS,RG,71,2016
Colt McCoy,WAS,QB,73,2016
Tevin Mitchel,WAS,CB,64,2016
Alfred Morris,WAS,HB,84,2016
Morgan Moses,WAS,LT,70,2016
Trent Murphy,WAS,LOLB,76,2016
Ty Nsekhe,WAS,RT,69,2016
Stephen Paea,WAS,LE,83,2016
Niles Paul,WAS,TE,74,2016
Logan Paulsen,WAS,TE,71,2016
Jerrell Powe,WAS,DT,71,2016
Bryce Quigley,WAS,RG,67,2016
Silas Redd,WAS,HB,71,2016
Jordan Reed,WAS,TE,82,2016
Austin Reiter,WAS,C,63,2016
Perry Riley Jr.,WAS,MLB,76,2016
Andre Roberts,WAS,WR,74,2016
Travian Robertson,WAS,RE,60,2016
Keenan Robinson,WAS,MLB,75,2016
Trenton Robinson,WAS,FS,72,2016
Justin Rogers,WAS,CB,67,2016
Brandon Scherff,WAS,RT,80,2016
Preston Smith,WAS,ROLB,70,2016
Martrell Spaight,WAS,MLB,61,2016
Evan Spencer,WAS,WR,60,2016
Nick Sundberg,WAS,C,57,2016
Phillip Thomas,WAS,SS,72,2016
Robert Thomas,WAS,DT,62,2016
Chris Thompson,WAS,HB,69,2016
Tress Way,WAS,P,85,2016
Trent Williams,WAS,LT,87,2016
Trevardo Williams,WAS,ROLB,64,2016
Trey Williams,WAS,HB,60,2016
Darrel Young,WAS,FB,87,2016
Stephone Anthony,NO,MLB,71,2016
Terron Armstead,NO,LT,81,2016
Edwin Baker,NO,HB,67,2016
Nick Becton,NO,RT,65,2016
Drew Brees,NO,QB,95,2016
Michael Brewster,NO,C,68,2016
Brandon Browner,NO,CB,82,2016
Brodrick Bunkley,NO,DT,80,2016
Rafael Bush,NO,FS,79,2016
Jairus Byrd,NO,FS,91,2016
Orson Charles,NO,TE,76,2016
Brandon Coleman,NO,WR,63,2016
Marques Colston,NO,WR,86,2016
Brandin Cooks,NO,WR,82,2016
Tyeler Davison,NO,LE,64,2016
Brian Dixon,NO,CB,67,2016
Justin Drescher,NO,TE,49,2016
Kasim Edebali,NO,LOLB,66,2016
Dannell Ellerbe,NO,MLB,75,2016
Jahri Evans,NO,RG,78,2016
Glenn Foster,NO,RE,73,2016
Jerry Franklin,NO,MLB,63,2016
Terrence Frederick,NO,CB,66,2016
Junior Galette,NO,LOLB,89,2016
Garrett Grayson,NO,QB,71,2016
Ryan Griffin,NO,QB,65,2016
Parys Haralson,NO,ROLB,79,2016
Bryce Harris,NO,RT,71,2016
David Hawthorne,NO,MLB,77,2016
Akiem Hicks,NO,LE,81,2016
Tim Hightower,NO,HB,72,2016
Josh Hill,NO,TE,78,2016
Zach Hocker,NO,K,61,2016
Dustin Hopkins,NO,K,66,2016
Ramon Humber,NO,MLB,67,2016
Mark Ingram,NO,HB,83,2016
Stanley Jean-Baptiste,NO,CB,68,2016
John Jenkins,NO,DT,75,2016
Austin Johnson,NO,FB,73,2016
Seantavius Jones,NO,WR,63,2016
Cameron Jordan,NO,RE,87,2016
Senio Kelemete,NO,LG,71,2016
Hau'oli Kikaha,NO,LOLB,66,2016
Tim Lelito,NO,C,77,2016
Keenan Lewis,NO,CB,80,2016
Lance Lewis,NO,WR,62,2016
Erik Lorig,NO,FB,72,2016
Luke McCown,NO,QB,72,2016
Mike McGlynn,NO,LG,73,2016
Joseph Morgan,NO,WR,68,2016
Josh Morgan,NO,WR,75,2016
Thomas Morstead,NO,P,91,2016
Marcus Murphy,NO,HB,65,2016
Toben Opurum,NO,FB,69,2016
Andrus Peat,NO,LT,75,2016
Kenny Phillips,NO,FS,77,2016
Ronald Powell,NO,ROLB,64,2016
Khiry Robinson,NO,HB,74,2016
Jamarca Sanford,NO,SS,78,2016
Jalen Saunders,NO,WR,65,2016
Anthony Spencer,NO,ROLB,76,2016
C.J. Spiller,NO,HB,82,2016
Zach Strief,NO,RT,85,2016
Vinnie Sunseri,NO,SS,69,2016
Damian Swann,NO,CB,63,2016
Nick Toon,NO,WR,72,2016
Davis Tull,NO,LOLB,62,2016
Max Unger,NO,C,90,2016
Kenny Vaccaro,NO,SS,77,2016
Lawrence Virgil,NO,DT,63,2016
Benjamin Watson,NO,TE,78,2016
Kevin Williams,NO,LE,76,2016
P.J. Williams,NO,CB,69,2016
Kyle Wilson,NO,CB,74,2016
RaShaun Allen,SEA,TE,63,2016
R.J. Archer,SEA,QB,65,2016
Cliff Avril,SEA,RE,87,2016
Alvin Bailey,SEA,LG,80,2016
Dion Bailey,SEA,SS,72,2016
Doug Baldwin,SEA,WR,84,2016
Michael Bennett,SEA,LE,95,2016
Will Blackmon,SEA,CB,72,2016
Justin Britt,SEA,RT,76,2016
Marcus Burley,SEA,CB,76,2016
Kam Chancellor,SEA,SS,94,2016
Frank Clark,SEA,RE,64,2016
Derrick Coleman,SEA,FB,80,2016
Brock Coyle,SEA,MLB,66,2016
B.J. Daniels,SEA,QB,63,2016
Demarcus Dobbs,SEA,LE,73,2016
Garry Gilliam,SEA,RT,69,2016
Mark Glowinski,SEA,LG,71,2016
Jimmy Graham,SEA,TE,95,2016
Clint Gresham,SEA,TE,53,2016
Obum Gwacham,SEA,RE,57,2016
Steven Hauschka,SEA,K,87,2016
Cooper Helfet,SEA,TE,74,2016
Jordan Hill,SEA,DT,76,2016
Bruce Irvin,SEA,LOLB,84,2016
Tarvaris Jackson,SEA,QB,73,2016
Lemuel Jeanpierre,SEA,C,72,2016
Jermaine Kearse,SEA,WR,81,2016
David King,SEA,LE,68,2016
Jeremy Lane,SEA,CB,79,2016
Patrick Lewis,SEA,C,64,2016
Tyler Lockett,SEA,WR,72,2016
Ricardo Lockette,SEA,WR,74,2016
Marshawn Lynch,SEA,HB,96,2016
Cassius Marsh,SEA,RE,66,2016
Chris Matthews,SEA,WR,74,2016
Anthony McCoy,SEA,TE,74,2016
Tony McDaniel,SEA,DT,79,2016
Brandon Mebane,SEA,DT,86,2016
Christine Michael,SEA,HB,76,2016
Keavon Milton,SEA,RG,65,2016
Mike Morgan,SEA,LOLB,73,2016
Ryan Murphy,SEA,FS,66,2016
Kevin Norwood,SEA,WR,71,2016
Russell Okung,SEA,LT,85,2016
Kevin Pierre-Louis,SEA,ROLB,70,2016
Eric Pinkins,SEA,CB,67,2016
Terry Poole,SEA,LT,63,2016
Thomas Rawls,SEA,HB,66,2016
Paul Richardson,SEA,WR,73,2016
Ryan Robinson,SEA,LE,64,2016
Ahtyba Rubin,SEA,DT,78,2016
Jon Ryan,SEA,P,90,2016
Greg Scruggs,SEA,LE,67,2016
DeShawn Shead,SEA,FS,71,2016
Richard Sherman,SEA,CB,97,2016
Tharold Simon,SEA,CB,73,2016
D'Anthony Smith,SEA,DT,67,2016
Tye Smith,SEA,CB,62,2016
Kristjan Sokoli,SEA,RG,60,2016
Jimmy Staten,SEA,DT,64,2016
J.R. Sweezy,SEA,RG,79,2016
Steven Terrell,SEA,CB,67,2016
Earl Thomas III,SEA,FS,95,2016
Will Tukuafu,SEA,FB,74,2016
Robert Turbin,SEA,HB,78,2016
Bobby Wagner,SEA,MLB,92,2016
Cary Williams,SEA,CB,82,2016
Jesse Williams,SEA,DT,71,2016
Luke Willson,SEA,TE,81,2016
Russell Wilson,SEA,QB,89,2016
K.J. Wright,SEA,ROLB,86,2016
Mike Adams,PIT,LT,66,2016
Cortez Allen,PIT,CB,76,2016
Will Allen,PIT,SS,75,2016
Dri Archer,PIT,HB,68,2016
Kelvin Beachum,PIT,LT,87,2016
Le'Veon Bell,PIT,HB,94,2016
Antwon Blake,PIT,CB,70,2016
Rob Blanchflower,PIT,TE,70,2016
Tajh Boyd,PIT,QB,61,2016
Antonio Brown,PIT,WR,97,2016
Martavis Bryant,PIT,WR,80,2016
Anthony Chickillo,PIT,LOLB,64,2016
Cameron Clear,PIT,TE,63,2016
Sammie Coates,PIT,WR,71,2016
Matt Conrath,PIT,LE,66,2016
David DeCastro,PIT,RG,87,2016
Miles Dieffenbach,PIT,RG,66,2016
Reese Dismukes,PIT,C,66,2016
Bud Dupree,PIT,ROLB,73,2016
Michael Egnew,PIT,TE,68,2016
B.J. Finney,PIT,C,65,2016
Kevin Fogg,PIT,CB,65,2016
Ramon Foster,PIT,LG,82,2016
Devin Gardner,PIT,WR,64,2016
Terence Garvin,PIT,MLB,65,2016
William Gay,PIT,CB,84,2016
Clifton Geathers,PIT,RE,70,2016
Marcus Gilbert,PIT,RT,84,2016
Robert Golden,PIT,FS,68,2016
Senquez Golson,PIT,CB,70,2016
C.J. Goodwin,PIT,WR,58,2016
Bruce Gradkowski,PIT,QB,74,2016
Doran Grant,PIT,CB,67,2016
Josh Harris,PIT,HB,66,2016
James Harrison,PIT,ROLB,84,2016
Cameron Heyward,PIT,LE,88,2016
Darrius Heyward-Bey,PIT,WR,69,2016
Gerod Holliman,PIT,FS,66,2016
Chris Hubbard,PIT,LG,72,2016
Jesse James,PIT,TE,64,2016
Will Johnson,PIT,FB,83,2016
Jarvis Jones,PIT,ROLB,71,2016
Landry Jones,PIT,QB,68,2016
Joe Kruger,PIT,ROLB,67,2016
Daniel McCullers,PIT,DT,68,2016
Steve McLendon,PIT,DT,84,2016
Heath Miller,PIT,TE,83,2016
Mike Mitchell,PIT,FS,78,2016
Arthur Moats,PIT,LOLB,80,2016
Maurkice Pouncey,PIT,C,90,2016
Ben Roethlisberger,PIT,QB,95,2016
Ross Scheuerman,PIT,HB,65,2016
Ryan Shazier,PIT,MLB,76,2016
Matt Spaeth,PIT,TE,78,2016
Sean Spence,PIT,MLB,71,2016
Shaun Suisham,PIT,K,86,2016
Cam Thomas,PIT,LE,71,2016
Shamarko Thomas,PIT,SS,76,2016
Lawrence Timmons,PIT,MLB,90,2016
Stephon Tuitt,PIT,RE,73,2016
Mitchell Van Dyk,PIT,RT,67,2016
Ross Ventrone,PIT,SS,66,2016
Alejandro Villanueva,PIT,RT,63,2016
Cody Wallace,PIT,C,71,2016
L.T. Walton,PIT,LE,61,2016
Greg Warren,PIT,C,67,2016
B.W. Webb,PIT,CB,70,2016
Markus Wheaton,PIT,WR,75,2016
DeAngelo Williams,PIT,HB,78,2016
Vince Williams,PIT,MLB,75,2016
Brad Wing,PIT,P,64,2016
Jordan Zumwalt,PIT,LOLB,65,2016
Jeff Adams,HOU,LT,67,2016
Jason Ankrah,HOU,ROLB,64,2016
Lonnie Ballentine,HOU,FS,66,2016
Alfred Blue,HOU,HB,74,2016
Alan Bonner,HOU,WR,61,2016
A.J. Bouye,HOU,CB,73,2016
Brandon Brooks,HOU,RG,87,2016
Duane Brown,HOU,LT,90,2016
Kourtnei Brown,HOU,LOLB,62,2016
Stevie Brown,HOU,SS,80,2016
Randy Bullock,HOU,K,80,2016
Max Bullough,HOU,MLB,67,2016
Reshard Cliett,HOU,MLB,54,2016
Jadeveon Clowney,HOU,ROLB,78,2016
Christian Covington,HOU,RE,62,2016
Jared Crick,HOU,LE,77,2016
Brian Cushing,HOU,MLB,82,2016
Brandon Deaderick,HOU,DT,69,2016
Akeem Dent,HOU,MLB,75,2016
Kurtis Drummond,HOU,FS,61,2016
James Ferentz,HOU,C,67,2016
C.J. Fiedorowicz,HOU,TE,71,2016
Tevita Finau,HOU,RE,66,2016
Arian Foster,HOU,HB,91,2016
Garrett Graham,HOU,TE,74,2016
Ryan Griffin,HOU,TE,73,2016
Jonathan Grimes,HOU,HB,71,2016
Andre Hal,HOU,CB,72,2016
Kenny Hilliard,HOU,HB,62,2016
DeAndre Hopkins,HOU,WR,88,2016
Brian Hoyer,HOU,QB,73,2016
Kareem Jackson,HOU,CB,84,2016
Charles James II,HOU,CB,68,2016
Damaris Johnson,HOU,WR,71,2016
Kevin Johnson,HOU,CB,74,2016
Ben Jones,HOU,C,75,2016
Johnathan Joseph,HOU,CB,88,2016
Shane Lechler,HOU,P,84,2016
Ryan Mallett,HOU,QB,74,2016
Keshawn Martin,HOU,WR,69,2016
Benardrick McKinney,HOU,LOLB,72,2016
Whitney Mercilus,HOU,ROLB,80,2016
Mike Mohamed,HOU,MLB,74,2016
Rahim Moore,HOU,FS,85,2016
Darryl Morris,HOU,CB,71,2016
Keith Mumphery,HOU,WR,61,2016
Derek Newton,HOU,RT,87,2016
Louis Nix III,HOU,DT,74,2016
Uzoma Nwachukwu,HOU,WR,67,2016
Jeoffrey Pagan,HOU,LE,66,2016
Eddie Pleasant,HOU,SS,75,2016
Chris Polk,HOU,HB,74,2016
Jay Prosch,HOU,FB,77,2016
David Quessenberry,HOU,RG,73,2016
Jumal Rolle,HOU,CB,67,2016
Tom Savage,HOU,QB,70,2016
Cecil Shorts,HOU,WR,78,2016
John Simon,HOU,LOLB,72,2016
Chad Slade,HOU,LG,65,2016
Jaelen Strong,HOU,WR,72,2016
Xavier Su'a-Filo,HOU,LG,74,2016
Jeff Tarpinian,HOU,MLB,68,2016
Lynden Trail,HOU,LE,60,2016
Justin Tuggle,HOU,MLB,72,2016
Nate Washington,HOU,WR,78,2016
J.J. Watt,HOU,RE,99,2016
Jon Weeks,HOU,TE,49,2016
Cody White,HOU,C,68,2016
Vince Wilfork,HOU,DT,91,2016
Bryan Witzmann,HOU,RT,68,2016
Will Yeatman,HOU,LT,66,2016
Antonio Andrews,TEN,HB,63,2016
Nate Askew,TEN,ROLB,60,2016
Byron Bell,TEN,RT,73,2016
Angelo Blackson,TEN,DT,65,2016
Beau Brinkley,TEN,TE,54,2016
Zach Brown,TEN,MLB,75,2016
Kaelin Burnett,TEN,LOLB,70,2016
Jurrell Casey,TEN,RE,92,2016
David Cobb,TEN,HB,71,2016
Perrish Cox,TEN,CB,79,2016
Dorin Dickerson,TEN,FB,74,2016
Harry Douglas,TEN,WR,79,2016
Anthony Fasano,TEN,TE,77,2016
Jacoby Ford,TEN,WR,71,2016
Jalston Fowler,TEN,FB,68,2016
Andy Gallik,TEN,C,65,2016
Clyde Gates,TEN,WR,67,2016
Zaviar Gooden,TEN,MLB,68,2016
Dorial Green-Beckham,TEN,WR,74,2016
Michael Griffin,TEN,FS,75,2016
Brandon Harris,TEN,CB,73,2016
Sammie Hill,TEN,DT,78,2016
Marqueston Huff,TEN,FS,74,2016
Justin Hunter,TEN,WR,75,2016
Gabe Ikard,TEN,C,67,2016
DaQuan Jones,TEN,LE,68,2016
Terren Jones,TEN,RT,64,2016
Brett Kern,TEN,P,88,2016
Karl Klug,TEN,RE,75,2016
Andy Levitre,TEN,LG,82,2016
Taylor Lewan,TEN,LT,81,2016
Deon Long,TEN,WR,66,2016
Marcus Mariota,TEN,QB,78,2016
Mike Martin,TEN,LE,74,2016
Jonathan Massaquoi,TEN,ROLB,73,2016
Josue Matias,TEN,LG,65,2016
Tre McBride,TEN,WR,68,2016
Dexter McCluster,TEN,HB,73,2016
Jason McCourty,TEN,CB,86,2016
Justin McCray,TEN,LG,69,2016
Jamon Meredith,TEN,LT,66,2016
Zach Mettenberger,TEN,QB,76,2016
Derrick Morgan,TEN,LOLB,87,2016
Deiontrez Mount,TEN,LOLB,59,2016
Connor Neighbors,TEN,FB,62,2016
Hakeem Nicks,TEN,WR,78,2016
Brian Orakpo,TEN,ROLB,87,2016
Ropati Pitoitua,TEN,LE,77,2016
Jeremiah Poutasi,TEN,RT,68,2016
Cody Prewitt,TEN,SS,65,2016
Bishop Sankey,TEN,HB,75,2016
Brian Schwenke,TEN,C,72,2016
Da'Norris Searcy,TEN,SS,86,2016
Coty Sensabaugh,TEN,CB,69,2016
Yawin Smallwood,TEN,MLB,63,2016
Quinton Spain,TEN,RG,66,2016
Daimion Stafford,TEN,SS,71,2016
Craig Stevens,TEN,TE,78,2016
Byron Stingily,TEN,RT,74,2016
Ryan Succop,TEN,K,79,2016
Alex Tanney,TEN,QB,65,2016
Jemea Thomas,TEN,CB,66,2016
Taylor Thompson,TEN,TE,70,2016
Fernando Velasco,TEN,RG,74,2016
Delanie Walker,TEN,TE,87,2016
Chance Warmack,TEN,RG,84,2016
Charlie Whitehurst,TEN,QB,74,2016
Avery Williamson,TEN,MLB,77,2016
Al Woods,TEN,DT,76,2016
Wesley Woodyard,TEN,MLB,77,2016
Khalid Wooten,TEN,CB,68,2016
Blidi Wreh-Wilson,TEN,CB,72,2016
Kendall Wright,TEN,WR,83,2016
Chigbo Anunoby,MIN,DT,69,2016
Matt Asiata,MIN,HB,72,2016
Joe Banyard,MIN,HB,70,2016
Anthony Barr,MIN,LOLB,85,2016
Joe Berger,MIN,C,77,2016
Robert Blanton,MIN,SS,86,2016
Brandon Bostick,MIN,TE,71,2016
Teddy Bridgewater,MIN,QB,82,2016
T.J. Clemmings,MIN,RT,71,2016
Audie Cole,MIN,MLB,71,2016
Scott Crichton,MIN,RE,72,2016
DaVaris Daniels,MIN,WR,64,2016
Stefon Diggs,MIN,WR,71,2016
B.J. Dubose,MIN,LE,63,2016
Rhett Ellison,MIN,TE,74,2016
Antone Exum Jr.,MIN,SS,71,2016
Sharrif Floyd,MIN,DT,87,2016
Chase Ford,MIN,TE,75,2016
Brandon Fusco,MIN,RG,82,2016
Chad Greenway,MIN,ROLB,80,2016
Everson Griffen,MIN,RE,89,2016
DuJuan Harris,MIN,HB,72,2016
Mike Harris,MIN,RT,67,2016
Taylor Heinicke,MIN,QB,62,2016
Shaun Hill,MIN,QB,74,2016
Gerald Hodges,MIN,LOLB,80,2016
Danielle Hunter,MIN,RE,65,2016
Charles Johnson,MIN,WR,78,2016
Tom Johnson,MIN,DT,79,2016
Linval Joseph,MIN,DT,84,2016
Josh Kaddu,MIN,ROLB,64,2016
Mike Kafka,MIN,QB,68,2016
Matt Kalil,MIN,LT,73,2016
Eric Kendricks,MIN,MLB,72,2016
Zach Line,MIN,FB,72,2016
Phil Loadholt,MIN,RT,85,2016
Jeff Locke,MIN,P,66,2016
Cullen Loeffler,MIN,TE,66,2016
Gavin Lutman,MIN,WR,59,2016
Casey Matthews,MIN,MLB,66,2016
Michael Mauti,MIN,ROLB,66,2016
Kevin McDermott,MIN,TE,58,2016
Jerick McKinnon,MIN,HB,76,2016
Captain Munnerlyn,MIN,CB,81,2016
Terence Newman,MIN,CB,81,2016
Cordarrelle Patterson,MIN,WR,73,2016
Adrian Peterson,MIN,HB,95,2016
Shaun Prater,MIN,CB,71,2016
Jabari Price,MIN,CB,66,2016
MyCole Pruitt,MIN,TE,66,2016
Caesar Rayford,MIN,RE,67,2016
Xavier Rhodes,MIN,CB,86,2016
Edmond Robinson,MIN,LOLB,59,2016
Josh Robinson,MIN,CB,78,2016
Brian Robison,MIN,LE,82,2016
Kyle Rudolph,MIN,TE,81,2016
Andrew Sendejo,MIN,FS,75,2016
Austin Shepherd,MIN,LG,62,2016
Marcus Sherels,MIN,CB,69,2016
Harrison Smith,MIN,FS,93,2016
Shamar Stephen,MIN,DT,70,2016
John Sullivan,MIN,C,87,2016
Adam Thielen,MIN,WR,71,2016
Tyrus Thompson,MIN,LT,64,2016
Justin Trattou,MIN,LE,67,2016
DeMarcus Van Dyke,MIN,CB,67,2016
Bobby Vardaro,MIN,RG,65,2016
Mike Wallace,MIN,WR,86,2016
Blair Walsh,MIN,K,79,2016
Brandon Watts,MIN,ROLB,61,2016
Trae Waynes,MIN,CB,75,2016
Jarius Wright,MIN,WR,76,2016
David Yankey,MIN,LG,73,2016
Von Miller,DEN,LOLB,99,2017
Luke Kuechly,CAR,MLB,99,2017
Rob Gronkowski,NE,TE,99,2017
J.J. Watt,HOU,RE,99,2017
Aaron Donald,LAR,DT,98,2017
Joe Thomas,CLE,LT,97,2017
Justin Houston,KC,LOLB,97,2017
Tyron Smith,DAL,LT,97,2017
Marshal Yanda,BAL,RG,97,2017
Antonio Brown,PIT,WR,97,2017
Tyrann Mathieu,ARI,FS,96,2017
Julio Jones,ATL,WR,96,2017
Aaron Rodgers,GB,QB,96,2017
Geno Atkins,CIN,DT,94,2017
Cam Newton,CAR,QB,94,2017
Tom Brady,NE,QB,94,2017
Khalil Mack,OAK,LOLB,94,2017
Josh Norman,WAS,CB,94,2017
Le'Veon Bell,PIT,HB,94,2017
Harrison Smith,MIN,FS,94,2017
A.J. Green,CIN,WR,93,2017
Andrew Whitworth,CIN,LT,93,2017
Chris Harris Jr.,DEN,CB,93,2017
Eric Berry,KC,FS,93,2017
Reshad Jones,MIA,SS,93,2017
Ndamukong Suh,MIA,DT,93,2017
Fletcher Cox,PHI,DT,93,2017
Malcolm Jenkins,PHI,FS,93,2017
Odell Beckham Jr.,NYG,WR,93,2017
Greg Olsen,CAR,TE,93,2017
Earl Thomas III,SEA,FS,93,2017
Ben Roethlisberger,PIT,QB,93,2017
DeAndre Hopkins,HOU,WR,93,2017
Jurrell Casey,TEN,RE,93,2017
Delanie Walker,TEN,TE,93,2017
Pernell McPhee,CHI,LOLB,92,2017
Gerald McCoy,TB,DT,92,2017
Zack Martin,DAL,RG,92,2017
Brandon Graham,PHI,RE,92,2017
Mike Daniels,GB,RE,92,2017
Kawann Short,CAR,DT,92,2017
Eric Weddle,BAL,FS,92,2017
Trent Williams,WAS,LT,92,2017
Terron Armstead,NO,LT,92,2017
Richard Sherman,SEA,CB,92,2017
Alshon Jeffery,CHI,WR,91,2017
Larry Fitzgerald,ARI,WR,91,2017
Patrick Peterson,ARI,CB,91,2017
Vontae Davis,IND,CB,91,2017
Travis Frederick,DAL,C,91,2017
Patrick DiMarco,ATL,FB,91,2017
Olivier Vernon,NYG,RE,91,2017
Darrelle Revis,NYJ,CB,91,2017
T.J. Lang,GB,RG,91,2017
Josh Sitton,GB,LG,91,2017
Devin McCourty,NE,FS,91,2017
Michael Bennett,SEA,LE,91,2017
Kam Chancellor,SEA,SS,91,2017
Russell Wilson,SEA,QB,91,2017
Johnathan Joseph,HOU,CB,91,2017
Adrian Peterson,MIN,HB,91,2017
Tyler Eifert,CIN,TE,90,2017
Richie Incognito,BUF,LG,90,2017
Brandon Marshall,DEN,MLB,90,2017
Aqib Talib,DEN,CB,90,2017
Doug Martin,TB,HB,90,2017
Tamba Hali,KC,ROLB,90,2017
Derrick Johnson,KC,MLB,90,2017
Dez Bryant,DAL,WR,90,2017
Desmond Trufant,ATL,CB,90,2017
Ezekiel Ansah,DET,RE,90,2017
Darius Slay,DET,CB,90,2017
Dont'a Hightower,NE,ROLB,90,2017
Terrell Suggs,BAL,ROLB,90,2017
Drew Brees,NO,QB,90,2017
Cameron Jordan,NO,LE,90,2017
Cliff Avril,SEA,RE,90,2017
Joe Staley,SF,LT,89,2017
Kevin Zeitler,CIN,RG,89,2017
Cordy Glenn,BUF,LT,89,2017
Carson Palmer,ARI,QB,89,2017
Jamaal Charles,KC,HB,89,2017
T.Y. Hilton,IND,WR,89,2017
Sean Lee,DAL,ROLB,89,2017
Cameron Wake,MIA,LE,89,2017
Brandon Marshall,NYJ,WR,89,2017
Muhammad Wilkerson,NYJ,LE,89,2017
Golden Tate III,DET,WR,89,2017
Clay Matthews,GB,LOLB,89,2017
Jordy Nelson,GB,WR,89,2017
Ryan Kalil,CAR,C,89,2017
Julian Edelman,NE,WR,89,2017
Kelechi Osemele,OAK,RG,89,2017
Robert Quinn,LAR,RE,89,2017
Steve Smith Sr.,BAL,WR,89,2017
Jordan Reed,WAS,TE,89,2017
Doug Baldwin,SEA,WR,89,2017
Jimmy Graham,SEA,TE,89,2017
Linval Joseph,MIN,DT,89,2017
NaVorro Bowman,SF,MLB,88,2017
Vontaze Burfict,CIN,ROLB,88,2017
Adam Jones,CIN,CB,88,2017
Marcell Dareus,BUF,DT,88,2017
Jerry Hughes,BUF,RE,88,2017
Emmanuel Sanders,DEN,WR,88,2017
Calais Campbell,ARI,LE,88,2017
Evan Mathis,ARI,RG,88,2017
Keenan Allen,LAC,WR,88,2017
Jason Verrett,LAC,CB,88,2017
Travis Kelce,KC,TE,88,2017
Andrew Luck,IND,QB,88,2017
Weston Richburg,NYG,C,88,2017
Allen Robinson,JAX,WR,88,2017
Thomas Davis Sr.,CAR,ROLB,88,2017
Jamie Collins,NE,MLB,88,2017
Jabaal Sheard,NE,RE,88,2017
Sean Smith,OAK,CB,88,2017
Dan Williams,OAK,DT,88,2017
Ryan Kerrigan,WAS,LOLB,88,2017
Bobby Wagner,SEA,MLB,88,2017
K.J. Wright,SEA,ROLB,88,2017
Cameron Heyward,PIT,LE,88,2017
Maurkice Pouncey,PIT,C,88,2017
Whitney Mercilus,HOU,LOLB,88,2017
Lamar Miller,HOU,HB,88,2017
Jalston Fowler,TEN,FB,88,2017
Anthony Barr,MIN,LOLB,88,2017
Everson Griffen,MIN,RE,88,2017
Andy Dalton,CIN,QB,87,2017
Carlos Dunlap,CIN,LE,87,2017
Sammy Watkins,BUF,WR,87,2017
Demaryius Thomas,DEN,WR,87,2017
Orlando Scandrick,DAL,CB,87,2017
Jason Witten,DAL,TE,87,2017
Jarvis Landry,MIA,WR,87,2017
Zach Ertz,PHI,TE,87,2017
Jason Peters,PHI,LT,87,2017
Dominique Rodgers-Cromartie,NYG,CB,87,2017
Eric Decker,NYJ,WR,87,2017
DeAndre Levy,DET,ROLB,87,2017
Kurt Coleman,CAR,FS,87,2017
Jonathan Stewart,CAR,HB,87,2017
Trai Turner,CAR,RG,87,2017
Reggie Nelson,OAK,FS,87,2017
Donald Penn,OAK,LT,87,2017
Elvis Dumervil,BAL,LOLB,87,2017
Brian Orakpo,TEN,ROLB,87,2017
Wesley Woodyard,TEN,MLB,87,2017
Jerrell Freeman,CHI,MLB,86,2017
LeSean McCoy,BUF,HB,86,2017
Darian Stewart,DEN,FS,86,2017
DeMarcus Ware,DEN,ROLB,86,2017
Derek Wolfe,DEN,LE,86,2017
Joe Haden,CLE,CB,86,2017
Lavonte David,TB,ROLB,86,2017
Mike Evans,TB,WR,86,2017
John Brown,ARI,WR,86,2017
Mike Iupati,ARI,LG,86,2017
Melvin Ingram,LAC,ROLB,86,2017
Jeremy Maclin,KC,WR,86,2017
Mitchell Schwartz,KC,RT,86,2017
Pat McAfee,IND,P,86,2017
Tony Romo,DAL,QB,86,2017
Lane Johnson,PHI,RT,86,2017
Devonta Freeman,ATL,HB,86,2017
Malik Jackson,JAX,LE,86,2017
Matt Forte,NYJ,HB,86,2017
Sheldon Richardson,NYJ,RE,86,2017
Randall Cobb,GB,WR,86,2017
Julius Peppers,GB,ROLB,86,2017
Sam Shields,GB,CB,86,2017
Patrick Chung,NE,SS,86,2017
Marcel Reece,OAK,FB,86,2017
Duane Brown,HOU,LT,86,2017
John Sullivan,MIN,C,86,2017
Danny Trevathan,CHI,MLB,85,2017
Giovani Bernard,CIN,HB,85,2017
Stephon Gilmore,BUF,CB,85,2017
T.J. Ward,DEN,SS,85,2017
Paul Kruger,CLE,ROLB,85,2017
Brent Grimes,TB,CB,85,2017
Michael Floyd,ARI,WR,85,2017
Jared Veldheer,ARI,LT,85,2017
Antonio Gates,LAC,TE,85,2017
Dontari Poe,KC,DT,85,2017
Jack Mewhort,IND,LG,85,2017
Dan Bailey,DAL,K,85,2017
Koa Misi,MIA,LOLB,85,2017
Jason Kelce,PHI,C,85,2017
Mychal Kendricks,PHI,LOLB,85,2017
Ryan Schraeder,ATL,RT,85,2017
Janoris Jenkins,NYG,CB,85,2017
Jason Pierre-Paul,NYG,LE,85,2017
Allen Hurns,JAX,WR,85,2017
Matthew Stafford,DET,QB,85,2017
Morgan Burnett,GB,SS,85,2017
Graham Gano,CAR,K,85,2017
Martellus Bennett,NE,TE,85,2017
Malcolm Butler,NE,CB,85,2017
Stephen Gostkowski,NE,K,85,2017
Rodney Hudson,OAK,C,85,2017
Aldon Smith,OAK,ROLB,85,2017
Todd Gurley II,LAR,HB,85,2017
William Hayes,LAR,LE,85,2017
James Harrison,PIT,ROLB,85,2017
Brett Kern,TEN,P,85,2017
Da'Norris Searcy,TEN,SS,85,2017
George Iloka,CIN,FS,84,2017
Rey Maualuga,CIN,MLB,84,2017
Charles Clay,BUF,TE,84,2017
C.J. Anderson,DEN,HB,84,2017
Gary Barnidge,CLE,TE,84,2017
Robert Ayers Jr.,TB,LE,84,2017
Jermaine Gresham,ARI,TE,84,2017
Casey Hayward,LAC,CB,84,2017
Philip Rivers,LAC,QB,84,2017
Matt Slauson,LAC,C,84,2017
Adam Vinatieri,IND,K,84,2017
Connor Barwin,PHI,LE,84,2017
Alex Mack,ATL,C,84,2017
Matt Ryan,ATL,QB,84,2017
Damon Harrison,NYG,DT,84,2017
Justin Pugh,NYG,LG,84,2017
Ryan Clady,NYJ,LT,84,2017
Logan Ryan,NE,CB,84,2017
Nate Solder,NE,LT,84,2017
Sebastian Vollmer,NE,RT,84,2017
David Amerson,OAK,CB,84,2017
Sam Koch,BAL,P,84,2017
Brandon Williams,BAL,DT,84,2017
DeSean Jackson,WAS,WR,84,2017
Coby Fleener,NO,TE,84,2017
Steven Hauschka,SEA,K,84,2017
David DeCastro,PIT,RG,84,2017
Mike Mitchell,PIT,FS,84,2017
Vince Wilfork,HOU,DT,84,2017
Aaron Lynch,SF,ROLB,83,2017
Karlos Dansby,CIN,LOLB,83,2017
Ronald Darby,BUF,CB,83,2017
Bradley Roby,DEN,CB,83,2017
Joel Bitonio,CLE,LG,83,2017
David Johnson,ARI,HB,83,2017
Jaye Howard,KC,LE,83,2017
Robert Mathis,IND,ROLB,83,2017
Josh Brown,NYG,K,83,2017
Prince Amukamara,JAX,CB,83,2017
Julius Thomas,JAX,TE,83,2017
Nick Mangold,NYJ,C,83,2017
Calvin Pryor III,NYJ,SS,83,2017
Michael Burton,DET,FB,83,2017
Glover Quin,DET,FS,83,2017
Riley Reiff,DET,RT,83,2017
Tahir Whitehead,DET,LOLB,83,2017
Ha Ha Clinton-Dix,GB,FS,83,2017
Eddie Lacy,GB,HB,83,2017
Kelvin Benjamin,CAR,WR,83,2017
Andrew Norwell,CAR,LG,83,2017
Danny Amendola,NE,WR,83,2017
James Develin,NE,FB,83,2017
Terrance Knighton,NE,DT,83,2017
Derek Carr,OAK,QB,83,2017
Amari Cooper,OAK,WR,83,2017
Michael Crabtree,OAK,WR,83,2017
Gabe Jackson,OAK,LG,83,2017
T.J. McDonald Jr.,LAR,SS,83,2017
Kyle Juszczyk,BAL,FB,83,2017
C.J. Mosley,BAL,MLB,83,2017
Justin Tucker,BAL,K,83,2017
Kirk Cousins,WAS,QB,83,2017
Tress Way,WAS,P,83,2017
Jairus Byrd,NO,FS,83,2017
Brandin Cooks,NO,WR,83,2017
Mark Ingram,NO,HB,83,2017
Thomas Morstead,NO,P,83,2017
Marcus Gilbert,PIT,RT,83,2017
Jadeveon Clowney,HOU,ROLB,83,2017
Taylor Lewan,TEN,LT,83,2017
DeMarco Murray,TEN,HB,83,2017
Joe Berger,MIN,C,83,2017
Sharrif Floyd,MIN,DT,83,2017
Ian Williams,SF,DT,82,2017
Willie Young,CHI,LOLB,82,2017
Zach Brown,BUF,ROLB,82,2017
Corey Graham,BUF,FS,82,2017
Tyrod Taylor,BUF,QB,82,2017
Kyle Williams,BUF,DT,82,2017
Brandon McManus,DEN,K,82,2017
Russell Okung,DEN,LT,82,2017
Bryan Anger,TB,P,82,2017
Vincent Jackson,TB,WR,82,2017
Charles Sims III,TB,HB,82,2017
Daryl Smith,TB,LOLB,82,2017
Jameis Winston,TB,QB,82,2017
Chandler Jones,ARI,ROLB,82,2017
King Dunlap,LAC,LT,82,2017
Danny Woodhead,LAC,HB,82,2017
Dustin Colquitt,KC,P,82,2017
Marcus Peters,KC,CB,82,2017
Alex Smith,KC,QB,82,2017
Trent Cole,IND,ROLB,82,2017
Barry Church,DAL,SS,82,2017
Chris Jones,DAL,P,82,2017
Ryan Mathews,PHI,HB,82,2017
Will Johnson,NYG,FB,82,2017
Kelvin Beachum,JAX,LT,82,2017
Blake Bortles,JAX,QB,82,2017
Chris Ivory,JAX,HB,82,2017
Jalen LARey,JAX,CB,82,2017
Marcus Gilchrist,NYJ,FS,82,2017
Marvin Jones,DET,WR,82,2017
Haloti Ngata,DET,DT,82,2017
Charles Johnson,CAR,LE,82,2017
Rob Ninkovich,NE,LOLB,82,2017
Marquette King,OAK,P,82,2017
Johnny Hekker,LAR,P,82,2017
Justin Forsett,BAL,HB,82,2017
DeAngelo Hall,WAS,FS,82,2017
Delvin Breaux,NO,CB,82,2017
Zach Strief,NO,RT,82,2017
Max Unger,NO,C,82,2017
Martavis Bryant,PIT,WR,82,2017
Ramon Foster,PIT,LG,82,2017
William Gay,PIT,CB,82,2017
Derek Newton,HOU,RT,82,2017
Rashad Johnson,TEN,FS,82,2017
Tramaine Brock,SF,CB,81,2017
Carlos Hyde,SF,HB,81,2017
Lamarr Houston,CHI,ROLB,81,2017
Clint Boling,CIN,LG,81,2017
Jeremy Hill,CIN,HB,81,2017
Eric Wood,BUF,C,81,2017
Tyvon Branch,ARI,SS,81,2017
Tony Jefferson,ARI,FS,81,2017
Jeremiah Attaochu,LAC,LOLB,81,2017
Ron Parker,KC,SS,81,2017
Anthony Sherman,KC,FB,81,2017
Anthony Castonzo,IND,LT,81,2017
Byron Jones,DAL,FS,81,2017
DeMarcus Lawrence,DAL,LE,81,2017
Rolando McClain,DAL,MLB,81,2017
Jermon Bushrod,MIA,LG,81,2017
Jordan Cameron,MIA,TE,81,2017
Arian Foster,MIA,HB,81,2017
Mike Pouncey,MIA,C,81,2017
Mario Williams,MIA,RE,81,2017
Rodney McLeod Jr.,PHI,SS,81,2017
Darren Sproles,PHI,HB,81,2017
Jonathan Babineaux,ATL,DT,81,2017
Matt Bosher,ATL,P,81,2017
Matt Bryant,ATL,K,81,2017
Victor Cruz,NYG,WR,81,2017
Johnathan Hankins,NYG,DT,81,2017
Eli Manning,NYG,QB,81,2017
Shane Vereen,NYG,HB,81,2017
Brad Nortman,JAX,P,81,2017
David Harris,NYJ,MLB,81,2017
Leonard Williams,NYJ,RE,81,2017
Matt Prater,DET,K,81,2017
Theo Riddick,DET,HB,81,2017
Geoff Schwartz,DET,RG,81,2017
Mason Crosby,GB,K,81,2017
Nick Perry,GB,ROLB,81,2017
LeGarrette Blount,NE,HB,81,2017
Bruce Irvin,OAK,LOLB,81,2017
Latavius Murray,OAK,HB,81,2017
Joe Flacco,BAL,QB,81,2017
Dennis Pitta,BAL,TE,81,2017
Jimmy Smith,BAL,CB,81,2017
Benjamin Watson,BAL,TE,81,2017
Jeremy Zuttah,BAL,C,81,2017
Chris Baker,WAS,LE,81,2017
Bashaud Breeland,WAS,CB,81,2017
Pierre Garcon,WAS,WR,81,2017
Trent Murphy,WAS,RE,81,2017
Jon Ryan,SEA,P,81,2017
Ladarius Green,PIT,TE,81,2017
DeAngelo Williams,PIT,HB,81,2017
Brian Cushing,HOU,MLB,81,2017
Nick Novak,HOU,K,81,2017
Jay Prosch,HOU,FB,81,2017
Derrick Morgan,TEN,LOLB,81,2017
Ryan Succop,TEN,K,81,2017
Alex Boone,MIN,RG,81,2017
Teddy Bridgewater,MIN,QB,81,2017
Kyle Rudolph,MIN,TE,81,2017
Blair Walsh,MIN,K,81,2017
Phil Dawson,SF,K,80,2017
Jay Cutler,CHI,QB,80,2017
Kyle Fuller,CHI,CB,80,2017
Pat O'Donnell,CHI,P,80,2017
Mike Nugent,CIN,K,80,2017
Shaquil Barrett,DEN,LOLB,80,2017
Britton Colquitt,DEN,P,80,2017
Andy Lee,CLE,P,80,2017
Tramon Williams,CLE,CB,80,2017
Chandler Catanzaro,ARI,K,80,2017
Joe Barksdale,LAC,RT,80,2017
Corey Liuget,LAC,RE,80,2017
Brandon Mebane,LAC,DT,80,2017
Dwayne Allen,IND,TE,80,2017
Kendall Langford,IND,LE,80,2017
Tyrone Crawford,DAL,DT,80,2017
Ezekiel Elliott,DAL,HB,80,2017
Doug Free,DAL,RT,80,2017
Terrance Williams,DAL,WR,80,2017
Branden Albert,MIA,LT,80,2017
Brandon Brooks,PHI,RG,80,2017
Andy Levitre,ATL,LG,80,2017
Jake Matthews,ATL,LT,80,2017
Rashad Jennings,NYG,HB,80,2017
Ryan Quigley,JAX,P,80,2017
Telvin Smith,JAX,LOLB,80,2017
T.J. Yeldon,JAX,HB,80,2017
Sam Martin,DET,P,80,2017
Jared Cook,GB,TE,80,2017
Micah Hyde,GB,FS,80,2017
Corey Linsley,GB,C,80,2017
Bene Benwikere,CAR,CB,80,2017
Paul Soliai,CAR,DT,80,2017
Dion Lewis,NE,HB,80,2017
Austin Howard,OAK,RT,80,2017
Tavon Austin,LAR,WR,80,2017
Kenny Britt,LAR,WR,80,2017
Cory Harkey,LAR,FB,80,2017
Trumaine Johnson,LAR,CB,80,2017
Vernon Davis,WAS,TE,80,2017
Junior Galette,WAS,LOLB,80,2017
Kenny Vaccaro,NO,SS,80,2017
Jermaine Kearse,SEA,WR,80,2017
Tyler Lockett,SEA,WR,80,2017
Thomas Rawls,SEA,HB,80,2017
Roosevelt Nix,PIT,FB,80,2017
Anthony Fasano,TEN,TE,80,2017
Jason McCourty,TEN,CB,80,2017
Craig Stevens,TEN,TE,80,2017
Matt Kalil,MIN,LT,80,2017
Terence Newman,MIN,CB,80,2017
Xavier Rhodes,MIN,CB,80,2017
Robbie Gould,CHI,K,79,2017
Kyle Long,CHI,RG,79,2017
Michael Johnson,CIN,RE,79,2017
Dan Carpenter,BUF,K,79,2017
Karlos Williams Sr.,BUF,HB,79,2017
Virgil Green,DEN,TE,79,2017
Rahim Moore Sr.,CLE,FS,79,2017
Roberto Aguayo,TB,K,79,2017
Joey Bosa,LAC,LE,79,2017
Dwight Lowery,LAC,FS,79,2017
Branden Oliver,LAC,HB,79,2017
Allen Bailey,KC,RE,79,2017
Frank Gore,IND,HB,79,2017
D'Qwell Jackson,IND,MLB,79,2017
Joe Reitz,IND,RT,79,2017
Darren McFadden,DAL,HB,79,2017
Alfred Morris,DAL,HB,79,2017
J.J. Wilcox,DAL,FS,79,2017
Ryan Tannehill,MIA,QB,79,2017
Brent Celek,PHI,TE,79,2017
Vinny Curry,PHI,LE,79,2017
Donnie Jones,PHI,P,79,2017
Stefen Wisniewski,PHI,C,79,2017
Vic Beasley Jr.,ATL,ROLB,79,2017
Jacob Tamme,ATL,TE,79,2017
Luke Joeckel,JAX,LT,79,2017
Sen'Derrick Marks,JAX,DT,79,2017
Dan Skuta,JAX,ROLB,79,2017
James Carpenter,NYJ,LG,79,2017
Ryan Fitzpatrick,NYJ,QB,79,2017
Nick Folk,NYJ,K,79,2017
Anquan Boldin,DET,WR,79,2017
Josh Bynes,DET,ROLB,79,2017
David Bakhtiari,GB,LT,79,2017
Bryan Bulaga,GB,RT,79,2017
Richard Rodgers,GB,TE,79,2017
James Starks,GB,HB,79,2017
Kony Ealy,CAR,RE,79,2017
Star Lotulelei,CAR,DT,79,2017
Sebastian Janikowski,OAK,K,79,2017
Jamize Olawale,OAK,FB,79,2017
Michael Brockers,LAR,DT,79,2017
E.J. Gaines,LAR,CB,79,2017
Alec Ogletree,LAR,MLB,79,2017
Kendrick Lewis,BAL,FS,79,2017
Ronnie Stanley,BAL,LT,79,2017
Lardarius Webb,BAL,CB,79,2017
Connor Barth,NO,K,79,2017
Nick Fairley,NO,DT,79,2017
Jordan Berry,PIT,P,79,2017
Ryan Shazier,PIT,MLB,79,2017
Antonio Allen,HOU,FS,79,2017
Jack Conklin,TEN,RT,79,2017
Marcus Mariota,TEN,QB,79,2017
Rishard Matthews,TEN,WR,79,2017
Kendall Wright,TEN,WR,79,2017
Stefon Diggs,MIN,WR,79,2017
Brian Robison,MIN,LE,79,2017
DeForest Buckner,SF,RE,78,2017
Anthony Davis,SF,RT,78,2017
Vance McDonald,SF,TE,78,2017
Torrey Smith,SF,WR,78,2017
Akiem Hicks,CHI,LE,78,2017
Zach Miller,CHI,TE,78,2017
Corey Coleman,CLE,WR,78,2017
Duke Johnson Jr.,CLE,HB,78,2017
Demar Dotson,TB,RT,78,2017
William Gholston,TB,RE,78,2017
Jacob Schum,TB,P,78,2017
Austin Seferian-Jenkins,TB,TE,78,2017
Deone Bucannon,ARI,MLB,78,2017
Andre Ellington,ARI,HB,78,2017
Travis Benjamin,LAC,WR,78,2017
Brandon Flowers,LAC,CB,78,2017
Hunter Henry,LAC,TE,78,2017
Eric Fisher,KC,LT,78,2017
Mike Adams,IND,SS,78,2017
Donte Moncrief,IND,WR,78,2017
Patrick Robinson,IND,CB,78,2017
Erik Walden,IND,LOLB,78,2017
La'el Collins,DAL,LG,78,2017
Cedric Thornton,DAL,DT,78,2017
Jelani Jenkins,MIA,ROLB,78,2017
Laremy Tunsil,MIA,LG,78,2017
Sam Bradford,PHI,QB,78,2017
Bennie Logan,PHI,DT,78,2017
Jordan Matthews,PHI,WR,78,2017
Rueben Randle,PHI,WR,78,2017
Chris Chester,ATL,RG,78,2017
Courtney Upshaw,ATL,LOLB,78,2017
Devon Kennard,NYG,LOLB,78,2017
Aaron Colvin,JAX,CB,78,2017
Roy Miller III,JAX,DT,78,2017
Jared Odrick,JAX,RE,78,2017
Paul Posluszny,JAX,MLB,78,2017
Steve McLendon,NYJ,DT,78,2017
Bilal Powell,NYJ,HB,78,2017
Ameer Abdullah,DET,HB,78,2017
Tre Boston,CAR,SS,78,2017
Michael Oher,CAR,LT,78,2017
Mike Tolbert,CAR,FB,78,2017
Ryan Allen,NE,P,78,2017
Mario Edwards Jr.,OAK,RE,78,2017
Tre Mason,LAR,HB,78,2017
Garrett Reynolds,LAR,LG,78,2017
Greg Zuerlein,LAR,K,78,2017
Kamar Aiken,BAL,WR,78,2017
Crockett Gillmore,BAL,TE,78,2017
Maxx Williams,BAL,TE,78,2017
Morgan Moses,WAS,RT,78,2017
Brandon Scherff,WAS,RG,78,2017
Josh Hill,NO,TE,78,2017
John Jenkins,NO,DT,78,2017
Craig Robertson,NO,ROLB,78,2017
C.J. Spiller,NO,HB,78,2017
Luke Willson,SEA,TE,78,2017
Arthur Moats,PIT,LOLB,78,2017
Lawrence Timmons,PIT,MLB,78,2017
Stephon Tuitt,PIT,RE,78,2017
Jeff Allen,HOU,RG,78,2017
Kareem Jackson,HOU,CB,78,2017
Perrish Cox,TEN,CB,78,2017
Brice McCain,TEN,CB,78,2017
Avery Williamson,TEN,MLB,78,2017
Chad Greenway,MIN,ROLB,78,2017
Michael Griffin,MIN,FS,78,2017
Andrew Sendejo,MIN,SS,78,2017
Arik Armstead,SF,LE,77,2017
Antoine Bethea,SF,SS,77,2017
Bruce Miller,SF,FB,77,2017
Bradley Pinion,SF,P,77,2017
Eric Reid,SF,FS,77,2017
Adrian Amos,CHI,FS,77,2017
Eddie Royal,CHI,WR,77,2017
Jake Fisher,CIN,RT,77,2017
Kevin Huber,CIN,P,77,2017
Brandon LaFell,CIN,WR,77,2017
Colton Schmidt,BUF,P,77,2017
Aaron Williams,BUF,SS,77,2017
Desmond Bryant,CLE,LE,77,2017
John Greco,CLE,RG,77,2017
K'Waun Williams,CLE,CB,77,2017
Vernon Hargreaves III,TB,CB,77,2017
Ali Marpet,TB,RG,77,2017
Clinton McDonald,TB,DT,77,2017
Bradley McDougald,TB,FS,77,2017
Donovan Smith,TB,LT,77,2017
Stevie Johnson,LAC,WR,77,2017
Stevie Brown,KC,SS,77,2017
Josh Mauga,KC,MLB,77,2017
Cole Beasley,DAL,WR,77,2017
Justin Durant,DAL,LOLB,77,2017
Jason Jones,MIA,RE,77,2017
DeVante Parker,MIA,WR,77,2017
Robert Alford,ATL,CB,77,2017
Adrian Clayborn,ATL,LE,77,2017
Tyson Jackson,ATL,DT,77,2017
Keanu Neal,ATL,SS,77,2017
Mohamed Sanu Sr.,ATL,WR,77,2017
Dante Fowler Jr.,JAX,RE,77,2017
Tashaun Gipson,JAX,FS,77,2017
Brandon Linder,JAX,RG,77,2017
Jason Myers,JAX,K,77,2017
Jermey Parnell,JAX,RT,77,2017
Rafael Bush,DET,FS,77,2017
Ted Ginn Jr.,CAR,WR,77,2017
Mike Scifres,CAR,P,77,2017
Alan Branch,NE,DT,77,2017
Chris Long,NE,LE,77,2017
Shea McClellin,NE,ROLB,77,2017
Nate Allen,OAK,SS,77,2017
Clive Walford,OAK,TE,77,2017
Akeem Ayers,LAR,ROLB,77,2017
Jared Goff,LAR,QB,77,2017
Greg Robinson,LAR,LT,77,2017
Mike Wallace,BAL,WR,77,2017
David Bruton Jr.,WAS,SS,77,2017
Josh Doctson,WAS,WR,77,2017
Dustin Hopkins,WAS,K,77,2017
Duke Ihenacho,WAS,SS,77,2017
Matt Jones,WAS,HB,77,2017
Preston Smith,WAS,ROLB,77,2017
Dannell Ellerbe,NO,ROLB,77,2017
Tim Lelito,NO,LG,77,2017
Sheldon Rankins,NO,DT,77,2017
Willie Snead,NO,WR,77,2017
Jeremy Lane,SEA,CB,77,2017
Chris Boswell,PIT,K,77,2017
C.J. Fiedorowicz,HOU,TE,77,2017
Andre Hal,HOU,FS,77,2017
Shane Lechler,HOU,P,77,2017
Benardrick McKinney,HOU,MLB,77,2017
Brock Osweiler,HOU,QB,77,2017
Andre Smith,MIN,RT,77,2017
Leonard Floyd,CHI,ROLB,76,2017
Eddie Goldman,CHI,DT,76,2017
Jeremy Langford,CHI,HB,76,2017
Dre Kirkpatrick,CIN,CB,76,2017
Eric Winston,CIN,RT,76,2017
Robert Blanton,BUF,SS,76,2017
Sterling Moore,BUF,CB,76,2017
Duke Williams,BUF,FS,76,2017
Ronnie Hillman,DEN,HB,76,2017
Travis Coons,CLE,K,76,2017
Isaiah Crowell,CLE,HB,76,2017
Demario Davis,CLE,MLB,76,2017
Josh Gordon,CLE,WR,76,2017
Barkevious Mingo,CLE,LOLB,76,2017
Kwon Alexander,TB,MLB,76,2017
Chris Conte,TB,SS,76,2017
J.R. Sweezy,TB,LG,76,2017
Drew Butler,ARI,P,76,2017
Chris Clemons,ARI,FS,76,2017
Frostee Rucker,ARI,RE,76,2017
Melvin Gordon,LAC,HB,76,2017
Drew Kaser,LAC,P,76,2017
Josh Lambo,LAC,K,76,2017
Denzel Perryman,LAC,MLB,76,2017
Cairo Santos,KC,K,76,2017
Henry Anderson,IND,LE,76,2017
Nate Irving,IND,MLB,76,2017
Ryan Kelly,IND,C,76,2017
Brandon Carr,DAL,CB,76,2017
Lance Dunbar,DAL,HB,76,2017
Jaylon Smith,DAL,MLB,76,2017
Isa Abdul-Quddus,MIA,FS,76,2017
Kiko Alonso,MIA,MLB,76,2017
Matt Darr,MIA,P,76,2017
Andrew Franks,MIA,K,76,2017
Byron Maxwell,MIA,CB,76,2017
Nigel Bradham,PHI,ROLB,76,2017
Nolan Carroll II,PHI,CB,76,2017
Caleb Sturgis,PHI,K,76,2017
Carson Wentz,PHI,QB,76,2017
Kemal Ishmael,ATL,SS,76,2017
Brooks Reed,ATL,LOLB,76,2017
Eli Apple,NYG,CB,76,2017
Larry Donnell,NYG,TE,76,2017
Ereck Flowers,NYG,LT,76,2017
J.T. Thomas III,NYG,ROLB,76,2017
Nikita Whitlock,NYG,FB,76,2017
Brad Wing,NYG,P,76,2017
Tyson Alualu,JAX,DT,76,2017
Luke Bowanko,JAX,C,76,2017
Johnathan Cyprien,JAX,SS,76,2017
Davon House,JAX,CB,76,2017
Myles Jack,JAX,ROLB,76,2017
Marcedes Lewis,JAX,TE,76,2017
Taylor Decker,DET,LT,76,2017
Eric Ebron,DET,TE,76,2017
Datone Jones,GB,LE,76,2017
Damarious Randall,GB,CB,76,2017
J.C. Tretter,GB,C,76,2017
Mario Addison,CAR,LE,76,2017
Philly Brown,CAR,WR,76,2017
Mike Remmers,CAR,RT,76,2017
Donald Brown,NE,HB,76,2017
Jonathan Cooper,NE,RG,76,2017
Karl Joseph,OAK,SS,76,2017
Quinton Coples,LAR,LE,76,2017
Nick Boyle,BAL,TE,76,2017
Timmy Jernigan,BAL,LE,76,2017
Jerraud Powers,BAL,CB,76,2017
Rick Wagner,BAL,RT,76,2017
Ryan Harris,PIT,LT,76,2017
Markus Wheaton,PIT,WR,76,2017
Alfred Blue,HOU,HB,76,2017
Antonio Andrews,TEN,HB,76,2017
Dorial Green-Beckham,TEN,WR,76,2017
Andre Johnson,TEN,WR,76,2017
Eric Kendricks,MIN,MLB,76,2017
Jerick McKinnon,MIN,HB,76,2017
Kenneth Acker,SF,CB,75,2017
Garrett Celek,SF,TE,75,2017
Dontae Johnson,SF,CB,75,2017
Jimmie Ward,SF,CB,75,2017
Sam Acho,CHI,ROLB,75,2017
Bobby Massie,CHI,RT,75,2017
Jacquizz Rodgers,CHI,HB,75,2017
Darqueze Dennard,CIN,CB,75,2017
Vincent Rey,CIN,MLB,75,2017
Shawn Williams,CIN,SS,75,2017
Shaq Lawson,BUF,LE,75,2017
Cameron Brate,TB,TE,75,2017
Josh Robinson,TB,CB,75,2017
Evan Smith,TB,C,75,2017
Alterraun Verner,TB,CB,75,2017
Chris Johnson,ARI,HB,75,2017
Robert Nkemdiche,ARI,LE,75,2017
Corey Peters,ARI,DT,75,2017
Manti Te'o,LAC,MLB,75,2017
Phillip Gaines,KC,CB,75,2017
Spencer Ware,KC,HB,75,2017
Charcandrick West,KC,HB,75,2017
Robert Turbin,IND,HB,75,2017
Randy Gregory,DAL,RE,75,2017
Ronald Leary,DAL,LG,75,2017
Jay Ajayi,MIA,HB,75,2017
Ja'Wuan James,MIA,RT,75,2017
Dion Sims,MIA,TE,75,2017
Andrew Gardner,PHI,LT,75,2017
Cody Parkey,PHI,K,75,2017
Ricardo Allen,ATL,FS,75,2017
Tevin Coleman,ATL,HB,75,2017
Landon Collins,NYG,FS,75,2017
Keenan Robinson,NYG,MLB,75,2017
Erin Henderson,NYJ,MLB,75,2017
Buster Skrine,NYJ,CB,75,2017
Davante Adams,GB,WR,75,2017
Shaq Thompson,CAR,LOLB,75,2017
Duron Harmon,NE,SS,75,2017
Chris Hogan,NE,WR,75,2017
James White,NE,HB,75,2017
Lee Smith,OAK,TE,75,2017
Mark Barron,LAR,LOLB,75,2017
Lamarcus Joyner,LAR,CB,75,2017
Case Keenum,LAR,QB,75,2017
Lance Kendricks,LAR,TE,75,2017
Stephen Paea,WAS,LE,75,2017
Kai Forbath,NO,K,75,2017
Hau'oli Kikaha,NO,RE,75,2017
Keenan Lewis,NO,CB,75,2017
Germain Ifedi,SEA,RG,75,2017
Chris Clark,HOU,LT,75,2017
Quintin Demps,HOU,SS,75,2017
Antwon Blake,TEN,FS,75,2017
Chance Warmack,TEN,RG,75,2017
Mackensie Alexander,MIN,CB,75,2017
Captain Munnerlyn,MIN,CB,75,2017
Laquon Treadwell,MIN,WR,75,2017
Jarius Wright,MIN,WR,75,2017
Ahmad Brooks,SF,LOLB,74,2017
Blaine Gabbert,SF,QB,74,2017
Joshua Garnett,SF,RG,74,2017
Colin Kaepernick,SF,QB,74,2017
Kevin White,CHI,WR,74,2017
Ryan Hewitt,CIN,FB,74,2017
Cedric Ogbuehi,CIN,LT,74,2017
Reggie Bush,BUF,HB,74,2017
Reggie Ragland,BUF,ROLB,74,2017
Nickell Robey-Coleman,BUF,CB,74,2017
Paxton Lynch,DEN,QB,74,2017
Vance Walker,DEN,LE,74,2017
Sylvester Williams,DEN,DT,74,2017
Justin Gilbert,CLE,CB,74,2017
Christian Kirksey,CLE,MLB,74,2017
Jacquies Smith,TB,LE,74,2017
Major Wright,TB,FS,74,2017
Justin Bethel,ARI,CB,74,2017
Kevin Minter,ARI,MLB,74,2017
Troy Niklas,ARI,TE,74,2017
Earl Watford,ARI,RG,74,2017
Jahleel Addae,LAC,SS,74,2017
D.J. Fluker,LAC,RG,74,2017
Albert Wilson,KC,WR,74,2017
Gavin Escobar,DAL,TE,74,2017
James Hanna,DAL,TE,74,2017
Anthony Hitchens,DAL,LOLB,74,2017
Earl Mitchell,MIA,DT,74,2017
Kenny Stills,MIA,WR,74,2017
Michael Thomas,MIA,FS,74,2017
Jordan Hicks,PHI,MLB,74,2017
Eric Rowe,PHI,CB,74,2017
Ra'Shede Hageman,ATL,RE,74,2017
Philip Wheeler,ATL,ROLB,74,2017
Paul Worrilow,ATL,MLB,74,2017
Sterling Shepard,NYG,WR,74,2017
Mackenzy Bernadeau,JAX,LG,74,2017
Dwayne Gratz,JAX,CB,74,2017
Patrick Omameh,JAX,RG,74,2017
Bjoern Werner,JAX,LE,74,2017
Jace Amaro,NYJ,TE,74,2017
Khiry Robinson,NYJ,HB,74,2017
Marcus Williams,NYJ,CB,74,2017
Johnson Bademosi,DET,FS,74,2017
Quandre Diggs,DET,CB,74,2017
Wallace Gilberry,DET,LE,74,2017
Michael Ola,DET,RT,74,2017
Brandon Pettigrew,DET,TE,74,2017
Larry Warford,DET,RG,74,2017
Tim Masthay,GB,P,74,2017
Vernon Butler,CAR,DT,74,2017
Devin Funchess,CAR,WR,74,2017
A.J. Klein,CAR,LOLB,74,2017
Marcus Cannon,NE,LT,74,2017
Shaq Mason,NE,LG,74,2017
Benny Cunningham,LAR,HB,74,2017
Dominique Easley,LAR,DT,74,2017
Brian Quick,LAR,WR,74,2017
Javorius Allen,BAL,HB,74,2017
Kyle Arrington,BAL,CB,74,2017
Vladimir Ducasse,BAL,RG,74,2017
Su'a CBAL,WAS,SS,74,2017
Jamison Crowder,WAS,WR,74,2017
Kyshoen Jarrett,WAS,FS,74,2017
Ricky Jean Francois,WAS,RE,74,2017
Shawn Lauvao,WAS,LG,74,2017
Perry Riley Jr.,WAS,MLB,74,2017
Stephone Anthony,NO,LOLB,74,2017
Roman Harper,NO,SS,74,2017
Michael Hoomanawanui,NO,TE,74,2017
Kyle Wilson,NO,CB,74,2017
C.J. Prosise,SEA,HB,74,2017
Ahtyba Rubin,SEA,DT,74,2017
Bradley Sowell,SEA,RT,74,2017
Robert Golden,PIT,FS,74,2017
David Johnson,PIT,FB,74,2017
Akeem Dent,HOU,MLB,74,2017
Will Fuller V,HOU,WR,74,2017
Kevin Johnson,HOU,CB,74,2017
John Simon,HOU,ROLB,74,2017
Derrick Henry,TEN,HB,74,2017
Ben Jones,TEN,C,74,2017
Al Woods,TEN,DT,74,2017
Mike Harris,MIN,RG,74,2017
Charles Johnson,MIN,WR,74,2017
Jeff Locke,MIN,P,74,2017
MyCole Pruitt,MIN,TE,74,2017
Zane Beadles,SF,LG,73,2017
Shaun Draughn,SF,HB,73,2017
Ka'Deem Carey,CHI,HB,73,2017
Brian Hoyer,CHI,QB,73,2017
Marquess Wilson,CHI,WR,73,2017
William Jackson III,CIN,CB,73,2017
A.J. McCarron,CIN,QB,73,2017
Domata Peko,CIN,DT,73,2017
Javier Arenas,BUF,CB,73,2017
Preston Brown,BUF,MLB,73,2017
Jerome Felton,BUF,FB,73,2017
Jordan Mills,BUF,RT,73,2017
Robert Woods,BUF,WR,73,2017
Marlon Brown,DEN,WR,73,2017
Shane Ray,DEN,ROLB,73,2017
Robert Griffin III,CLE,QB,73,2017
Andrew Hawkins,CLE,WR,73,2017
Akeem Spence,TB,DT,73,2017
Luke Stocker,TB,TE,73,2017
Red Bryant,ARI,LE,73,2017
Donald Butler,ARI,MLB,73,2017
Darren Fells,ARI,TE,73,2017
D.J. Humphries,ARI,RT,73,2017
Stepfan Taylor,ARI,HB,73,2017
Knile Davis,KC,HB,73,2017
Laurent Duvernay-Tardif,KC,RG,73,2017
Dee Ford,KC,ROLB,73,2017
Mitch Morse,KC,C,73,2017
Jonotthan Harrison,IND,RG,73,2017
Zach Kerr,IND,DT,73,2017
Jeff Heath,DAL,FS,73,2017
Terrell McClain,DAL,DT,73,2017
Kyle Wilber,DAL,LOLB,73,2017
Chris Maragos,PHI,SS,73,2017
Leodis McKelvin,PHI,CB,73,2017
Tom Compton,ATL,LT,73,2017
Bryce Harris,ATL,RT,73,2017
Sean Weatherspoon,ATL,MLB,73,2017
Orleans Darkwa,NYG,HB,73,2017
Dwayne Harris,NYG,WR,73,2017
John Jerry,NYG,RG,73,2017
Bobby Rainey Jr.,NYG,HB,73,2017
Joplo Bartu,JAX,MLB,73,2017
Demetrius McCray,JAX,CB,73,2017
Denard Robinson,JAX,HB,73,2017
Dion Bailey,NYJ,SS,73,2017
Bruce Carter,NYJ,MLB,73,2017
Darron Lee,NYJ,MLB,73,2017
Rontez Miles,NYJ,FS,73,2017
Geno Smith,NYJ,QB,73,2017
Tavon Wilson,DET,SS,73,2017
Sam Barrington,GB,MLB,73,2017
Kenny Clark,GB,DT,73,2017
Letroy Guion,GB,DT,73,2017
Bryan Stork,NE,C,73,2017
Nate Washington,NE,WR,73,2017
T.J. Carrie,OAK,CB,73,2017
Andre Holmes,OAK,WR,73,2017
Taiwan Jones,OAK,HB,73,2017
Mychal Rivera,OAK,TE,73,2017
Menelik Watson,OAK,RT,73,2017
Rodger Saffold III,LAR,LG,73,2017
Kavell Conner,BAL,MLB,73,2017
Will Davis,BAL,CB,73,2017
Lorenzo Taliaferro,BAL,HB,73,2017
Terrance West,BAL,HB,73,2017
Derek Carrier,WAS,TE,73,2017
Niles Paul,WAS,TE,73,2017
Tim Hightower,NO,HB,73,2017
James Laurinaitis,NO,MLB,73,2017
Hakeem Nicks,NO,WR,73,2017
Jamarca Sanford,NO,SS,73,2017
Brandon Browner,SEA,CB,73,2017
Jarran Reed,SEA,DT,73,2017
Sealver Siliga,SEA,DT,73,2017
Ross Cockrell,PIT,CB,73,2017
Jarvis Jones,PIT,ROLB,73,2017
Vince Williams,PIT,MLB,73,2017
Jeff Adams,HOU,RT,73,2017
A.J. Bouye,HOU,CB,73,2017
Jonathan Grimes,HOU,HB,73,2017
Nick Martin,HOU,C,73,2017
Cecil Shorts III,HOU,WR,73,2017
Jaelen Strong,HOU,WR,73,2017
Kevin Dodd,TEN,ROLB,73,2017
Harry Douglas,TEN,WR,73,2017
Karl Klug,TEN,RE,73,2017
Dexter McCluster,TEN,HB,73,2017
Bishop Sankey,TEN,HB,73,2017
Matt Asiata,MIN,HB,73,2017
Trae Waynes,MIN,CB,73,2017
Christian Jones,CHI,MLB,72,2017
Tracy Porter,CHI,CB,72,2017
Pat Sims,CIN,DT,72,2017
Jimmy Wilson,CIN,FS,72,2017
Lorenzo Alexander,BUF,LOLB,72,2017
Chris Gragg,BUF,TE,72,2017
Cyrus Kouandjio,BUF,RT,72,2017
Fernando Velasco,BUF,C,72,2017
Devontae Booker,DEN,HB,72,2017
Riley Dixon,DEN,P,72,2017
Brandian Ross,DEN,FS,72,2017
Mark Sanchez,DEN,QB,72,2017
Donald Stephenson,DEN,RT,72,2017
Michael Bowie,CLE,RT,72,2017
Taylor Gabriel,CLE,WR,72,2017
Patrick Murray,CLE,K,72,2017
Emmanuel Ogbah,CLE,LOLB,72,2017
Danny Shelton,CLE,DT,72,2017
Brandon Myers,TB,TE,72,2017
Jaron Brown,ARI,WR,72,2017
Mike Jenkins,ARI,CB,72,2017
D.J. Swearinger,ARI,SS,72,2017
Jeff Cumberland,LAC,TE,72,2017
Orlando Franklin,LAC,LG,72,2017
Dontrelle Inman,LAC,WR,72,2017
Sean Lissemore,LAC,DT,72,2017
Darrell Stuckey,LAC,FS,72,2017
Chris Jones,KC,LE,72,2017
Jonathan Massaquoi,KC,ROLB,72,2017
Jah Reid,KC,RT,72,2017
Rod Streater,KC,WR,72,2017
Darius Butler,IND,CB,72,2017
Phillip Dorsett,IND,WR,72,2017
Jack Doyle,IND,TE,72,2017
Sio Moore,IND,MLB,72,2017
Hugh Thornton,IND,LG,72,2017
Cameron Bradfield,DAL,RT,72,2017
Xavien Howard,MIA,CB,72,2017
James-Michael Johnson,MIA,ROLB,72,2017
Daniel Thomas,MIA,HB,72,2017
Kraig Urbik,MIA,RG,72,2017
Damien Williams,MIA,HB,72,2017
Nelson Agholor,PHI,WR,72,2017
Barrett Jones,PHI,LG,72,2017
Dennis Kelly,PHI,RT,72,2017
Charles Godfrey,ATL,SS,72,2017
Grady Jarrett,ATL,DT,72,2017
Derrick Shelby,ATL,RE,72,2017
Jasper Brinkley,NYG,MLB,72,2017
Paul Perkins,NYG,HB,72,2017
Will Tye,NYG,TE,72,2017
Trevin Wade,NYG,CB,72,2017
Andre Williams,NYG,HB,72,2017
Ryan Davis,JAX,LE,72,2017
Jeff Linkenbach,JAX,LG,72,2017
Lachlan Edwards,NYJ,P,72,2017
Jeremy Kerley,DET,WR,72,2017
A'Shawn Robinson,DET,DT,72,2017
Devin Taylor,DET,LE,72,2017
Kyle Van Noy,DET,LOLB,72,2017
Tyrunn Walker,DET,DT,72,2017
Chris Banjo,GB,SS,72,2017
Quinten Rollins,GB,CB,72,2017
Ed Dickson,CAR,TE,72,2017
Kyle Love,CAR,DT,72,2017
Brandon Bolden,NE,HB,72,2017
Jimmy Garoppolo,NE,QB,72,2017
Josh Kline,NE,C,72,2017
Connor Cook,OAK,QB,72,2017
Seth Roberts,OAK,WR,72,2017
Rob Havenstein,LAR,RT,72,2017
Terrence Brooks,BAL,FS,72,2017
Arthur Brown,BAL,MLB,72,2017
Kamalei Correa,BAL,LOLB,72,2017
Kenneth Dixon,BAL,HB,72,2017
Trent Richardson,BAL,HB,72,2017
Shareece Wright,BAL,CB,72,2017
Will Blackmon,WAS,CB,72,2017
Quinton Dunbar,WAS,CB,72,2017
Mason Foster,WAS,MLB,72,2017
Spencer Long,WAS,LG,72,2017
Chris Thompson,WAS,HB,72,2017
Greg Toler,WAS,CB,72,2017
Garry Gilliam,SEA,LT,72,2017
Jordan Hill,SEA,DT,72,2017
Artie Burns,PIT,CB,72,2017
Shamarko Thomas,PIT,SS,72,2017
Ryan Griffin,HOU,TE,72,2017
Charles James II,HOU,CB,72,2017
Brandon Weeden,HOU,QB,72,2017
Marqueston Huff,TEN,FS,72,2017
Cody Riggs,TEN,CB,72,2017
Sean Spence,TEN,MLB,72,2017
Phillip Supernaw,TEN,TE,72,2017
Rhett Ellison,MIN,TE,72,2017
Antone Exum Jr.,MIN,FS,72,2017
Brandon Fusco,MIN,LG,72,2017
Danielle Hunter,MIN,RE,72,2017
Tom Johnson,MIN,DT,72,2017
Emmanuel Lamur,MIN,ROLB,72,2017
Zach Line,MIN,FB,72,2017
Ray-Ray Armstrong,SF,ROLB,71,2017
Tank Carradine,SF,LOLB,71,2017
Mike Davis,SF,HB,71,2017
Daniel Kilgore,SF,C,71,2017
Erik Pears,SF,RT,71,2017
Jaquiski Tartt,SF,SS,71,2017
Andrew Tiller,SF,RG,71,2017
Brandon Boykin,CHI,CB,71,2017
Harold Jones-Quartey,CHI,FS,71,2017
Tony Moeaki,CHI,TE,71,2017
Rex Burkhead,CIN,HB,71,2017
P.J. Dawson,CIN,ROLB,71,2017
Tyler Kroft,CIN,TE,71,2017
Cedric Peerman,CIN,HB,71,2017
Brandon Tate,CIN,WR,71,2017
Colt Anderson,BUF,SS,71,2017
Corbin Bryant,BUF,DT,71,2017
Jordan Gay,BUF,K,71,2017
Manny Lawson,BUF,LOLB,71,2017
E.J. Manuel,BUF,QB,71,2017
Corey White,BUF,CB,71,2017
Bennie Fowler,DEN,WR,71,2017
Jeff Heuerman,DEN,TE,71,2017
Shiloh Keo,DEN,SS,71,2017
Matt Paradis,DEN,C,71,2017
Juwan Thompson,DEN,HB,71,2017
Kayvon Webster,DEN,CB,71,2017
Alvin Bailey,CLE,RG,71,2017
Josh McCown,CLE,QB,71,2017
Austin Pasztor,CLE,RT,71,2017
Johnthan Banks,TB,CB,71,2017
Mike Glennon,TB,QB,71,2017
Mike James,TB,HB,71,2017
Louis Murphy,TB,WR,71,2017
Kevin Pamphile,TB,LT,71,2017
Noah Spence,TB,LE,71,2017
Keith Tandy,TB,SS,71,2017
Alex Okafor,ARI,LOLB,71,2017
A.Q. Shipley,ARI,C,71,2017
Kerwynn Williams,ARI,HB,71,2017
Derek Watt,LAC,FB,71,2017
Steve Williams,LAC,CB,71,2017
Marcus Cooper,KC,CB,71,2017
Alameda Ta'amu,KC,DT,71,2017
De'Anthony Thomas,KC,WR,71,2017
Mike Williams,KC,WR,71,2017
Frank Zombo,KC,LOLB,71,2017
T.J. Green,IND,FS,71,2017
Arthur Jones,IND,RE,71,2017
Josh McNary,IND,ROLB,71,2017
Brice Butler,DAL,WR,71,2017
Andrew Gachkar,DAL,MLB,71,2017
Dak Prescott,DAL,QB,71,2017
Lucky Whitehead,DAL,WR,71,2017
Walt Aikens,MIA,FS,71,2017
Brandon Harris,MIA,CB,71,2017
Ulrick John,MIA,RT,71,2017
Bobby McCain,MIA,CB,71,2017
Allen Barbre,PHI,LG,71,2017
Bryan Braman,PHI,RE,71,2017
Chase Daniel,PHI,QB,71,2017
Matt Tobin,PHI,RG,71,2017
Jalen Collins,ATL,CB,71,2017
Deion Jones,ATL,MLB,71,2017
Levine Toilolo,ATL,TE,71,2017
Jonathan Casillas,NYG,ROLB,71,2017
Leon McFadden,NYG,CB,71,2017
Josh Evans,JAX,SS,71,2017
Nic Jacobs,JAX,TE,71,2017
Marqise Lee,JAX,WR,71,2017
Sean Porter,JAX,ROLB,71,2017
Josh Wells,JAX,RT,71,2017
Dee Milliner,NYJ,CB,71,2017
Darryl Morris,NYJ,CB,71,2017
Khaseem Greene,DET,ROLB,71,2017
Stevan Ridley,DET,HB,71,2017
Andre Roberts,DET,WR,71,2017
Timothy Wright,DET,TE,71,2017
Jeff Janis,GB,WR,71,2017
Lerentee McCray,GB,ROLB,71,2017
Ty Montgomery,GB,WR,71,2017
Aaron Ripkowski,GB,FB,71,2017
Leonard Johnson,CAR,CB,71,2017
Robert McClain,CAR,CB,71,2017
David Andrews,NE,C,71,2017
Malcom Brown,NE,DT,71,2017
Aaron Dobson,NE,WR,71,2017
Tre Jackson,NE,RG,71,2017
Cyrus Jones,NE,CB,71,2017
Michael Williams,NE,TE,71,2017
Justin Ellis,OAK,DT,71,2017
Matthew McCants,OAK,LT,71,2017
Malcolm Smith,OAK,MLB,71,2017
Jihad Ward,OAK,LE,71,2017
Coty Sensabaugh,LAR,CB,71,2017
Lawrence Guy,BAL,RE,71,2017
Anthony Levine Sr.,BAL,FS,71,2017
Kedric Golston,WAS,DT,71,2017
Kory Lichtensteiger,WAS,C,71,2017
Vonn Bell,NO,FS,71,2017
Travaris Cadet,NO,HB,71,2017
Senio Kelemete,NO,RG,71,2017
Luke McCown,NO,QB,71,2017
Nathan Stupar,NO,MLB,71,2017
Justin Britt,SEA,C,71,2017
Marcus Burley,SEA,CB,71,2017
Cooper Helfet,SEA,TE,71,2017
Christine Michael,SEA,HB,71,2017
Mike Morgan,SEA,LOLB,71,2017
Paul Richardson,SEA,WR,71,2017
Tharold Simon,SEA,CB,71,2017
Brandon Williams,SEA,TE,71,2017
Sean Davis,PIT,SS,71,2017
Senquez Golson,PIT,CB,71,2017
Darrius Heyward-Bey,PIT,WR,71,2017
Ka'imi Fairbairn,HOU,K,71,2017
Braxton Miller,HOU,WR,71,2017
Xavier Su'a-Filo,HOU,LG,71,2017
Kevin Byard,TEN,SS,71,2017
Justin Hunter,TEN,WR,71,2017
Brian Schwenke,TEN,C,71,2017
Blidi Wreh-Wilson,TEN,CB,71,2017
Scott Crichton,MIN,DT,71,2017
Kenrick Ellis,MIN,DT,71,2017
Quinton Dial,SF,RE,70,2017
Glenn Dorsey,SF,LE,70,2017
Eli Harold,SF,ROLB,70,2017
DuJuan Harris,SF,HB,70,2017
Quinton Patton,SF,WR,70,2017
Michael Wilhoite,SF,MLB,70,2017
Tyler Boyd,CIN,WR,70,2017
Chykie Brown,CIN,CB,70,2017
Josh Shaw,CIN,CB,70,2017
Jim Dray,BUF,TE,70,2017
Mike Gillislee,BUF,HB,70,2017
Leonard Hankerson,BUF,WR,70,2017
Jamari Lattimore,BUF,MLB,70,2017
Adolphus Washington,BUF,DT,70,2017
Jared Crick,DEN,RE,70,2017
Max Garcia,DEN,LG,70,2017
Garrett Graham,DEN,TE,70,2017
Jordan Norwood,DEN,WR,70,2017
Ty Sambrailo,DEN,LT,70,2017
Justin Simmons,DEN,FS,70,2017
Armonty Bryant,CLE,LE,70,2017
Ibraheim Campbell,CLE,SS,70,2017
John Hughes III,CLE,RE,70,2017
Don Jones,CLE,FS,70,2017
Cody Kessler,CLE,QB,70,2017
Jordan Poyer,CLE,FS,70,2017
Jamar Taylor,CLE,CB,70,2017
Justin Tuggle,CLE,MLB,70,2017
Gosder Cherilus,TB,RT,70,2017
George Johnson,TB,RE,70,2017
Howard Jones,TB,LE,70,2017
Shaun Prater,ARI,CB,70,2017
Daryl Washington,ARI,MLB,70,2017
Sean McGrath,LAC,TE,70,2017
Chris Conley,KC,WR,70,2017
Steven Nelson,KC,CB,70,2017
KeiVarae Russell,KC,CB,70,2017
Clayton Geathers,IND,FS,70,2017
Jordan Todman,IND,HB,70,2017
Morris Claiborne,DAL,CB,70,2017
Isaiah Frey,DAL,CB,70,2017
Andre Branch,MIA,LE,70,2017
Leonte Carroo,MIA,WR,70,2017
Kenyan Drake,MIA,HB,70,2017
Jacques McClendon,MIA,C,70,2017
Spencer Paysinger,MIA,LOLB,70,2017
Griff Whalen,MIA,WR,70,2017
Sam Young,MIA,RT,70,2017
Josh Huff,PHI,WR,70,2017
Mike Martin,PHI,DT,70,2017
Ed Reynolds II,PHI,FS,70,2017
Wendell Smallwood,PHI,HB,70,2017
Austin Hooper,ATL,TE,70,2017
Mike Person,ATL,C,70,2017
Matt Schaub,ATL,QB,70,2017
Marshall Newhouse,NYG,RT,70,2017
Rashad Greene,JAX,WR,70,2017
Bryan Walters,JAX,WR,70,2017
Wesley Johnson,NYJ,C,70,2017
Lorenzo Mauldin IV,NYJ,ROLB,70,2017
Bernard Pierce,NYJ,HB,70,2017
Devin Smith,NYJ,WR,70,2017
Zach Sudfeld,NYJ,TE,70,2017
Brian Winters,NYJ,RG,70,2017
Andre Caldwell,DET,WR,70,2017
Don Carey,DET,SS,70,2017
Corey Fuller,DET,WR,70,2017
Nevin Lawson,DET,CB,70,2017
Cornelius Lucas,DET,RT,70,2017
Brett Hundley,GB,QB,70,2017
Jake Ryan,GB,MLB,70,2017
Jason Spriggs,GB,LT,70,2017
Joe Thomas,GB,MLB,70,2017
Derek Anderson,CAR,QB,70,2017
Cameron Artis-Payne,CAR,HB,70,2017
James Bradberry,CAR,CB,70,2017
Gino Gradkowski,CAR,C,70,2017
Wes Horton,CAR,RE,70,2017
Chris Scott,CAR,RG,70,2017
Daryl Williams,CAR,RT,70,2017
E.J. Biggers,NE,CB,70,2017
Jacoby Brissett,NE,QB,70,2017
Clay Harbor,NE,TE,70,2017
Joe Thuney,NE,LG,70,2017
Joe Vellano,NE,DT,70,2017
Brock Vereen,NE,FS,70,2017
LaAdrian Waddle,NE,RT,70,2017
D.J. Hayden,OAK,CB,70,2017
Ben Heeney,OAK,MLB,70,2017
Tyler Higbee,LAR,TE,70,2017
Marcus Roberson,LAR,CB,70,2017
Albert McClellan,BAL,MLB,70,2017
Breshad Perriman,BAL,WR,70,2017
John Urschel,BAL,LG,70,2017
Will Compton,WAS,MLB,70,2017
Kendall Fuller,WAS,CB,70,2017
Adam Hayward,WAS,MLB,70,2017
Ziggy Hood,WAS,DT,70,2017
Logan Paulsen,WAS,TE,70,2017
Austin Johnson,NO,FB,70,2017
Andrus Peat,NO,RG,70,2017
Michael Thomas,NO,WR,70,2017
P.J. Williams,NO,CB,70,2017
Zac Brooks,SEA,HB,70,2017
Patrick Lewis,SEA,C,70,2017
Kevin Pierre-Louis,SEA,ROLB,70,2017
Nick Vannett,SEA,TE,70,2017
Sammie Coates,PIT,WR,70,2017
Bud Dupree,PIT,LOLB,70,2017
Alejandro Villanueva,PIT,LT,70,2017
Andrew McDonald,HOU,LT,70,2017
Eddie Pleasant,HOU,SS,70,2017
Byron Bell,TEN,LG,70,2017
Matt Cassel,TEN,QB,70,2017
David Cobb,TEN,HB,70,2017
Austin Johnson,TEN,DT,70,2017
Cordarrelle Patterson,MIN,WR,70,2017
Bruce Ellington,SF,WR,69,2017
Gerald Hodges Jr.,SF,MLB,69,2017
Bryce Callahan,CHI,CB,69,2017
Marc Mariani,CHI,WR,69,2017
Sherrick McManis,CHI,CB,69,2017
Chris Prosinski,CHI,SS,69,2017
Cody Whitehair,CHI,LG,69,2017
Russell Bodine,CIN,C,69,2017
Zach Hocker,CIN,K,69,2017
John Miller,BUF,RG,69,2017
Nick O'Leary,BUF,TE,69,2017
Darrion Weems,DEN,RT,69,2017
Austin Davis,CLE,QB,69,2017
Pierre Desir,CLE,CB,69,2017
Jamie Meder,CLE,DT,69,2017
Carl Nassib,CLE,RE,69,2017
Jude Adjei-Barimah,TB,CB,69,2017
Storm Johnson,TB,HB,69,2017
Danny Vitale,TB,TE,69,2017
Markus Golden,ARI,LOLB,69,2017
Asa Jackson,ARI,CB,69,2017
Garrett Swanson,ARI,P,69,2017
Kyle Emanuel,LAC,ROLB,69,2017
Chris Hairston,LAC,LT,69,2017
Craig Mager,LAC,CB,69,2017
Chris Watt,LAC,C,69,2017
Reid Fragel,KC,RT,69,2017
Daniel Sorensen,KC,FS,69,2017
Le'Raven Clark,IND,LT,69,2017
Denzelle Good,IND,RT,69,2017
Winston Guy Jr.,IND,FS,69,2017
Joe Haeg,IND,RT,69,2017
D'Joun Smith,IND,CB,69,2017
Maliek Collins,DAL,DT,69,2017
Kellen Moore,DAL,QB,69,2017
MarQueis Gray,MIA,TE,69,2017
Rashaan Melvin,MIA,CB,69,2017
Matt Moore,MIA,QB,69,2017
Kenjon Barner,PHI,HB,69,2017
Trey Burton,PHI,TE,69,2017
Isaac Seumalo,PHI,LG,69,2017
Justin Hardy,ATL,WR,69,2017
Terron Ward,ATL,HB,69,2017
Eric Weems,ATL,WR,69,2017
Nick Williams,ATL,WR,69,2017
Byron Stingily,NYG,RT,69,2017
Cooper Taylor,NYG,SS,69,2017
Darian Thompson,NYG,FS,69,2017
A.J. Cann,JAX,RG,69,2017
Chad Henne,JAX,QB,69,2017
Yannick Ngakoue,JAX,RE,69,2017
James Sample,JAX,SS,69,2017
Brandon Bostick,NYJ,TE,69,2017
Kellen Davis,NYJ,TE,69,2017
Breno Giacomini,NYJ,RT,69,2017
Ben Ijalana,NYJ,LT,69,2017
Jordan Jenkins,NYJ,LOLB,69,2017
Julian Stanford,NYJ,ROLB,69,2017
Graham Glasgow,DET,C,69,2017
Corey Robinson,DET,LT,69,2017
Laken Tomlinson,DET,LG,69,2017
Darrin Walls,DET,CB,69,2017
Gabe Wright,DET,DT,69,2017
Zach Zenner,DET,HB,69,2017
Mitchell Henry,GB,TE,69,2017
Brenton Bersin,CAR,WR,69,2017
Colin Jones,CAR,FS,69,2017
Swayze Waters,CAR,P,69,2017
Fozzy Whittaker,CAR,HB,69,2017
David Yankey,CAR,LG,69,2017
Cameron Fleming,NE,LT,69,2017
Jonathan Freeny,NE,MLB,69,2017
Jordan Richards,NE,FS,69,2017
Matthew Slater,NE,WR,69,2017
Shilique Calhoun,OAK,ROLB,69,2017
Damontre Moore,OAK,RE,69,2017
Maurice Alexander,LAR,SS,69,2017
Tim Barnes,LAR,C,69,2017
Terrence Magee,LAR,HB,69,2017
Eugene Sims,LAR,RE,69,2017
Matt Elam,BAL,SS,69,2017
Ryan Jensen,BAL,C,69,2017
Bronson Kaufusi,BAL,RE,69,2017
Alex Lewis,BAL,RT,69,2017
Ryan Grant,WAS,WR,69,2017
Keith Marshall,WAS,HB,69,2017
Ty Nsekhe,WAS,RT,69,2017
Silas Redd Jr.,WAS,HB,69,2017
Kendall Reyes,WAS,RE,69,2017
Tony Carter,NO,CB,69,2017
Brandon Coleman,NO,WR,69,2017
C.J. Wilson,NO,LE,69,2017
Alex Collins,SEA,HB,69,2017
Mark Glowinski,SEA,LG,69,2017
Bruce Gradkowski,PIT,QB,69,2017
Ricardo Mathews,PIT,DT,69,2017
Tony Bergstrom,HOU,C,69,2017
Dalton Freeman,HOU,C,69,2017
Tajae Sharpe,TEN,WR,69,2017
Daimion Stafford,TEN,SS,69,2017
Willie Beavers,MIN,LG,69,2017
T.J. Clemmings,MIN,RT,69,2017
Marcus Sherels,MIN,CB,69,2017
Adam Thielen,MIN,WR,69,2017
Tony Jerod-Eddie,SF,LE,68,2017
Will Redmond,SF,CB,68,2017
Jerome Simpson,SF,WR,68,2017
Joshua Bellamy,CHI,WR,68,2017
Jonathan Bullard,CHI,RE,68,2017
Deon Bush,CHI,SS,68,2017
Hroniss Grasu,CHI,C,68,2017
Rob Housler,CHI,TE,68,2017
DeAndre Houston-Carson,CHI,FS,68,2017
Charles Leno Jr.,CHI,LT,68,2017
Mitch Unrein,CHI,RE,68,2017
Leger Douzable,BUF,RE,68,2017
Marquise Goodwin,BUF,WR,68,2017
Seantrel Henderson,BUF,LT,68,2017
Greg Little,BUF,WR,68,2017
Phillip Thomas,BUF,SS,68,2017
Sam Brenner,DEN,C,68,2017
Adam Gotsis,DEN,RE,68,2017
Cody Latimer,DEN,WR,68,2017
Will Parks,DEN,SS,68,2017
Michael Schofield,DEN,RT,68,2017
Cameron Erving,CLE,C,68,2017
Scooby Wright III,CLE,MLB,68,2017
Jeremiah George,TB,ROLB,68,2017
Drew Stanton,ARI,QB,68,2017
Ryan Carrethers,LAC,DT,68,2017
Kellen Clemens,LAC,QB,68,2017
Asante Cleveland,LAC,TE,68,2017
Max Tuerk,LAC,C,68,2017
Zach Fulton,KC,C,68,2017
Eric Murray,KC,CB,68,2017
James O'Shaughnessy,KC,TE,68,2017
Nick Williams,KC,RE,68,2017
Chase Coffman,IND,TE,68,2017
David Parry,IND,DT,68,2017
Hassan Ridgeway,IND,RE,68,2017
Anthony Brown,DAL,CB,68,2017
Chaz Green,DAL,RT,68,2017
Brandon Hepburn,DAL,MLB,68,2017
Benson Mayowa,DAL,LE,68,2017
Devin Street,DAL,WR,68,2017
Charles Tapper,DAL,RE,68,2017
Damien Wilson,DAL,ROLB,68,2017
Chimdi Chekwa,MIA,CB,68,2017
Dion Jordan,MIA,RE,68,2017
Billy Turner,MIA,RG,68,2017
Ron Brooks,PHI,CB,68,2017
Randall Evans,PHI,CB,68,2017
Chris Givens,PHI,WR,68,2017
Jaylen Watkins,PHI,CB,68,2017
Malliciah Goodman,ATL,LE,68,2017
Robenson Therezie,ATL,FS,68,2017
Mark Herzlich,NYG,LOLB,68,2017
Bennett Jackson,NYG,FS,68,2017
Ryan Seymour,NYG,LG,68,2017
Kelvin Sheppard,NYG,MLB,68,2017
Justin Blackmon,JAX,WR,68,2017
Sheldon Day,JAX,DT,68,2017
Abry Jones,JAX,DT,68,2017
Earl Wolff,JAX,FS,68,2017
Tommy Bohanon,NYJ,FB,68,2017
Juston Burris,NYJ,CB,68,2017
Dexter McDougle,NYJ,CB,68,2017
Jon Bostic,DET,MLB,68,2017
Crezdon Butler,DET,CB,68,2017
Stefan Charles,DET,DT,68,2017
Miles Killebrew,DET,SS,68,2017
George Winn,DET,HB,68,2017
Jared Abbrederis,GB,WR,68,2017
Carl Bradford,GB,MLB,68,2017
Jayrone Elliott,GB,LOLB,68,2017
Kyler Fackrell,GB,LOLB,68,2017
Demetri Goodson,GB,CB,68,2017
Justin Perillo,GB,TE,68,2017
Kevin Norwood,CAR,WR,68,2017
Trenton Robinson,CAR,SS,68,2017
Daryl Worley,CAR,CB,68,2017
Trey Flowers,NE,RE,68,2017
Ramon Humber,NE,MLB,68,2017
Keshawn Martin,NE,WR,68,2017
Neiko Thorpe,OAK,CB,68,2017
DeAndre Washington,OAK,HB,68,2017
Isaiah Battle,LAR,RT,68,2017
Jamon Brown,LAR,RG,68,2017
Justice Cunningham,LAR,TE,68,2017
Cody Davis,LAR,FS,68,2017
Michael Campanaro,BAL,WR,68,2017
Willie Henry,BAL,DT,68,2017
Chris Matthews,BAL,WR,68,2017
Colt McCoy,WAS,QB,68,2017
Tyeler Davison,NO,DT,68,2017
Daniel Lasco,NO,HB,68,2017
Michael Mauti,NO,MLB,68,2017
Damian Swann,NO,CB,68,2017
Rees Odhiambo,SEA,RG,68,2017
Steven Terrell,SEA,FS,68,2017
L.J. Fort,PIT,LOLB,68,2017
Javon Hargrave,PIT,DT,68,2017
Steven Johnson,PIT,MLB,68,2017
Will Monday,PIT,P,68,2017
Oday Aboushi,HOU,RG,68,2017
Lonnie Ballentine,HOU,FS,68,2017
Max Bullough,HOU,MLB,68,2017
Brandon Dunn,HOU,LE,68,2017
DaQuan Jones,TEN,LE,68,2017
Jeremiah Poutasi,TEN,LG,68,2017
Quinton Spain,TEN,LG,68,2017
Anthony Harris,MIN,FS,68,2017
Shaun Hill,MIN,QB,68,2017
Ian Silberman,SF,LG,67,2017
Kelvin Taylor,SF,HB,67,2017
Brandon Thomas,SF,RG,67,2017
Ego Ferguson,CHI,RE,67,2017
Ted Larsen,CHI,LG,67,2017
Khari Lee,CHI,TE,67,2017
Martin Wallace,CHI,RT,67,2017
Andrew Billings,CIN,DT,67,2017
Will Clarke,CIN,RE,67,2017
Jayson DiManche,CIN,LOLB,67,2017
T.J. Johnson,CIN,C,67,2017
Chris Lewis-Harris,CIN,CB,67,2017
Derron Smith,CIN,FS,67,2017
Brandon Thompson,CIN,DT,67,2017
T.J. Barnes,BUF,DT,67,2017
Jarrett Boykin,BUF,WR,67,2017
Marcus Easley,BUF,WR,67,2017
Randell Johnson,BUF,LOLB,67,2017
Kevin Reddick,BUF,MLB,67,2017
Greg Salas,BUF,WR,67,2017
Jonathan Williams,BUF,HB,67,2017
Jerel Worthy,BUF,DT,67,2017
Lorenzo Doss,DEN,CB,67,2017
Andy Janovich,DEN,FB,67,2017
Billy Winn,DEN,RE,67,2017
Sean Baker,CLE,FS,67,2017
Shon Coleman,CLE,RT,67,2017
Charles Gaines,CLE,CB,67,2017
Kaleb Johnson,CLE,LG,67,2017
Raheem Mostert,CLE,HB,67,2017
Nate Orchard,CLE,LOLB,67,2017
Joe Hawley,TB,C,67,2017
Adam Humphries,TB,WR,67,2017
Evan Boehm,ARI,C,67,2017
Taylor Boggs,ARI,C,67,2017
J.J. Nelson,ARI,WR,67,2017
Javontee Herndon,LAC,WR,67,2017
Adrian Phillips,LAC,FS,67,2017
Kevin Hogan,KC,QB,67,2017
David King,KC,DT,67,2017
Andy Mulumba,KC,ROLB,67,2017
Jalil Brown,IND,CB,67,2017
Tay Glover-Wright,IND,CB,67,2017
Scott Tolzien,IND,QB,67,2017
David Irving,DAL,LE,67,2017
Darius Jackson,DAL,HB,67,2017
Ifo Ekpre-Olomu,MIA,CB,67,2017
Isaiah Pead,MIA,HB,67,2017
Blake Countess,PHI,SS,67,2017
Arthur Lynch,ATL,TE,67,2017
LaRoy Reynolds,ATL,MLB,67,2017
Aldrick Robinson,ATL,WR,67,2017
DeMarcus Van Dyke,ATL,CB,67,2017
Jay Bromley,NYG,DT,67,2017
Bobby Hart,NYG,RT,67,2017
Hayes Pullard III,JAX,ROLB,67,2017
Chris Smith,JAX,LE,67,2017
Dakota Dozier,NYJ,RG,67,2017
Christian Hackenberg,NYJ,QB,67,2017
Jarvis Harrison,NYJ,RG,67,2017
Kendall James,NYJ,CB,67,2017
Josh Martin,NYJ,ROLB,67,2017
Kenbrell Thompkins,NYJ,WR,67,2017
Alex Carter,DET,CB,67,2017
Zaviar Gooden,DET,MLB,67,2017
Caraun Reid,DET,DT,67,2017
Travis Swanson,DET,C,67,2017
John Crockett,GB,HB,67,2017
Blake Martinez,GB,MLB,67,2017
Lane Taylor,GB,LG,67,2017
Reese Dismukes,CAR,RG,67,2017
Ben Jacobs,CAR,ROLB,67,2017
Tyler Larsen,CAR,LG,67,2017
Dean Marlowe,CAR,SS,67,2017
Brandon Wegher,CAR,HB,67,2017
Justin Coleman,NE,CB,67,2017
Markus Kuhn,NE,DT,67,2017
Malcolm Mitchell,NE,WR,67,2017
Vincent Valentine,NE,DT,67,2017
Giorgio Tavecchio,OAK,K,67,2017
Brian Folkerts,LAR,C,67,2017
Chase Reynolds,LAR,HB,67,2017
Chris Carter,BAL,LOLB,67,2017
Matt Judon,BAL,ROLB,67,2017
Ryan Mallett,BAL,QB,67,2017
Jumal Rolle,BAL,CB,67,2017
Tavon Young,BAL,CB,67,2017
Terence Garvin,WAS,LOLB,67,2017
Jeremy Harris,WAS,CB,67,2017
Josh LeRibeus,WAS,C,67,2017
Jerrell Powe,WAS,DT,67,2017
Kasim Edebali,NO,LOLB,67,2017
Marcus Murphy,NO,HB,67,2017
Joey Hunt,SEA,C,67,2017
Cassius Marsh,SEA,RE,67,2017
DeShawn Shead,SEA,CB,67,2017
J'Marcus Webb,SEA,RG,67,2017
Jerald Hawkins,PIT,LT,67,2017
Chris Hubbard,PIT,LG,67,2017
Jesse James,PIT,TE,67,2017
Daryl Richardson,PIT,HB,67,2017
Fitzgerald Toussaint,PIT,HB,67,2017
K.J. Dillon,HOU,SS,67,2017
Kurtis Drummond,HOU,SS,67,2017
Tyler Ervin,HOU,HB,67,2017
Robert Nelson,HOU,CB,67,2017
Devon Still,HOU,DT,67,2017
Josh Aubrey,TEN,SS,67,2017
Ropati Pitoitua,TEN,LE,67,2017
Audie Cole,MIN,MLB,67,2017
David Morgan,MIN,TE,67,2017
Nick Bellore,SF,MLB,66,2017
Fahn Cooper,SF,RT,66,2017
Jeff Driskel,SF,QB,66,2017
Corey Lemonier,SF,LOLB,66,2017
Keith Reaser,SF,CB,66,2017
Jonathan Anderson,CHI,MLB,66,2017
Jordan Howard,CHI,HB,66,2017
Paul Lasike,CHI,FB,66,2017
John Timu,CHI,MLB,66,2017
C.J. Uzomah,CIN,TE,66,2017
Jonathan Dowling,BUF,FS,66,2017
Lavar Edwards,BUF,LE,66,2017
IK Enemkpali,BUF,LE,66,2017
Cardale Jones,BUF,QB,66,2017
Kolby Listenbee,BUF,WR,66,2017
Connor McGovern,DEN,RG,66,2017
DeVier Posey,DEN,WR,66,2017
Garth Gerhart,CLE,C,66,2017
Randall Telfer,CLE,TE,66,2017
Caleb Benenoch,TB,RG,66,2017
Cliff Matthews,TB,RE,66,2017
Rodney Gunter,ARI,DT,66,2017
Ifeanyi Momah,ARI,TE,66,2017
Brandon Williams,ARI,CB,66,2017
Zach Mettenberger,LAC,QB,66,2017
Joshua Perry,LAC,MLB,66,2017
Kenny Wiggins,LAC,LG,66,2017
Parker Ehinger,KC,LG,66,2017
Jamell Fleming,KC,SS,66,2017
Demetrius Harris,KC,TE,66,2017
Drew Nowak,KC,C,66,2017
Ricky Lumpkin,IND,DT,66,2017
Dezmen Southward,IND,SS,66,2017
Kavon Frazier,DAL,SS,66,2017
Vince Mayle,DAL,WR,66,2017
Deji Olatoye,DAL,CB,66,2017
Rod Smith,DAL,HB,66,2017
Josh Thomas,DAL,CB,66,2017
Bryan Witzmann,DAL,LT,66,2017
Terrence Fede,MIA,LE,66,2017
Jakeem Grant,MIA,WR,66,2017
Neville Hewitt,MIA,ROLB,66,2017
Dallas Thomas,MIA,LG,66,2017
T.J. Graham,PHI,WR,66,2017
Marcus Smith II,PHI,LE,66,2017
Hal Vaitai,PHI,LT,66,2017
Ben Garland,ATL,LG,66,2017
Jerell Adams,NYG,TE,66,2017
Nat Berhe,NYG,SS,66,2017
Emmett Cleary,NYG,RT,66,2017
Adam Gettis,NYG,RG,66,2017
B.J. Goodson,NYG,MLB,66,2017
Jake Rodgers,NYG,LT,66,2017
Mykkele Thompson,NYG,FS,66,2017
Michael Bennett,JAX,DT,66,2017
Tyrone Holmes,JAX,LOLB,66,2017
Tyler Shatley,JAX,C,66,2017
Shelby Harris,NYJ,RE,66,2017
Jarvis Jenkins,NYJ,LE,66,2017
Trevor Reilly,NYJ,LOLB,66,2017
Jeremy Ross,NYJ,WR,66,2017
Brandon Shell,NYJ,RT,66,2017
T.J. Jones,DET,WR,66,2017
Dan Orlovsky,DET,QB,66,2017
Anthony Zettel,DET,RE,66,2017
Kyle Murphy,GB,RT,66,2017
Mike Pennel,GB,RE,66,2017
Ted Karras,NE,RG,66,2017
Vadal Alexander,OAK,RG,66,2017
Keith McGill,OAK,CB,66,2017
Malcolm Brown,LAR,HB,66,2017
Eric Kush,LAR,C,66,2017
Cam Thomas,LAR,LE,66,2017
Ethan Westbrooks,LAR,DT,66,2017
Carl Davis,BAL,DT,66,2017
James Hurst,BAL,LG,66,2017
De'Ondre Wesley,BAL,RT,66,2017
Deshazor Everett,WAS,FS,66,2017
Matthew Ioannidis,WAS,LE,66,2017
Marcel Jensen,WAS,TE,66,2017
Brian Dixon,NO,CB,66,2017
Bobby Richardson,NO,RE,66,2017
Brock Coyle,SEA,MLB,66,2017
Stanley Jean-Baptiste,SEA,CB,66,2017
Kelcie McCray,SEA,SS,66,2017
Doran Grant,PIT,CB,66,2017
Landry Jones,PIT,QB,66,2017
Daniel McCullers,PIT,DT,66,2017
Christian Covington,HOU,DT,66,2017
Kendall Lamm,HOU,RT,66,2017
David Bass,TEN,ROLB,66,2017
Jerome Cunningham,TEN,TE,66,2017
B.W. Webb,TEN,CB,66,2017
Kentrell Brothers,MIN,MLB,66,2017
Brian Leonhardt,MIN,TE,66,2017
Blake Bell,SF,TE,65,2017
Trent Brown,SF,RT,65,2017
Marcus Cromartie,SF,CB,65,2017
Je'Ron Hamm,SF,TE,65,2017
Thad Lewis,SF,QB,65,2017
Marcus Martin,SF,C,65,2017
L.J. McCray II,SF,FS,65,2017
DeAndrew White,SF,WR,65,2017
Nick Becton,CHI,RT,65,2017
Daniel Braverman,CHI,WR,65,2017
Will Sutton,CHI,LE,65,2017
Jason Weaver,CHI,LT,65,2017
Cody Core,CIN,WR,65,2017
Clayton Fejedelem,CIN,SS,65,2017
Trey Hopkins,CIN,RG,65,2017
Margus Hunt,CIN,LE,65,2017
Nick Vigil,CIN,MLB,65,2017
Christian Westerman,CIN,LG,65,2017
Sammy Seamster,BUF,CB,65,2017
E.J. Bibbs,CLE,TE,65,2017
Tank Carder,CLE,MLB,65,2017
Derrick Kindred,CLE,SS,65,2017
Marlon Moore,CLE,WR,65,2017
Joe Schobert,CLE,ROLB,65,2017
Russell Shepard,TB,WR,65,2017
Jatavis Brown,LAC,LOLB,65,2017
Tenny Palepoi,LAC,RE,65,2017
Darius Philon,LAC,LE,65,2017
Trevor Robinson,LAC,C,65,2017
Jordan Devey,KC,RG,65,2017
Tyreek Hill,KC,WR,65,2017
Dezman Moses,KC,LOLB,65,2017
Brian Parker,KC,TE,65,2017
Demarcus Robinson,KC,WR,65,2017
Ramik Wilson,KC,MLB,65,2017
Antonio Morrison,IND,MLB,65,2017
Mitchell Van Dyk,IND,RT,65,2017
Chris Jones,MIA,DT,65,2017
Tony Lippett,MIA,CB,65,2017
Vinston Painter,MIA,LT,65,2017
Beau Allen,PHI,DT,65,2017
Taylor Hart,PHI,DT,65,2017
Steven Means,PHI,RE,65,2017
Dillon Farrell,NYG,LG,65,2017
Montori Hughes,NYG,DT,65,2017
Matt LaCosse,NYG,TE,65,2017
Stansly Maponga,NYG,LE,65,2017
Owa Odighizuwa,NYG,RE,65,2017
Kerry Wynn,NYG,LE,65,2017
Brandon Allen,JAX,QB,65,2017
Jordan Tripp,JAX,LOLB,65,2017
Mike Catapano,NYJ,LE,65,2017
Titus Davis,NYJ,WR,65,2017
Charone Peake,NYJ,WR,65,2017
Bryce Petty,NYJ,QB,65,2017
Kyle Williams,NYJ,WR,65,2017
Joe Dahl,DET,LG,65,2017
Gabe Ikard,DET,C,65,2017
Dwayne Washington,DET,HB,65,2017
Antwione Williams,DET,MLB,65,2017
Kennard Backman,GB,TE,65,2017
Don Barclay,GB,LT,65,2017
Dean Lowry,GB,LE,65,2017
Marcus Ball,CAR,FS,65,2017
Ryan Delaire,CAR,RE,65,2017
Cobi Hamilton,CAR,WR,65,2017
Beau Sandland,CAR,TE,65,2017
Joe Webb,CAR,QB,65,2017
Chris Barker,NE,LG,65,2017
Nate Ebner,NE,SS,65,2017
D.J. Foster,NE,HB,65,2017
Rufus Johnson,NE,ROLB,65,2017
Elandon Roberts,NE,MLB,65,2017
Neiron Ball,OAK,LOLB,65,2017
John Lotulelei,OAK,ROLB,65,2017
Dewey McDonald,OAK,SS,65,2017
Taylor Bertolet,LAR,K,65,2017
Darrell Williams,LAR,LT,65,2017
Maurice Canady,BAL,SS,65,2017
Josh Johnson,BAL,QB,65,2017
Chris Moore,BAL,WR,65,2017
Zachary Orr,BAL,MLB,65,2017
Za'Darius Smith,BAL,ROLB,65,2017
Darren Waller,BAL,WR,65,2017
Cody Booth,WAS,LT,65,2017
Takoby Cofield,WAS,RG,65,2017
Nate Sudfeld,WAS,QB,65,2017
Brandon Dixon,NO,CB,65,2017
Tony Steward,NO,ROLB,65,2017
Tyrus Thompson,NO,LT,65,2017
Frank Clark,SEA,LE,65,2017
Antwan Goodley,SEA,WR,65,2017
Quinton Jefferson,SEA,DT,65,2017
Terry Poole,SEA,LT,65,2017
B.J. Finney,PIT,C,65,2017
Tyler Matakevich,PIT,MLB,65,2017
Brian Mihalik,PIT,RT,65,2017
Cody Wallace,PIT,C,65,2017
Greg Warren,PIT,C,65,2017
Donald Washington,PIT,CB,65,2017
Jordan Zumwalt,PIT,ROLB,65,2017
D.J. Reader,HOU,DT,65,2017
Tom Savage,HOU,QB,65,2017
Tre McBride,TEN,WR,65,2017
Nate Palmer,TEN,MLB,65,2017
Aaron Wallace,TEN,ROLB,65,2017
Jhurell Pressley,MIN,HB,65,2017
Jabari Price,MIN,CB,65,2017
Shamar Stephen,MIN,DT,65,2017
Justin Trattou,MIN,LE,65,2017
Melvin White,MIN,CB,65,2017
Busta Anderson,SF,TE,64,2017
Mike Purcell,SF,DT,64,2017
Rashard Robinson,SF,CB,64,2017
DeAndre Smelter,SF,WR,64,2017
Lamin Barrow,CHI,MLB,64,2017
Deiondre' Hall,CHI,CB,64,2017
Nick Kwiatkoski,CHI,MLB,64,2017
Cameron Meredith,CHI,WR,64,2017
Senorise Perry,CHI,HB,64,2017
Deonte Thompson,CHI,WR,64,2017
Cornelius Washington,CHI,LE,64,2017
Ryan Groy,BUF,RG,64,2017
Jonathan Meeks,BUF,SS,64,2017
Kapri Bibbs,DEN,HB,64,2017
Todd Davis,DEN,MLB,64,2017
James Ferentz,DEN,C,64,2017
Seth DeValve,CLE,TE,64,2017
Spencer Drango,CLE,RG,64,2017
Cam Johnson,CLE,LOLB,64,2017
Ricardo Louis,CLE,WR,64,2017
Jordan Payton,CLE,WR,64,2017
Glenn Winston,CLE,HB,64,2017
Donteea Dye Jr.,TB,WR,64,2017
Ryan Smith,TB,CB,64,2017
Matt Barkley,ARI,QB,64,2017
Marqui Christian,ARI,SS,64,2017
Gabe Martin,ARI,ROLB,64,2017
Antoine McClain,ARI,RG,64,2017
Cole Toner,ARI,RG,64,2017
Tourek Williams,LAC,LOLB,64,2017
Trey Millard,KC,FB,64,2017
Jarrod Pughsley,KC,LG,64,2017
Josh Boyce,IND,WR,64,2017
Quan Bray,IND,WR,64,2017
Kevin Graf,IND,LT,64,2017
Tevin Mitchel,IND,CB,64,2017
Jack Crawford,DAL,DT,64,2017
Joe Looney,DAL,C,64,2017
Geoff Swaim,DAL,TE,64,2017
Shamiel Gary,MIA,SS,64,2017
Matt Hazel,MIA,WR,64,2017
Jordan Lucas,MIA,CB,64,2017
Chris McCain,MIA,RE,64,2017
Najee Goode,PHI,MLB,64,2017
JaCorey Shepherd,PHI,CB,64,2017
De'Vondre Campbell,ATL,MLB,64,2017
Laurence Gibson,ATL,LT,64,2017
Sean Renfree,ATL,QB,64,2017
Wes Schweitzer,ATL,LG,64,2017
Tyler Starr,ATL,ROLB,64,2017
Geremy Davis,NYG,WR,64,2017
Louis Nix III,NYG,DT,64,2017
Kadeem Edwards,JAX,LG,64,2017
Ben Koyack,JAX,TE,64,2017
Taiwan Jones,NYJ,MLB,64,2017
Ronald Martin,NYJ,FS,64,2017
Brandon Copeland,DET,LOLB,64,2017
Adam Fuehne,DET,TE,64,2017
Jake Rudock,DET,QB,64,2017
Trevor Davis,GB,WR,64,2017
LaDarius Gunter,GB,CB,64,2017
David Foucault,CAR,LT,64,2017
David Mayo,CAR,MLB,64,2017
Zack Sanchez,CAR,CB,64,2017
Scott Simonson,CAR,TE,64,2017
Keavon Milton,NE,RT,64,2017
Darryl Roberts,NE,CB,64,2017
George Atkinson III,OAK,HB,64,2017
Jon Feliciano,OAK,LG,64,2017
Matt McGloin,OAK,QB,64,2017
Christian Bryant,LAR,SS,64,2017
Andrew Donnal,LAR,RG,64,2017
Deon Long,LAR,WR,64,2017
Cody Wichmann,LAR,RG,64,2017
Brent Urban,BAL,RE,64,2017
Garrett Grayson,NO,QB,64,2017
David Onyemata,NO,RE,64,2017
Kenny Lawler,SEA,WR,64,2017
Kevin Smith,SEA,WR,64,2017
DeAngelo Tyson,SEA,RE,64,2017
Ross Ventrone,PIT,SS,64,2017
Akeem Hunt,HOU,HB,64,2017
Eric Tomlinson,HOU,TE,64,2017
David Fluellen,TEN,HB,64,2017
Andy Gallik,TEN,C,64,2017
LeShaun Sims,TEN,CB,64,2017
Sebastian Tretola,TEN,RG,64,2017
Jayron Kearse,MIN,SS,64,2017
Zach Moore,MIN,LE,64,2017
Brandon Watts,MIN,ROLB,64,2017
Aaron Burbridge,SF,WR,63,2017
Devon Cajuste,SF,WR,63,2017
Prince Iworah,SF,CB,63,2017
John Theus,SF,LT,63,2017
David Fales,CHI,QB,63,2017
Demontre Hurst,CHI,SS,63,2017
Joe Sommers,CHI,TE,63,2017
Marquis Flowers,CIN,ROLB,63,2017
Keith Wenning,CIN,QB,63,2017
James Wright,CIN,WR,63,2017
Blake Annen,BUF,TE,63,2017
Cyril Richardson,BUF,LG,63,2017
Kevon Seymour,BUF,CB,63,2017
Mose Frazier,DEN,WR,63,2017
Antonio Glover,DEN,SS,63,2017
Dekoda Watson,DEN,MLB,63,2017
Rashard Higgins,CLE,WR,63,2017
Kenny Bell,TB,WR,63,2017
Kivon Cartwright,TB,TE,63,2017
Kimario McFadden,TB,SS,63,2017
Gerald Christian,ARI,TE,63,2017
Kareem Martin,ARI,ROLB,63,2017
Torrence Allen,LAC,WR,63,2017
Mike Bercovici,LAC,QB,63,2017
Tyreek Burwell,LAC,RT,63,2017
Shaq Petteway,LAC,ROLB,63,2017
Frankie Hammond,KC,WR,63,2017
Daniel Munyer,KC,C,63,2017
Aaron Murray,KC,QB,63,2017
Dadi Nicolas,KC,LOLB,63,2017
D.J. White,KC,CB,63,2017
Austin Blythe,IND,C,63,2017
Josh Ferguson,IND,HB,63,2017
Mekale McKay,IND,WR,63,2017
Tevaun Smith,IND,WR,63,2017
Jeremy Vujnovich,IND,RG,63,2017
Ryan Russell,DAL,RE,63,2017
Brandon Doughty,MIA,QB,63,2017
Thomas Duarte,MIA,TE,63,2017
Jordan Phillips,MIA,DT,63,2017
McLeod Bethel-Thompson,PHI,QB,63,2017
Jalen Mills,PHI,CB,63,2017
Chris Pantale,PHI,TE,63,2017
Denzel Rice,PHI,CB,63,2017
Hunter Sharp,PHI,WR,63,2017
Gus Johnson,ATL,HB,63,2017
Marshaun Coprich,NYG,HB,63,2017
Ryan Malleck,NYG,TE,63,2017
Myles White,NYG,WR,63,2017
Shaq Evans,JAX,WR,63,2017
Jonathan Woodard,JAX,LE,63,2017
Robby Anderson,NYJ,WR,63,2017
Quincy Enunwa,NYJ,WR,63,2017
Brent Qvale,NYJ,RT,63,2017
Craig Watts,NYJ,LG,63,2017
Jerry Franklin,DET,MLB,63,2017
Ian Wells,DET,CB,63,2017
Kentrell Brice,GB,SS,63,2017
Marwin Evans,GB,FS,63,2017
Matt Masifilo,CAR,C,63,2017
Larry Webster III,CAR,LE,63,2017
Geneo Grissom,NE,RE,63,2017
Frank Kearse,NE,LE,63,2017
Devin Lucien,NE,WR,63,2017
Denico Autry,OAK,RE,63,2017
Chris Hackett,OAK,FS,63,2017
Johnny Holton,OAK,WR,63,2017
Max McCaffrey,OAK,WR,63,2017
Stacy McGee,OAK,LE,63,2017
Korey Toomer,OAK,ROLB,63,2017
Brynden Trawick,OAK,SS,63,2017
David Arkin,LAR,LG,63,2017
Pharoh Cooper,LAR,WR,63,2017
Josh Forrest,LAR,LOLB,63,2017
Temarrick Hemingway,LAR,TE,63,2017
Matt Longacre,LAR,RE,63,2017
Sean Mannion,LAR,QB,63,2017
Bradley Marquez,LAR,WR,63,2017
Marquez North,LAR,WR,63,2017
Mike Thomas,LAR,WR,63,2017
Austin Reiter,WAS,C,63,2017
Rashad Ross,WAS,WR,63,2017
Sione Houma,NO,FB,63,2017
Trevone Boykin,SEA,QB,63,2017
Justin Hamilton,SEA,DT,63,2017
Tre Madden,SEA,HB,63,2017
Lene Maiava,SEA,RT,63,2017
Kasen Williams,SEA,WR,63,2017
Stephen Anderson,HOU,TE,63,2017
Greg Mancz,HOU,C,63,2017
Keith Mumphery,HOU,WR,63,2017
Jeoffrey Pagan,HOU,RE,63,2017
Chad Slade,HOU,LG,63,2017
Josue Matias,TEN,RG,63,2017
Deiontrez Mount,TEN,LOLB,63,2017
Alex Tanney,TEN,QB,63,2017
B.J. Dubose,MIN,DT,63,2017
Austin Shepherd,MIN,LT,63,2017
Joel Stave,MIN,QB,63,2017
Stephen Weatherly,MIN,RE,63,2017
Dres Anderson,SF,WR,62,2017
Ronald Blair III,SF,RE,62,2017
Taveze Calhoun,CHI,CB,62,2017
Jacoby Glenn,CHI,CB,62,2017
Tra Carson,CIN,HB,62,2017
Aaron Epps,CIN,RT,62,2017
Darien Harris,CIN,ROLB,62,2017
Alonzo Russell,CIN,WR,62,2017
Lars Hanson,DEN,LT,62,2017
Eddie Yarbrough,DEN,RE,62,2017
Trey Caldwell,CLE,CB,62,2017
Xavier Cooper,CLE,RE,62,2017
Rannell Hall,CLE,WR,62,2017
Nick Hayden,CLE,LE,62,2017
Josh Allen,TB,C,62,2017
Peyton Barber,TB,HB,62,2017
Devante Bond,TB,ROLB,62,2017
Alan Cross,TB,TE,62,2017
Andrew DePaola,TB,TE,62,2017
Ryan Griffin,TB,QB,62,2017
Jake Coker,ARI,QB,62,2017
Brittan Golden,ARI,WR,62,2017
Harlan Miller,ARI,CB,62,2017
Ed Stinson,ARI,RE,62,2017
Nick Dzubnar,LAC,MLB,62,2017
Tyler Johnstone,LAC,RT,62,2017
Tyler Marcordes,LAC,LOLB,62,2017
Deandre Reaves,LAC,WR,62,2017
Damion Square,LAC,RE,62,2017
Tyrell Williams,LAC,WR,62,2017
Tyler Bray,KC,QB,62,2017
Stephen Morris,IND,QB,62,2017
Chris Brown,DAL,WR,62,2017
Deandre Coleman,MIA,DT,62,2017
Anthony Steen,MIA,RG,62,2017
Byron Marshall,PHI,HB,62,2017
Devin Fuller,ATL,WR,62,2017
J.D. McKissic,ATL,WR,62,2017
Sharrod Neasman,ATL,SS,62,2017
Corey Washington,ATL,WR,62,2017
Tramain Jacobs,NYG,CB,62,2017
Roger Lewis,NYG,WR,62,2017
Shane McDermott,NYG,C,62,2017
Greg Milhouse,NYG,DT,62,2017
Ryan Nassib,NYG,QB,62,2017
Nick Marshall,JAX,CB,62,2017
Peyton Thompson,JAX,FS,62,2017
Tarow Barney,NYJ,DT,62,2017
Kyle Friend,NYJ,C,62,2017
Wes Saxton,NYJ,TE,62,2017
Joe Callahan,GB,QB,62,2017
Josh Hawkins,GB,CB,62,2017
Josh Walker,GB,RG,62,2017
Jeremy Cash,CAR,MLB,62,2017
Donald Hawkins,CAR,LT,62,2017
Stephen Hill,CAR,WR,62,2017
Devon Johnson,CAR,FB,62,2017
Teddy Williams,CAR,CB,62,2017
Jonathan Jones,NE,CB,62,2017
K.J. Brent,OAK,WR,62,2017
Paul McRoberts,LAR,WR,62,2017
Demetrius Rhaney,LAR,C,62,2017
Keenan Reynolds,BAL,HB,62,2017
Arie Kouandjio,WAS,LG,62,2017
RaShaun Allen,NO,TE,62,2017
Jared Dangerfield,NO,WR,62,2017
Kaleb Eulls,NO,LG,62,2017
Tavaris Barnes,SEA,ROLB,62,2017
Jeff Fuller,SEA,WR,62,2017
Jake Heaps,SEA,QB,62,2017
Tye Smith,SEA,CB,62,2017
Kristjan Sokoli,SEA,LG,62,2017
Demarcus Ayers,PIT,WR,62,2017
Anthony Chickillo,PIT,ROLB,62,2017
Travis Feeney,PIT,LOLB,62,2017
Xavier Grimble,PIT,TE,62,2017
Giorgio Newberry,PIT,RE,62,2017
Canaan Severin,PIT,WR,62,2017
Dustin Vaughan,PIT,QB,62,2017
Kenny Hilliard,HOU,HB,62,2017
Corey Moore,HOU,SS,62,2017
Carlos Thompson,HOU,LOLB,62,2017
Moritz Boehringer,MIN,WR,62,2017
Zac Kerin,MIN,LG,62,2017
Jeremiah Sirles,MIN,RT,62,2017
Shayne Skov,SF,MLB,61,2017
Kevin Peterson,CHI,CB,61,2017
Roy Robertson-Harris,CHI,LE,61,2017
Joe Licata,CIN,QB,61,2017
Trevor Roach,CIN,LOLB,61,2017
Shaneil Jenkins,DEN,RE,61,2017
Darius Kilgo,DEN,DT,61,2017
Henry Krieger-Coble,DEN,TE,61,2017
Corey Nelson,DEN,MLB,61,2017
Taurean Nixon,DEN,CB,61,2017
Darius Jennings,CLE,WR,61,2017
Malcolm Johnson,CLE,FB,61,2017
Eric Patterson,CLE,CB,61,2017
Kourtnei Brown,TB,LE,61,2017
Adarius Glanton,TB,MLB,61,2017
Amir Carlisle,ARI,WR,61,2017
Alani Fua,ARI,MLB,61,2017
Josh Mauro,ARI,RE,61,2017
Hakeem Valles,ARI,TE,61,2017
Isaiah Burse,LAC,WR,61,2017
Donavon Clark,LAC,RG,61,2017
Kenneth Farrow,LAC,HB,61,2017
Jamaal Jones,LAC,WR,61,2017
Dreamius Smith,LAC,HB,61,2017
Trevor Bates,IND,LOLB,61,2017
T.Y. McGill,IND,RE,61,2017
Mark Nzeocha,DAL,ROLB,61,2017
Zac Dysert,MIA,QB,61,2017
Mike Hull,MIA,MLB,61,2017
Deontae Skinner,PHI,LOLB,61,2017
Shahbaz Ahmed,ATL,RG,61,2017
C.J. Goodwin,ATL,CB,61,2017
Devonte Johnson,ATL,CB,61,2017
Akeem King,ATL,CB,61,2017
Chris Mayes,ATL,DT,61,2017
Ivan McLennan,ATL,ROLB,61,2017
David Mims II,ATL,CB,61,2017
Matt Simms,ATL,QB,61,2017
Tavarres King,NYG,WR,61,2017
K.J. Maye,NYG,WR,61,2017
Isaiah Johnson,DET,SS,61,2017
Geronimo Allison,GB,WR,61,2017
Brandon Burks,GB,HB,61,2017
Makinton Dorleant,GB,CB,61,2017
Lou Young,CAR,CB,61,2017
Kamu Grugier-Hill,NE,SS,61,2017
Daren Bates,OAK,MLB,61,2017
James Cowser,OAK,LE,61,2017
Kenneth Durden,OAK,CB,61,2017
Chris Edwards,OAK,SS,61,2017
Cory James,OAK,MLB,61,2017
Dexter McDonald,OAK,CB,61,2017
Dylan Thompson,LAR,QB,61,2017
Daniel Brown,BAL,WR,61,2017
Victor Ochi,BAL,ROLB,61,2017
Steven Daniels,WAS,MLB,61,2017
Carlos Fields,WAS,MLB,61,2017
Nila Kasitati,WAS,RG,61,2017
Mike Wakefield,WAS,LOLB,61,2017
Jake Lampman,NO,WR,61,2017
DeAndre Elliott,SEA,CB,61,2017
Tyvis Powell,SEA,SS,61,2017
Marcus Tucker,PIT,WR,61,2017
Brian Peters,HOU,MLB,61,2017
Gerald Rivers,HOU,ROLB,61,2017
Angelo Blackson,TEN,RE,61,2017
Lamarcus Brutus,TEN,SS,61,2017
Kalan Reed,TEN,CB,61,2017
Jered Bell,SF,SS,60,2017
Jason Fanaika,SF,ROLB,60,2017
Kenton Adeyemi,CHI,DT,60,2017
Greg Scruggs,CHI,TE,60,2017
David Dean,CIN,DT,60,2017
Marcus Hardison,CIN,DT,60,2017
Darius Hillary,CIN,CB,60,2017
Walter Powell,BUF,WR,60,2017
Bralon Addison,DEN,WR,60,2017
Justin Murray,DEN,LG,60,2017
Trevor Siemian,DEN,QB,60,2017
Sadat Sulleyman,DEN,ROLB,60,2017
Terrelle Pryor,CLE,WR,60,2017
Dan LeFevour,TB,QB,60,2017
Clay DeBord,ARI,LT,60,2017
Givens Price,ARI,RT,60,2017
Xavier Williams,ARI,DT,60,2017
Terrell Chestnut,LAC,CB,60,2017
Chris Swain,LAC,FB,60,2017
Seantavius Jones,KC,WR,60,2017
Mitch Mathews,KC,WR,60,2017
Rakeem Nunez-Roches,KC,LE,60,2017
Daniel Anthrop,IND,WR,60,2017
Stefan McClure,IND,SS,60,2017
Trey Williams,IND,HB,60,2017
Jake Brendel,DAL,C,60,2017
Rico Gathers,DAL,TE,60,2017
Andy Jones,DAL,WR,60,2017
Josh Andrews,PHI,C,60,2017
Alex McCalister,PHI,RE,60,2017
Aziz Shittu,PHI,DT,60,2017
Joe Walker,PHI,MLB,60,2017
Connor Wujciak,PHI,DT,60,2017
Brian Poole,ATL,SS,60,2017
Chandler Worthy,NYJ,WR,60,2017
Jay Lee,DET,WR,60,2017
Don Jackson,GB,HB,60,2017
Christian Ringo,GB,DT,60,2017
Chas Alecxih,CAR,DT,60,2017
Gabe Holmes,OAK,TE,60,2017
Leon Orr,OAK,DT,60,2017
Nathan Palmer,OAK,WR,60,2017
Colton Underwood,OAK,TE,60,2017
Kyrie Wilson,OAK,LOLB,60,2017
Brandon Chubb,LAR,MLB,60,2017
Bryce Hager,LAR,MLB,60,2017
Troy Hill,LAR,CB,60,2017
Jordan Lomax,LAR,FS,60,2017
Cameron Lynch,LAR,LOLB,60,2017
Kapron Lewis-Moore,BAL,LE,60,2017
Houston Bates,WAS,ROLB,60,2017
Reggie Diggs,WAS,WR,60,2017
Valdez Showers,WAS,WR,60,2017
Martrell Spaight,WAS,MLB,60,2017
De'Vante Harris,NO,CB,60,2017
Marcus Henry,NO,C,60,2017
D.J. Pettway,NO,LE,60,2017
Davis Tull,NO,RE,60,2017
Avery Young,NO,RT,60,2017
Lavon Hooks,PIT,DT,60,2017
Karim Barton,HOU,RG,60,2017
Mehdi Abdesmad,TEN,LE,60,2017
Nick Easton,MIN,C,60,2017
Taylor Heinicke,MIN,QB,60,2017
Connor Shaw,CHI,QB,59,2017
Mario Alford,CIN,WR,59,2017
Ryan Brown,CIN,LE,59,2017
Alex Cooper,CIN,LG,59,2017
Antwane Grant,CIN,WR,59,2017
Max Valles,BUF,RE,59,2017
Calvin Heurtelou,DEN,LE,59,2017
Robert Myers Jr.,DEN,RG,59,2017
Micah Awe,TB,MLB,59,2017
Josh Keyes,TB,LOLB,59,2017
Bernard Reedy,TB,WR,59,2017
Cariel Brooks,ARI,CB,59,2017
Olsen Pierre,ARI,DT,59,2017
Shaq Riddick,ARI,LOLB,59,2017
Larry Scott,LAC,CB,59,2017
Deveron Carr,KC,CB,59,2017
Sterling Bailey,IND,RE,59,2017
Amarlo Herrera,IND,MLB,59,2017
Kelcy Quarles,IND,RE,59,2017
Darius White,IND,CB,59,2017
Rodney Smith,DAL,WR,59,2017
Tyler Murphy,MIA,WR,59,2017
Zach Vigil,MIA,MLB,59,2017
Jordan Williams,MIA,DT,59,2017
Darrell Greene,PHI,LG,59,2017
Joey Mbu,ATL,DT,59,2017
Corey Grant,JAX,HB,59,2017
Rashad Lawrence,JAX,WR,59,2017
Chase Farris,DET,RG,59,2017
Beniquez Brown,GB,LOLB,59,2017
Josh James,GB,LT,59,2017
Brian Price,GB,DT,59,2017
Mike Jordan,LAR,CB,59,2017
Ian Seau,LAR,ROLB,59,2017
Stephane Nembot,BAL,LT,59,2017
Dashaun Phillips,WAS,CB,59,2017
Jack Allen,NO,C,59,2017
Trae Elston,NO,SS,59,2017
George Farmer,SEA,CB,59,2017
Caushaud Lyons,PIT,LE,59,2017
Quinton Schooley,PIT,C,59,2017
L.T. Walton,PIT,RE,59,2017
Ufomba Kamalu,HOU,LE,59,2017
J.R. Tavai,TEN,ROLB,59,2017
David Moala,DEN,DT,58,2017
Dominique Alexander,CLE,MLB,58,2017
Taylor Fallin,TB,RT,58,2017
Freddie Martino,TB,WR,58,2017
Spencer Pulley,LAC,C,58,2017
Erik Swoope,IND,TE,58,2017
Ron Thompson,IND,LOLB,58,2017
Cory Johnson,ATL,DT,58,2017
Romeo Okwara,NYG,LOLB,58,2017
Helva Matungulu,NYJ,RE,58,2017
Deon Simon,NYJ,DT,58,2017
Jacob Flores,GB,C,58,2017
Tyler Kuder,GB,LE,58,2017
Darius Latham,OAK,DT,58,2017
Louis Trinca-Pasat,LAR,DT,58,2017
Kaelin Clay,BAL,WR,58,2017
Landon Turner,NO,RG,58,2017
Steve Longa,SEA,MLB,58,2017
Eric Pinkins,SEA,ROLB,58,2017
Ryan Robinson,SEA,LE,58,2017
Devaunte Sigler,PIT,DT,58,2017
Josh Lenz,HOU,WR,58,2017
Justin Staples,TEN,LOLB,58,2017
Kyle Carter,MIN,TE,58,2017
Alex Redmond,CIN,C,57,2017
Kenny Anunike,DEN,ROLB,57,2017
Vontarrius Dora,DEN,LOLB,57,2017
Travis Britz,TB,DT,57,2017
Cassanova McKinzy,TB,MLB,57,2017
Evan Spencer,TB,WR,57,2017
Chris Landrum,LAC,ROLB,57,2017
Curt Maggitt,IND,MLB,57,2017
Quentin Gause,PHI,ROLB,57,2017
Torrey Green,ATL,MLB,57,2017
B.J. Daniels,NYG,QB,57,2017
Thurston Armbrister,JAX,MLB,57,2017
Neal Sterling,JAX,WR,57,2017
Demetris Anderson,GB,RE,57,2017
Reggie Gilbert,GB,ROLB,57,2017
Jared Norris,CAR,MLB,57,2017
Denver Kirkland,OAK,LG,57,2017
Obum Gwacham,NO,LE,57,2017
Dillon Lee,NO,LOLB,57,2017
Johnny Maxey,PIT,RE,57,2017
Joel Heath,HOU,LE,57,2017
Terrance Plummer,MIN,MLB,57,2017
Clark Harris,CIN,TE,56,2017
D.J. Alexander,KC,MLB,56,2017
Jimmy Staten,KC,RE,56,2017
Earl Okine,IND,LE,56,2017
Jameill Showers,DAL,QB,56,2017
Charles Tuaau,MIA,DT,56,2017
Lynden Trail,WAS,LOLB,56,2017
Edmond Robinson,MIN,LOLB,56,2017
Zak DeOssie,NYG,TE,55,2017
Garrison Sanborn,BUF,C,54,2017
Lawrence Okoye,DAL,RE,54,2017
Keith Smith,DAL,FB,54,2017
Josh Harris,ATL,TE,54,2017
Nick Sundberg,WAS,C,54,2017
Reshard Cliett,HOU,MLB,54,2017
Andre Debose,IND,WR,52,2017
Shane Wynn,JAX,WR,52,2017
Charley Hughlett,CLE,TE,51,2017
Robert Thomas,CAR,RE,51,2017
Lamar Louis,ARI,MLB,50,2017
Don Muhlbach,DET,TE,50,2017
Kevin McDermott,MIN,TE,50,2017
L.P. LaDouceur,DAL,TE,48,2017
John Denney,MIA,TE,48,2017
Mike Windt,LAC,TE,46,2017
Tanner Purdum,NYJ,TE,46,2017
Jimmy Landes,DET,TE,46,2017
Beau Brinkley,TEN,TE,46,2017
Aaron Brewer,CHI,TE,45,2017
Carson Tinker,JAX,TE,45,2017
Kyle Nelson,SF,TE,44,2017
Jon Dorenbos,PHI,TE,44,2017
J.J. Jansen,CAR,TE,44,2017
Jake McQuaide,LAR,TE,44,2017
James Winchester,KC,TE,43,2017
Matt Overton,IND,TE,43,2017
John DePalma,PHI,TE,43,2017
Kameron Canaday,ARI,TE,42,2017
Rick Lovato,GB,TE,42,2017
Jon Condo,OAK,TE,42,2017
Justin Drescher,NO,TE,42,2017
Jon Weeks,HOU,TE,42,2017
Patrick Scales,CHI,TE,40,2017
Casey Kreiter,DEN,TE,40,2017
Joe Cardona,NE,TE,40,2017
Morgan Cox,BAL,TE,40,2017
Drew Ferris,SEA,TE,40,2017
Chris Thompson,WAS,HB,77,2018
Keenan Allen,LAC,WR,89,2018
Darren McFadden,DAL,HB,77,2018
Brandon Boykin,BAL,CB,71,2018
Junior Galette,WAS,LOLB,76,2018
Deon Simon,NYJ,DT,65,2018
Pierre Garcon,SF,WR,85,2018
Arie Kouandjio,WAS,RG,63,2018
Dominique Easley,LAR,RE,78,2018
A.J. Green,CIN,WR,94,2018
Lerentee McCray,JAX,ROLB,72,2018
Von Miller,DEN,LOLB,99,2018
Chris Scott,CAR,RG,70,2018
Brent Urban,BAL,RE,69,2018
Owa Odighizuwa,NYG,RE,67,2018
NaVorro Bowman,SF,MLB,88,2018
Jerrell Freeman,CHI,MLB,88,2018
Jalston Fowler,TEN,FB,78,2018
Jordan Phillips,MIA,DT,76,2018
Marshon Lattimore,NO,CB,76,2018
Josh McCown,NYJ,QB,73,2018
Josh Mauga,KC,MLB,73,2018
Darrell Stuckey,LAC,FS,71,2018
Knile Davis,PIT,HB,71,2018
Demetri Goodson,GB,CB,68,2018
Dexter McDougle,NYJ,CB,67,2018
Earl Wolff IV,WAS,SS,66,2018
Randall Telfer,CLE,TE,65,2018
Dres Anderson,HOU,WR,62,2018
Ronald Powell,SEA,LOLB,62,2018
Shane Wynn,JAX,WR,57,2018
Aaron Colvin,JAX,CB,78,2018
Breshad Perriman,BAL,WR,74,2018
Sean Spence,IND,MLB,73,2018
Andre Ellington,ARI,WR,72,2018
Cam Johnson,CLE,RE,71,2018
Elvis Dumervil,SF,RE,83,2018
Christian Covington,HOU,RE,70,2018
Matt Jones,WAS,HB,69,2018
Brandon Thomas,DET,LG,67,2018
Brennan Scarlett,HOU,LOLB,66,2018
Danny Trevathan,CHI,MLB,84,2018
Mark Nzeocha,DAL,MLB,64,2018
Curtis Grant,NYG,MLB,60,2018
James Winchester,KC,TE,43,2018
Rob Gronkowski,NE,TE,98,2018
Brandon Brooks,PHI,RG,89,2018
Dion Lewis,NE,HB,82,2018
Morris Claiborne,NYJ,CB,79,2018
Lance Dunbar,LAR,HB,77,2018
Jimmie Ward,SF,FS,80,2018
Jonathan Casillas,NYG,ROLB,74,2018
Hau'oli Kikaha,NO,LOLB,73,2018
Phillip Dorsett,IND,WR,73,2018
Bruce Carter,NYJ,MLB,72,2018
Mike Davis,SEA,HB,72,2018
Michael Campanaro,BAL,WR,71,2018
Chaz Green,DAL,RT,70,2018
Adam Gettis,NYG,LG,67,2018
Tevin Mitchel,IND,CB,65,2018
Marcus Murphy,NO,HB,65,2018
Carlos Hyde,SF,HB,83,2018
Tim Patrick,BAL,WR,63,2018
Rashawn Scott,MIA,WR,63,2018
Kyle Williams,BUF,DT,87,2018
Jonathan Jones,NE,CB,62,2018
Martin Ifedi,ATL,RE,60,2018
Louis Trinca-Pasat,LAR,DT,58,2018
Antonio Gates,LAC,TE,87,2018
Danny Woodhead,BAL,HB,82,2018
DeAngelo Hall,WAS,FS,79,2018
Delvin Breaux,NO,CB,79,2018
Spencer Long,WAS,C,78,2018
Brett Kern,TEN,P,78,2018
Mike Pouncey,MIA,C,77,2018
Sidney Jones IV,PHI,CB,74,2018
J.J. Nelson,ARI,WR,73,2018
Cyrus Kouandjio,DET,LT,72,2018
Geno Atkins,CIN,DT,91,2018
David Parry,IND,DT,70,2018
Arrelious Benn,JAX,WR,70,2018
Alex Anzalone,NO,ROLB,68,2018
David Mayo,CAR,ROLB,66,2018
Rakeem Nunez-Roches,KC,LE,65,2018
Marcell Dareus,BUF,DT,85,2018
Jon Halapio,NYG,RG,62,2018
Terrance Smith,KC,MLB,60,2018
Mehdi Abdesmad,TEN,LE,60,2018
Tyler Eifert,CIN,TE,91,2018
Byron Marshall,PHI,WR,54,2018
Jay Ajayi,MIA,HB,87,2018
Jadeveon Clowney,HOU,LOLB,86,2018
Ryan Mathews,PHI,HB,82,2018
Josh Sitton,CHI,LG,89,2018
Will Blackmon,WAS,FS,77,2018
John Jerry,NYG,RG,77,2018
Jonathan Cooper,DAL,LG,77,2018
Luke Willson,SEA,TE,76,2018
Dante Fowler Jr,JAX,LE,76,2018
Korey Toomer,LAC,MLB,75,2018
Alfred Blue,HOU,HB,75,2018
Myles Jack,JAX,MLB,75,2018
Jaylon Smith,DAL,MLB,75,2018
Michael Hoomanawanui,NO,TE,74,2018
T.J. Carrie,OAK,CB,74,2018
Brandon Williams,IND,TE,71,2018
Levine Toilolo,ATL,TE,70,2018
LeSean McCoy,BUF,HB,92,2018
Bryce Petty,NYJ,QB,69,2018
Darryl Roberts,NYJ,CB,68,2018
Rees Odhiambo,SEA,RG,66,2018
Jake Rodgers,PIT,LT,65,2018
Anthony Fabiano,CLE,C,64,2018
Cornelius Washington,DET,LE,64,2018
Ed Stinson,ARI,LE,62,2018
Giovani Bernard,CIN,HB,86,2018
Jordan Hicks,PHI,MLB,85,2018
Matt Bryant,ATL,K,85,2018
Jonathan Stewart,CAR,HB,84,2018
Jamaal Charles,DEN,HB,84,2018
Orlando Scandrick,DAL,CB,83,2018
Devon Kennard,NYG,LOLB,80,2018
Rhett Ellison,NYG,FB,79,2018
Robby Anderson,NYJ,WR,74,2018
D.J. Hayden,DET,CB,74,2018
Jarrad Davis,DET,MLB,74,2018
Russell Okung,LAC,LT,73,2018
Justin March-Lillard,KC,MLB,72,2018
Zach Miller,CHI,TE,86,2018
Pernell McPhee,CHI,LOLB,84,2018
Jeremy Zuttah,SF,C,82,2018
Matt Schaub,ATL,QB,69,2018
De'Anthony Thomas,KC,WR,69,2018
Matt Lengel,NE,TE,69,2018
Jarvis Jenkins,KC,RE,68,2018
Mark Herzlich,NYG,LOLB,68,2018
Pharaoh Brown,OAK,TE,68,2018
Shaq Hill,HOU,WR,64,2018
Teddy Williams,CAR,CB,62,2018
Taysom Hill,GB,QB,60,2018
Gerald McCoy,TB,DT,90,2018
Richie Incognito,BUF,LG,88,2018
Tyrann Mathieu,ARI,FS,87,2018
Todd Gurley II,LAR,HB,85,2018
Latavius Murray,MIN,HB,84,2018
Sam Bradford,MIN,QB,83,2018
Tyler Lockett,SEA,WR,80,2018
Danny Amendola,NE,WR,78,2018
Mark Barron,LAR,MLB,77,2018
DeForest Buckner,SF,LE,79,2018
Vince Williams,PIT,MLB,74,2018
C.J. Prosise,SEA,HB,74,2018
Michael Palardy,CAR,P,74,2018
J.T. Thomas III,NYG,ROLB,73,2018
Nate Allen,MIA,FS,72,2018
Senquez Golson,PIT,CB,72,2018
Gino Gradkowski,CAR,C,71,2018
Antone Exum Jr,MIN,FS,71,2018
Matt Wile,ARI,P,70,2018
Dwayne Washington,DET,HB,68,2018
Shon Coleman,CLE,RT,68,2018
D.J. Alexander,KC,MLB,66,2018
Vontaze Burfict,CIN,ROLB,87,2018
Carlos Dunlap,CIN,LE,86,2018
Dillon Gordon,PHI,LT,64,2018
Marquis Bundy,ARI,WR,62,2018
Kaelin Clay,CAR,WR,58,2018
Travis Kelce,KC,TE,94,2018
Tony Jefferson,BAL,SS,88,2018
Lorenzo Alexander,BUF,ROLB,84,2018
Cody Whitehair,CHI,C,86,2018
Maurkice Pouncey,PIT,C,85,2018
Tevin Coleman,ATL,HB,85,2018
Adrian Peterson,NO,HB,84,2018
Derrick Johnson,KC,MLB,83,2018
Kenny Britt,CLE,WR,82,2018
Ryan Shazier,PIT,MLB,81,2018
Travis Benjamin,LAC,WR,80,2018
Teddy Bridgewater,MIN,QB,79,2018
Wil Lutz,NO,K,79,2018
Mike Evans,TB,WR,90,2018
Kiko Alonso,MIA,MLB,76,2018
Henry Anderson,IND,LE,76,2018
Sammy Watkins,BUF,WR,86,2018
Mario Edwards Jr,OAK,RE,76,2018
C.J. Spiller,KC,HB,76,2018
Luke Joeckel,SEA,RG,75,2018
Dede Westbrook,JAX,WR,75,2018
Randy Gregory,DAL,RE,74,2018
Jake Butt,DEN,TE,74,2018
Ricky Jean Francois,GB,RE,73,2018
A.J. Derby,DEN,TE,73,2018
Lorenzo Mauldin IV,NYJ,ROLB,72,2018
Charles Clay,BUF,TE,86,2018
Brent Grimes,TB,CB,88,2018
Bennie Fowler III,DEN,WR,71,2018
D.J. Humphries,ARI,LT,71,2018
Marlon Brown,DEN,WR,71,2018
Aqib Talib,DEN,CB,94,2018
Ibraheim Campbell,CLE,SS,70,2018
Bernard Pierce,DEN,HB,69,2018
Scooby Wright III,ARI,MLB,69,2018
Deatrich Wise Jr,NE,RE,69,2018
Hassan Ridgeway,IND,LE,69,2018
Marcus Roberson,HOU,CB,68,2018
Cody Latimer,DEN,WR,68,2018
David Morgan II,MIN,TE,67,2018
Chris Harris Jr,DEN,CB,94,2018
Jerry Hughes,BUF,RE,81,2018
Charone Peake,NYJ,WR,66,2018
Tyrus Thompson,CAR,LT,66,2018
Cordy Glenn,BUF,LT,84,2018
Corey Grant,JAX,HB,65,2018
Brandon Wilds,NYJ,HB,65,2018
Sheldon Price,BAL,CB,61,2018
Gabe Holmes,OAK,TE,61,2018
Connor Shaw,CHI,QB,57,2018
Sean Lee,DAL,ROLB,91,2018
A.J. Bouye,JAX,CB,88,2018
Thomas Davis Sr,CAR,ROLB,87,2018
Bryan Bulaga,GB,RT,86,2018
Stefon Diggs,MIN,WR,86,2018
Mark Ingram,NO,HB,84,2018
Solomon Thomas,SF,DT,79,2018
Jeremy Maclin,BAL,WR,83,2018
Chris Ivory,JAX,HB,80,2018
Eric Kendricks,MIN,MLB,80,2018
Akiem Hicks,CHI,LE,83,2018
Tyrone Crawford,DAL,LE,77,2018
Robert Turbin,IND,HB,76,2018
Geoff Swaim,DAL,TE,74,2018
Austin Seferian-Jenkins,NYJ,TE,74,2018
Geno Smith,NYG,QB,72,2018
Aldrick Rosas,NYG,K,71,2018
Ka'imi Fairbairn,HOU,K,71,2018
Brandon LaFell,CIN,WR,82,2018
Travaris Cadet,NO,HB,70,2018
Terrence Brooks,PHI,SS,70,2018
Andre Williams,LAC,HB,69,2018
Fozzy Whittaker,CAR,HB,69,2018
Kasey Redfern,DET,P,69,2018
Marcus Martin,CLE,C,68,2018
DeSean Jackson,TB,WR,87,2018
Khalfani Muhammad,TEN,HB,67,2018
Jalen Myrick,JAX,CB,67,2018
Ejuan Price,LAR,ROLB,66,2018
Ifeanyi Momah,ARI,TE,66,2018
Trovon Reed,LAC,CB,66,2018
Vinston Painter,WAS,RT,66,2018
Ali Marpet,TB,RG,85,2018
Adam Bisnowaty,NYG,LT,65,2018
Mykkele Thompson,NYG,FS,64,2018
Joshua Holsey,WAS,CB,64,2018
Geremy Davis,LAC,WR,64,2018
Kasen Williams,SEA,WR,63,2018
Travin Dural,NO,WR,63,2018
Geneo Grissom,NE,LE,63,2018
Garrett Grayson,NO,QB,62,2018
Senorise Perry,MIA,HB,62,2018
Bryan Anger,TB,P,85,2018
Dominique Alexander,CLE,ROLB,61,2018
Dwayne Thomas,NE,CB,61,2018
Bryce Hager,LAR,MLB,60,2018
Damiere Byrd,CAR,WR,58,2018
Jordan Reed,WAS,TE,91,2018
Jordan Howard,CHI,HB,85,2018
Chandler Jones,ARI,ROLB,88,2018
Chris Baker,TB,DT,84,2018
Amari Cooper,OAK,WR,87,2018
Mike Daniels,GB,RE,87,2018
Jeremy Hill,CIN,HB,82,2018
Terron Armstead,NO,LT,85,2018
Jared Cook,OAK,TE,85,2018
Rick Wagner,DET,RT,83,2018
Stephon Tuitt,PIT,RE,83,2018
Ty Montgomery,GB,HB,83,2018
Grady Jarrett,ATL,DT,82,2018
Lavonte David,TB,ROLB,84,2018
Mitchell Schwartz,KC,RT,81,2018
Karl Joseph,OAK,SS,81,2018
Karl Klug,TEN,RE,80,2018
Doug Martin,TB,HB,83,2018
Rodger Saffold III,LAR,LG,79,2018
T.J. Yeldon,JAX,HB,79,2018
Andy Lee,CAR,P,79,2018
Derek Newton,HOU,RT,78,2018
Ameer Abdullah,DET,HB,78,2018
Cameron Brate,TB,TE,83,2018
Jermaine Gresham,ARI,TE,77,2018
Joe Staley,SF,LT,81,2018
Tyvon Branch,ARI,SS,77,2018
Brad Wing,NYG,P,77,2018
Malcolm Mitchell,NE,WR,76,2018
T.J. McDonald Jr,MIA,SS,76,2018
Jarvis Jones,ARI,ROLB,76,2018
Nolan Carroll II,DAL,CB,76,2018
Ronald Darby,BUF,CB,79,2018
Eric Rowe,NE,CB,76,2018
Brian Hoyer,SF,QB,75,2018
Christine Michael,IND,HB,75,2018
Connor Barth,CHI,K,75,2018
Cameron Meredith,CHI,WR,83,2018
Bobby McCain,MIA,CB,74,2018
Lee Smith,OAK,TE,74,2018
Jeff Heuerman,DEN,TE,74,2018
James Hanna,DAL,TE,73,2018
Kendall Fuller,WAS,CB,73,2018
Kyle Love,CAR,DT,72,2018
Charles Sims III,TB,HB,82,2018
Joshua Dobbs,PIT,QB,72,2018
Drew Kaser,LAC,P,72,2018
Ereck Flowers,NYG,LT,71,2018
Tim Hightower,SF,HB,80,2018
Phil Taylor Sr,WAS,DT,71,2018
Aaron Dobson,ARI,WR,71,2018
Justin Hunter,PIT,WR,71,2018
Kyle Long,CHI,RG,80,2018
Vance McDonald,SF,TE,77,2018
Devin Smith,NYJ,WR,70,2018
Rayshawn Jenkins,LAC,FS,70,2018
Lorenzo Taliaferro,BAL,HB,70,2018
Matthew Judon,BAL,ROLB,70,2018
Denzelle Good,IND,RG,69,2018
Senio Kelemete,NO,C,69,2018
Jack Crawford,ATL,RE,69,2018
Ulrick John,ARI,RT,69,2018
O.J. Howard,TB,TE,82,2018
Kenyan Drake,MIA,HB,69,2018
Shamarko Thomas,NYJ,FS,69,2018
John Wetzel,ARI,RT,68,2018
Antonio Morrison,IND,MLB,68,2018
Tank Carradine,SF,LE,77,2018
Damian Swann,NO,CB,68,2018
Chris Reed,JAX,RG,68,2018
Dion Jordan,SEA,RE,68,2018
Donald Stephenson,DEN,LT,67,2018
Alex Carter,DET,CB,67,2018
James Sample,JAX,SS,67,2018
Keith Marshall,WAS,HB,67,2018
Keith McGill II,OAK,SS,66,2018
Carl Davis,BAL,DT,66,2018
J.J. Wilcox,TB,SS,81,2018
Andrew Donnal,LAR,RG,65,2018
Tank Carder,CLE,MLB,65,2018
Zaviar Gooden,ARI,MLB,65,2018
Jeremy Cash,CAR,ROLB,64,2018
Chris Casher,OAK,LE,64,2018
Caleb Kidder,MIN,LE,64,2018
Philly Brown,BUF,WR,77,2018
Robert Thomas,NYG,DT,63,2018
Gerald Hodges Jr,BUF,LOLB,79,2018
Daniel Lasco,NO,HB,63,2018
Craig Watts,NYJ,RG,63,2018
Tommylee Lewis,NO,WR,62,2018
Pace Murphy,LAR,LT,62,2018
Andre Holmes,BUF,WR,76,2018
Brandon Doughty,MIA,QB,61,2018
Michael Hunter,NYG,CB,61,2018
Chris Hubert,ARI,WR,60,2018
Garrett Gilbert,CAR,QB,59,2018
Josh Magee,ATL,WR,57,2018
Wes Lunt,MIN,QB,54,2018
J.J. Watt,HOU,RE,98,2018
Tyron Smith,DAL,LT,94,2018
Adam Jones,CIN,CB,81,2018
T.Y. Hilton,IND,WR,88,2018
Matt Paradis,DEN,C,88,2018
Brandon Scherff,WAS,RG,86,2018
Morgan Burnett,GB,SS,86,2018
Michael Crabtree,OAK,WR,85,2018
Morgan Moses,WAS,RT,85,2018
Leonard Williams,NYJ,LE,85,2018
Eddie Goldman,CHI,DT,81,2018
Prince Amukamara,CHI,CB,81,2018
J.C. Tretter,CLE,C,84,2018
Sam Koch,BAL,P,84,2018
Matt Prater,DET,K,83,2018
Lamarr Houston,CHI,ROLB,80,2018
Leonard Fournette,JAX,HB,81,2018
Jamar Taylor,CLE,CB,81,2018
Matt Slauson,LAC,C,80,2018
Justin Britt,SEA,C,80,2018
Jeremy Kerley,SF,WR,77,2018
Tyrell Williams,LAC,WR,80,2018
Marqise Lee,JAX,WR,80,2018
Benjamin Watson,BAL,TE,80,2018
Coby Fleener,NO,TE,80,2018
Jerick McKinnon,MIN,HB,80,2018
Shane Lechler,HOU,P,80,2018
Phil Dawson,ARI,K,80,2018
Caleb Sturgis,PHI,K,80,2018
Anthony Barr,MIN,LOLB,79,2018
Desmond Bryant,CLE,DT,79,2018
Stephen Paea,DAL,DT,79,2018
Jalen Collins,ATL,CB,79,2018
Pat O'Donnell,CHI,P,79,2018
Shawn Williams,CIN,SS,80,2018
Vincent Rey,CIN,MLB,80,2018
Robert Kelley,WAS,HB,78,2018
Jason Myers,JAX,K,78,2018
Marcedes Lewis,JAX,TE,77,2018
Dion Sims,CHI,TE,78,2018
Paul Perkins,NYG,HB,77,2018
Eric Reid,SF,SS,77,2018
John Miller,BUF,RG,76,2018
Trevor Siemian,DEN,QB,76,2018
Jake Ryan,GB,MLB,76,2018
Malik Hooker,IND,FS,76,2018
Alvin Kamara,NO,HB,76,2018
Carlos Henderson,DEN,WR,76,2018
Dannell Ellerbe,NO,ROLB,75,2018
Trent Brown,SF,RT,75,2018
Tre'Davious White,BUF,CB,78,2018
Michael Oher,CAR,RT,74,2018
Ty Nsekhe,WAS,LT,74,2018
Nick Martin,HOU,C,74,2018
Branden Albert,JAX,LT,73,2018
Case Keenum,MIN,QB,73,2018
Jonathan Allen,WAS,LE,73,2018
Davis Webb,NYG,QB,73,2018
Braxton Miller,HOU,WR,73,2018
Algernon Brown,SEA,FB,73,2018
Keenan Robinson,NYG,MLB,72,2018
Jeff Allen,HOU,RG,72,2018
Amini Silatolu,CAR,LG,72,2018
Lachlan Edwards,NYJ,P,72,2018
Jelani Jenkins,OAK,LOLB,71,2018
Nick Foles,PHI,QB,71,2018
Rashad Greene Sr,JAX,WR,71,2018
Blidi Wreh-Wilson,ATL,CB,71,2018
Zach Banner,IND,RT,71,2018
Antonio Garcia,NE,LT,71,2018
Stacy McGee,WAS,LE,70,2018
Reuben Foster,SF,MLB,76,2018
Damontre Moore,DAL,RE,70,2018
Margus Hunt,IND,RE,70,2018
Ron Brooks,PHI,CB,70,2018
Vincent Valentine,NE,DT,70,2018
Kevin Pierre-Louis,SEA,ROLB,70,2018
Fabian Moreau,WAS,CB,70,2018
Aaron Jones,GB,HB,70,2018
Frank Zombo,KC,LOLB,69,2018
Steven Johnson,PIT,MLB,69,2018
Jalin Marshall,NYJ,WR,69,2018
Joe Mixon,CIN,HB,79,2018
Ricky Ortiz,BAL,FB,69,2018
Jon Bostic,IND,MLB,68,2018
Ed Reynolds II,CLE,FS,68,2018
Kevin Norwood,NYG,WR,68,2018
Vince Biegel,GB,LOLB,68,2018
Jordan Todman,NYJ,HB,68,2018
Kellen Clemens,LAC,QB,67,2018
Chris Carter,WAS,LOLB,67,2018
T.J. Yates,BUF,QB,67,2018
Kevin Minter,CIN,MLB,78,2018
Trevor Reilly,MIA,LOLB,67,2018
James O'Shaughnessy,NE,TE,67,2018
Jakeem Grant,MIA,WR,67,2018
Russell Bodine,CIN,C,78,2018
Joe Looney,DAL,C,66,2018
Ben Heeney,OAK,MLB,66,2018
Ryan Mallett,BAL,QB,66,2018
Ben Ijalana,NYJ,LT,66,2018
Erik Swoope,IND,TE,66,2018
Christian Ringo,GB,DT,66,2018
Stacy Coley,MIN,WR,66,2018
Chris Carson,SEA,HB,66,2018
Jabari Price,MIN,CB,65,2018
K.D. Cannon,NYJ,WR,65,2018
Nick O'Leary,BUF,TE,76,2018
Connor Hamlett,DAL,TE,64,2018
Bryan Cox Jr,CAR,LE,64,2018
Riley McCarron,HOU,WR,64,2018
Ricky Seals-Jones,ARI,TE,64,2018
Hakeem Valles,ARI,TE,63,2018
Brandon Allen,JAX,QB,63,2018
Mose Frazier,CAR,WR,63,2018
Austin Traylor,DEN,TE,63,2018
Channing Stribling,CLE,CB,62,2018
Rannell Hall,CLE,WR,62,2018
Zach Conque,HOU,TE,62,2018
Chris Odom,ATL,RE,62,2018
Donatello Brown,GB,CB,62,2018
David Fluellen,TEN,HB,61,2018
Stephen Morris,IND,QB,61,2018
Taurean Nixon,JAX,CB,61,2018
Josh Hawkins,GB,CB,61,2018
John Ross,CIN,WR,77,2018
Givens Price,ARI,RT,60,2018
Brandon Marshall,DEN,MLB,86,2018
B.J. Daniels,ATL,WR,58,2018
Matt Simms,ATL,QB,58,2018
Tim White,BAL,WR,57,2018
Nick Sundberg,WAS,C,55,2018
Lamar Louis,BAL,MLB,54,2018
Le'Veon Bell,PIT,HB,97,2018
DeMarco Murray,TEN,HB,91,2018
Dez Bryant,DAL,WR,91,2018
Dominique Rodgers-Cromartie,NYG,CB,89,2018
C.J. Mosley,BAL,MLB,89,2018
Quinton Dial,SF,DT,76,2018
Dre Kirkpatrick,CIN,CB,78,2018
Jason Verrett,LAC,CB,86,2018
Jalen LARey,JAX,CB,86,2018
Zach Ertz,PHI,TE,85,2018
Brian Orakpo,TEN,ROLB,85,2018
Frank Gore,IND,HB,83,2018
Johnathan Joseph,HOU,CB,83,2018
Marquise Goodwin,SF,WR,73,2018
Jameis Winston,TB,QB,81,2018
James Carpenter,NYJ,LG,82,2018
Frank Clark,SEA,LE,82,2018
Kwon Alexander,TB,MLB,80,2018
Julius Thomas,MIA,TE,81,2018
Chris Long,PHI,LE,80,2018
Robert Alford,ATL,CB,80,2018
Dalvin Cook,MIN,HB,80,2018
John Simon,IND,ROLB,79,2018
DeMarcus Lawrence,DAL,RE,79,2018
Mike Williams,LAC,WR,79,2018
Will Fuller V,HOU,WR,76,2018
Brian Poole,ATL,CB,76,2018
Maxx Williams,BAL,TE,76,2018
Manti Te'o,NO,MLB,75,2018
Robert Ayers Jr,TB,RE,80,2018
Paul Richardson,SEA,WR,75,2018
Niles Paul,WAS,TE,75,2018
Josh Doctson,WAS,WR,75,2018
Justin Vogel,GB,P,75,2018
Jake Elliott,CIN,K,75,2018
Clint Boling,CIN,LG,77,2018
T.J. Watt,PIT,ROLB,74,2018
George Kittle,SF,TE,72,2018
Jonathan Freeny,NE,ROLB,73,2018
Donnel Pumphrey Jr,PHI,HB,73,2018
Jaelen Strong,HOU,WR,73,2018
Zane Gonzalez,CLE,K,73,2018
Darrius Heyward-Bey,PIT,WR,72,2018
Bishop Sankey,MIN,HB,72,2018
Brandon Bolden,NE,HB,72,2018
Samaje Perine,WAS,HB,72,2018
Derek Carrier,WAS,TE,72,2018
Khari Lee,DET,TE,72,2018
Tedric Thompson,SEA,FS,72,2018
Jamaal Williams,GB,HB,72,2018
C.J. Beathard,SF,QB,72,2018
Victor Cruz,CHI,WR,77,2018
Nazair Jones,SEA,DT,71,2018
Kyler Fackrell,GB,ROLB,71,2018
Kevin King,GB,CB,71,2018
Nile Lawrence-Stample,CLE,DT,70,2018
Nick Vannett,SEA,TE,70,2018
Eric Weems,TEN,WR,69,2018
Matt Cassel,TEN,QB,69,2018
George Fant,SEA,LT,69,2018
Kendall Wright,CHI,WR,77,2018
Jordan Jenkins,NYJ,LOLB,69,2018
Arthur Brown,SEA,MLB,69,2018
Michael Johnson,CIN,RE,76,2018
Caraun Reid,LAC,LE,68,2018
Jeremiah Sirles,MIN,RT,68,2018
Jumal Rolle,ARI,CB,68,2018
Danny Isidora,MIN,RG,68,2018
Chad Kelly,DEN,QB,68,2018
Andre Smith,CIN,LT,74,2018
Dion Dawkins,BUF,RT,76,2018
Anthony Steen,MIA,LG,67,2018
Anthony Harris,MIN,FS,67,2018
Michael Bennett,JAX,DT,67,2018
Jalen Reeves-Maybin,DET,LOLB,67,2018
Robenson Therezie,NO,FS,67,2018
Noah Brown,DAL,WR,67,2018
Drew Stanton,ARI,QB,66,2018
Demar Dotson,TB,RT,80,2018
Tyler Boyd,CIN,WR,74,2018
Jerell Adams,NYG,TE,66,2018
Paul Turner,PHI,WR,66,2018
Jerome Cunningham,TEN,TE,66,2018
Treston DeCoud,HOU,CB,66,2018
Quan Bray,IND,WR,65,2018
Jordan Taylor,DEN,WR,65,2018
Julius Warmsley,MIA,DT,65,2018
Quinton Jefferson,SEA,LE,65,2018
Brett Jones,NYG,C,64,2018
Destiny Vaeao,PHI,DT,64,2018
Joshua Perkins,ATL,TE,64,2018
Jeremy Clark,NYJ,CB,64,2018
Tyler Ervin,HOU,HB,64,2018
Nelson Spruce,LAR,WR,64,2018
Jordan Roos,SEA,LG,64,2018
Jarron Jones,NYG,DT,64,2018
Alex Ellis,JAX,TE,64,2018
DeAndre Elliott,SEA,CB,64,2018
Trevone Boykin,SEA,QB,64,2018
Kalif Raymond,DEN,WR,64,2018
Kenny Bell,BAL,WR,63,2018
Ronald Martin Jr,NYJ,FS,63,2018
Nick Folk,TB,K,78,2018
Taveze Calhoun,NO,CB,62,2018
Chris Manhertz,CAR,TE,62,2018
Cory Littleton,LAR,ROLB,62,2018
Wendall Williams,HOU,WR,62,2018
Fadol Brown,OAK,LE,62,2018
Ethan Cooper,PIT,RG,62,2018
Bryce Treggs,PHI,WR,61,2018
Thurston Armbrister,DET,ROLB,61,2018
Shaq Lawson,BUF,LE,76,2018
Robert Myers Jr,SEA,LT,61,2018
Dylan Cole,HOU,MLB,61,2018
Johnathan Calvin,GB,LE,61,2018
Darius Latham,OAK,LE,60,2018
Kevin Davis,LAR,MLB,59,2018
Ross Travis,KC,TE,58,2018
Brian Price,GB,RE,57,2018
Reshard Cliett,KC,MLB,55,2018
Tyler Ott,SEA,TE,47,2018
Darian Stewart,DEN,FS,83,2018
Landon Collins,NYG,SS,92,2018
Jordy Nelson,GB,WR,91,2018
Reshad Jones,MIA,SS,91,2018
Jacquizz Rodgers,TB,HB,78,2018
Emmanuel Sanders,DEN,WR,89,2018
Ramon Foster,PIT,LG,88,2018
Marcus Cannon,NE,RT,88,2018
Paul Posluszny,JAX,LOLB,87,2018
Nate Solder,NE,LT,87,2018
Randall Cobb,GB,WR,87,2018
Eric Decker,TEN,WR,86,2018
Casey Hayward,LAC,CB,86,2018
Linval Joseph,MIN,DT,86,2018
Jimmy Smith,BAL,CB,86,2018
LeGarrette Blount,PHI,HB,85,2018
Adam Shaheen,CHI,TE,75,2018
Kyle Rudolph,MIN,TE,85,2018
C.J. Anderson,DEN,HB,85,2018
Lamar Miller,HOU,HB,85,2018
Byron Maxwell,MIA,CB,85,2018
Marshawn Lynch,OAK,HB,85,2018
John Brown,ARI,WR,84,2018
Anthony Castonzo,IND,LT,83,2018
Alan Branch,NE,DT,83,2018
Mason Foster,WAS,MLB,83,2018
Markus Wheaton,CHI,WR,75,2018
Darren Sproles,PHI,HB,83,2018
Brandon Williams,BAL,DT,82,2018
Corey Linsley,GB,C,82,2018
Brandon Mebane,LAC,DT,82,2018
Shane Vereen,NYG,HB,82,2018
Trumaine Johnson,LAR,CB,82,2018
Andy Janovich,DEN,FB,82,2018
Jordan Willis,CIN,RE,76,2018
Deion Jones,ATL,MLB,81,2018
DeVante Parker,MIA,WR,81,2018
Mitch Morse,KC,C,80,2018
A.Q. Shipley,ARI,C,80,2018
Dwayne Allen,NE,TE,80,2018
Abry Jones,JAX,DT,80,2018
J.R. Sweezy,TB,LG,77,2018
Jeremiah Attaochu,LAC,ROLB,80,2018
Taylor Gabriel,ATL,WR,79,2018
Derrick Morgan,TEN,LOLB,79,2018
Micah Hyde,BUF,SS,76,2018
Nick Fairley,NO,DT,79,2018
Nickell Robey-Coleman,LAR,CB,79,2018
Michael Pierce,BAL,DT,79,2018
David Andrews,NE,C,78,2018
Brian Winters,NYJ,RG,78,2018
Andrew Sendejo,MIN,SS,78,2018
Kerry Hyder Jr,DET,LE,78,2018
Dee Ford,KC,ROLB,78,2018
Adam Humphries,TB,WR,76,2018
Corey Coleman,CLE,WR,78,2018
Artie Burns,PIT,CB,78,2018
Alec Ogletree,LAR,MLB,77,2018
Craig Robertson,NO,MLB,77,2018
Brian Quick,WAS,WR,77,2018
Mychal Kendricks,PHI,ROLB,77,2018
Patrick Robinson,PHI,CB,77,2018
Adrian Clayborn,ATL,LE,77,2018
Shaquil Barrett,DEN,LOLB,81,2018
Cedric Ogbuehi,CIN,RT,72,2018
Garett Bolles,DEN,LT,77,2018
Kai Forbath,MIN,K,77,2018
William Gholston,TB,LE,76,2018
Keith Tandy,TB,SS,76,2018
Brooks Reed,ATL,LE,76,2018
Datone Jones,MIN,RE,76,2018
Kyle Fuller,CHI,CB,80,2018
Rex Burkhead,NE,HB,76,2018
Kenneth Dixon,BAL,HB,76,2018
Charcandrick West,KC,HB,76,2018
Jabrill Peppers,CLE,SS,76,2018
Dan Feeney,LAC,RG,76,2018
Donnie Jones,PHI,P,76,2018
Aaron Lynch,SF,RE,76,2018
Rafael Bush,NO,FS,75,2018
Rashard Robinson,SF,CB,76,2018
Elandon Roberts,NE,LOLB,75,2018
Michael Floyd,MIN,WR,75,2018
Derrick Coleman,ATL,FB,75,2018
Takkarist McKinley,ATL,LE,75,2018
Kareem Hunt,KC,HB,75,2018
Jace Amaro,TEN,TE,75,2018
Shaun Draughn,NYG,HB,74,2018
Eric Winston,CIN,RT,72,2018
ArDarius Stewart,NYJ,WR,74,2018
Marcus Maye,NYJ,SS,74,2018
Quincy Wilson,IND,CB,74,2018
Troy Niklas,ARI,TE,74,2018
Dustin Hopkins,WAS,K,74,2018
Randy Bullock,CIN,K,74,2018
Terrell McClain,WAS,RE,73,2018
Germain Ifedi,SEA,RT,73,2018
Cam Thomas,KC,DT,73,2018
Kevin Dodd,TEN,ROLB,73,2018
Shareece Wright,BUF,CB,75,2018
George Iloka,CIN,FS,75,2018
Clinton McDonald,TB,DT,75,2018
Noah Spence,TB,RE,75,2018
Darqueze Dennard,CIN,CB,73,2018
Ziggy Hood,WAS,DT,72,2018
Matt Barkley,SF,QB,72,2018
Rashaan Melvin,IND,CB,72,2018
Josh Reynolds,LAR,WR,72,2018
Harrison Butker,CAR,K,72,2018
Aldrick Robinson,SF,WR,72,2018
Tom Johnson,MIN,DT,71,2018
Cedric Peerman,CIN,HB,71,2018
Kyle Van Noy,NE,MLB,71,2018
Vernon Hargreaves III,TB,CB,75,2018
D'Onta Foreman,HOU,HB,71,2018
Quintin Demps,CHI,SS,80,2018
Preston Brown,BUF,MLB,74,2018
Joe Williams,SF,HB,72,2018
Will Sutton,MIN,DT,70,2018
Chris Godwin,TB,WR,75,2018
Reggie Ragland,BUF,MLB,73,2018
Luke Bowanko,JAX,C,70,2018
William Jackson III,CIN,CB,73,2018
Don Carey,DET,FS,70,2018
E.J. Manuel,OAK,QB,70,2018
Chad Hansen,NYJ,WR,70,2018
Jordan Dangerfield,PIT,FS,70,2018
Elijah McGuire,NYJ,HB,70,2018
James Hurst,BAL,RT,69,2018
Benny Cunningham Jr,CHI,HB,74,2018
Nick Bellore,DET,MLB,69,2018
Mike Purcell,LAR,DT,69,2018
Carl Bradford,BUF,ROLB,72,2018
Leonard Johnson,BUF,CB,71,2018
Josh LeRibeus,NO,LG,69,2018
Jeremy Langford,CHI,HB,74,2018
Damion Square,LAC,DT,69,2018
Akeem Hunt,HOU,HB,69,2018
Isaac Seumalo,PHI,LG,69,2018
Eddie Vanderdoes,OAK,LE,69,2018
Howard Wilson,CLE,CB,69,2018
Derek Wolfe,DEN,LE,81,2018
Joe Hawley,TB,C,74,2018
Josh Shaw,CIN,CB,72,2018
Justin Evans,TB,FS,73,2018
Pat Sims,CIN,DT,72,2018
Marquez Williams,JAX,FB,68,2018
Ryan Grant,WAS,WR,67,2018
Tavarres King,NYG,WR,67,2018
Roger Lewis Jr,NYG,WR,67,2018
Max Tuerk,LAC,C,67,2018
Ryan Delaire,CAR,RE,67,2018
Ian Silberman,OAK,RT,67,2018
Geronimo Allison,GB,WR,67,2018
Jeremy Ross,ARI,WR,67,2018
Isaiah McKenzie,DEN,WR,67,2018
Shelton Gibson,PHI,WR,67,2018
Glenn Gronkowski,NE,FB,67,2018
Ahmad Brooks,SF,LOLB,75,2018
Cole Wick,DET,TE,67,2018
Christian Hackenberg,NYJ,QB,66,2018
T.J. Ward,DEN,SS,81,2018
Fitzgerald Toussaint,PIT,HB,66,2018
Mike Jordan,LAR,CB,66,2018
Brandon Copeland,DET,LE,66,2018
Willie Henry,BAL,LE,66,2018
Harlan Miller,ARI,CB,66,2018
Matt Feiler,PIT,LT,66,2018
Devante Mays,GB,HB,66,2018
Jamal Agnew,DET,CB,66,2018
Aaron Peck,GB,TE,66,2018
Cole Toner,ARI,RG,65,2018
Edwin Jackson,IND,MLB,65,2018
John Lotulelei,DAL,ROLB,65,2018
Brian Mihalik,PIT,RT,65,2018
Brad Seaton,TEN,RT,65,2018
Malcolm Brown,LAR,HB,65,2018
Evan Smith,TB,LG,73,2018
Scott Orndoff,PIT,TE,65,2018
Aviante Collins,MIN,RT,65,2018
Zay Jones,BUF,WR,74,2018
Stephen Anderson,HOU,TE,65,2018
Tre McBride,TEN,WR,65,2018
Jordan Devey,KC,LT,64,2018
Justin Hamilton,PHI,DT,64,2018
De'Vante Bausby,KC,CB,64,2018
Jace Billingsley,DET,WR,64,2018
Roberto Aguayo,TB,K,73,2018
Rashod Hill,MIN,LT,64,2018
Johnny Holton,OAK,WR,64,2018
Julian Stanford,NYJ,MLB,63,2018
Jack Tocho,MIN,SS,63,2018
Matthew Dayes,CLE,HB,63,2018
Matt Longacre,LAR,LE,63,2018
A.J. Jefferson,LAR,LE,63,2018
Robert Leff,GB,RT,63,2018
Derrick Jones,NYJ,CB,63,2018
Jordan Lucas,MIA,CB,63,2018
D.J. Foster,NE,HB,63,2018
Tevaun Smith,IND,WR,63,2018
Nick Dzubnar,LAC,MLB,62,2018
Obum Gwacham,NO,LE,62,2018
Lawrence Thomas,NYJ,LE,62,2018
Jacquies Smith,TB,LE,72,2018
Brandon Watts,MIA,LOLB,62,2018
Lou Young,WAS,CB,62,2018
Joel Stave,KC,QB,62,2018
Ukeme Eligwe,KC,MLB,62,2018
Donovan Smith,TB,LT,72,2018
Justin Murray,DEN,RT,62,2018
Shaneil Jenkins,SEA,RE,62,2018
Ryan Malleck,BAL,TE,62,2018
Max McCaffrey,GB,WR,62,2018
Paul McRoberts,LAR,WR,62,2018
K.J. Brent,OAK,WR,62,2018
Leon McQuay III,KC,SS,61,2018
Nathan Gerry,PHI,ROLB,61,2018
Garrison Smith,SEA,LE,61,2018
Jake Eldrenkamp,LAR,C,61,2018
Branden Jackson,OAK,RE,61,2018
C.J. Smith III,PHI,CB,61,2018
Eric Wilson,MIN,LOLB,61,2018
Antonio Hamilton,OAK,CB,61,2018
Aarion Penton,LAR,CB,61,2018
Adam Pankey,GB,LG,61,2018
Francis Kallon,PIT,RE,61,2018
Jamaal Jones,LAC,WR,61,2018
Jake Lampman,NO,WR,61,2018
Marcus Tucker,PIT,WR,61,2018
Houston Bates,WAS,LOLB,60,2018
Garry Gilliam,SF,RT,71,2018
Xavier Williams,ARI,DT,60,2018
Doug Middleton,NYJ,SS,60,2018
Adrian Amos,CHI,FS,80,2018
Tyler Bray,KC,QB,60,2018
Jude Adjei-Barimah,TB,CB,72,2018
P.J. Dawson,CIN,ROLB,71,2018
Alex McCalister,PHI,LE,60,2018
JoJo Natson,IND,WR,59,2018
Malik Smith,HOU,SS,59,2018
James Cowser,OAK,ROLB,59,2018
Justin Staples,TEN,LOLB,58,2018
Gabe Martin,ARI,MLB,58,2018
Earl Okine,KC,LE,57,2018
Don Cherry,PHI,MLB,57,2018
Kyle Carter,MIN,TE,57,2018
Jameill Showers,DAL,SS,55,2018
Thomas Hennessy,IND,TE,43,2018
Delanie Walker,TEN,TE,93,2018
Odell Beckham Jr,NYG,WR,93,2018
Justin Houston,KC,LOLB,93,2018
Kelechi Osemele,OAK,LG,92,2018
Julian Edelman,NE,WR,89,2018
Martellus Bennett,GB,TE,89,2018
Melvin Ingram,LAC,RE,89,2018
Xavier Rhodes,MIN,CB,88,2018
Jason Peters,PHI,LT,87,2018
Terrell Suggs,BAL,ROLB,86,2018
Everson Griffen,MIN,RE,86,2018
Eric Wood,BUF,C,73,2018
Ron Parker,KC,FS,85,2018
Kirk Cousins,WAS,QB,85,2018
Aldon Smith,OAK,ROLB,85,2018
Josh Robinson,TB,CB,72,2018
Matt Forte,NYJ,HB,84,2018
Dan Bailey,DAL,K,84,2018
Carson Palmer,ARI,QB,83,2018
Chris Hogan,NE,WR,83,2018
Thomas Rawls,SEA,HB,83,2018
Ronald Leary,DEN,RG,83,2018
Aaron Ripkowski,GB,FB,83,2018
Tyreek Hill,KC,WR,83,2018
Anthony Fasano,MIA,TE,83,2018
Sharrif Floyd,MIN,DT,83,2018
Myles Garrett,CLE,RE,83,2018
Lardarius Webb,BAL,FS,82,2018
Clay Matthews,GB,ROLB,82,2018
Koa Misi,MIA,LOLB,82,2018
Eddie Lacy,SEA,HB,82,2018
Glover Quin,DET,FS,82,2018
Ryan Kalil,CAR,C,81,2018
Alejandro Villanueva,PIT,LT,81,2018
Bilal Powell,NYJ,HB,81,2018
Shane Ray,DEN,ROLB,79,2018
Allen Barbre,PHI,LG,81,2018
Alex Smith,KC,QB,81,2018
James White,NE,HB,81,2018
Virgil Green,DEN,TE,81,2018
Christian McCaffrey,CAR,HB,81,2018
Charles Leno Jr,CHI,LT,73,2018
Duke Johnson Jr,CLE,HB,80,2018
Adolphus Washington,BUF,DT,71,2018
David Irving,DAL,LE,79,2018
Kurt Coleman,CAR,SS,78,2018
Richard Rodgers,GB,TE,78,2018
Brice McCain,TEN,CB,78,2018
Andrew Adams,NYG,FS,78,2018
David Njoku,CLE,TE,78,2018
Jordan Berry,PIT,P,78,2018
Jermey Parnell,JAX,RT,77,2018
Mike Gillislee,NE,HB,77,2018
Jalen Richard,OAK,HB,77,2018
Willie Young,CHI,ROLB,79,2018
Jon Ryan,SEA,P,77,2018
Will Clarke,CIN,RE,70,2018
Eli Rogers,PIT,WR,76,2018
Arik Armstead,SF,RE,75,2018
Leonard Floyd,CHI,LOLB,77,2018
Devin Funchess,CAR,WR,76,2018
Robert Nkemdiche,ARI,LE,76,2018
Ryan Groy,BUF,LG,72,2018
Stephen Gostkowski,NE,K,76,2018
Malcolm Smith,SF,ROLB,75,2018
Star Lotulelei,CAR,DT,75,2018
Will Tye,NYG,TE,75,2018
Clive Walford,OAK,TE,75,2018
Trae Waynes,MIN,CB,75,2018
Sammie Coates,PIT,WR,75,2018
George Johnson,TB,LE,71,2018
Josh Huff,TB,WR,71,2018
Evan Engram,NYG,TE,75,2018
Derek Barnett,PHI,RE,75,2018
Bobby Massie,CHI,RT,73,2018
Gerald Everett,LAR,TE,75,2018
Kendall Langford,IND,LE,74,2018
Corey Peters,ARI,DT,74,2018
Max Garcia,DEN,LG,74,2018
Letroy Guion,GB,DT,74,2018
Arthur Moats,PIT,LOLB,74,2018
Vonn Bell,NO,FS,74,2018
Orleans Darkwa,NYG,HB,74,2018
Brice Butler,DAL,WR,74,2018
Andrew Hawkins,NE,WR,74,2018
Zach Zenner,DET,HB,74,2018
Jaye Howard,CHI,RE,76,2018
Benson Mayowa,DAL,RE,74,2018
Al Woods,IND,DT,74,2018
Kevin White,CHI,WR,72,2018
Josh Jones,GB,FS,74,2018
Kenny Golladay,DET,WR,74,2018
Adoree' Jackson,TEN,CB,74,2018
Riley Dixon,DEN,P,74,2018
Vladimir Ducasse,BUF,RG,72,2018
Tony McDaniel,NO,DT,73,2018
Cody Riggs,TB,CB,71,2018
Kyle Wilber,DAL,LOLB,73,2018
Damien Wilson,DAL,LOLB,73,2018
Harry Douglas,TEN,WR,73,2018
Matt Tobin,PHI,RG,73,2018
Laquon Treadwell,MIN,WR,73,2018
Wallace Gilberry,CIN,RE,70,2018
Chris Clark,HOU,RT,72,2018
Jeff Cumberland,LAC,TE,72,2018
Frostee Rucker,ARI,RE,72,2018
Taiwan Jones,OAK,HB,72,2018
Jordan Mills,BUF,RT,72,2018
K'Waun Williams,SF,CB,74,2018
Brandon Coleman,NO,WR,72,2018
Tyeler Davison,NO,DT,72,2018
Wes Horton,CAR,RE,72,2018
Emmanuel Lamur,MIN,ROLB,72,2018
Bradley Roby,DEN,CB,77,2018
Chad Williams,ARI,WR,72,2018
Jordan Leggett,NYJ,TE,72,2018
Daniel Kilgore,SF,C,71,2018
Shawn Lauvao,WAS,LG,71,2018
Stefan Charles,JAX,DT,71,2018
Bryce Callahan,CHI,CB,76,2018
Dwayne Harris,NYG,WR,71,2018
Za'Darius Smith,BAL,ROLB,71,2018
Dalvin Tomlinson,NYG,DT,71,2018
Corbin Bryant,NYG,DT,71,2018
James Conner,PIT,HB,71,2018
Ryan Davis,BUF,RE,71,2018
Phillip Gaines,KC,CB,71,2018
Jeremy McNichols,TB,HB,71,2018
Tyus Bowser,BAL,LOLB,71,2018
Ray-Ray Armstrong,SF,LOLB,73,2018
Tim Williams,BAL,ROLB,71,2018
Duke Riley,ATL,ROLB,71,2018
Ed Dickson,CAR,TE,70,2018
Justin Ellis,OAK,DT,70,2018
Anthony Levine Sr,BAL,SS,70,2018
Lucky Whitehead,DAL,WR,70,2018
Neville Hewitt,MIA,ROLB,70,2018
Jordan Poyer,BUF,FS,70,2018
Marcus Sherels,MIN,CB,70,2018
Jalen Mills,PHI,CB,70,2018
Romeo Okwara,NYG,LE,70,2018
Bruce Ellington,SF,WR,71,2018
Caleb Brantley,CLE,DT,70,2018
Tyler Higbee,LAR,TE,70,2018
Daniel McCullers,PIT,DT,69,2018
Tommy Bohanon,JAX,FB,69,2018
Brent Qvale,NYJ,RT,69,2018
Parker Ehinger,KC,LG,69,2018
Tyler Patmon,JAX,CB,69,2018
Jake Fisher,CIN,LT,70,2018
Leonte Carroo,MIA,WR,69,2018
Tanoh Kpassagnon,KC,LE,69,2018
Cameron Sutton,PIT,CB,69,2018
Darian Thompson,NYG,FS,69,2018
Cyrus Jones,NE,CB,69,2018
Kenjon Barner,LAC,HB,69,2018
LaAdrian Waddle,NE,LT,68,2018
Tenny Palepoi,LAC,RE,68,2018
Tyler Kroft,CIN,TE,69,2018
Montae Nicholson,WAS,SS,68,2018
Jehu Chesson,KC,WR,68,2018
T.J. Green,IND,FS,68,2018
Rodney Adams,MIN,WR,68,2018
Seth DeValve,CLE,TE,68,2018
De'Angelo Henderson,DEN,HB,68,2018
Colt McCoy,WAS,QB,67,2018
Mark Sanchez,CHI,QB,67,2018
Kellen Moore,DAL,QB,67,2018
Ego Ferguson,DET,RE,67,2018
D.J. Reader,HOU,DT,67,2018
Chester Rogers,IND,WR,67,2018
Tanner McEvoy,SEA,WR,67,2018
LaRoy Reynolds,ATL,MLB,67,2018
Justin McCray,GB,RG,67,2018
Conor McDermott,NE,RT,67,2018
James Stone,TB,C,71,2018
Miles Killebrew,DET,SS,67,2018
Rudy Ford,ARI,SS,67,2018
Zack Sanchez,CAR,CB,67,2018
Colin Jeter,IND,TE,67,2018
De'Ondre Wesley,BAL,RT,67,2018
Najee Goode,PHI,LOLB,66,2018
Seantrel Henderson,BUF,RT,71,2018
Chris Banjo,NO,SS,66,2018
Rod Streater,BUF,WR,71,2018
Keshawn Martin,DET,WR,66,2018
Mack Brown,WAS,HB,66,2018
DeAngelo Brown,TEN,DT,66,2018
Zach Sterup,CLE,LT,66,2018
Avery Moss,NYG,RE,66,2018
Travis Rudolph,NYG,WR,66,2018
Nick Kwiatkoski,CHI,MLB,75,2018
Denico Autry,OAK,RE,65,2018
Sam Acho,CHI,ROLB,74,2018
Rodney Gunter,ARI,RE,65,2018
Colin Jones,CAR,FS,65,2018
Marquez White,DAL,CB,65,2018
K.J. Dillon,HOU,SS,65,2018
Larry Webster III,CAR,LE,65,2018
Woodrow Hamilton,NE,DT,65,2018
Elijah Hood,OAK,HB,65,2018
Ifeadi Odenigbo,MIN,RE,65,2018
Tarik Cohen,CHI,HB,72,2018
Emmett Cleary,DAL,LT,65,2018
De'Veon Smith,MIA,HB,65,2018
Dan Skuta,CHI,LOLB,74,2018
Blake Countess,LAR,CB,65,2018
Joe Webb,CAR,QB,64,2018
Josh Harvey-Clemons,WAS,MLB,64,2018
Pharoh Cooper,LAR,WR,64,2018
Joey Ivie IV,DAL,DT,64,2018
Bradley Marquez,LAR,WR,64,2018
Trevor Davis,GB,WR,64,2018
Maurice Canady,BAL,CB,64,2018
Adairius Barnes,DET,CB,64,2018
Justin Davis,LAR,HB,64,2018
Todd Davis,DEN,MLB,76,2018
Pat O'Connor,DET,LE,64,2018
Aaron Wallace,TEN,LOLB,64,2018
Stephen Weatherly,MIN,RE,64,2018
Terrence Magee,CLE,HB,64,2018
Jeremy Vujnovich,IND,RT,64,2018
J.D. McKissic,SEA,HB,63,2018
Patrick Lewis,BUF,C,70,2018
Tanzel Smart,LAR,DT,63,2018
Maurice Harris,WAS,WR,63,2018
Deiontrez Mount,IND,LOLB,63,2018
Marcus Rush,KC,ROLB,63,2018
Sam McCaskill,MIN,LE,63,2018
Brandon Tate,BUF,WR,69,2018
Chris Pantale,MIA,TE,63,2018
Richard Ash,DAL,DT,63,2018
Brandon King,NE,FS,62,2018
Martrell Spaight,WAS,MLB,62,2018
Daren Bates,TEN,MLB,62,2018
Marqui Christian,LAR,CB,62,2018
Devin Fuller,ATL,WR,62,2018
Tyreek Burwell,LAC,LT,62,2018
Chris Conte,TB,SS,71,2018
Tyrell Adams,OAK,LOLB,62,2018
Darius Kilgo,NE,DT,62,2018
Taquan Mizzell,BAL,HB,62,2018
LaTroy Lewis,OAK,LOLB,62,2018
Lafayette Pitts,MIA,CB,62,2018
Keon Hatcher,OAK,WR,62,2018
Quincy Adeboyejo,BAL,WR,62,2018
Tashawn Bower,MIN,LE,62,2018
Dee Virgin,HOU,CB,62,2018
Seantavius Jones,KC,WR,61,2018
Sealver Siliga,TB,DT,70,2018
Josh Ferguson,IND,HB,61,2018
Sharrod Neasman,ATL,SS,61,2018
R.J. Shelton,MIN,WR,61,2018
Alex Tanney,TEN,QB,61,2018
Arthur Maulet,NO,CB,61,2018
Anthony Lanier II,WAS,LE,61,2018
Denzel Johnson,TEN,SS,61,2018
C.J. Uzomah,CIN,TE,69,2018
Charles James II,BUF,CB,70,2018
KeiVarae Russell,CIN,CB,69,2018
Johnny Maxey,PIT,DT,61,2018
Dalton Crossan,IND,HB,61,2018
Robertson Daniel,BAL,CB,61,2018
Darius Hillary,CLE,CB,61,2018
Mike Bercovici,LAC,QB,61,2018
Lavon Hooks,PIT,LE,60,2018
A.J. Hendy,MIA,SS,60,2018
Isaiah Johnson,LAR,SS,60,2018
Cornelius Edison,ATL,C,60,2018
Joe Banyard,BUF,HB,69,2018
Najee Harris,OAK,MLB,60,2018
Tyvis Powell,IND,SS,60,2018
Ishmael Zamora,OAK,WR,60,2018
Bene Benwikere,CIN,CB,69,2018
Kevin Pamphile,TB,LG,70,2018
Damarius Travis,NE,SS,59,2018
Chase Farris,NE,RG,59,2018
Avery Young,MIA,LT,59,2018
Alek Torgersen,ATL,QB,58,2018
Taylor Reynolds,ATL,CB,58,2018
Kenneth Farrow,LAC,HB,57,2018
Mason Schreck,CIN,TE,68,2018
Edmond Robinson,MIN,LOLB,56,2018
L.P. LaDouceur,DAL,TE,48,2018
Mike Windt,LAC,TE,47,2018
Jake McQuaide,LAR,TE,44,2018
Julio Jones,ATL,WR,98,2018
David Bakhtiari,GB,LT,91,2018
Donald Penn,OAK,LT,89,2018
Janoris Jenkins,NYG,CB,89,2018
Keith Towbridge,BUF,TE,68,2018
Kendell Beckwith,TB,MLB,69,2018
Taylor Lewan,TEN,LT,88,2018
Demaryius Thomas,DEN,WR,87,2018
Allen Robinson,JAX,WR,87,2018
Golden Tate III,DET,WR,87,2018
Domata Peko,DEN,DT,74,2018
Terence Newman,MIN,CB,85,2018
Max Unger,NO,C,84,2018
Michael Ola,BUF,RG,67,2018
Marvin Jones Jr,DET,WR,84,2018
Maurice Alexander,LAR,SS,84,2018
Terrelle Pryor Sr,WAS,WR,83,2018
Justin Simmons,DEN,FS,72,2018
Rishard Matthews,TEN,WR,82,2018
Theo Riddick,DET,HB,82,2018
Tyrod Taylor,BUF,QB,82,2018
Hunter Henry,LAC,TE,82,2018
Cameron Heyward,PIT,LE,81,2018
Sheldon Richardson,NYJ,ROLB,81,2018
Jared Crick,DEN,RE,71,2018
Clayton Geathers,IND,SS,81,2018
James Bradberry,CAR,CB,81,2018
Nevin Lawson,DET,CB,80,2018
Marcus Cooper,CHI,CB,73,2018
Jatavis Brown,LAC,LOLB,80,2018
Kevin Johnson,HOU,CB,80,2018
John Kuhn,NO,FB,80,2018
Jack Doyle,IND,TE,79,2018
Jabaal Sheard,IND,LOLB,79,2018
Zach Kerr,DEN,LE,71,2018
Bradley McDougald,SEA,FS,78,2018
Andre Branch,MIA,LE,78,2018
Ryan Ramczyk,NO,RT,78,2018
Yannick Ngakoue,JAX,LE,77,2018
Jahri Evans,GB,RG,76,2018
Karlos Dansby,ARI,MLB,76,2018
Buster Skrine,NYJ,CB,76,2018
Tajae Sharpe,TEN,WR,76,2018
Damien Williams,MIA,HB,76,2018
Deshaun Watson,HOU,QB,76,2018
Chidobe Awuzie,DAL,CB,76,2018
Jason Croom,BUF,TE,66,2018
Bashaud Breeland,WAS,CB,75,2018
Duke Ihenacho,NYG,SS,75,2018
Kemal Ishmael,ATL,SS,75,2018
Antoine Bethea,ARI,SS,75,2018
Sio Moore,HOU,MLB,75,2018
Cody Kessler,CLE,QB,75,2018
Bud Dupree,PIT,LOLB,75,2018
Ethan Pocic,SEA,RT,75,2018
Marlon Humphrey,BAL,CB,75,2018
Josh Hill,NO,TE,74,2018
Daryl Worley,CAR,CB,74,2018
Darrel Young,CAR,FB,74,2018
Jaron Brown,ARI,WR,74,2018
Budda Baker,ARI,FS,74,2018
Cooper Kupp,LAR,WR,74,2018
Jonnu Smith,TEN,TE,74,2018
Mike Remmers,MIN,RT,73,2018
Earl Mitchell,SF,DT,72,2018
Javon Hargrave,PIT,DT,73,2018
Justin Coleman,NE,CB,73,2018
Mackensie Alexander,MIN,CB,73,2018
Ryan Anderson,WAS,LOLB,73,2018
Wayne Gallman,NYG,HB,73,2018
Charles Harris,MIA,RE,73,2018
Ryan Fitzpatrick,TB,QB,69,2018
Walter Powell,BUF,WR,66,2018
Cody Core,CIN,WR,68,2018
Darryl Tapp,NO,RE,72,2018
Stephone Anthony,NO,LOLB,72,2018
Robert McClain,TB,CB,69,2018
Marcus Smith II,PHI,RE,72,2018
Javorius Allen,BAL,HB,72,2018
Marlon Mack,IND,HB,72,2018
David Onyemata,NO,DT,72,2018
Briean Boddy-Calhoun,CLE,CB,71,2018
Kamalei Correa,BAL,MLB,71,2018
Carl Nassib,CLE,RE,71,2018
Quinton Dunbar,WAS,CB,71,2018
Luke Stocker,TB,TE,68,2018
Jeremy Sprinkle,WAS,TE,71,2018
Tim Barnes,SF,C,71,2018
Alex Lewis,BAL,LG,70,2018
Daryl Williams,CAR,RT,70,2018
Corey Moore,HOU,FS,70,2018
Joey Hunt,SEA,C,70,2018
Austin Johnson,TEN,DT,70,2018
Wendell Smallwood,PHI,HB,70,2018
Corey Robinson,DET,LT,70,2018
Sean Harlow,ATL,LG,70,2018
Graham Glasgow,DET,LG,69,2018
Javien Elliott,TB,CB,68,2018
Mack Hollins,PHI,WR,69,2018
Jared Abbrederis,DET,WR,69,2018
DeMarcus Walker,DEN,LE,70,2018
Willie Beavers,MIN,RG,69,2018
Sheldon Day,JAX,DT,69,2018
Christian Jones,CHI,LOLB,73,2018
Elijah Qualls,PHI,DT,69,2018
T.J. Logan,ARI,HB,69,2018
Charles Tapper,DAL,LE,69,2018
Brandon Weeden,HOU,QB,68,2018
Terron Ward,ATL,HB,68,2018
Josh Malone,CIN,WR,68,2018
Chris Matthews,BAL,WR,68,2018
LeShaun Sims,TEN,CB,68,2018
Evan Boehm,ARI,LG,68,2018
Don Barclay,GB,RG,67,2018
Josh Evans,WAS,SS,67,2018
Michael Bowie,NYG,LT,67,2018
Dadi Nicolas,KC,LOLB,67,2018
Deshazor Everett,WAS,FS,67,2018
Dashaun Phillips,WAS,CB,67,2018
Lonnie Ballentine,HOU,FS,67,2018
Corey Levin,TEN,RG,67,2018
Rico Gathers,DAL,TE,67,2018
Isaiah Ford,MIA,WR,67,2018
Blake Jarwin,DAL,TE,67,2018
Nate Palmer,TEN,MLB,66,2018
Cory James,OAK,MLB,66,2018
Harold Jones-Quartey,CHI,SS,72,2018
Troy Hill,LAR,CB,66,2018
Ricardo Louis,CLE,WR,66,2018
Cethan Carter,CIN,TE,67,2018
Jerald Hawkins,PIT,LG,66,2018
Darrell Williams,LAR,RT,66,2018
Kenny Lawler,SEA,WR,66,2018
Darius Philon,LAC,LE,66,2018
Sam Tevi,LAC,RT,66,2018
Matt LaCosse,NYG,TE,66,2018
Trevor Williams,LAC,CB,66,2018
Malachi Dupre,GB,WR,66,2018
Eddie Jackson,CHI,SS,71,2018
Joel Heath,HOU,LE,65,2018
Jeff Driskel,CIN,QB,65,2018
Chris Moore,BAL,WR,65,2018
Davon Godchaux,MIA,DT,65,2018
B.J. Goodson,NYG,MLB,65,2018
Demarcus Robinson,KC,WR,65,2018
Fahn Cooper,IND,LT,64,2018
Kaleb Eulls,LAC,DT,64,2018
Justin Senior,SEA,LT,64,2018
T.J. Johnson,CIN,C,67,2018
Wes Schweitzer,ATL,RG,64,2018
Josh Carraway,TEN,ROLB,64,2018
Andy Jones,DAL,WR,64,2018
Casey Sayles,LAR,DT,64,2018
Dayon Pratt,HOU,LOLB,64,2018
Mike Hull,MIA,MLB,63,2018
Shalom Luani,OAK,SS,63,2018
Rod Smith,DAL,HB,63,2018
Erik Harris,NO,SS,63,2018
Jake Rudock,DET,QB,63,2018
Devin Lucien,NE,WR,63,2018
Jonathan Woodard,JAX,RE,63,2018
Alan Cross,TB,FB,68,2018
Zac Kerin,MIN,LG,62,2018
Joe Callahan,GB,QB,62,2018
Avery Gennesy,JAX,RG,62,2018
Josh Keyes,ATL,ROLB,62,2018
Denzel Rice,HOU,CB,62,2018
Steve Longa,DET,ROLB,62,2018
Alex Balducci,NYJ,RG,62,2018
Herb Waters,GB,CB,62,2018
Temarrick Hemingway,LAR,TE,62,2018
Spencer Pulley,LAC,RG,62,2018
Kyle Friend,PIT,C,62,2018
Jaquiski Tartt,SF,SS,72,2018
Sean Mannion,LAR,QB,61,2018
Austin Johnson,TB,FB,68,2018
Ufomba Kamalu,HOU,LE,61,2018
Al-Hajj Shabazz,BAL,CB,61,2018
Trey Caldwell,CLE,FS,61,2018
Keith Reaser,SF,CB,71,2018
Jordan Williams,NYG,DT,60,2018
Patrick Onwuasor,BAL,MLB,60,2018
James Burgess,CLE,LOLB,60,2018
Jermaine Whitehead,GB,FS,59,2018
Jeremy Boykins,TEN,CB,59,2018
Donald Payne,BAL,LOLB,59,2018
Jack Allen,NO,C,59,2018
Lorenzo Doss,DEN,CB,70,2018
Jimmy Staten IV,TEN,RE,58,2018
Luke Rhodes,IND,MLB,58,2018
Taylor Heinicke,MIN,QB,58,2018
Jonathan Krause,TEN,WR,58,2018
Will Parks,DEN,SS,69,2018
Zak DeOssie,NYG,TE,55,2018
Jon Dorenbos,PHI,TE,44,2018
Derek Hart,GB,TE,44,2018
Nolan Frese,SEA,TE,39,2018
Trent Williams,WAS,LT,95,2018
David Johnson,ARI,HB,94,2018
Malcolm Butler,NE,CB,92,2018
Damon Harrison,NYG,DT,89,2018
Andrew Whitworth,LAR,LT,89,2018
Dont'a Hightower,NE,MLB,89,2018
Olivier Vernon,NYG,RE,88,2018
Jarvis Landry,MIA,WR,88,2018
Joey Bosa,LAC,LE,88,2018
Justin Pugh,NYG,LG,86,2018
Ka'Deem Carey,CHI,HB,72,2018
James Harrison,PIT,ROLB,86,2018
Danielle Hunter,MIN,LE,86,2018
Garrett Celek,SF,TE,70,2018
Zach Brown,WAS,MLB,85,2018
Stevie Tu'Ikolovatu,TB,DT,67,2018
Kelvin Benjamin,CAR,WR,85,2018
Marquette King,OAK,P,85,2018
Michael Thomas,NO,WR,84,2018
Chris Jones,KC,RE,84,2018
Jerel Worthy,BUF,DT,70,2018
Byron Jones,DAL,FS,84,2018
Adam Vinatieri,IND,K,84,2018
Julius Peppers,CAR,RE,83,2018
Mario Addison,CAR,RE,83,2018
Joe Berger,MIN,RG,83,2018
Vic Beasley Jr,ATL,LOLB,83,2018
Malik Jackson,JAX,DT,83,2018
Keanu Neal,ATL,SS,83,2018
Danny Shelton,CLE,DT,82,2018
Markus Golden,ARI,LOLB,82,2018
Telvin Smith,JAX,ROLB,82,2018
Brent Celek,PHI,TE,82,2018
Brandon Fusco,SF,LG,70,2018
Mike Adams,CAR,FS,81,2018
Adam Thielen,MIN,WR,81,2018
Willie Snead IV,NO,WR,81,2018
Dwight Lowery,LAC,FS,81,2018
Eric Ebron,DET,TE,81,2018
Billy Winn,DEN,LE,68,2018
Tim Jernigan,PHI,DT,81,2018
Trent Murphy,WAS,ROLB,81,2018
Cre'Von LeBlanc,CHI,CB,71,2018
Mike Mitchell,PIT,FS,81,2018
Vernon Davis,WAS,TE,80,2018
Josh Kline,TEN,RG,80,2018
Sterling Shepard,NYG,WR,80,2018
Mitch Unrein,CHI,RE,71,2018
Roosevelt Nix,PIT,FB,80,2018
Sebastian Janikowski,OAK,K,80,2018
Ted Ginn Jr,NO,WR,79,2018
Ryan Kelly,IND,C,79,2018
Alex Boone,MIN,LG,79,2018
Derrick Henry,TEN,HB,79,2018
DeShawn Shead,SEA,CB,79,2018
B.W. Webb,CHI,CB,71,2018
Vinny Curry,PHI,RE,79,2018
La'el Collins,DAL,RT,79,2018
Branden Oliver,LAC,HB,79,2018
DaQuan Jones,TEN,LE,78,2018
Kareem Jackson,HOU,CB,78,2018
Greg Mancz,HOU,C,78,2018
Josh Gordon,CLE,WR,78,2018
Barkevious Mingo,IND,ROLB,78,2018
Sheldon Rankins,NO,DT,78,2018
Ramon Humber,BUF,LOLB,69,2018
Rob Havenstein,LAR,RT,77,2018
Mike Tolbert,BUF,FB,77,2018
Trent Taylor,SF,WR,70,2018
Mike Iupati,ARI,LG,77,2018
Keith Smith,DAL,FB,77,2018
Ahkello Witherspoon,SF,CB,71,2018
Damarious Randall,GB,CB,77,2018
Austin Hooper,ATL,TE,77,2018
Eli Apple,NYG,CB,77,2018
Mason Crosby,GB,K,77,2018
Jason Kelce,PHI,C,76,2018
Tony Lippett,MIA,CB,76,2018
Jeremy Lane,SEA,CB,76,2018
Will Davis,SF,CB,70,2018
Chris Conley,KC,WR,76,2018
Kevin Byard,TEN,FS,76,2018
Robbie Gould,SF,K,76,2018
Graham Gano,CAR,K,76,2018
Steven Hauschka,BUF,K,76,2018
Lane Taylor,GB,LG,75,2018
Steve McLendon,NYJ,DT,75,2018
Vernon Butler,CAR,DT,75,2018
Derrick Shelby,ATL,DT,75,2018
C.J. Wilson,CHI,DT,71,2018
Marcus Williams,NO,FS,75,2018
Andrew Franks,MIA,K,75,2018
Jarvis Harrison,TB,RG,66,2018
Ahtyba Rubin,SEA,DT,74,2018
Cedric Thornton,DAL,DT,74,2018
Andrus Peat,NO,LG,74,2018
Darren Fells,DET,TE,74,2018
E.J. Gaines,LAR,CB,74,2018
DeAndre Washington,OAK,HB,74,2018
Amara Darboh,SEA,WR,74,2018
Emmanuel Ogbah,CLE,LE,74,2018
Xavien Howard,MIA,CB,74,2018
P.J. Williams,NO,CB,74,2018
Seth Roberts,OAK,WR,73,2018
Spencer Paysinger,NYJ,MLB,73,2018
Tom Compton,CHI,RG,72,2018
Devontae Booker,DEN,HB,73,2018
MyCole Pruitt,CHI,TE,71,2018
T.Y. McGill,IND,DT,73,2018
Jared Goff,LAR,QB,73,2018
De'Vondre Campbell,ATL,ROLB,73,2018
Sean Davis,PIT,SS,73,2018
Curtis Samuel,CAR,WR,73,2018
Haason Reddick,ARI,MLB,73,2018
JuJu Smith-Schuster,PIT,WR,73,2018
Charles Johnson,CAR,WR,73,2018
Teez Tabor,DET,CB,73,2018
Logan Paulsen,SF,TE,70,2018
Austin Howard,OAK,RT,72,2018
Joe Barksdale,LAC,RT,72,2018
Darron Lee,NYJ,MLB,72,2018
Blaine Gabbert,ARI,QB,72,2018
Maliek Collins,DAL,DT,72,2018
Ethan Westbrooks,LAR,LE,72,2018
Tom Savage,HOU,QB,72,2018
Nathan Peterman,BUF,QB,72,2018
Rueben Randle,CHI,WR,71,2018
Raekwon McMillan,MIA,ROLB,72,2018
Jacoby Brissett,NE,QB,72,2018
Chris Wormley,BAL,LE,72,2018
Derek Rivers,NE,ROLB,72,2018
Zane Beadles,SF,LG,70,2018
Matt Moore,MIA,QB,71,2018
Joe Thomas,GB,MLB,71,2018
Byron Bell,DAL,RT,71,2018
Phillip Supernaw,TEN,TE,71,2018
Dakota Dozier,NYJ,RG,71,2018
Chris Prosinski,CHI,FS,70,2018
Nelson Agholor,PHI,WR,71,2018
Colt Anderson,BUF,FS,69,2018
Ken Crawley,NO,CB,71,2018
Rashad Ross,BUF,WR,66,2018
Nico Siragusa,BAL,LG,71,2018
Michael Roberts,DET,TE,71,2018
Michael Wilhoite,SEA,MLB,70,2018
Ryan Glasgow,CIN,DT,68,2018
Ty Sambrailo,DEN,RT,70,2018
Corey Fuller,NO,WR,70,2018
Chris Maragos,PHI,FS,70,2018
Chase Daniel,NO,QB,70,2018
Demetrius Harris,KC,TE,70,2018
Steven Terrell,KC,FS,70,2018
Gabe Wright,PHI,DT,70,2018
Leon McFadden,DAL,CB,70,2018
Josh Wells,JAX,RT,70,2018
Rod Johnson,CLE,LT,70,2018
Danny Vitale,CLE,FB,70,2018
Tyler Renew,ATL,FB,70,2018
Jordan Gay,TEN,K,70,2018
Matthew Slater,NE,WR,69,2018
Joshua Garnett,SF,RG,69,2018
Derek Anderson,CAR,QB,69,2018
Brenton Bersin,CAR,WR,69,2018
Mike Person,KC,LG,69,2018
Nate Orchard,CLE,LE,69,2018
Caleb Benenoch,TB,RG,66,2018
David Sharpe,OAK,LT,69,2018
Xavier Grimble,PIT,TE,69,2018
David Yankey,CAR,LG,69,2018
Robert Nelson Jr,HOU,CB,69,2018
Bronson Kaufusi,BAL,RE,69,2018
Juston Burris,NYJ,CB,69,2018
Larry Ogunjobi,CLE,DT,69,2018
Cooper Helfet,OAK,TE,69,2018
Corn Elder,CAR,CB,69,2018
Brett Hundley,GB,QB,69,2018
Michael Thomas,MIA,FS,68,2018
Tony Bergstrom,ARI,C,68,2018
Kurtis Drummond,HOU,FS,68,2018
Brandon Dunn,HOU,RE,68,2018
Josh Martin,NYJ,ROLB,68,2018
Will Holden,ARI,LT,68,2018
Rasul Douglas,PHI,CB,68,2018
Joshua Perry,LAC,ROLB,68,2018
Damontae Kazee,ATL,CB,68,2018
Cameron Artis-Payne,CAR,HB,68,2018
Chad Henne,JAX,QB,67,2018
Sean McGrath,LAC,TE,67,2018
Kapri Bibbs,SF,HB,68,2018
Vadal Alexander,OAK,RG,67,2018
Andrew Billings,CIN,DT,68,2018
Isaiah Battle,KC,RT,67,2018
D'Joun Smith,TEN,CB,67,2018
Ryan O'Malley,OAK,TE,67,2018
Jonathan Bullard,CHI,RE,69,2018
Scott Tolzien,IND,QB,66,2018
Cardale Jones,BUF,QB,66,2018
Le'Raven Clark,IND,LT,66,2018
Derrick Kindred,CLE,SS,66,2018
Connor McGovern,DEN,LG,66,2018
Landry Jones,PIT,QB,66,2018
Deji Olatoye,ATL,CB,66,2018
Brendan Langley,DEN,CB,68,2018
Kyle Murphy,GB,RT,66,2018
Neal Sterling,JAX,TE,66,2018
Jylan Ware,OAK,RT,66,2018
Joe Dahl,DET,RG,66,2018
D.J. Tialavea,ATL,TE,66,2018
Giorgio Tavecchio,OAK,K,66,2018
Shamar Stephen,MIN,DT,65,2018
Corey Lemonier,NYJ,LOLB,65,2018
Ryan Russell,TB,RE,65,2018
Khyri Thornton,DET,DT,65,2018
Rashard Higgins,CLE,WR,65,2018
Cody Davis,LAR,FS,65,2018
Randall Evans,LAC,CB,65,2018
Treyvon Hester,OAK,DT,65,2018
Brian Parker,NYJ,TE,65,2018
Troymaine Pope,IND,HB,65,2018
Brian Allen,PIT,CB,65,2018
Beau Sandland,GB,TE,65,2018
Dallas Thomas,PHI,RG,64,2018
Trevor Robinson,ATL,C,64,2018
Devin Street,NYJ,WR,64,2018
Marcus Cromartie,SEA,FS,64,2018
Mike Liedtke,TB,LG,65,2018
Jayon Brown,TEN,MLB,64,2018
Sebastian Tretola,TEN,LG,64,2018
Nate Hairston,IND,CB,64,2018
Kalan Reed,TEN,CB,64,2018
Josh Boyce,CLE,WR,64,2018
Nate Sudfeld,WAS,QB,64,2018
Jarrod Pughsley,BAL,RG,64,2018
Jon Feliciano,OAK,C,63,2018
Julian Howsare,NYJ,FB,63,2018
Angelo Blackson,TEN,LE,63,2018
Tracy Howard,JAX,CB,63,2018
Alani Fua,ARI,LOLB,63,2018
Mike Thomas,LAR,WR,63,2018
D.J. White,KC,CB,63,2018
Joe Kerridge,GB,FB,63,2018
James Ferentz,NE,C,63,2018
Jordan Tripp,GB,MLB,62,2018
Deontae Skinner,NYG,ROLB,62,2018
Peyton Thompson,JAX,FS,62,2018
Adarius Glanton,TB,ROLB,65,2018
Josh Walker,HOU,RG,62,2018
Brandon Thompson,CIN,DT,67,2018
Ronald Patrick,WAS,C,62,2018
Sae Tautu,NO,LOLB,62,2018
Thomas Duarte,MIA,TE,62,2018
J.J. Dielman,CIN,C,66,2018
Brian Peters,HOU,MLB,61,2018
Matthias Farley,IND,SS,61,2018
Darius Jennings,TEN,WR,61,2018
Derek Watt,LAC,FB,61,2018
DaVonte Lambert,TB,DT,64,2018
Victor Ochi,TEN,LOLB,61,2018
Kevon Seymour,BUF,CB,66,2018
Josue Matias,TEN,RG,61,2018
Curtis Riley,TEN,FS,61,2018
Donteea Dye Jr,TB,WR,64,2018
Henry Krieger-Coble,DEN,TE,61,2018
Leonard Wester,TB,LT,63,2018
Zac Dysert,DAL,QB,60,2018
Joey Mbu,WAS,DT,60,2018
Donald Hawkins,KC,RG,60,2018
Quincy Mauger,ATL,SS,60,2018
Jake Brendel,MIA,C,60,2018
Jared Norris,CAR,LOLB,60,2018
Keyarris Garrett,CAR,WR,60,2018
Joe Walker,PHI,MLB,60,2018
Dexter McDonald,OAK,CB,60,2018
Olsen Pierre,ARI,DT,59,2018
Stephane Nembot,BAL,LT,59,2018
Nick Vigil,CIN,ROLB,67,2018
Akeem King,ATL,FS,57,2018
Lawrence Okoye,MIA,RE,56,2018
A.J. Francis,WAS,RE,55,2018
Charley Hughlett,CLE,TE,51,2018
John Denney,MIA,TE,48,2018
Jon Condo,OAK,TE,42,2018
Jon Weeks,HOU,TE,42,2018
Joshua Bellamy,CHI,WR,70,2018
Morgan Cox,BAL,TE,40,2018
Christian Westerman,CIN,RG,66,2018
Eric Berry,KC,SS,94,2018
Devante Bond,TB,ROLB,62,2018
Kevin Zeitler,CLE,RG,88,2018
Matthew Stafford,DET,QB,87,2018
Alshon Jeffery,PHI,WR,87,2018
Zach Strief,NO,RT,85,2018
Shaq Mason,NE,RG,85,2018
Jared Veldheer,ARI,RT,84,2018
D.J. Swearinger,WAS,FS,84,2018
Bobo Wilson Jr,TB,WR,62,2018
Jamison Crowder,WAS,WR,82,2018
Taylor Decker,DET,LT,82,2018
Tamba Hali,KC,ROLB,82,2018
David Amerson,OAK,CB,82,2018
Cole Beasley,DAL,WR,81,2018
Robert Quinn,LAR,ROLB,81,2018
Terrance West,BAL,HB,81,2018
Matt Milano,BUF,MLB,65,2018
Ronnie Stanley,BAL,LT,80,2018
Captain Munnerlyn,CAR,CB,80,2018
Donte Moncrief,IND,WR,80,2018
Chris Smith,CIN,LE,67,2018
Tavon Young,BAL,CB,80,2018
Don Jones,SF,FS,69,2018
Carson Wentz,PHI,QB,79,2018
Anthony Brown,DAL,CB,79,2018
Matt Kalil,CAR,LT,78,2018
Allen Bailey,KC,RE,77,2018
Eric Fisher,KC,LT,76,2018
Will Compton,WAS,MLB,75,2018
Andrew Tiller,KC,RG,75,2018
Kenny Clark,GB,LE,75,2018
Paul Worrilow,DET,LOLB,75,2018
Jeff Heath,DAL,FS,75,2018
Gareon Conley,OAK,CB,75,2018
Obi Melifonwu,OAK,FS,75,2018
Demario Davis,NYJ,MLB,74,2018
Shea McClellin,NE,LOLB,74,2018
Albert Wilson,KC,WR,74,2018
Eli Harold,SF,LOLB,69,2018
Jarran Reed,SEA,DT,73,2018
Kayvon Webster,LAR,CB,73,2018
Kerwynn Williams,ARI,HB,73,2018
Jamie Meder,CLE,DT,72,2018
Spencer Drango,CLE,LG,72,2018
A.J. Klein,NO,MLB,72,2018
LaDarius Gunter,GB,CB,72,2018
Jihad Ward,OAK,LE,72,2018
Deandre Coleman,BUF,DT,65,2018
Paxton Lynch,DEN,QB,72,2018
Marshall Newhouse,OAK,RT,71,2018
Ryan Smith,TB,FS,62,2018
Devin Taylor,NYG,RE,71,2018
Chris Hubbard,PIT,RT,71,2018
Matthew McCants,CLE,LT,71,2018
Zach Cunningham,HOU,ROLB,71,2018
Dawuane Smoot,JAX,RE,71,2018
Bucky Hodges,MIN,TE,71,2018
Albert McClellan,BAL,LOLB,70,2018
Hal Vaitai,PHI,RT,70,2018
Julie'n Davenport,HOU,RT,70,2018
Eric Murray,KC,FS,70,2018
Eric Saubert,ATL,TE,70,2018
MarQueis Gray,MIA,TE,69,2018
Jamon Brown,LAR,LG,69,2018
Breno Giacomini,HOU,RT,69,2018
Joe Schobert,CLE,ROLB,69,2018
Connor Cook,OAK,QB,69,2018
Denver Kirkland,OAK,LT,69,2018
Brandon Williams,ARI,CB,69,2018
Dontae Johnson,SF,CB,69,2018
Tyrone Holmes,CLE,LE,69,2018
Cameron Lynch,TB,LOLB,62,2018
Delano Hill,SEA,FS,68,2018
Darren Waller,BAL,TE,68,2018
C.J. Goodwin,ATL,CB,68,2018
Deonte Thompson,CHI,WR,69,2018
Chris Lewis-Harris,DEN,CB,68,2018
Carlos Watkins,HOU,DT,68,2018
Hroniss Grasu,CHI,C,69,2018
Alex Collins,SEA,HB,67,2018
Shilique Calhoun,OAK,ROLB,67,2018
Ryan Murphy,NYG,SS,67,2018
Dexter McCoil,LAC,FS,67,2018
Kenneth Acker,KC,CB,67,2018
Asante Cleveland,LAC,TE,67,2018
Kaleb Johnson,ARI,RG,67,2018
Dean Lowry,GB,LE,67,2018
Dekoda Watson,SF,ROLB,68,2018
Aaron Burbridge,SF,WR,67,2018
Kevin Hogan,CLE,QB,66,2018
Ben Koyack,JAX,TE,66,2018
Trey Hopkins,CIN,LG,66,2018
Morgan Fox,LAR,RE,66,2018
Kofi Amichia,GB,C,66,2018
David Moore,SEA,WR,66,2018
Matthew Ioannidis,WAS,RE,66,2018
Vince Mayle,BAL,WR,66,2018
Antwione Williams,DET,LOLB,65,2018
Al-Quadin Muhammad,NO,RE,65,2018
Kavon Frazier,DAL,SS,65,2018
Dare Ogunbowale,HOU,HB,65,2018
Chad Slade,HOU,LG,64,2018
Jayron Kearse,MIN,SS,64,2018
Matt Hazel,WAS,WR,64,2018
Tyler Matakevich,PIT,MLB,64,2018
Dylan Donahue,NYJ,ROLB,64,2018
Bug Howard,IND,WR,64,2018
Carl Lawson,CIN,LOLB,66,2018
Myles White,NYJ,WR,63,2018
Kareem Martin,ARI,LOLB,63,2018
Josh Forrest,LAR,LOLB,63,2018
Corey Nelson,DEN,MLB,66,2018
Ben Braden,NYJ,LG,63,2018
Adam Gotsis,DEN,RE,66,2018
Jeremiah Ledbetter,DET,DT,63,2018
Daniel Munyer,ARI,LG,63,2018
Amba Etta-Tawo,JAX,WR,63,2018
Eric Tomlinson,NYJ,TE,63,2018
Zach Vigil,WAS,LOLB,62,2018
Kyle Fuller,HOU,C,62,2018
Jarrod Wilson,JAX,SS,62,2018
Nick Easton,MIN,C,62,2018
Demarcus Ayers,PIT,WR,62,2018
Nic Grigsby,LAR,LOLB,62,2018
Moritz Boehringer,MIN,WR,62,2018
Shelby Harris,DEN,RE,66,2018
Brock Coyle,SF,MLB,68,2018
L.T. Walton,PIT,RE,61,2018
Derron Smith,CIN,FS,65,2018
Cole Hikutini,SF,TE,67,2018
Daniel Brunskill,ATL,RT,61,2018
Darrell Greene,PHI,RG,61,2018
Mario Alford,CLE,WR,60,2018
Mitch Mathews,MIA,WR,60,2018
Clay DeBord,DAL,LT,60,2018
Carroll Phillips,JAX,LE,60,2018
Freddie Bishop,NYJ,LOLB,59,2018
Trevor Bates,NE,MLB,57,2018
Chris Landrum,LAC,ROLB,57,2018
Freddie Martino,TB,WR,62,2018
Casey Kreiter,DEN,TE,41,2018
Joe Cardona,NE,TE,41,2018
Kyle Peko,DEN,DT,64,2018
Earl Thomas III,SEA,FS,94,2018
Jimmy Graham,SEA,TE,93,2018
Ben Roethlisberger,PIT,QB,91,2018
Ezekiel Elliott,DAL,HB,90,2018
Rodney Hudson,OAK,C,90,2018
Andrew Luck,IND,QB,90,2018
Michael Bennett,SEA,LE,90,2018
Doug Baldwin,SEA,WR,89,2018
Cameron Wake,MIA,LE,89,2018
Derek Carr,OAK,QB,89,2018
Darius Slay Jr,DET,CB,89,2018
Johnthan Banks,CHI,CB,67,2018
David DeCastro,PIT,RG,88,2018
T.J. Lang,DET,RG,87,2018
Ryan Schraeder,ATL,RT,87,2018
Melvin Gordon,LAC,HB,87,2018
Weston Richburg,NYG,C,86,2018
Ryan Kerrigan,WAS,LOLB,86,2018
Brandin Cooks,NE,WR,86,2018
Dak Prescott,DAL,QB,86,2018
Jurrell Casey,TEN,RE,86,2018
Jack Conklin,TEN,RT,86,2018
Brandon Marshall,NYG,WR,85,2018
Andrew Norwell,CAR,LG,84,2018
Davante Adams,GB,WR,84,2018
Joel Bitonio,CLE,LG,84,2018
Patrick DiMarco,BUF,FB,84,2018
Gabe Jackson,OAK,RG,84,2018
James Develin,NE,FB,84,2018
Ben Jones,TEN,C,83,2018
Charles Johnson,CAR,LE,83,2018
Jahleel Addae,LAC,SS,83,2018
Chris Jones,DAL,P,83,2018
Mike Wallace,BAL,WR,82,2018
John Greco,CLE,RG,82,2018
Mohamed Sanu Sr,ATL,WR,82,2018
Spencer Ware,KC,HB,82,2018
Christian Kirksey,CLE,MLB,82,2018
Kenny Vaccaro,NO,SS,82,2018
Matt Bosher,ATL,P,82,2018
Allen Hurns,JAX,WR,81,2018
Jason McCourty,CLE,CB,81,2018
Jamal Adams,NYJ,SS,81,2018
Sam Martin,DET,P,81,2018
Lawrence Timmons,MIA,MLB,80,2018
Kenny Stills,MIA,WR,80,2018
Tavaris Barnes,TB,ROLB,61,2018
Deone Bucannon,ARI,MLB,80,2018
Terrance Williams,DAL,WR,80,2018
Deon Bush,CHI,SS,66,2018
Rodney McLeod Jr,PHI,FS,80,2018
Marcus Mariota,TEN,QB,80,2018
Su'a CBAL,WAS,SS,80,2018
Ramik Wilson,KC,MLB,79,2018
Avery Williamson,TEN,MLB,79,2018
Tre Boston,LAC,FS,79,2018
Corey Davis,TEN,WR,79,2018
Nick Novak,HOU,K,79,2018
Tress Way,WAS,P,79,2018
Haloti Ngata,DET,DT,78,2018
Rob Ninkovich,NE,ROLB,78,2018
Bennie Logan,KC,DT,78,2018
Malcom Brown,NE,DT,78,2018
Laremy Tunsil,MIA,LT,78,2018
Kamar Aiken,IND,WR,78,2018
Torrey Smith,PHI,WR,78,2018
Jesse James,PIT,TE,78,2018
Matt Darr,MIA,P,78,2018
Trai Turner,CAR,RG,77,2018
Kony Ealy,NE,LE,77,2018
Duron Harmon,NE,SS,77,2018
Johnathan Hankins,IND,DT,76,2018
Joe Thuney,NE,LG,76,2018
Patrick Omameh,JAX,LG,76,2018
Dontrelle Inman,LAC,WR,76,2018
Da'Norris Searcy,TEN,SS,76,2018
Sterling Moore,NO,CB,76,2018
Britton Colquitt,CLE,P,76,2018
Josh Lambo,LAC,K,76,2018
D.J. Fluker,NYG,RT,75,2018
Lawrence Guy,NE,RE,75,2018
Nick Boyle,BAL,TE,75,2018
Kasim Edebali,DEN,ROLB,63,2018
Zach Fulton,KC,C,74,2018
Blake Martinez,GB,MLB,74,2018
DeAndre Houston-Carson,CHI,FS,66,2018
Brian Schwenke,IND,RG,74,2018
Kyle Emanuel,LAC,LOLB,74,2018
Ryan Switzer,DAL,WR,74,2018
Malik McDowell,SEA,DT,74,2018
Cody Parkey,CLE,K,74,2018
Menelik Watson,DEN,RT,73,2018
Pat Elflein,MIN,C,73,2018
Quinten Rollins,GB,CB,73,2018
B.J. Finney,PIT,LG,73,2018
Justin Hardy,ATL,WR,73,2018
Colton Schmidt,BUF,P,73,2018
Bradley Pinion,SF,P,73,2018
Freddie Stevenson,CHI,FB,73,2018
Jermon Bushrod,MIA,RG,72,2018
Jamize Olawale,OAK,FB,72,2018
Nathan Stupar,NO,LOLB,72,2018
Valentino Blake,NYG,CB,72,2018
Robert Blanton,DAL,SS,72,2018
A'Shawn Robinson,DET,DT,72,2018
Ryan Griffin,HOU,TE,72,2018
Will Redmond,SF,CB,67,2018
Joe Haeg,IND,RT,72,2018
Rontez Miles,NYJ,FS,72,2018
Darryl Morris,IND,CB,72,2018
Craig Mager,LAC,CB,72,2018
John Phillips,NO,TE,71,2018
Mark Glowinski,SEA,LG,71,2018
Laken Tomlinson,DET,LG,71,2018
Quandre Diggs,DET,CB,71,2018
Chris Hairston,LAC,RT,71,2018
Ryan Jensen,BAL,C,71,2018
Jonathan Anderson,CHI,MLB,66,2018
Marquis Flowers,CIN,LOLB,63,2018
Anthony Sherman,KC,FB,70,2018
Nick Williams,ATL,WR,70,2018
Eric Kush,CHI,C,69,2018
Robert Golden,PIT,FS,70,2018
Xavier Cooper,CLE,DT,70,2018
Eddie Yarbrough,BUF,LE,63,2018
Daimion Stafford,PIT,SS,70,2018
Orion Stewart,DEN,SS,63,2018
Jamal Carter,DEN,FS,62,2018
Shaquill Griffin,SEA,CB,70,2018
Jeremiah Poutasi,JAX,RG,69,2018
Cody Wichmann,LAR,RG,69,2018
Ted Larsen,MIA,LG,69,2018
Cornelius Lucas,DET,RT,69,2018
Jason Spriggs,GB,LT,69,2018
Jayrone Elliott,GB,LOLB,69,2018
Ronald Blair III,SF,LE,67,2018
Brandon Shell,NYJ,RT,69,2018
Taylor Hart,PHI,RT,69,2018
Vinnie Sunseri,SF,FS,64,2018
Anthony Zettel,DET,RE,69,2018
Trey Hendrickson,NO,LE,69,2018
Dezmin Lewis,BUF,WR,65,2018
T.J. Clemmings,MIN,LT,68,2018
Cassius Marsh,SEA,LOLB,68,2018
Dennis Kelly,TEN,LT,68,2018
Austin Davis,SEA,QB,68,2018
DeAndre Smelter,SF,WR,65,2018
Tyler Shatley,JAX,LG,68,2018
Brynden Trawick,TEN,SS,68,2018
Zaire Anderson,DEN,MLB,60,2018
Jermaine Eluemunor,BAL,RG,68,2018
Kentrell Brice,GB,FS,68,2018
Matt McGloin,PHI,QB,67,2018
Mike Pennel,NYJ,RE,67,2018
Adrian Phillips,LAC,FS,67,2018
Brandon Wilson,CIN,HB,64,2018
Jordan Johnson,BUF,HB,64,2018
Samson Ebukam,LAR,ROLB,67,2018
Kenny Wiggins,LAC,LG,66,2018
Demontre Hurst,TEN,FS,66,2018
L.J. Fort,PIT,MLB,66,2018
Anthony Chickillo,PIT,LOLB,66,2018
Jeremiah George,IND,MLB,66,2018
Ben Garland,ATL,C,66,2018
Dan France,CAR,LT,66,2018
Kentrell Brothers,MIN,ROLB,66,2018
Josh Johnson,JAX,CB,66,2018
Doran Grant,JAX,CB,66,2018
Gabe Ikard,CLE,C,65,2018
Vincent Taylor,MIA,DT,65,2018
Nat Berhe,NYG,SS,65,2018
Dean Marlowe,CAR,SS,65,2018
Ted Karras,NE,C,65,2018
Michael Tyson,SEA,SS,65,2018
Dezmen Southward,CAR,SS,65,2018
Robert Davis,WAS,WR,65,2018
David Johnson,PIT,TE,64,2018
James Wright,CLE,WR,64,2018
Blake Bell,SF,TE,65,2018
David King,KC,LE,64,2018
Uzoma Nwachukwu,DAL,WR,64,2018
Brad Kaaya,DET,QB,64,2018
Chris Milton,IND,CB,64,2018
Neiko Thorpe,SEA,CB,64,2018
Keavon Milton,PIT,RT,64,2018
Jordan Payton,CLE,WR,64,2018
Kevin Graf,ATL,LT,64,2018
Artavis Scott,LAC,WR,64,2018
Keion Adams,PIT,ROLB,64,2018
D.J. Jones,SF,DT,64,2018
Zach Moore,CAR,LE,64,2018
Damore'ea Stringfellow,MIA,WR,64,2018
Sammy Seamster,DAL,CB,64,2018
Frankie Hammond,NYJ,WR,63,2018
Austin Shepherd,MIN,LG,63,2018
Josh Johnson,NYG,QB,63,2018
Terence Garvin,SEA,MLB,63,2018
Brittan Golden,ARI,WR,63,2018
Jordan Morgan,CHI,LG,68,2018
Pita Taumoepenu,SF,ROLB,63,2018
Clayton Fejedelem,CIN,SS,63,2018
Tanner Vallejo,BUF,LOLB,63,2018
Lorenzo Jerome,SF,FS,63,2018
Kamu Grugier-Hill,PHI,ROLB,63,2018
Anthony Johnson,NYJ,LE,62,2018
David Fales,MIA,QB,62,2018
Jordan Carrell,DAL,DT,62,2018
Prince Iworah,SF,CB,62,2018
Aaron Grymes,PHI,CB,62,2018
Ezra Robinson,JAX,CB,62,2018
Josh Andrews,PHI,C,61,2018
Keenan Reynolds,BAL,WR,61,2018
Ryan Spadola,DET,WR,61,2018
Marwin Evans,GB,SS,61,2018
Jessamen Dunker,NYG,RG,61,2018
Krishawn Hogan,ARI,WR,61,2018
Hardy Nickerson,CIN,MLB,62,2018
Eric Pinkins,NYG,ROLB,58,2018
Kevin McDermott,MIN,TE,50,2018
Don Muhlbach,DET,TE,49,2018
Carson Tinker,JAX,TE,46,2018
Tanner Purdum,NYJ,TE,46,2018
Beau Brinkley,TEN,TE,46,2018
Aaron Brewer,ARI,TE,45,2018
J.J. Jansen,CAR,TE,44,2018
John Theus,SF,RT,64,2018
Rick Lovato,PHI,TE,42,2018
Kameron Canaday,PIT,TE,42,2018
Vontarrius Dora,DEN,ROLB,58,2018
Luke Kuechly,CAR,MLB,98,2018
Marshal Yanda,BAL,RG,96,2018
Brandon Graham,PHI,RE,95,2018
Ndamukong Suh,MIA,DT,93,2018
Greg Olsen,CAR,TE,92,2018
Fletcher Cox,PHI,DT,91,2018
Kyle Juszczyk,SF,FB,91,2018
Lane Johnson,PHI,RT,90,2018
Jason Pierre-Paul,NYG,LE,88,2018
Duane Brown,HOU,LT,86,2018
Cliff Avril,SEA,RE,86,2018
Brandon Linder,JAX,C,85,2018
Johnathan Cyprien,TEN,FS,84,2018
William Gay,PIT,CB,84,2018
Sherrick McManis,CHI,CB,65,2018
William Hayes,MIA,RE,83,2018
Shaq Thompson,CAR,LOLB,83,2018
Victor Bolden Jr,SF,WR,61,2018
Jack Mewhort,IND,LG,82,2018
Isaiah Crowell,CLE,HB,82,2018
Lamarcus Joyner,LAR,FS,82,2018
Tavon Austin,LAR,WR,81,2018
Ricardo Allen,ATL,FS,81,2018
Ross Cockrell,PIT,CB,80,2018
DeShawn Williams,CIN,DT,61,2018
Martavis Bryant,PIT,WR,80,2018
Noble Nwachukwu,SF,RE,62,2018
Quincy Enunwa,NYJ,WR,79,2018
Dontari Poe,ATL,DT,79,2018
Alonzo Russell,CIN,WR,62,2018
Chris Brown,CIN,WR,61,2018
Cory Harkey,LAR,FB,78,2018
Laurent Duvernay-Tardif,KC,RG,78,2018
Ryan Hewitt,CIN,FB,78,2018
Patrick Chung,NE,SS,77,2018
Jonathan Williams,BUF,HB,64,2018
Jimmy Garoppolo,NE,QB,77,2018
Crockett Gillmore,BAL,TE,77,2018
Mitchell Trubisky,CHI,QB,77,2018
Brad Nortman,JAX,P,77,2018
Chance Warmack,PHI,LG,76,2018
Denzel Perryman,LAC,MLB,76,2018
Max Valles,BUF,LE,63,2018
Preston Smith,WAS,ROLB,76,2018
Peyton Barber,TB,HB,61,2018
Cam Robinson,JAX,LT,76,2018
Jordan Evans,CIN,MLB,61,2018
Patrick Mahomes II,KC,QB,76,2018
Chandler Catanzaro,NYJ,K,76,2018
Bradley Sowell,CHI,LT,67,2018
Daniel Sorensen,KC,SS,75,2018
DeShone Kizer,CLE,QB,75,2018
Marcus Williams,NYJ,CB,74,2018
Mike Glennon,CHI,QB,74,2018
John Johnson,LAR,FS,74,2018
John Timu,CHI,MLB,65,2018
Andre Roberts,ATL,WR,72,2018
A.J. Cann,JAX,RG,72,2018
Calvin Pryor III,CLE,FS,72,2018
Jeremy Butler,BUF,WR,63,2018
Sylvester Williams,TEN,DT,72,2018
Jaylen Watkins,PHI,SS,72,2018
Justin Bethel,ARI,CB,72,2018
Riley Bullough,TB,MLB,61,2018
Jordan Hill,DET,DT,72,2018
Ryan Griffin,TB,QB,61,2018
Riley Reiff,MIN,LT,71,2018
Cameron Erving,CLE,RT,71,2018
Cameron Fleming,NE,RT,71,2018
Russell Shepard,CAR,WR,71,2018
Raheem Mostert,SF,HB,60,2018
Bobby Hart,NYG,RT,70,2018
Sam Young,MIA,RT,70,2018
Josh Allen,TB,C,61,2018
John Jenkins,CHI,LE,65,2018
Pierre Desir,SEA,CB,70,2018
Tarell Basham,IND,RE,70,2018
Walt Aikens,MIA,FS,69,2018
Johnson Bademosi,DET,CB,69,2018
Marcus Hardison,CIN,DT,60,2018
Xavier Woods,DAL,SS,69,2018
Jaleel Johnson,MIN,DT,69,2018
Marcus Burley,CLE,CB,69,2018
Daeshon Hall,CAR,RE,69,2018
Beau Allen,PHI,DT,68,2018
Chris Jones,SF,RE,61,2018
Joe Vellano,ATL,DT,68,2018
Nick Williams,MIA,LE,68,2018
Chris McCain,LAC,LOLB,68,2018
Cobi Hamilton,PIT,WR,68,2018
Blair Brown,JAX,LOLB,68,2018
Sam Rogers,LAR,FB,68,2018
Steven Means,PHI,LE,68,2018
Storm Johnson,MIA,HB,67,2018
Jordan Richards,NE,SS,67,2018
David Dean,CIN,DT,60,2018
Kendall Lamm,HOU,LT,66,2018
Anthony Walker Jr,IND,MLB,66,2018
Jamil Douglas,NE,LG,65,2018
Elijah Lee,MIN,ROLB,65,2018
Brian Dixon,JAX,CB,65,2018
Chuck Clark,BAL,FS,65,2018
Terry Poole,MIA,LT,65,2018
Lamin Barrow,MIA,MLB,64,2018
Laurence Gibson,HOU,LT,64,2018
Kadeem Edwards,DAL,LG,64,2018
Donavon Clark,LAC,RG,63,2018
George Atkinson III,CLE,HB,63,2018
Chase Roullier,WAS,C,63,2018
Marquel Lee,OAK,MLB,63,2018
Lewis Neal,DAL,LE,63,2018
De'Vante Harris,NO,CB,63,2018
Thomas Gafford,NO,TE,62,2018
Carlos Thompson,LAR,LOLB,62,2018
Austin Blythe,LAR,C,62,2018
Jerry Ugokwe,IND,RT,62,2018
Grover Stewart,IND,RE,61,2018
Daikiel Shorts,BUF,WR,63,2018
Isaiah Burse,LAC,WR,61,2018
Keith Kelsey Jr,PIT,MLB,60,2018
Landon Turner,NO,RG,60,2018
Erik Austell,HOU,C,60,2018
Dustin Vaughan,BAL,QB,60,2018
Dewey McDonald,SEA,ROLB,59,2018
Harvey Langi,NE,MLB,59,2018
Jadar Johnson,NYG,FS,58,2018
Joseph Cheek,KC,LG,58,2018
Da'Ron Brown,LAC,WR,57,2018
Antonio Brown,PIT,WR,97,2018
Kam Chancellor,SEA,SS,95,2018
Bobby Wagner,SEA,MLB,93,2018
DeAndre Hopkins,HOU,WR,91,2018
Larry Fitzgerald,ARI,WR,90,2018
Devonta Freeman,ATL,HB,89,2018
Desmond Trufant,ATL,CB,89,2018
Marcus Gilbert,PIT,RT,88,2018
Marcus Peters,KC,CB,88,2018
Logan Ryan,TEN,CB,86,2018
Johnny Hekker,LAR,P,86,2018
Trae Elston,BUF,FS,62,2018
Ezekiel Ansah,DET,RE,84,2018
Bruce Irvin,OAK,ROLB,84,2018
Stephon Gilmore,NE,CB,83,2018
Ryan Tannehill,MIA,QB,83,2018
Alex Erickson,CIN,WR,61,2018
Alex Redmond,CIN,RG,58,2018
Benardrick McKinney,HOU,MLB,82,2018
Trey Flowers,NE,RE,82,2018
Chris Boswell,PIT,K,82,2018
Travis Swanson,DET,C,81,2018
Brian Robison,MIN,LE,80,2018
Muhammad Wilkerson,NYJ,RE,79,2018
Terrance Mitchell,KC,CB,79,2018
Forrest Lamp,LAC,LG,79,2018
Brian Cushing,HOU,MLB,78,2018
Robert Woods,LAR,WR,78,2018
Connor Barwin,LAR,LOLB,78,2018
Cordarrelle Patterson,OAK,WR,78,2018
Taywan Taylor,TEN,WR,77,2018
John Sullivan,LAR,C,76,2018
Quentin Gause,DEN,ROLB,57,2018
Alfred Morris,DAL,HB,75,2018
Tashaun Gipson,JAX,FS,75,2018
Ra'Shede Hageman,ATL,RE,75,2018
Jourdan Lewis,DAL,CB,75,2018
Taco Charlton,DAL,RE,75,2018
Anthony Hitchens,DAL,MLB,74,2018
Lance Kendricks,GB,TE,74,2018
Andre Hal,HOU,FS,74,2018
Eddie Pleasant,HOU,SS,74,2018
Steven Nelson,KC,CB,74,2018
Wes Saxton,BUF,TE,62,2018
Stefen Wisniewski,PHI,C,73,2018
A.J. McCarron,CIN,QB,73,2018
Deiondre' Hall,CHI,CB,65,2018
Jarius Wright,MIN,WR,73,2018
Michael Schofield,DEN,RG,72,2018
Kapron Lewis-Moore,CHI,LE,61,2018
Jeff Adams,NYJ,LG,72,2018
Daniel Braverman,CHI,WR,65,2018
Kyle Nelson,SF,TE,44,2018
Xavier Su'a-Filo,HOU,LG,71,2018
Cyril Richardson,CHI,LG,63,2018
Josh Boyd,IND,DT,71,2018
Wesley Johnson,NYJ,C,70,2018
Jonotthan Harrison,NYJ,C,69,2018
Juwan Thompson,DEN,HB,69,2018
T.J. Jones,DET,WR,69,2018
Ryan Carrethers,LAC,DT,68,2018
Bruce Gaston,DET,DT,68,2018
Isaac Rochell,LAC,DT,68,2018
Desmond King,LAC,SS,67,2018
Terrence Fede,MIA,LE,67,2018
Hayes Pullard III,JAX,MLB,66,2018
Bryan Witzmann,KC,LT,66,2018
Kerry Wynn,NYG,LE,65,2018
Montori Hughes,KC,DT,65,2018
Ian Seau,BUF,ROLB,61,2018
Dan Skipper,DAL,RT,62,2018
Reggie Gilbert,GB,LE,61,2018
Cameron Tom,NO,C,61,2018
Anthony Cioffi,OAK,CB,60,2018
Brooks Ellis,NE,MLB,60,2018
Lynden Trail,WAS,ROLB,58,2018
Colin Holba,PIT,TE,47,2018
Aaron Donald,LAR,RE,99,2018
Aaron Rodgers,GB,QB,98,2018
Eric Weddle,BAL,FS,93,2018
Harrison Smith,MIN,FS,93,2018
Devin McCourty,NE,FS,92,2018
Cameron Jordan,NO,RE,92,2018
Jason Witten,DAL,TE,90,2018
Kawann Short,CAR,DT,88,2018
K.J. Wright,SEA,ROLB,87,2018
Whitney Mercilus,HOU,ROLB,87,2018
Justin Tucker,BAL,K,87,2018
Andy Levitre,ATL,LG,84,2018
Thomas Morstead,NO,P,84,2018
Tavon Wilson Sr,DET,SS,82,2018
Wesley Woodyard,TEN,MLB,82,2018
Ha Ha Clinton-Dix,GB,FS,82,2018
Darius Butler,IND,CB,82,2018
Jordan Matthews,PHI,WR,81,2018
Michael Brockers,LAR,DT,81,2018
Quinton Spain,TEN,LG,81,2018
Joe Flacco,BAL,QB,81,2018
Joe Haden,CLE,CB,81,2018
Jay Prosch,HOU,FB,81,2018
Dustin Colquitt,KC,P,81,2018
Corey Liuget,LAC,DT,80,2018
Brandon McManus,DEN,K,80,2018
Reggie Nelson,OAK,FS,79,2018
Trey Burton,PHI,TE,79,2018
Greg Zuerlein,LAR,K,79,2018
Cairo Santos,KC,K,79,2018
Akeem Ayers,IND,ROLB,76,2018
Ryan Quigley,MIN,P,76,2018
Kelvin Beachum,NYJ,RT,75,2018
Matt Asiata,DET,HB,75,2018
Bryson Albright,CIN,LOLB,60,2018
Ryan Allen,NE,P,75,2018
Davon House,GB,CB,74,2018
Oday Aboushi,SEA,RT,74,2018
Gavin Escobar,KC,TE,74,2018
Tyson Alualu,PIT,LE,73,2018
Jah Reid,KC,RT,73,2018
Akeem Spence,DET,DT,73,2018
John Urschel,BAL,C,72,2018
Alex Okafor,NO,LE,72,2018
Alex Armah,CAR,FB,72,2018
Brian Hill,ATL,HB,72,2018
Kevin Huber,CIN,P,72,2018
Blair Walsh,SEA,K,72,2018
Greg Robinson,DET,LT,71,2018
Coty Sensabaugh,PIT,CB,71,2018
Armonty Bryant,DET,LE,71,2018
Earl Watford,JAX,LG,70,2018
Greg Pyke,BUF,RG,61,2018
Kraig Urbik,MIA,RG,69,2018
Josh McNary,JAX,ROLB,69,2018
Billy Turner,DEN,RG,68,2018
Audie Cole,JAX,MLB,68,2018
Malliciah Goodman,JAX,RE,68,2018
Jeff Janis,GB,WR,68,2018
Isaac Asiata,MIA,LG,68,2018
Jay Bromley,NYG,DT,67,2018
Josh Mauro,ARI,RE,66,2018
David Bass,SEA,ROLB,66,2018
David Quessenberry,HOU,RG,66,2018
Nate Ebner,NE,FS,65,2018
Marquavius Lewis,BUF,RE,61,2018
Lavar Edwards,IND,ROLB,64,2018
Ben Jacobs,CAR,MLB,63,2018
Steven Moore,TEN,RT,63,2018
Ben Boulware,CAR,MLB,61,2018
Josh Harris,ATL,TE,54,2018
Calais Campbell,JAX,RE,91,2018
Richard Sherman,SEA,CB,90,2018
Ryan Brown,CIN,LE,59,2018
Vontae Davis,IND,CB,86,2018
Sean Smith,OAK,CB,86,2018
Malcolm Jenkins,PHI,SS,85,2018
Jamie Collins Sr,CLE,LOLB,85,2018
Nigel Bradham,PHI,LOLB,84,2018
Andy Dalton,CIN,QB,84,2018
Channing Ward,TB,LE,60,2018
Ryan Succop,TEN,K,82,2018
David Harris,NE,MLB,81,2018
C.J. Fiedorowicz,HOU,TE,81,2018
Jermaine Kearse,SEA,WR,80,2018
Ja'Wuan James,MIA,RT,78,2018
Blake Bortles,JAX,QB,77,2018
Patrick Scales,CHI,TE,41,2018
Brock Osweiler,CLE,QB,75,2018
Tahir Whitehead,DET,ROLB,74,2018
Mychal Rivera,JAX,TE,73,2018
Montravius Adams,GB,DT,72,2018
Cordrea Tankersley,MIA,CB,72,2018
Dorian Johnson,ARI,RG,71,2018
Tim Lelito,TEN,C,70,2018
Tyler Larsen,CAR,C,67,2018
DeAngelo Yancey,GB,WR,66,2018
Ben Gedeon,MIN,MLB,65,2018
Khalil Mack,OAK,LOLB,97,2018
Zack Martin,DAL,RG,95,2018
Travis Frederick,DAL,C,93,2018
Drew Brees,NO,QB,92,2018
Patrick Peterson,ARI,CB,91,2018
Josh Norman,WAS,CB,90,2018
Russell Wilson,SEA,QB,90,2018
Cam Newton,CAR,QB,88,2018
Logan Thomas,BUF,TE,60,2018
Sterling Bailey,TB,RE,60,2018
Bernard Reedy,TB,WR,60,2018
Nick Perry,GB,LOLB,84,2018
Barry Church,JAX,SS,83,2018
Larry Warford,NO,RG,81,2018
Blake Sims,TB,HB,54,2018
Brandon Carr,BAL,CB,79,2018
Adrian Colbert,SF,SS,60,2018
Clark Harris,CIN,TE,56,2018
Garrison Sanborn,TB,C,54,2018
Jeff Locke,IND,P,75,2018
Shamiel Gary,BUF,SS,61,2018
Taylor Moton,CAR,RG,73,2018
Corey White,NYJ,CB,71,2018
Dwayne Gratz,PHI,CB,71,2018
Roy Robertson-Harris,CHI,LOLB,60,2018
Tom Brady,NE,QB,99,2018
Matt Ryan,ATL,QB,96,2018
Joe Thomas,CLE,LT,92,2018
Alex Mack,ATL,C,91,2018
Philip Rivers,LAC,QB,84,2018
Eli Manning,NYG,QB,80,2018
Jake Matthews,ATL,LT,77,2018
Courtney Upshaw,ATL,DT,73,2018
Tom Brady,NE,QB,99,2019
Rob Gronkowski,NE,TE,99,2019
Antonio Brown,PIT,WR,99,2019
Von Miller,DEN,LOLB,99,2019
Aaron Rodgers,GB,QB,99,2019
Luke Kuechly,CAR,MLB,99,2019
Aaron Donald,LAR,RE,99,2019
J.J. Watt,HOU,LE,98,2019
Khalil Mack,LV,LE,98,2019
Julio Jones,ATL,WR,98,2019
Jalen LARey,JAX,CB,97,2019
David Bakhtiari,GB,LT,97,2019
Harrison Smith,MIN,FS,97,2019
Bobby Wagner,SEA,MLB,97,2019
Le'Veon Bell,PIT,HB,96,2019
Eric Berry,KC,SS,96,2019
Travis Frederick,DAL,C,96,2019
Sean Lee,DAL,ROLB,96,2019
Zack Martin,DAL,RG,96,2019
David DeCastro,PIT,RG,95,2019
Rodney Hudson,LV,C,95,2019
Travis Kelce,KC,TE,95,2019
Odell Beckham Jr,NYG,WR,95,2019
Damon Harrison Sr,NYG,DT,95,2019
Tyron Smith,DAL,LT,95,2019
Lavonte David,TB,ROLB,95,2019
Cameron Jordan,NO,LE,95,2019
Earl Thomas III,SEA,FS,95,2019
DeAndre Hopkins,HOU,WR,94,2019
A.J. Bouye,JAX,CB,94,2019
Malcolm Jenkins,PHI,SS,94,2019
Jordan Reed,WAS,TE,94,2019
Trent Williams,WAS,LT,94,2019
Ndamukong Suh,LAR,DT,94,2019
A.J. Green,CIN,WR,93,2019
Tyrann Mathieu,HOU,FS,93,2019
Delanie Walker,TEN,TE,93,2019
Brandon Brooks,PHI,RG,93,2019
Fletcher Cox,PHI,DT,93,2019
Brandon Graham,PHI,LE,93,2019
Desmond Trufant,ATL,CB,93,2019
David Johnson,ARI,HB,93,2019
Micah Hyde,BUF,SS,92,2019
Devin McCourty,NE,FS,92,2019
Marshal Yanda,BAL,RG,92,2019
Calais Campbell,JAX,LE,92,2019
Keenan Allen,LAC,WR,92,2019
Ezekiel Elliott,DAL,HB,92,2019
Jason Kelce,PHI,C,92,2019
Everson Griffen,MIN,RE,92,2019
Greg Olsen,CAR,TE,92,2019
Xavier Rhodes,MIN,CB,92,2019
Todd Gurley II,LAR,HB,92,2019
Patrick Peterson,ARI,CB,92,2019
Russell Wilson,SEA,QB,92,2019
Reshad Jones,MIA,SS,91,2019
Geno Atkins,CIN,DT,91,2019
Jadeveon Clowney,HOU,ROLB,91,2019
Andrew Norwell,JAX,LG,91,2019
Casey Hayward Jr,LAC,CB,91,2019
Zach Ertz,PHI,TE,91,2019
Lane Johnson,PHI,RT,91,2019
DeMarcus Lawrence,DAL,LE,91,2019
Jason Peters,PHI,LT,91,2019
Mike Daniels,GB,RE,91,2019
Darius Slay Jr,DET,CB,91,2019
Drew Brees,NO,QB,91,2019
Devonta Freeman,ATL,HB,91,2019
Michael Thomas,NO,WR,91,2019
LeSean McCoy,BUF,HB,90,2019
Telvin Smith,JAX,ROLB,90,2019
Joey Bosa,LAC,LE,90,2019
Justin Houston,KC,LOLB,90,2019
Melvin Ingram III,LAC,RE,90,2019
Kelechi Osemele,LV,LG,90,2019
Alshon Jeffery,PHI,WR,90,2019
Brandon Scherff,WAS,RG,90,2019
Adrian Amos,CHI,SS,90,2019
Stefon Diggs,MIN,WR,90,2019
Linval Joseph,MIN,DT,90,2019
Deion Jones,ATL,MLB,90,2019
Marshon Lattimore,NO,CB,90,2019
Alex Mack,ATL,C,90,2019
Gerald McCoy,TB,DT,90,2019
Doug Baldwin,SEA,WR,90,2019
Kam Chancellor,SEA,SS,90,2019
Lamarcus Joyner,LAR,FS,90,2019
Richard Sherman,SF,CB,90,2019
Joe Staley,SF,LT,90,2019
Cameron Wake,MIA,LE,89,2019
Tyler Eifert,CIN,TE,89,2019
Jimmy Smith,BAL,CB,89,2019
Brandon Williams,BAL,LE,89,2019
Joel Bitonio,CLE,LG,89,2019
T.Y. Hilton,IND,WR,89,2019
Jabaal Sheard,IND,RE,89,2019
Kevin Zeitler,CLE,RG,89,2019
Kevin Byard,TEN,FS,89,2019
Jurrell Casey,TEN,RE,89,2019
Brandon Linder,JAX,C,89,2019
Melvin Gordon III,LAC,HB,89,2019
Kareem Hunt,KC,HB,89,2019
Golden Tate III,DET,WR,89,2019
Kawann Short,CAR,DT,89,2019
Mike Evans,TB,WR,89,2019
Keanu Neal,ATL,SS,89,2019
Matt Ryan,ATL,QB,89,2019
Larry Fitzgerald,ARI,WR,89,2019
Chandler Jones,ARI,RE,89,2019
Aqib Talib,LAR,CB,89,2019
Josh Sitton,MIA,LG,88,2019
Julian Edelman,NE,WR,88,2019
Jordan Poyer,BUF,FS,88,2019
Tre'Davious White,BUF,CB,88,2019
Cameron Heyward,PIT,LE,88,2019
Ben Roethlisberger,PIT,QB,88,2019
Myles Garrett,CLE,RE,88,2019
Chris Harris Jr,DEN,CB,88,2019
Emmanuel Sanders,DEN,WR,88,2019
Demaryius Thomas,DEN,WR,88,2019
Hunter Henry,LAC,TE,88,2019
Michael Bennett,PHI,RE,88,2019
Landon Collins,NYG,SS,88,2019
Janoris Jenkins,NYG,CB,88,2019
Davante Adams,GB,WR,88,2019
Zach Brown,WAS,MLB,88,2019
Kenny Clark,GB,DT,88,2019
Cam Newton,CAR,QB,88,2019
Adam Thielen,MIN,WR,88,2019
Demar Dotson,TB,RT,88,2019
Alvin Kamara,NO,HB,88,2019
Michael Brockers,LAR,LE,88,2019
Andrew Whitworth,LAR,LT,88,2019
William Hayes,MIA,LE,87,2019
Stephon Gilmore,NE,CB,87,2019
Jason McCourty,NE,CB,87,2019
Vontaze Burfict,CIN,ROLB,87,2019
Michael Pierce,BAL,DT,87,2019
Andre Hal,HOU,SS,87,2019
Jarvis Landry,CLE,WR,87,2019
Andrew Luck,IND,QB,87,2019
Malcolm Butler,TEN,CB,87,2019
Leonard Fournette,JAX,HB,87,2019
Dion Lewis,TEN,HB,87,2019
Tyreek Hill,KC,WR,87,2019
Chris Jones,KC,RE,87,2019
Philip Rivers,LAC,QB,87,2019
LeGarrette Blount,DET,HB,87,2019
Ha Ha Clinton-Dix,GB,FS,87,2019
Marvin Jones Jr,DET,WR,87,2019
Ryan Kerrigan,WAS,LOLB,87,2019
Josh Norman,WAS,CB,87,2019
Glover Quin,DET,FS,87,2019
D.J. Swearinger,WAS,SS,87,2019
Christian McCaffrey,CAR,HB,87,2019
Allen Robinson,CHI,WR,87,2019
Ryan Ramczyk,NO,RT,87,2019
Brandin Cooks,LAR,WR,87,2019
Reuben Foster,SF,MLB,87,2019
Marcus Peters,LAR,CB,87,2019
Jamal Adams,NYJ,SS,86,2019
Trey Flowers,NE,RE,86,2019
Marcus Gilbert,PIT,RT,86,2019
Ryan Shazier,PIT,MLB,86,2019
Terrell Suggs,BAL,ROLB,86,2019
Justin Tucker,BAL,K,86,2019
Stephon Tuitt,PIT,RE,86,2019
Eric Weddle,BAL,FS,86,2019
Derrick Henry,TEN,HB,86,2019
Yannick Ngakoue,JAX,RE,86,2019
Brian Orakpo,TEN,ROLB,86,2019
Amari Cooper,LV,WR,86,2019
Rashaan Melvin,LV,CB,86,2019
Jordy Nelson,LV,WR,86,2019
Donald Penn,LV,LT,86,2019
Jason Verrett,LAC,CB,86,2019
Jay Ajayi,PHI,HB,86,2019
Ronald Darby,PHI,CB,86,2019
Carson Wentz,PHI,QB,86,2019
Jimmy Graham,GB,TE,86,2019
T.J. Lang,DET,RG,86,2019
Clay Matthews,GB,LOLB,86,2019
Akiem Hicks,CHI,LE,86,2019
Kyle Rudolph,MIN,TE,86,2019
Tevin Coleman,ATL,HB,86,2019
Brent Grimes,TB,CB,86,2019
Mark Ingram II,NO,HB,86,2019
Grady Jarrett,ATL,DT,86,2019
DeForest Buckner,SF,DT,86,2019
Pierre Garcon,SF,WR,86,2019
Johnny Hekker,LAR,P,86,2019
Danny Amendola,MIA,WR,85,2019
Danny Shelton,NE,DT,85,2019
Joe Haden,PIT,CB,85,2019
Maurkice Pouncey,PIT,C,85,2019
Jack Doyle,IND,TE,85,2019
Johnathan Joseph,HOU,CB,85,2019
Lamar Miller,HOU,HB,85,2019
Tashaun Gipson,JAX,FS,85,2019
Malik Jackson,JAX,DT,85,2019
Taylor Lewan,TEN,LT,85,2019
Jared Cook,LV,TE,85,2019
Marshawn Lynch,LV,HB,85,2019
Nigel Bradham,PHI,LOLB,85,2019
Evan Engram,NYG,TE,85,2019
Chris Jones,DAL,P,85,2019
Matthew Stafford,DET,QB,85,2019
Rick Wagner,DET,RT,85,2019
Dalvin Cook,MIN,HB,85,2019
Jordan Howard,CHI,HB,85,2019
Andrew Sendejo,MIN,SS,85,2019
Robert Alford,ATL,CB,85,2019
Matt Bryant,ATL,K,85,2019
Demario Davis,NO,MLB,85,2019
DeSean Jackson,TB,WR,85,2019
Robbie Gould,SF,K,85,2019
John Johnson III,LAR,SS,85,2019
Jerick McKinnon,SF,HB,85,2019
Ja'Wuan James,MIA,RT,84,2019
Kenny Stills,MIA,WR,84,2019
Robby Anderson,NYJ,WR,84,2019
David Andrews,NE,C,84,2019
Kelvin Benjamin,BUF,WR,84,2019
Charles Clay,BUF,TE,84,2019
Adrian Clayborn,NE,LE,84,2019
Dont'a Hightower,NE,LOLB,84,2019
Leonard Williams,NYJ,LE,84,2019
Giovani Bernard,CIN,HB,84,2019
Morgan Burnett,PIT,SS,84,2019
Michael Crabtree,BAL,WR,84,2019
Carlos Dunlap,CIN,LE,84,2019
William Jackson,CIN,CB,84,2019
Tony Jefferson,BAL,SS,84,2019
Sam Koch,BAL,P,84,2019
C.J. Mosley,BAL,MLB,84,2019
Anthony Castonzo,IND,LT,84,2019
Eric Ebron,IND,TE,84,2019
Adam Vinatieri,IND,K,84,2019
Marcell Dareus,JAX,DT,84,2019
Myles Jack,JAX,LOLB,84,2019
Marquette King,DEN,P,84,2019
Tahir Whitehead,LV,LOLB,84,2019
Nelson Agholor,PHI,WR,84,2019
Jamison Crowder,WAS,WR,84,2019
Paul Richardson Jr,WAS,WR,84,2019
Theo Riddick,DET,HB,84,2019
Alex Smith,WAS,QB,84,2019
Chris Thompson,WAS,HB,84,2019
Anthony Barr,MIN,ROLB,84,2019
Trey Burton,CHI,TE,84,2019
Danielle Hunter,MIN,LE,84,2019
Danny Trevathan,CHI,MLB,84,2019
Daryl Williams,CAR,RT,84,2019
Ricardo Allen,ATL,FS,84,2019
Jason Pierre-Paul,TB,LE,84,2019
Marcus Williams,NO,FS,84,2019
Kyle Juszczyk,SF,FB,84,2019
Patrick Chung,NE,SS,83,2019
Stephen Gostkowski,NE,K,83,2019
Chris Hogan,NE,WR,83,2019
Jerry Hughes,BUF,RE,83,2019
Jermaine Kearse,NYJ,WR,83,2019
Shaq Mason,NE,RG,83,2019
Steve McLendon,NYJ,DT,83,2019
James White,NE,HB,83,2019
Avery Williamson,NYJ,MLB,83,2019
Duke Johnson Jr,CLE,HB,83,2019
Quenton Nelson,IND,LG,83,2019
Al Woods,IND,DT,83,2019
Barry Church,JAX,SS,83,2019
Adoree' Jackson,TEN,CB,83,2019
Bradley Roby,DEN,CB,83,2019
Logan Ryan,TEN,CB,83,2019
Justin Simmons,DEN,FS,83,2019
Derek Wolfe,DEN,LE,83,2019
Travis Benjamin,LAC,WR,83,2019
Derek Carr,LV,QB,83,2019
Dustin Colquitt,KC,P,83,2019
Karl Joseph,LV,SS,83,2019
Corey Liuget,LAC,DT,83,2019
Sammy Watkins,KC,WR,83,2019
Trevor Williams,LAC,CB,83,2019
Tim Jernigan,PHI,DT,83,2019
Nate Solder,NYG,LT,83,2019
Darren Sproles,PHI,HB,83,2019
Jonathan Stewart,NYG,HB,83,2019
Mike Wallace,PHI,WR,83,2019
Ezekiel Ansah,DET,RE,83,2019
Randall Cobb,GB,WR,83,2019
Vernon Davis,WAS,TE,83,2019
Blake Martinez,GB,MLB,83,2019
Muhammad Wilkerson,GB,LE,83,2019
Tarik Cohen,CHI,HB,83,2019
Thomas Davis Sr,CAR,ROLB,83,2019
Dontari Poe,CAR,DT,83,2019
Sheldon Richardson,MIN,DT,83,2019
Vinny Curry,TB,RE,83,2019
Cameron Meredith,NO,WR,83,2019
Patrick Robinson,NO,CB,83,2019
Ryan Schraeder,ATL,RT,83,2019
K.J. Wright,SEA,ROLB,83,2019
Jimmy Garoppolo,SF,QB,83,2019
Jared Goff,LAR,QB,83,2019
Marquise Goodwin,SF,WR,83,2019
Jaquiski Tartt,SF,SS,83,2019
Robert Woods,LAR,WR,83,2019
Kenyan Drake,MIA,HB,82,2019
Trent Brown,NE,RT,82,2019
Malcom Brown,NE,DT,82,2019
Marcus Cannon,NE,RT,82,2019
Trumaine Johnson,NYJ,CB,82,2019
Kyle Williams,BUF,DT,82,2019
Carl Lawson,CIN,RE,82,2019
Josh Gordon,CLE,WR,82,2019
Carlos Hyde,CLE,HB,82,2019
Mychal Kendricks,CLE,MLB,82,2019
Deshaun Watson,HOU,QB,82,2019
Johnathan Cyprien,TEN,SS,82,2019
Ron Leary,DEN,LG,82,2019
Marqise Lee,JAX,WR,82,2019
Rishard Matthews,TEN,WR,82,2019
Jahleel Addae,LAC,FS,82,2019
Kendall Fuller,KC,CB,82,2019
Marcus Gilchrist,LV,FS,82,2019
Anthony Hitchens,KC,MLB,82,2019
Tyrell Williams,LAC,WR,82,2019
Saquon Barkley,NYG,HB,82,2019
David Irving,DAL,DT,82,2019
Dak Prescott,DAL,QB,82,2019
Sterling Shepard,NYG,WR,82,2019
Dalvin Tomlinson,NYG,RE,82,2019
Olivier Vernon,NYG,ROLB,82,2019
Ameer Abdullah,DET,HB,82,2019
Marcedes Lewis,GB,TE,82,2019
Nick Perry,GB,ROLB,82,2019
Matt Prater,DET,K,82,2019
Kirk Cousins,MIN,QB,82,2019
Devin Funchess,CAR,WR,82,2019
Latavius Murray,MIN,HB,82,2019
Julius Peppers,CAR,LE,82,2019
Trai Turner,CAR,RG,82,2019
Terron Armstead,NO,LT,82,2019
Vic Beasley Jr,ATL,LE,82,2019
Cameron Brate,TB,TE,82,2019
Ken Crawley,NO,CB,82,2019
Ted Ginn Jr,NO,WR,82,2019
Takkarist McKinley,ATL,LE,82,2019
Thomas Morstead,NO,P,82,2019
Ron Parker,ATL,FS,82,2019
Brooks Reed,ATL,RE,82,2019
Mohamed Sanu Sr,ATL,WR,82,2019
Max Unger,NO,C,82,2019
Tyler Lockett,SEA,WR,82,2019
Antoine Bethea,ARI,FS,82,2019
Nickell Robey-Coleman,LAR,CB,82,2019
Jermaine Gresham,ARI,TE,82,2019
DeVante Parker,MIA,WR,81,2019
Robert Quinn,MIA,RE,81,2019
Dwayne Allen,NE,TE,81,2019
Trent Murphy,BUF,RE,81,2019
Artie Burns,PIT,CB,81,2019
Alex Collins,BAL,HB,81,2019
Joe Mixon,CIN,HB,81,2019
Shawn Williams,CIN,SS,81,2019
Will Fuller V,HOU,WR,81,2019
Zach Fulton,HOU,LG,81,2019
Derrick Kindred,CLE,SS,81,2019
Baker Mayfield,CLE,QB,81,2019
Whitney Mercilus,HOU,LOLB,81,2019
David Njoku,CLE,TE,81,2019
D.J. Reader,HOU,DT,81,2019
Tyrod Taylor,CLE,QB,81,2019
Shaquil Barrett,DEN,ROLB,81,2019
Jack Conklin,TEN,RT,81,2019
Dante Fowler Jr,JAX,LE,81,2019
Austin Seferian-Jenkins,JAX,TE,81,2019
DaQuan Jones,TEN,LE,81,2019
Case Keenum,DEN,QB,81,2019
Matt Paradis,DEN,C,81,2019
Martavis Bryant,LV,WR,81,2019
Laurent Duvernay-Tardif,KC,RG,81,2019
Austin Ekeler,LAC,HB,81,2019
Bruce Irvin,LV,RE,81,2019
Desmond King,LAC,CB,81,2019
Chidobe Awuzie,DAL,CB,81,2019
Cole Beasley,DAL,WR,81,2019
Jake Elliott,PHI,K,81,2019
Jordan Hicks,PHI,MLB,81,2019
Allen Hurns,DAL,WR,81,2019
Rodney McLeod Jr,PHI,FS,81,2019
Chris Long,PHI,LE,81,2019
Jalen Mills,PHI,CB,81,2019
Bryan Bulaga,GB,RT,81,2019
Pernell McPhee,WAS,LOLB,81,2019
Ty Montgomery,GB,HB,81,2019
Tavon Wilson Sr,DET,SS,81,2019
Tress Way,WAS,P,81,2019
Anthony Zettel,DET,LE,81,2019
C.J. Anderson,CAR,HB,81,2019
Taylor Gabriel,CHI,WR,81,2019
Zach Miller,CHI,TE,81,2019
Roquan Smith,CHI,MLB,81,2019
Cody Whitehair,CHI,LG,81,2019
Bryan Anger,TB,P,81,2019
Matt Bosher,ATL,P,81,2019
De'Vondre Campbell,ATL,ROLB,81,2019
Tyeler Davison,NO,DT,81,2019
Josh Hill,NO,TE,81,2019
Ali Marpet,TB,RG,81,2019
Jake Matthews,ATL,LT,81,2019
Alex Okafor,NO,RE,81,2019
Duane Brown,SEA,LT,81,2019
Frank Clark,SEA,LE,81,2019
Sebastian Janikowski,SEA,K,81,2019
Brandon Marshall,SEA,WR,81,2019
Corey Peters,ARI,DT,81,2019
Weston Richburg,SF,C,81,2019
Matt Haack,MIA,P,80,2019
Ryan Allen,NE,P,80,2019
Henry Anderson,NYJ,RE,80,2019
Duron Harmon,NE,FS,80,2019
Chris Ivory,BUF,HB,80,2019
Buster Skrine,NYJ,CB,80,2019
Brandon Carr,BAL,CB,80,2019
Javon Hargrave,PIT,DT,80,2019
Marlon Humphrey,BAL,CB,80,2019
Matthew Judon,BAL,LOLB,80,2019
Dre Kirkpatrick,CIN,CB,80,2019
JuJu Smith-Schuster,PIT,WR,80,2019
T.J. Watt,PIT,ROLB,80,2019
Briean Boddy-Calhoun,CLE,CB,80,2019
T.J. Carrie,CLE,CB,80,2019
Matthias Farley,IND,SS,80,2019
E.J. Gaines,CLE,CB,80,2019
Denzel Ward,CLE,CB,80,2019
Blake Bortles,JAX,QB,80,2019
Bradley Chubb,DEN,RE,80,2019
Corey Davis,TEN,WR,80,2019
Ben Jones,TEN,C,80,2019
Josh Kline,TEN,RG,80,2019
Brandon McManus,DEN,K,80,2019
Darian Stewart,DEN,SS,80,2019
Dede Westbrook,JAX,WR,80,2019
Wesley Woodyard,TEN,MLB,80,2019
David Amerson,KC,CB,80,2019
Harrison Butker,KC,K,80,2019
Mario Edwards Jr,LV,DT,80,2019
Justin Ellis,LV,DT,80,2019
Derwin James,LAC,SS,80,2019
Derrick Johnson,LV,MLB,80,2019
Russell Okung,LAC,LT,80,2019
Mitchell Schwartz,KC,RT,80,2019
Tavon Austin,DAL,HB,80,2019
Dan Bailey,DAL,K,80,2019
Derek Barnett,PHI,RE,80,2019
Tyrone Crawford,DAL,RE,80,2019
Nick Foles,PHI,QB,80,2019
Byron Jones,DAL,CB,80,2019
Haloti Ngata,PHI,DT,80,2019
Matthew Ioannidis,WAS,LE,80,2019
Sam Martin,DET,P,80,2019
Mario Addison,CAR,RE,80,2019
Bryce Callahan,CHI,CB,80,2019
Kyle Fuller,CHI,CB,80,2019
Graham Gano,CAR,K,80,2019
Eddie Jackson,CHI,FS,80,2019
Shaq Thompson,CAR,LOLB,80,2019
Trae Waynes,MIN,CB,80,2019
Kwon Alexander,TB,MLB,80,2019
Austin Hooper,ATL,TE,80,2019
Sheldon Rankins,NO,DT,80,2019
Mitch Unrein,TB,DT,80,2019
Benjamin Watson,NO,TE,80,2019
Jameis Winston,TB,QB,80,2019
Greg Zuerlein,LAR,K,80,2019
Shaquill Griffin,SEA,CB,80,2019
Rodger Saffold III,LAR,LG,80,2019
Cooper Kupp,LAR,WR,80,2019
Bradley Pinion,SF,P,80,2019
Justin Pugh,ARI,RG,80,2019
Jamar Taylor,ARI,CB,80,2019
Minkah Fitzpatrick,MIA,CB,79,2019
Bobby McCain,MIA,CB,79,2019
Kelvin Beachum,NYJ,LT,79,2019
Isaiah Crowell,NYJ,HB,79,2019
Quincy Enunwa,NYJ,WR,79,2019
Stephen Hauschka,BUF,K,79,2019
Jordan Jenkins,NYJ,LOLB,79,2019
Bilal Powell,NYJ,HB,79,2019
Joe Thuney,NE,LG,79,2019
Jordan Berry,PIT,P,79,2019
Chris Boswell,PIT,K,79,2019
John Brown,BAL,WR,79,2019
Darqueze Dennard,CIN,CB,79,2019
Joe Flacco,BAL,QB,79,2019
Cordy Glenn,CIN,LT,79,2019
Willie Henry,BAL,LE,79,2019
George Iloka,CIN,FS,79,2019
Lamar Jackson,BAL,QB,79,2019
Michael Johnson,CIN,RE,79,2019
Tyler Kroft,CIN,TE,79,2019
Brandon LaFell,CIN,WR,79,2019
Vance McDonald,PIT,TE,79,2019
Ronnie Stanley,BAL,LT,79,2019
Tavon Young,BAL,CB,79,2019
Corey Coleman,CLE,WR,79,2019
Aaron Colvin,HOU,CB,79,2019
Zach Cunningham,HOU,MLB,79,2019
Damarious Randall,CLE,FS,79,2019
Garett Bolles,DEN,LT,79,2019
Keelan Cole,JAX,WR,79,2019
Brett Kern,TEN,P,79,2019
Bennie Logan,TEN,DT,79,2019
Marcus Mariota,TEN,QB,79,2019
Donte Moncrief,JAX,WR,79,2019
Domata Peko Sr,DEN,DT,79,2019
Tank Carradine,LV,RE,79,2019
Gabe Jackson,LV,RG,79,2019
Reggie Ragland,KC,MLB,79,2019
Spencer Ware,KC,HB,79,2019
Charcandrick West,KC,HB,79,2019
Damien Williams,KC,HB,79,2019
Kerwynn Williams,KC,HB,79,2019
Mike Williams,LAC,WR,79,2019
Kony Ealy,DAL,RE,79,2019
Jourdan Lewis,DAL,CB,79,2019
Terrance Williams,DAL,WR,79,2019
Stefen Wisniewski,PHI,LG,79,2019
Jonathan Allen,WAS,RE,79,2019
Quinton Dunbar,WAS,CB,79,2019
Mike Adams,CAR,SS,79,2019
Prince Amukamara,CHI,CB,79,2019
Leonard Floyd,CHI,ROLB,79,2019
Charles Leno Jr,CHI,LT,79,2019
Eric Kendricks,MIN,MLB,79,2019
Kyle Long,CHI,RG,79,2019
Ryan Quigley,MIN,P,79,2019
Chris Godwin,TB,WR,79,2019
O.J. Howard,TB,TE,79,2019
Adam Humphries,TB,WR,79,2019
Andy Levitre,ATL,LG,79,2019
Wil Lutz,NO,K,79,2019
David Onyemata,NO,DT,79,2019
Brian Poole,ATL,CB,79,2019
Vita Vea,TB,DT,79,2019
Arik Armstead,SF,LE,79,2019
Budda Baker,ARI,SS,79,2019
Sam Bradford,ARI,QB,79,2019
Rob Havenstein,LAR,RT,79,2019
Dion Jordan,SEA,RE,79,2019
Andy Lee,ARI,P,79,2019
Jarran Reed,SEA,DT,79,2019
Charles Harris,MIA,RE,78,2019
Ryan Tannehill,MIA,QB,78,2019
Lorenzo Alexander,BUF,LOLB,78,2019
Teddy Bridgewater,NYJ,QB,78,2019
Rex Burkhead,NE,HB,78,2019
Morris Claiborne,NYJ,CB,78,2019
Vontae Davis,BUF,CB,78,2019
Lawrence Guy,NE,DT,78,2019
Marcus Maye,NYJ,FS,78,2019
Josh McCown,NYJ,QB,78,2019
Cairo Santos,NYJ,K,78,2019
Ramon Foster,PIT,LG,78,2019
Mike Hilton,PIT,CB,78,2019
Hayden Hurst,BAL,TE,78,2019
Anthony Levine Sr,BAL,SS,78,2019
Patrick Ricard,BAL,FB,78,2019
Alejandro Villanueva,PIT,LT,78,2019
Vince Williams,PIT,MLB,78,2019
Jordan Willis,CIN,RE,78,2019
Clayton Geathers,IND,FS,78,2019
Ryan Grant,IND,WR,78,2019
T.J. Green,IND,SS,78,2019
Malik Hooker,IND,FS,78,2019
Kareem Jackson,HOU,CB,78,2019
Shane Lechler,HOU,P,78,2019
Benardrick McKinney,HOU,MLB,78,2019
Jack Mewhort,IND,RG,78,2019
Corey Moore,HOU,FS,78,2019
Emmanuel Ogbah,CLE,LE,78,2019
Jabrill Peppers,CLE,SS,78,2019
John Simon,IND,LOLB,78,2019
Todd Davis,DEN,MLB,78,2019
Cody Davis,JAX,FS,78,2019
Shelby Harris,DEN,LE,78,2019
Josh Lambo,JAX,K,78,2019
Jermey Parnell,JAX,RT,78,2019
T.J. Yeldon,JAX,HB,78,2019
Forrest Lamp,LAC,RG,78,2019
Denzel Perryman,LAC,ROLB,78,2019
Caleb Sturgis,LAC,K,78,2019
Will Hernandez,NYG,LG,78,2019
Josh Doctson,WAS,WR,78,2019
Kenny Golladay,DET,WR,78,2019
Derrius Guice,WAS,HB,78,2019
Kerry Hyder Jr,DET,LE,78,2019
Lance Kendricks,GB,TE,78,2019
Morgan Moses,WAS,RT,78,2019
Jake Ryan,GB,MLB,78,2019
Orlando Scandrick,WAS,CB,78,2019
Preston Smith,WAS,ROLB,78,2019
Tramon Williams,GB,CB,78,2019
James Bradberry,CAR,CB,78,2019
Kai Forbath,MIN,K,78,2019
Eddie Goldman,CHI,DT,78,2019
Nick Kwiatkoski,CHI,MLB,78,2019
Terence Newman,MIN,CB,78,2019
Michael Palardy,CAR,P,78,2019
Torrey Smith,CAR,WR,78,2019
Kendall Wright,MIN,WR,78,2019
Ryan Jensen,TB,C,78,2019
Craig Robertson,NO,ROLB,78,2019
Noah Spence,TB,RE,78,2019
Justin Britt,SEA,C,78,2019
Jaron Brown,SEA,WR,78,2019
Phil Dawson,ARI,K,78,2019
Mike McGlinchey,SF,RT,78,2019
Barkevious Mingo,SEA,LOLB,78,2019
Josh Rosen,ARI,QB,78,2019
John Sullivan,LAR,C,78,2019
Solomon Thomas,SF,RE,78,2019
A.J. Derby,MIA,TE,77,2019
Mike Gesicki,MIA,TE,77,2019
Tony Lippett,MIA,CB,77,2019
Laremy Tunsil,MIA,LT,77,2019
Albert Wilson,MIA,WR,77,2019
Dion Dawkins,BUF,LT,77,2019
Lac Edwards,NYJ,P,77,2019
Mike Gillislee,NE,HB,77,2019
Jeremy Kerley,BUF,WR,77,2019
Shaq Lawson,BUF,LE,77,2019
Jordan Matthews,NE,WR,77,2019
Sony Michel,NE,HB,77,2019
Will Tye,NE,TE,77,2019
Isaiah Wynn,NE,LT,77,2019
Tyson Alualu,PIT,RE,77,2019
Clint Boling,CIN,LG,77,2019
Andy Dalton,CIN,QB,77,2019
Jesse James,PIT,TE,77,2019
Denico Autry,IND,RE,77,2019
Seth DeValve,CLE,TE,77,2019
Bruce Ellington,HOU,WR,77,2019
Darren Fells,CLE,TE,77,2019
Margus Hunt,IND,LE,77,2019
Christian Kirksey,CLE,ROLB,77,2019
Marlon Mack,IND,HB,77,2019
Larry Ogunjobi,CLE,DT,77,2019
Rigoberto Sanchez,IND,P,77,2019
J.C. Tretter,CLE,C,77,2019
Abry Jones,JAX,DT,77,2019
Brandon Marshall,DEN,MLB,77,2019
Shane Ray,DEN,ROLB,77,2019
Ryan Succop,TEN,K,77,2019
Allen Bailey,KC,LE,77,2019
Jatavis Brown,LAC,ROLB,77,2019
Gareon Conley,LV,CB,77,2019
Patrick Mahomes II,KC,QB,77,2019
Brandon Mebane,LAC,DT,77,2019
Kolton Miller,LV,RT,77,2019
Reggie Nelson,LV,FS,77,2019
Steven Nelson,KC,CB,77,2019
Seth Roberts,LV,WR,77,2019
Taco Charlton,DAL,LE,77,2019
Corey Clement,PHI,HB,77,2019
Rhett Ellison,NYG,TE,77,2019
Leighton Vander Esch,DAL,LOLB,77,2019
Dallas Goedert,PHI,TE,77,2019
Sidney Jones IV,PHI,CB,77,2019
John Jerry,NYG,RG,77,2019
Xavier Woods,DAL,FS,77,2019
Jaire Alexander,GB,CB,77,2019
Mason Crosby,GB,K,77,2019
Jarrad Davis,DET,MLB,77,2019
Taylor Decker,DET,LT,77,2019
Quandre Diggs,DET,CB,77,2019
Devon Kennard,DET,ROLB,77,2019
Kevin King,GB,CB,77,2019
Corey Linsley,GB,C,77,2019
Da'Ron Payne,WAS,DT,77,2019
A'Shawn Robinson,DET,DT,77,2019
Luke Willson,DET,TE,77,2019
Daniel Carlson,MIN,K,77,2019
D.J. Moore,CAR,WR,77,2019
Riley Reiff,MIN,LT,77,2019
Dion Sims,CHI,TE,77,2019
Chandler Catanzaro,TB,K,77,2019
Brandon Coleman,NO,WR,77,2019
Vernon Hargreaves III,TB,CB,77,2019
Ronald Jones II,TB,HB,77,2019
Charles Sims III,TB,HB,77,2019
Calvin Ridley,ATL,WR,77,2019
Manti Te'o,NO,MLB,77,2019
Larry Warford,NO,RG,77,2019
Mark Barron,LAR,MLB,77,2019
Adrian Colbert,SF,FS,77,2019
Ed Dickson,SEA,TE,77,2019
Michael Dickson,SEA,P,77,2019
Gerald Everett,LAR,TE,77,2019
Tyler Higbee,LAR,TE,77,2019
George Kittle,SF,TE,77,2019
J.D. McKissic,SEA,HB,77,2019
J.J. Nelson,ARI,WR,77,2019
Jimmie Ward,SF,FS,77,2019
Frank Gore,MIA,HB,76,2019
T.J. McDonald Jr,MIA,FS,76,2019
Terrence Brooks,NYJ,SS,76,2019
James Develin,NE,FB,76,2019
Jeremy Hill,NE,HB,76,2019
Jonathan Jones,NE,CB,76,2019
Star Lotulelei,BUF,DT,76,2019
Matt Milano,BUF,ROLB,76,2019
Kyle Van Noy,NE,ROLB,76,2019
Cordarrelle Patterson,NE,WR,76,2019
Darryl Roberts,NYJ,CB,76,2019
Chris Baker,CIN,DT,76,2019
Orlando Brown,BAL,LT,76,2019
Randy Bullock,CIN,K,76,2019
Willie Snead IV,BAL,WR,76,2019
John Ross,CIN,WR,76,2019
Jacoby Brissett,IND,QB,76,2019
Nick Chubb,CLE,HB,76,2019
Jamie Collins Sr,CLE,LOLB,76,2019
Ryan Kelly,IND,C,76,2019
Joe Schobert,CLE,MLB,76,2019
Devontae Booker,DEN,HB,76,2019
Taven Bryan,JAX,DT,76,2019
Su'a CBAL,DEN,SS,76,2019
Rashaan Evans,TEN,MLB,76,2019
Corey Grant,JAX,HB,76,2019
Clinton McDonald,DEN,RE,76,2019
Derrick Morgan,TEN,LOLB,76,2019
Taywan Taylor,TEN,WR,76,2019
Chris Conley,KC,WR,76,2019
Eric Fisher,KC,LT,76,2019
Virgil Green,LAC,TE,76,2019
Maurice Hurst,LV,DT,76,2019
Doug Martin,LV,HB,76,2019
Jalen Richard,LV,HB,76,2019
Frostee Rucker,LV,DT,76,2019
Giorgio Tavecchio,LV,K,76,2019
Jaylen Watkins,LAC,SS,76,2019
Maliek Collins,DAL,DT,76,2019
Randy Gregory,DAL,RE,76,2019
Jeff Heath,DAL,SS,76,2019
Eli Manning,NYG,QB,76,2019
Richard Rodgers,PHI,TE,76,2019
Charles Tapper,DAL,LE,76,2019
Connor Williams,DAL,LG,76,2019
Dustin Hopkins,WAS,K,76,2019
T.J. Jones,DET,WR,76,2019
Montae Nicholson,WAS,FS,76,2019
Samaje Perine,WAS,HB,76,2019
Frank Ragnow,DET,C,76,2019
Cornelius Washington,DET,LE,76,2019
Kenjon Barner,CAR,HB,76,2019
Ross Cockrell,CAR,CB,76,2019
Ben Gedeon,MIN,LOLB,76,2019
Ryan Kalil,CAR,C,76,2019
Aaron Lynch,CHI,LOLB,76,2019
Pat O'Donnell,CHI,P,76,2019
Cody Parkey,CHI,K,76,2019
Mike Remmers,MIN,RT,76,2019
Kevon Seymour,CAR,CB,76,2019
Adam Shaheen,CHI,TE,76,2019
Jarius Wright,CAR,WR,76,2019
Trey Hendrickson,NO,LE,76,2019
P.J. Williams,NO,CB,76,2019
Maurice Alexander,SEA,SS,76,2019
Matt Breida,SF,HB,76,2019
Deone Bucannon,ARI,ROLB,76,2019
Brice Butler,ARI,WR,76,2019
Justin Coleman,SEA,CB,76,2019
Markus Golden,ARI,LE,76,2019
D.J. Humphries,ARI,LT,76,2019
Mike Iupati,ARI,LG,76,2019
Byron Maxwell,SEA,CB,76,2019
Bradley McDougald,SEA,FS,76,2019
Jason Myers,SEA,K,76,2019
Rashaad Penny,SEA,HB,76,2019
Dante Pettis,SF,WR,76,2019
Malcolm Smith,SF,ROLB,76,2019
Trent Taylor,SF,WR,76,2019
Korey Toomer,SF,MLB,76,2019
Andre Branch,MIA,RE,75,2019
Gavin Escobar,MIA,TE,75,2019
Xavien Howard,MIA,CB,75,2019
David Bass,NYJ,LOLB,75,2019
Sam Darnold,NYJ,QB,75,2019
Phillip Dorsett,NE,WR,75,2019
Tremaine Edmunds,BUF,MLB,75,2019
Andre Holmes,BUF,WR,75,2019
Zay Jones,BUF,WR,75,2019
Malcolm Mitchell,NE,WR,75,2019
Terrelle Pryor Sr,NYJ,WR,75,2019
Mark Andrews,BAL,TE,75,2019
Nick Boyle,BAL,TE,75,2019
Preston Brown,CIN,MLB,75,2019
Carl Davis,BAL,RE,75,2019
Billy Price,CIN,C,75,2019
Tarell Basham,IND,RE,75,2019
Dylan Cole,HOU,MLB,75,2019
Christian Covington,HOU,RE,75,2019
D'Onta Foreman,HOU,HB,75,2019
Zane Gonzalez,CLE,K,75,2019
Ryan Griffin,HOU,TE,75,2019
Tyquan Lewis,IND,RE,75,2019
Terrance Mitchell,CLE,CB,75,2019
Justin Reid,HOU,SS,75,2019
Braden Smith,IND,RG,75,2019
Adam Gotsis,DEN,RE,75,2019
Harold Landry,TEN,ROLB,75,2019
Tajae Sharpe,TEN,WR,75,2019
Quinton Spain,TEN,LG,75,2019
Courtland Sutton,DEN,WR,75,2019
Drew Kaser,LAC,P,75,2019
Obi Melifonwu,LV,SS,75,2019
Mike Pouncey,LAC,C,75,2019
Demarcus Robinson,KC,WR,75,2019
Ahtyba Rubin,LV,DT,75,2019
Anthony Sherman,KC,FB,75,2019
Johnny Townsend,LV,P,75,2019
Anthony Brown,DAL,CB,75,2019
Riley Dixon,NYG,P,75,2019
Rasul Douglas,PHI,CB,75,2019
Donnel Pumphrey Jr,PHI,HB,75,2019
Aldrick Rosas,NYG,K,75,2019
Jaylon Smith,DAL,MLB,75,2019
Deonte Thompson,DAL,WR,75,2019
Josh Jackson,GB,CB,75,2019
Aaron Jones,GB,HB,75,2019
Robert Kelley,WAS,HB,75,2019
Dean Lowry,GB,LE,75,2019
JK Scott,GB,P,75,2019
Jamaal Williams,GB,HB,75,2019
Sylvester Williams,DET,DT,75,2019
Pat Elflein,MIN,C,75,2019
Mike Hughes,MIN,CB,75,2019
Cre'Von LeBlanc,CHI,CB,75,2019
Beau Allen,TB,DT,75,2019
Kendell Beckwith,TB,LOLB,75,2019
Marcus Davenport,NO,LE,75,2019
Brandon Fusco,ATL,RG,75,2019
William Gholston,TB,LE,75,2019
Terrell McClain,ATL,DT,75,2019
Terrance West,NO,HB,75,2019
Chris Carson,SEA,HB,75,2019
Garrett Celek,SF,TE,75,2019
Dominique Easley,LAR,RE,75,2019
Samson Ebukam,LAR,LOLB,75,2019
Morgan Fox,LAR,LE,75,2019
Nazair Jones,SEA,DT,75,2019
Ricky Seals-Jones,ARI,TE,75,2019
Benson Mayowa,ARI,RE,75,2019
Haason Reddick,ARI,LOLB,75,2019
Jon Ryan,SEA,P,75,2019
Ahkello Witherspoon,SF,CB,75,2019
Davon Godchaux,MIA,DT,74,2019
Jordan Phillips,MIA,DT,74,2019
Akeem Spence,MIA,DT,74,2019
Cordrea Tankersley,MIA,CB,74,2019
Josh Allen,BUF,QB,74,2019
Corey Bojorquez,NE,P,74,2019
Travaris Cadet,BUF,HB,74,2019
Vladimir Ducasse,BUF,RG,74,2019
Marquis Flowers,NE,ROLB,74,2019
Lorenzo Mauldin IV,NYJ,ROLB,74,2019
Taiwan Jones,BUF,HB,74,2019
Deatrich Wise Jr,NE,RE,74,2019
Spencer Long,NYJ,C,74,2019
Eric Rowe,NE,CB,74,2019
Colton Schmidt,BUF,P,74,2019
ArDarius Stewart,NYJ,WR,74,2019
Javorius Allen,BAL,HB,74,2019
Jessie Bates III,CIN,FS,74,2019
Tyler Boyd,CIN,WR,74,2019
Kenneth Dixon,BAL,HB,74,2019
Terrell Edmunds,PIT,SS,74,2019
Patrick Onwuasor,BAL,MLB,74,2019
Breshad Perriman,BAL,WR,74,2019
Za'Darius Smith,BAL,ROLB,74,2019
C.J. Uzomah,CIN,TE,74,2019
James Washington,PIT,WR,74,2019
Maxx Williams,BAL,TE,74,2019
Britton Colquitt,CLE,P,74,2019
Austin Corbett,CLE,RG,74,2019
Nyheim Hines,IND,HB,74,2019
Austin Howard,IND,RT,74,2019
Kevin Johnson,HOU,CB,74,2019
Carl Nassib,CLE,LE,74,2019
Chester Rogers,IND,WR,74,2019
Matt Slauson,IND,LG,74,2019
Jake Butt,DEN,TE,74,2019
Logan Cooke,JAX,P,74,2019
D.J. Hayden,JAX,CB,74,2019
Jeff Heuerman,DEN,TE,74,2019
Austin Johnson,TEN,LE,74,2019
Kendrick Lewis,TEN,FS,74,2019
Will Parks,DEN,FS,74,2019
LeShaun Sims,TEN,CB,74,2019
Jonnu Smith,TEN,TE,74,2019
Jared Veldheer,DEN,RT,74,2019
Jace Amaro,KC,TE,74,2019
Dan Feeney,LAC,LG,74,2019
Dee Ford,KC,ROLB,74,2019
Dexter McDonald,LV,CB,74,2019
T.Y. McGill,KC,LE,74,2019
Adrian Phillips,LAC,FS,74,2019
Ryan Switzer,LV,WR,74,2019
Shane Tripucka,LAC,P,74,2019
DeAndre Washington,LV,HB,74,2019
Xavier Williams,KC,DT,74,2019
Shareece Wright,LV,CB,74,2019
Eli Apple,NYG,CB,74,2019
Wayne Gallman Jr,NYG,HB,74,2019
Alec Ogletree,NYG,MLB,74,2019
Mason Foster,WAS,MLB,74,2019
Davon House,GB,CB,74,2019
Cam Johnson,DET,LOLB,74,2019
Christian Jones,DET,LOLB,74,2019
Josh Jones,GB,SS,74,2019
Nevin Lawson,DET,CB,74,2019
DeShawn Shead,DET,CB,74,2019
Teez Tabor,DET,CB,74,2019
Jonathan Bullard,CHI,RE,74,2019
Vernon Butler Jr,CAR,DT,74,2019
James Daniels,CHI,C,74,2019
Anthony Harris,MIN,FS,74,2019
Donte Jackson,CAR,CB,74,2019
Anthony Miller,CHI,WR,74,2019
Captain Munnerlyn,CAR,CB,74,2019
Curtis Samuel,CAR,WR,74,2019
Mitchell Trubisky,CHI,QB,74,2019
Alex Anzalone,NO,ROLB,74,2019
Vonn Bell,NO,SS,74,2019
Justin Bethel,ATL,CB,74,2019
Kurt Coleman,NO,SS,74,2019
Justin Hardy,ATL,WR,74,2019
Derrick Shelby,ATL,LE,74,2019
Ronald Blair III,SF,RE,74,2019
Robert Nkemdiche,ARI,DT,74,2019
Aldrick Robinson,SF,WR,74,2019
A.Q. Shipley,ARI,C,74,2019
K'Waun Williams,SF,CB,74,2019
Kiko Alonso,MIA,ROLB,73,2019
Jakeem Grant,MIA,WR,73,2019
Daniel Kilgore,MIA,C,73,2019
Raekwon McMillan,MIA,MLB,73,2019
Jason Sanders,MIA,K,73,2019
Russell Bodine,BUF,C,73,2019
Kenny Britt,NE,WR,73,2019
Adam Butler,NE,DT,73,2019
Darron Lee,NYJ,MLB,73,2019
Josh Martin,NYJ,ROLB,73,2019
John Miller,BUF,LG,73,2019
Kevin Minter,NYJ,MLB,73,2019
Nick O'Leary,BUF,TE,73,2019
Thomas Rawls,NYJ,HB,73,2019
Elandon Roberts,NE,MLB,73,2019
Courtney Upshaw,NYJ,LE,73,2019
Clive Walford,NYJ,TE,73,2019
Jon Bostic,PIT,MLB,73,2019
Maurice Canady,BAL,CB,73,2019
James Conner,PIT,HB,73,2019
Sean Davis,PIT,FS,73,2019
Xavier Grimble,PIT,TE,73,2019
Kevin Huber,CIN,P,73,2019
James Hurst,BAL,LG,73,2019
Albert McClellan,BAL,LOLB,73,2019
Nico Siragusa,BAL,LG,73,2019
Tim Williams,BAL,ROLB,73,2019
Pierre Desir,IND,CB,73,2019
Ka'imi Fairbairn,HOU,K,73,2019
Jamie Meder,CLE,DT,73,2019
Braxton Miller,HOU,WR,73,2019
Chris Smith,CLE,RE,73,2019
Justin Vogel,CLE,P,73,2019
Kevin Dodd,TEN,LOLB,73,2019
Royce Freeman,DEN,HB,73,2019
Carlos Henderson,DEN,WR,73,2019
Ben Koyack,JAX,TE,73,2019
Niles Paul,JAX,TE,73,2019
Cam Robinson,JAX,LT,73,2019
Luke Stocker,TEN,TE,73,2019
Roberto Aguayo,LAC,K,73,2019
P.J. Hall,LV,DT,73,2019
Demetrius Harris,KC,TE,73,2019
Tyrone Holmes,KC,LE,73,2019
Jarvis Jenkins,KC,LE,73,2019
Craig Mager,LAC,CB,73,2019
Mitch Morse,KC,C,73,2019
Uchenna Nwosu,LAC,LOLB,73,2019
Daniel Sorensen,KC,SS,73,2019
Breeland Speaks,KC,ROLB,73,2019
Eddie Vanderdoes,LV,DT,73,2019
Daryl Worley,LV,CB,73,2019
Michael Gallup,DAL,WR,73,2019
William Gay,NYG,CB,73,2019
Geoff Swaim,DAL,TE,73,2019
Damien Wilson,DAL,LOLB,73,2019
Marquess Wilson,PHI,WR,73,2019
Kyler Fackrell,GB,ROLB,73,2019
Kerryon Johnson,DET,HB,73,2019
Miles Killebrew,DET,SS,73,2019
Stacy McGee,WAS,LE,73,2019
Fabian Moreau,WAS,CB,73,2019
Brian Quick,WAS,WR,73,2019
Michael Roberts,DET,TE,73,2019
Quinten Rollins,GB,CB,73,2019
Lane Taylor,GB,LG,73,2019
Levine Toilolo,DET,TE,73,2019
Sam Acho,CHI,ROLB,73,2019
Mackensie Alexander,MIN,CB,73,2019
Josh Bellamy,CHI,WR,73,2019
Marcus Cooper Sr,CHI,CB,73,2019
Wes Horton,CAR,RE,73,2019
David Morgan II,MIN,TE,73,2019
Kyle Love,CAR,DT,73,2019
Brian Robison,MIN,LE,73,2019
Da'Norris Searcy,CAR,SS,73,2019
Laquon Treadwell,MIN,WR,73,2019
Kevin White,CHI,WR,73,2019
Jay Bromley,NO,DT,73,2019
Chris Conte,TB,FS,73,2019
Ryan Fitzpatrick,TB,QB,73,2019
M.J. Stewart Jr,TB,CB,73,2019
Damontae Kazee,ATL,FS,73,2019
Zach Line,NO,FB,73,2019
Isaiah Oliver,ATL,CB,73,2019
Ryan Smith,TB,CB,73,2019
Evan Smith,TB,LG,73,2019
Jeremiah Attaochu,SF,ROLB,73,2019
Josh Bynes,ARI,MLB,73,2019
Mike Davis,SEA,HB,73,2019
Dontae Johnson,SEA,CB,73,2019
Christian Kirk,ARI,WR,73,2019
Jeff Locke,SF,P,73,2019
Earl Mitchell,SF,DT,73,2019
Olsen Pierre,ARI,DT,73,2019
Josh Reynolds,LAR,WR,73,2019
Andre Smith,ARI,RT,73,2019
Ethan Westbrooks,LAR,LE,73,2019
Ramik Wilson,LAR,MLB,73,2019
Stephone Anthony,MIA,LOLB,72,2019
Brock Osweiler,MIA,QB,72,2019
Rafael Bush,BUF,FS,72,2019
Duke Dawson Jr,NE,CB,72,2019
Phillip Gaines,BUF,CB,72,2019
Jacob Hollister,NE,TE,72,2019
Kevin Pierre-Louis,NYJ,LOLB,72,2019
Elijah McGuire,NYJ,HB,72,2019
Jordan Mills,BUF,RT,72,2019
Troy Niklas,NE,TE,72,2019
Tenny Palepoi,BUF,DT,72,2019
Derek Rivers,NE,ROLB,72,2019
Deon Simon,NYJ,DT,72,2019
Eddie Yarbrough,BUF,LE,72,2019
Tyus Bowser,BAL,LOLB,72,2019
Bud Dupree,PIT,LOLB,72,2019
Ryan Glasgow,CIN,DT,72,2019
Justin Hunter,PIT,WR,72,2019
Mark Walton Jr,CIN,HB,72,2019
Mason Rudolph,PIT,QB,72,2019
Coty Sensabaugh,PIT,CB,72,2019
Brent Urban,BAL,RE,72,2019
Johnson Bademosi,HOU,CB,72,2019
Ibraheim Campbell,HOU,FS,72,2019
Trevon Coley,CLE,DT,72,2019
Keke Coutee,HOU,WR,72,2019
Nate Hairston,IND,CB,72,2019
Joel Heath,HOU,RE,72,2019
Senio Kelemete,HOU,RG,72,2019
Darius Leonard,IND,MLB,72,2019
Chris McCain,IND,RE,72,2019
Hassan Ridgeway,IND,DT,72,2019
Kemoko Turay,IND,ROLB,72,2019
Carlos Watkins,HOU,LE,72,2019
Quincy Wilson,IND,CB,72,2019
Tramaine Brock Sr,DEN,CB,72,2019
D.J. Chark,JAX,WR,72,2019
Will Compton,TEN,MLB,72,2019
James O'Shaughnessy,JAX,TE,72,2019
Dawuane Smoot,JAX,LE,72,2019
DeMarcus Walker,DEN,LE,72,2019
Joe Barksdale,LAC,RT,72,2019
Kyle Emanuel,LAC,LOLB,72,2019
Derrick Nnadi,KC,DT,72,2019
Darius Philon,LAC,DT,72,2019
Lorenzo Carter,NYG,ROLB,72,2019
La'el Collins,DAL,RT,72,2019
Kavon Frazier,DAL,SS,72,2019
B.J. Goodson,NYG,MLB,72,2019
Brett Jones,NYG,C,72,2019
Roger Lewis Jr,NYG,WR,72,2019
Cody Latimer,NYG,WR,72,2019
Justin March-Lillard,DAL,ROLB,72,2019
Kareem Martin,NYG,LOLB,72,2019
Josh Mauro,NYG,RE,72,2019
Russell Shepard,NYG,WR,72,2019
Michael Thomas,NYG,SS,72,2019
Paul Worrilow,PHI,LOLB,72,2019
Ryan Anderson,WAS,ROLB,72,2019
DeShone Kizer,GB,QB,72,2019
Damiere Byrd,CAR,WR,72,2019
Bennie Fowler III,CHI,WR,72,2019
LaDarius Gunter,CAR,CB,72,2019
Daeshon Hall,CAR,RE,72,2019
John Jenkins,CHI,DT,72,2019
Matt Kalil,CAR,LT,72,2019
Brian O'Neill,MIN,LT,72,2019
David Parry,MIN,DT,72,2019
Marcus Sherels,MIN,CB,72,2019
Michael Hoomanawanui,NO,TE,72,2019
Mitchell Loewen,NO,DT,72,2019
Andrus Peat,NO,LG,72,2019
Jacquizz Rodgers,TB,HB,72,2019
Eric Saubert,ATL,TE,72,2019
Boston Scott,NO,HB,72,2019
Ito Smith,ATL,HB,72,2019
Tre'quan Smith,NO,WR,72,2019
Donovan Smith,TB,LT,72,2019
J.R. Sweezy,TB,RG,72,2019
Stevie Tu'Ikolovatu,TB,DT,72,2019
Blidi Wreh-Wilson,ATL,CB,72,2019
Jonathan Cooper,SF,LG,72,2019
Sheldon Day,SF,DT,72,2019
Sam Ficken,LAR,K,72,2019
D.J. Fluker,SEA,RG,72,2019
Mike Glennon,ARI,QB,72,2019
Shaquem Griffin,SEA,ROLB,72,2019
Tom Johnson,SEA,DT,72,2019
T.J. Logan,ARI,HB,72,2019
Cassius Marsh,SF,LE,72,2019
Malik McDowell,SEA,DT,72,2019
Sam Shields,LAR,CB,72,2019
Shamar Stephen,SEA,DT,72,2019
Laken Tomlinson,SF,LG,72,2019
Kalen Ballage,MIA,HB,71,2019
James Carpenter,NYJ,LG,71,2019
Xavier Cooper,NYJ,RE,71,2019
Brandon Copeland,NYJ,LE,71,2019
Charles Johnson,NYJ,WR,71,2019
Cyrus Jones,NE,CB,71,2019
Khari Lee,BUF,TE,71,2019
Jordan Leggett,NYJ,TE,71,2019
A.J. McCarron,BUF,QB,71,2019
Rontez Miles,NYJ,FS,71,2019
Harrison Phillips,BUF,DT,71,2019
Rashard Robinson,NYJ,CB,71,2019
Eric Tomlinson,NYJ,TE,71,2019
J.J. Wilcox,NYJ,FS,71,2019
Andrew Billings,CIN,DT,71,2019
Jordan Dangerfield,PIT,FS,71,2019
Robert Griffin III,BAL,QB,71,2019
Sam Hubbard,CIN,LE,71,2019
Vince Mayle,BAL,TE,71,2019
Dan McCullers,PIT,DT,71,2019
Chris Moore,BAL,WR,71,2019
Vincent Rey,CIN,MLB,71,2019
KeiVarae Russell,CIN,CB,71,2019
Nick Vigil,CIN,LOLB,71,2019
L.T. Walton,PIT,LE,71,2019
Matt Wile,PIT,P,71,2019
Stephen Anderson,HOU,TE,71,2019
Brandon Dunn,HOU,DT,71,2019
Chris Hubbard,CLE,RT,71,2019
Anthony Walker Jr,IND,ROLB,71,2019
Ricardo Louis,CLE,WR,71,2019
Nick Martin,HOU,C,71,2019
Christine Michael,IND,HB,71,2019
Rakeem Nunez-Roches,IND,DT,71,2019
Brennan Scarlett,HOU,ROLB,71,2019
Chad Thomas,CLE,RE,71,2019
Robert Turbin,IND,HB,71,2019
A.J. Cann,JAX,RG,71,2019
Rashad Greene Sr,JAX,WR,71,2019
Daesean Hamilton,DEN,WR,71,2019
Zach Kerr,DEN,LE,71,2019
James Cowser,LV,LOLB,71,2019
Leon Hall,LV,CB,71,2019
Treyvon Hester,LV,DT,71,2019
Akeem Hunt,KC,HB,71,2019
Justin Jackson,LAC,HB,71,2019
Nicholas Morrow,LV,ROLB,71,2019
Keith Reaser,KC,CB,71,2019
Isaac Rochell,LAC,LE,71,2019
Lee Smith,LV,TE,71,2019
De'Anthony Thomas,KC,WR,71,2019
Timothy Wright,KC,TE,71,2019
Mack Hollins,PHI,WR,71,2019
Datone Jones,DAL,DT,71,2019
Kyle Lauletta,NYG,QB,71,2019
Jamize Olawale,DAL,FB,71,2019
Bo Scarbrough,DAL,HB,71,2019
Rod Smith,DAL,HB,71,2019
Darian Thompson,NYG,FS,71,2019
Hal Vaitai,PHI,LT,71,2019
Kerry Wynn,NYG,LE,71,2019
Montravius Adams,GB,RE,71,2019
Geronimo Allison,GB,WR,71,2019
Nick Bellore,DET,MLB,71,2019
Vince Biegel,GB,LOLB,71,2019
Graham Glasgow,DET,C,71,2019
Josh Hawkins,GB,CB,71,2019
Ziggy Hood,WAS,DT,71,2019
Jeremiah Ledbetter,DET,DT,71,2019
Keith Marshall,WAS,HB,71,2019
Sean McGrath,DET,TE,71,2019
Ty Nsekhe,WAS,LT,71,2019
Lenzy Pipkins,GB,CB,71,2019
Phil Taylor Sr,WAS,DT,71,2019
Zach Vigil,WAS,MLB,71,2019
Daniel Brown,CHI,TE,71,2019
Nick Easton,MIN,LG,71,2019
Colin Jones,CAR,FS,71,2019
Tavarres King,MIN,WR,71,2019
Bobby Massie,CHI,RT,71,2019
Trevor Siemian,MIN,QB,71,2019
Nick Williams,CHI,RE,71,2019
Peyton Barber,TB,HB,71,2019
Will Clarke VI,TB,RE,71,2019
Jack Crawford,ATL,DT,71,2019
Carlton Davis,TB,CB,71,2019
Jayrone Elliott,NO,LOLB,71,2019
Justin Evans,TB,FS,71,2019
Josh Huff,NO,WR,71,2019
Hau'oli Kikaha,NO,RE,71,2019
A.J. Klein,NO,LOLB,71,2019
Leon McFadden,ATL,CB,71,2019
Duke Riley,ATL,LOLB,71,2019
Tom Savage,NO,QB,71,2019
Deadrin Senat,ATL,DT,71,2019
Keith Tandy,TB,SS,71,2019
Evan Boehm,ARI,RG,71,2019
Jamon Brown,LAR,RG,71,2019
Amara Darboh,SEA,WR,71,2019
Will Dissly,SEA,TE,71,2019
Chase Edmonds,ARI,HB,71,2019
C.J. Goodwin,SF,CB,71,2019
Troy Hill,LAR,CB,71,2019
Marcus Smith II,SEA,RE,71,2019
Matt Longacre,LAR,ROLB,71,2019
C.J. Prosise,SEA,HB,71,2019
Nick Vannett,SEA,TE,71,2019
Fred Warner,SF,MLB,71,2019
Dekoda Watson,SF,LOLB,71,2019
Joe Williams,SF,HB,71,2019
Chase Allen,MIA,MLB,70,2019
Jerome Baker,MIA,LOLB,70,2019
Leonte Carroo,MIA,WR,70,2019
Isaiah Ford,MIA,WR,70,2019
Vincent Taylor,MIA,DT,70,2019
Jonathan Woodard,MIA,LE,70,2019
Braxton Berrios,NE,WR,70,2019
Juston Burris,NYJ,CB,70,2019
Trenton Cannon,NYJ,HB,70,2019
Terrence Fede,BUF,LE,70,2019
Ted Karras,NE,RG,70,2019
Deon Lacey,BUF,LOLB,70,2019
Kelcie McCray,BUF,SS,70,2019
Marcus Murphy,BUF,HB,70,2019
Owa Odighizuwa,BUF,RE,70,2019
Nathan Shepherd,NYJ,RE,70,2019
Rod Streater,BUF,WR,70,2019
Travis Swanson,NYJ,C,70,2019
Logan Thomas,BUF,TE,70,2019
Vincent Valentine,NE,DT,70,2019
LaAdrian Waddle,NE,LT,70,2019
Adolphus Washington,BUF,DT,70,2019
Anthony Averett,BAL,CB,70,2019
B.J. Finney,PIT,LG,70,2019
Jake Fisher,CIN,RT,70,2019
Trey Hopkins,CIN,RG,70,2019
Malik Jefferson,CIN,ROLB,70,2019
Bronson Kaufusi,BAL,RE,70,2019
Alex Lewis,BAL,RT,70,2019
Josh Malone,CIN,WR,70,2019
Chris Wormley,BAL,DT,70,2019
Kenny Young,BAL,MLB,70,2019
Jordan Akins,HOU,TE,70,2019
Jeff Allen,HOU,RG,70,2019
Angelo Blackson,HOU,LE,70,2019
Caleb Brantley,CLE,DT,70,2019
Antonio Callaway,CLE,WR,70,2019
Treston DeCoud,HOU,CB,70,2019
Najee Goode,IND,LOLB,70,2019
Rashard Higgins,CLE,WR,70,2019
Antonio Morrison,IND,MLB,70,2019
Nate Orchard,CLE,LE,70,2019
MyCole Pruitt,HOU,TE,70,2019
Drew Stanton,CLE,QB,70,2019
Jordan Wilkins,IND,HB,70,2019
Blair Brown,JAX,MLB,70,2019
Dane Cruikshank,TEN,CB,70,2019
Troy Fumagalli,DEN,TE,70,2019
Blaine Gabbert,TEN,QB,70,2019
Ronnie Harrison,JAX,SS,70,2019
David King,TEN,RE,70,2019
Brendan Langley,DEN,CB,70,2019
Paxton Lynch,DEN,QB,70,2019
Stansly Maponga Sr,DEN,ROLB,70,2019
Isaiah McKenzie,DEN,WR,70,2019
Jalen Myrick,JAX,CB,70,2019
Tyler Patmon,JAX,CB,70,2019
Carroll Phillips,JAX,RE,70,2019
Jordan Taylor,DEN,WR,70,2019
Austin Traylor,DEN,TE,70,2019
Jarrod Wilson,JAX,SS,70,2019
Isaac Yiadom,DEN,CB,70,2019
Shilique Calhoun,LV,LOLB,70,2019
Derek Carrier,LV,TE,70,2019
Robert Golden,KC,FS,70,2019
Johnny Holton,LV,WR,70,2019
Arden Key,LV,LE,70,2019
Denver Kirkland,LV,LG,70,2019
Emmanuel Lamur,LV,ROLB,70,2019
Kyle Wilber,LV,ROLB,70,2019
Andrew Adams,NYG,FS,70,2019
Dorance Armstrong Jr,DAL,RE,70,2019
Donte Deayon,NYG,CB,70,2019
Nathan Gerry,PHI,ROLB,70,2019
John Greco,NYG,RG,70,2019
Kamu Grugier-Hill,PHI,LOLB,70,2019
B.J. Hill,NYG,LE,70,2019
Blake Jarwin,DAL,TE,70,2019
Steven Means,PHI,LE,70,2019
Corey Nelson,PHI,ROLB,70,2019
Patrick Omameh,NYG,LG,70,2019
Josh Sweat,PHI,RE,70,2019
Joe Thomas,DAL,MLB,70,2019
Chance Warmack,PHI,LG,70,2019
B.W. Webb,NYG,CB,70,2019
Markus Wheaton,PHI,WR,70,2019
Cedrick Wilson,DAL,WR,70,2019
Demetri Goodson,GB,CB,70,2019
Brett Hundley,GB,QB,70,2019
Shawn Lauvao,WAS,LG,70,2019
Marquez Valdes-Scantling,GB,WR,70,2019
Martrell Spaight,WAS,MLB,70,2019
Zach Zenner,DET,HB,70,2019
Marlon Brown,CHI,WR,70,2019
Benny Cunningham,CHI,HB,70,2019
Corn Elder,CAR,CB,70,2019
Jalyn Holmes,MIN,DT,70,2019
Dorian Johnson,CAR,RG,70,2019
Jaleel Johnson,MIN,DT,70,2019
Tyler Larsen,CAR,C,70,2019
David Mayo,CAR,MLB,70,2019
Jordan Morgan,CHI,LG,70,2019
Ian Thomas,CAR,TE,70,2019
John Timu,CHI,MLB,70,2019
Earl Watford,CHI,RG,70,2019
Fozzy Whittaker,CAR,HB,70,2019
Ben Garland,ATL,LG,70,2019
Marvin Hall,ATL,WR,70,2019
George Johnson Jr,NO,RE,70,2019
Josh Robinson,TB,SS,70,2019
Nathan Stupar,NO,LOLB,70,2019
C.J. Beathard,SF,QB,70,2019
Bene' Benwikere,ARI,CB,70,2019
Kendrick Bourne,SF,WR,70,2019
Justin Davis,LAR,HB,70,2019
Rudy Ford,ARI,FS,70,2019
Joshua Garnett,SF,RG,70,2019
Rasheem Green,SEA,RE,70,2019
Rodney Gunter,ARI,DT,70,2019
Bryce Hager,LAR,MLB,70,2019
D.J. Jones,SF,DT,70,2019
John Kelly,LAR,HB,70,2019
Tre Madden,SEA,FB,70,2019
Ejuan Price,LAR,ROLB,70,2019
Tedric Thompson,SEA,SS,70,2019
Walt Aikens,MIA,CB,69,2019
Thomas Duarte,MIA,TE,69,2019
MarQueis Gray,MIA,TE,69,2019
Mike Hull,MIA,MLB,69,2019
Durham Smythe,MIA,TE,69,2019
Gabe Wright,MIA,DT,69,2019
Ja'Whaun Bentley,NE,MLB,69,2019
Keion Crossen,NE,CB,69,2019
Nate Ebner,NE,SS,69,2019
Ryan Groy,BUF,C,69,2019
Chad Hansen,NYJ,WR,69,2019
Christopher Herndon IV,NYJ,TE,69,2019
Brian Hoyer,NE,QB,69,2019
Jason King,NE,LG,69,2019
Parry Nickerson,NYJ,CB,69,2019
Jordan Richards,NE,SS,69,2019
Brandon Shell,NYJ,RT,69,2019
Devin Smith,NYJ,WR,69,2019
Julian Stanford,BUF,ROLB,69,2019
Wyatt Teller,BUF,RG,69,2019
Lucky Whitehead,NYJ,WR,69,2019
Brian Winters,NYJ,RG,69,2019
Brian Allen,PIT,CB,69,2019
Matt Barkley,CIN,QB,69,2019
Darrius Heyward-Bey,PIT,WR,69,2019
Andrew Brown,CIN,DT,69,2019
Cody Core,CIN,WR,69,2019
Kamalei Correa,BAL,MLB,69,2019
Joshua Dobbs,PIT,QB,69,2019
Matt Feiler,PIT,RG,69,2019
Dashaun Phillips,PIT,CB,69,2019
Jaleel Scott,BAL,WR,69,2019
Josh Shaw,CIN,FS,69,2019
Cameron Sutton,PIT,CB,69,2019
Tyrell Adams,IND,LOLB,69,2019
Devon Cajuste,CLE,TE,69,2019
Darrell Daniels,IND,TE,69,2019
Denzelle Good,IND,RT,69,2019
Jermaine Grace,CLE,ROLB,69,2019
Joe Haeg,IND,RG,69,2019
Kenny Moore II,IND,CB,69,2019
Jeff Janis,CLE,WR,69,2019
Darius Kilgo,HOU,DT,69,2019
Ross Travis,IND,TE,69,2019
D.J. White,IND,CB,69,2019
Howard Wilson,CLE,CB,69,2019
Eli Ankou,JAX,DT,69,2019
Michael Bennett,JAX,DT,69,2019
Don Carey,JAX,FS,69,2019
Max Garcia,DEN,LG,69,2019
Deon King,JAX,ROLB,69,2019
Kapron Lewis-Moore,JAX,LE,69,2019
Jaydon Mickens,JAX,WR,69,2019
Kevin Pamphile,TEN,LG,69,2019
Kalan Reed,TEN,CB,69,2019
Tye Smith,TEN,CB,69,2019
Phillip Supernaw,TEN,TE,69,2019
Brandon Thomas,JAX,RG,69,2019
Pharaoh Brown,LV,TE,69,2019
Dylan Cantrell,LAC,WR,69,2019
Dwayne Harris,LV,WR,69,2019
Justin Jones,LAC,DT,69,2019
Marquel Lee,LV,MLB,69,2019
E.J. Manuel,LV,QB,69,2019
Brandon Parker,LV,LT,69,2019
Tremon Smith,KC,CB,69,2019
Damion Square,LAC,DT,69,2019
Kyzir White,LAC,ROLB,69,2019
Frank Zombo,KC,ROLB,69,2019
Ereck Flowers,NYG,RT,69,2019
Rico Gathers,DAL,TE,69,2019
Mark Herzlich,NYG,MLB,69,2019
Avonte Maddox,PHI,CB,69,2019
Travis Rudolph,NYG,WR,69,2019
Dalton Schultz,DAL,TE,69,2019
Bryce Treggs,PHI,WR,69,2019
Jamal Agnew,DET,CB,69,2019
Troy Apke,WAS,FS,69,2019
Tavaris Barnes,WAS,RE,69,2019
Trevor Davis,GB,WR,69,2019
Jonathan Freeny,DET,ROLB,69,2019
Da'Shawn Hand,DET,RE,69,2019
Kevin Hogan,WAS,QB,69,2019
J'Mon Moore,GB,WR,69,2019
Trey Quinn,WAS,WR,69,2019
Jeremy Sprinkle,WAS,TE,69,2019
Tracy Walker,DET,FS,69,2019
Cameron Artis-Payne,CAR,HB,69,2019
Aviante Collins,MIN,RT,69,2019
Tom Compton,MIN,RG,69,2019
Bryan Cox,CAR,LE,69,2019
Rashaan Gaulden,CAR,FS,69,2019
C.J. Ham,MIN,FB,69,2019
Roy Robertson-Harris,CHI,LE,69,2019
Marquis Haynes,CAR,LE,69,2019
Sherrick McManis,CHI,CB,69,2019
Taquan Mizzell,CHI,HB,69,2019
Ifeadi Odenigbo,MIN,RE,69,2019
Stephen Weatherly,MIN,RE,69,2019
Antwione Williams,MIN,ROLB,69,2019
Jermon Bushrod,NO,RG,69,2019
Jack Cichy,TB,ROLB,69,2019
Javien Elliott,TB,CB,69,2019
Adarius Glanton,TB,MLB,69,2019
Woodrow Hamilton,NO,DT,69,2019
Kemal Ishmael,ATL,ROLB,69,2019
Justin Watson,TB,WR,69,2019
D.J. Alexander,SEA,LOLB,69,2019
Malcolm Brown,LAR,HB,69,2019
Blake Countess,LAR,SS,69,2019
Eli Harold,SF,LOLB,69,2019
Delano Hill,SEA,SS,69,2019
Germain Ifedi,SEA,RT,69,2019
Branden Jackson,SEA,LE,69,2019
Quinton Jefferson,SEA,LE,69,2019
Don Jones,SF,FS,69,2019
Gabe Martin,ARI,LE,69,2019
Tanner McEvoy,SEA,WR,69,2019
Tarvarius Moore,SF,FS,69,2019
Mike Person,SF,C,69,2019
Ethan Pocic,SEA,LG,69,2019
Jullian Taylor,SF,DT,69,2019
Brandon Williams,ARI,CB,69,2019
Chad Williams,ARI,WR,69,2019
Cornell Armstrong,MIA,CB,68,2019
Trae Elston,MIA,SS,68,2019
Jordan Lucas,MIA,CB,68,2019
Bryce Petty,MIA,QB,68,2019
Brandon Bolden,NE,HB,68,2019
Antonio Garcia,NYJ,LT,68,2019
Geneo Grissom,NE,RE,68,2019
Jonotthan Harrison,NYJ,RG,68,2019
Ramon Humber,BUF,ROLB,68,2019
Ben Ijalana,NYJ,LT,68,2019
Ryan Izzo,NE,TE,68,2019
Taron Johnson,BUF,CB,68,2019
Harvey Langi,NE,LOLB,68,2019
Eric Lee,NE,LOLB,68,2019
Ray-Ray McCloud,BUF,WR,68,2019
Siran Neal,BUF,SS,68,2019
Marshall Newhouse,BUF,LT,68,2019
Mike Pennel,NYJ,RE,68,2019
Nathan Peterman,BUF,QB,68,2019
Matthew Slater,NE,WR,68,2019
Keith Towbridge,BUF,TE,68,2019
Stanley Jean-Baptiste,BAL,CB,68,2019
Cethan Carter,CIN,FB,68,2019
Anthony Chickillo,PIT,LOLB,68,2019
Jeff Driskel,CIN,QB,68,2019
L.J. Fort,PIT,MLB,68,2019
Davontae Harris,CIN,CB,68,2019
Ryan Hewitt,CIN,FB,68,2019
Jordan Lasley,BAL,WR,68,2019
Roosevelt Nix,PIT,FB,68,2019
Cedric Ogbuehi,CIN,LT,68,2019
Stevan Ridley,PIT,HB,68,2019
Jaylen Samuels,PIT,HB,68,2019
Auden Tate,CIN,WR,68,2019
Alfred Blue,HOU,HB,68,2019
Deon Cain,IND,WR,68,2019
Spencer Drango,CLE,LG,68,2019
Duke Ejiofor,HOU,LOLB,68,2019
Reece Fountain,IND,WR,68,2019
Zaire Franklin,IND,ROLB,68,2019
Ben Heeney,HOU,MLB,68,2019
Seantrel Henderson,HOU,RT,68,2019
Joe Webb III,HOU,QB,68,2019
Ufomba Kamalu,HOU,LOLB,68,2019
Matt Lengel,HOU,TE,68,2019
Grover Stewart,IND,DT,68,2019
Zaire Anderson,DEN,MLB,68,2019
Jayon Brown,TEN,MLB,68,2019
Chad Kelly,DEN,QB,68,2019
Lerentee McCray,JAX,LOLB,68,2019
Connor McGovern,DEN,RG,68,2019
Jeremiah Poutasi,DEN,LG,68,2019
Akrum Wadley,TEN,HB,68,2019
Josh Wells,JAX,LT,68,2019
Marcell Ateman,LV,WR,68,2019
Braedon Bowman,LAC,TE,68,2019
Stefan Charles,KC,RE,68,2019
Sean Culkin,LAC,TE,68,2019
Ukeme Eligwe,KC,MLB,68,2019
Justin Hamilton,KC,DT,68,2019
Rayshawn Jenkins,LAC,SS,68,2019
Tanoh Kpassagnon,KC,LOLB,68,2019
Eric Murray,KC,SS,68,2019
Nick Nelson,LV,CB,68,2019
James Onwualu,LAC,LOLB,68,2019
Will Redmond,KC,CB,68,2019
Geno Smith,LAC,QB,68,2019
Armani Watts,KC,FS,68,2019
Ray-Ray Armstrong,NYG,MLB,68,2019
Noah Brown,DAL,WR,68,2019
Cameron Fleming,DAL,RT,68,2019
Chris Lewis-Harris,NYG,CB,68,2019
Chris Maragos,PHI,FS,68,2019
Avery Moss,NYG,LOLB,68,2019
Lewis Neal,DAL,DT,68,2019
Elijah Qualls,PHI,DT,68,2019
Wendell Smallwood,PHI,HB,68,2019
Destiny Vaeao,PHI,DT,68,2019
Davis Webb,NYG,QB,68,2019
Kentrell Brice,GB,FS,68,2019
Oren Burks,GB,MLB,68,2019
Geron Christian,WAS,LT,68,2019
Tyrell Crosby,DET,LT,68,2019
Joshua Holsey,WAS,CB,68,2019
Anthony Lanier II,WAS,LE,68,2019
Arie Kouandjio,WAS,LG,68,2019
James Looney,GB,DT,68,2019
Jalen Reeves-Maybin,DET,ROLB,68,2019
Alex McCalister,WAS,RE,68,2019
Chase Roullier,WAS,C,68,2019
Greg Stroman,WAS,CB,68,2019
Tashawn Bower,MIN,RE,68,2019
DeAndre Houston-Carson,CHI,FS,68,2019
Tyler Conklin,MIN,TE,68,2019
Danny Isidora,MIN,RG,68,2019
Joel Iyiegbuniwe,CHI,MLB,68,2019
Bilal Nichols,CHI,DT,68,2019
Amini Silatolu,CAR,LT,68,2019
Javon Wims,CHI,WR,68,2019
Chris Banjo,NO,SS,68,2019
Alex Cappa,TB,LG,68,2019
Trey Edmunds,NO,HB,68,2019
Justin Hardee,NO,CB,68,2019
De'Vante Harris,NO,CB,68,2019
Daniel Lasco,NO,HB,68,2019
Kamrin Moore,NO,CB,68,2019
Al-Quadin Muhammad,NO,RE,68,2019
Austin Pasztor,ATL,RT,68,2019
Ty Sambrailo,ATL,LT,68,2019
Matt Schaub,ATL,QB,68,2019
Jordan Whitehead,TB,SS,68,2019
Bryson Albright,ARI,RE,68,2019
Alex Carter,SEA,CB,68,2019
Sebastian Joseph-Day,LAR,DT,68,2019
Antone Exum Jr,SF,SS,68,2019
George Fant,SEA,RT,68,2019
Cole Hikutini,SF,TE,68,2019
Scooby Wright III,ARI,MLB,68,2019
Richie James,SF,WR,68,2019
Micah Kiser,LAR,MLB,68,2019
Elijah Lee,SF,ROLB,68,2019
Cory Littleton,LAR,MLB,68,2019
Greg Mabin,SF,CB,68,2019
Mark Nzeocha,SF,ROLB,68,2019
Ogbonnia Okoronkwo,LAR,ROLB,68,2019
D.J. Reed,SF,CB,68,2019
Tanzel Smart,LAR,RE,68,2019
Kentavius Street,SF,LE,68,2019
Neiko Thorpe,SEA,CB,68,2019
Cole Wick,SF,TE,68,2019
Isaac Asiata,MIA,LG,67,2019
David Fales,MIA,QB,67,2019
Ted Larsen,MIA,RG,67,2019
Breon Borders,BUF,CB,67,2019
Jason Croom,BUF,TE,67,2019
Patrick DiMarco,BUF,FB,67,2019
Dylan Donahue,NYJ,ROLB,67,2019
Obum Gwacham,NYJ,ROLB,67,2019
Neville Hewitt,NYJ,MLB,67,2019
L.J. McCray II,BUF,SS,67,2019
Dean Marlowe,BUF,FS,67,2019
Lafayette Pitts,BUF,CB,67,2019
Austin Proehl,BUF,WR,67,2019
Matt Tobin,NE,RT,67,2019
Keion Adams,PIT,ROLB,67,2019
Marcus Allen,PIT,SS,67,2019
Deshon Elliott,BAL,FS,67,2019
Jordan Evans,CIN,LOLB,67,2019
Clayton Fejedelem,CIN,SS,67,2019
Jerald Hawkins,PIT,LT,67,2019
Tyler Matakevich,PIT,MLB,67,2019
Kai Nacua,BAL,FS,67,2019
Chukwuma Okorafor,PIT,RT,67,2019
Darius Phillips,CIN,CB,67,2019
Mason Schreck,CIN,TE,67,2019
Zach Sieler,BAL,LE,67,2019
Genard Avery,CLE,LOLB,67,2019
Sammie Coates Jr,HOU,WR,67,2019
Shon Coleman,CLE,LT,67,2019
Justin Currie,CLE,FS,67,2019
Jeremiah George,IND,MLB,67,2019
Michael Jordan,CLE,CB,67,2019
Jermaine Kelly Jr,HOU,CB,67,2019
Peter Kalambayi,HOU,ROLB,67,2019
Josh Keyes,HOU,ROLB,67,2019
Martinas Rankin,HOU,LT,67,2019
Damion Ratley,CLE,WR,67,2019
Caraun Reid,IND,DT,67,2019
Greg Robinson,CLE,LT,67,2019
Derron Smith,CLE,SS,67,2019
Donald Stephenson,CLE,RT,67,2019
Erik Swoope,IND,TE,67,2019
Simeon Thomas,CLE,CB,67,2019
Daren Bates,TEN,MLB,67,2019
Michael Campanaro,TEN,WR,67,2019
Leon Jacobs,JAX,LOLB,67,2019
Josey Jewell,DEN,MLB,67,2019
Cody Kessler,JAX,QB,67,2019
Cyrus Kouandjio,DEN,LT,67,2019
Deiontrez Mount,DEN,LOLB,67,2019
Nate Palmer,TEN,MLB,67,2019
Gimel President,TEN,ROLB,67,2019
Marcus Rush,DEN,LOLB,67,2019
Sammy Seamster,JAX,CB,67,2019
Billy Turner,DEN,RG,67,2019
Aaron Wallace,TEN,LOLB,67,2019
DeShawn Williams,DEN,DT,67,2019
Vadal Alexander,LV,RT,67,2019
Fadol Brown,LV,RE,67,2019
Jehu Chesson,KC,WR,67,2019
Michael Davis,LAC,CB,67,2019
Parker Ehinger,KC,LG,67,2019
Jon Feliciano,LV,RG,67,2019
Chad Henne,KC,QB,67,2019
Hayes Pullard III,LAC,MLB,67,2019
Dorian O'Daniel,KC,MLB,67,2019
Terrance Smith,KC,MLB,67,2019
Azeem Victor,LV,MLB,67,2019
Josh Adams,PHI,HB,67,2019
Jerell Adams,NYG,TE,67,2019
Shelton Gibson,PHI,WR,67,2019
Marqueston Huff,DAL,FS,67,2019
RJ McIntosh,NYG,DT,67,2019
Joshua Perkins,PHI,TE,67,2019
Matt Pryor,PHI,RG,67,2019
LaRoy Reynolds,PHI,MLB,67,2019
Robert Thomas,NYG,DT,67,2019
Joe Walker,PHI,MLB,67,2019
Jihad Ward,DAL,DT,67,2019
Chad Wheeler,NYG,LT,67,2019
Marquez White,DAL,CB,67,2019
Trey Williams,DAL,HB,67,2019
Antwaun Woods,DAL,DT,67,2019
Kofi Amichia,GB,RG,67,2019
Alex Barrett,DET,LE,67,2019
Nick Bawden,DET,FB,67,2019
Adam Bisnowaty,DET,RT,67,2019
Equanimeous St. Brown,GB,WR,67,2019
T.J. Clemmings,WAS,RT,67,2019
Marwin Evans,GB,SS,67,2019
Toby Johnson,DET,DT,67,2019
Wesley Johnson,DET,LG,67,2019
Steve Longa,DET,LOLB,67,2019
Justin McCray,GB,RG,67,2019
Christian Ringo,DET,DT,67,2019
Jason Spriggs,GB,LT,67,2019
Dwayne Washington,DET,HB,67,2019
Kenny Wiggins,DET,LG,67,2019
Ade Aruna,MIN,LE,67,2019
Evan Baylis,CAR,TE,67,2019
Ben Braunecker,CHI,TE,67,2019
Kentrell Brothers,MIN,MLB,67,2019
Stacy Coley,MIN,WR,67,2019
Chase Daniel,CHI,QB,67,2019
Lorenzo Doss,CAR,CB,67,2019
Kylie Fitts,CHI,LOLB,67,2019
Doran Grant,CHI,CB,67,2019
Isaiah Irving,CHI,ROLB,67,2019
Ben Jacobs,CAR,LOLB,67,2019
Jayron Kearse,MIN,SS,67,2019
Matthew McCants,CHI,LT,67,2019
Zach Moore,CAR,RE,67,2019
Taylor Moton,CAR,RT,67,2019
Jared Norris,CAR,LOLB,67,2019
Kendrick Norton,CAR,DT,67,2019
Dezmen Southward,CAR,SS,67,2019
Bradley Sowell,CHI,LT,67,2019
Devante Bond,TB,LOLB,67,2019
Riley Bullough,TB,LOLB,67,2019
Garrett Griffin,NO,TE,67,2019
Natrell Jamerson,NO,FS,67,2019
Mike Liedtke,TB,RT,67,2019
Pat O'Connor,TB,LE,67,2019
Logan Paulsen,ATL,TE,67,2019
Garrison Smith,ATL,DT,67,2019
Christian Campbell,ARI,CB,67,2019
Mason Cole,ARI,C,67,2019
John Franklin-Myers,LAR,RE,67,2019
Garry Gilliam,SF,RT,67,2019
Will Holden,ARI,LT,67,2019
Cornelius Lucas,LAR,LT,67,2019
Raheem Mostert,SF,HB,67,2019
Taurean Nixon,LAR,CB,67,2019
Joseph Noteboom,LAR,LT,67,2019
Kevin Peterson,LAR,CB,67,2019
Pita Taumoepenu,SF,LOLB,67,2019
Jesse Davis,MIA,RG,66,2019
Terence Garvin,MIA,ROLB,66,2019
Cameron Malveaux,MIA,LE,66,2019
Luke Bowanko,NE,C,66,2019
Jeremy Clark,NYJ,CB,66,2019
Cole Croston,NE,LG,66,2019
Dakota Dozier,NYJ,LG,66,2019
Folorunso Fatukasi,NYJ,DT,66,2019
Rickey Hatley,BUF,DT,66,2019
Tanner Vallejo,BUF,MLB,66,2019
De'Ondre Wesley,BUF,LT,66,2019
Alex Erickson,CIN,WR,66,2019
Bryce Harris,PIT,LT,66,2019
Jaylen Hill,BAL,CB,66,2019
Ryan Malleck,PIT,TE,66,2019
Tony McRae,CIN,CB,66,2019
Alex Redmond,CIN,RG,66,2019
Josh Tupou,CIN,DT,66,2019
Christian Westerman,CIN,LG,66,2019
Jarveon Williams,CIN,HB,66,2019
James Burgess Jr,CLE,MLB,66,2019
Julie'n Davenport,HOU,LT,66,2019
Kurtis Drummond,HOU,SS,66,2019
Marcus Hardison,HOU,DT,66,2019
Anthony Johnson,IND,LE,66,2019
Kendall Lamm,HOU,LT,66,2019
Chris Milton,IND,CB,66,2019
Jay Prosch,HOU,FB,66,2019
David Quessenberry,HOU,LG,66,2019
Jordan Thomas,HOU,TE,66,2019
Chris Thompson,HOU,WR,66,2019
Dee Virgin,HOU,CB,66,2019
Danny Vitale,CLE,FB,66,2019
Jeremy Vujnovich,IND,LG,66,2019
DeAndrew White,HOU,WR,66,2019
Kasen Williams,IND,WR,66,2019
Tommy Bohanon,JAX,FB,66,2019
Josh Carraway,TEN,ROLB,66,2019
Xavier Su'a-Filo,TEN,RG,66,2019
Demontre Hurst,TEN,SS,66,2019
Andy Janovich,DEN,FB,66,2019
Will Richardson Jr,JAX,RT,66,2019
Dennis Kelly,TEN,RT,66,2019
Corey Levin,TEN,RG,66,2019
Scott Orndoff,JAX,TE,66,2019
Donald Payne,JAX,ROLB,66,2019
William Poehls,JAX,RT,66,2019
Chris Reed,JAX,LG,66,2019
Tyler Shatley,JAX,C,66,2019
Dymonte Thomas,DEN,FS,66,2019
Brynden Trawick,TEN,FS,66,2019
Julius Warmsley,TEN,RE,66,2019
Menelik Watson,DEN,RT,66,2019
Algernon Brown,KC,FB,66,2019
Cameron Erving,KC,LT,66,2019
Leon McQuay III,KC,SS,66,2019
Cardale Jones,LAC,QB,66,2019
Shalom Luani,LV,FS,66,2019
Spencer Pulley,LAC,C,66,2019
Jeff Richards,LAC,CB,66,2019
David Sharpe,LV,LT,66,2019
Nelson Spruce,LAC,WR,66,2019
Jylan Ware,LV,RT,66,2019
Derek Watt,LAC,FB,66,2019
Bryan Witzmann,KC,RT,66,2019
Chris Covington,DAL,ROLB,66,2019
A.J. Francis,NYG,LE,66,2019
Grant Haley,NYG,CB,66,2019
Matt Jones,PHI,HB,66,2019
Ryan O'Malley,NYG,TE,66,2019
Joe Ostman,PHI,RE,66,2019
Brian Price,DAL,DT,66,2019
Kalif Raymond,NYG,WR,66,2019
Kristjan Sokoli,NYG,RG,66,2019
David Wells,DAL,TE,66,2019
Teddy Williams,NYG,CB,66,2019
Tony Bergstrom,WAS,LG,66,2019
Kapri Bibbs,WAS,HB,66,2019
Donatello Brown,GB,CB,66,2019
Deshazor Everett,WAS,SS,66,2019
Shaun Dion Hamilton,WAS,MLB,66,2019
Danny Johnson,WAS,CB,66,2019
Cole Madison,GB,RG,66,2019
Brian Mihalik,DET,LT,66,2019
Lucas Patrick,GB,LG,66,2019
Tim Settle,WAS,DT,66,2019
Hakeem Valles,DET,TE,66,2019
Charles Washington,DET,FS,66,2019
DeAngelo Yancey,GB,WR,66,2019
Josh Andrews,MIN,LG,66,2019
Jermaine Carter Jr,CAR,MLB,66,2019
Rashaad Coward,CHI,RE,66,2019
Demetrious Cox,CAR,SS,66,2019
Colby Gossett,MIN,LG,66,2019
Rashod Hill,MIN,LT,66,2019
Chris Manhertz,CAR,TE,66,2019
Jack Tocho,MIN,SS,66,2019
Eric Wilson,MIN,LOLB,66,2019
Caleb Benenoch,TB,RT,66,2019
Jamil Douglas,ATL,RG,66,2019
Josh LeRibeus,NO,C,66,2019
Cameron Lynch,TB,ROLB,66,2019
Arthur Maulet,NO,CB,66,2019
Michael Ola,NO,LT,66,2019
Foyesade Oluokun,ATL,MLB,66,2019
Wes Schweitzer,ATL,RG,66,2019
Brian Allen,LAR,C,66,2019
Willie Beavers,SEA,RT,66,2019
Chunky Clements,LAR,DT,66,2019
DeAndre Elliott,SEA,CB,66,2019
Tre Flowers,SEA,SS,66,2019
Jamarco Jones,SEA,LT,66,2019
Justin Lawler,LAR,LE,66,2019
Rees Odhiambo,SEA,RG,66,2019
Jordan Roos,SEA,LG,66,2019
Garrett Sickels,LAR,LOLB,66,2019
Mike Tyson,SEA,SS,66,2019
Trevon Young,LAR,ROLB,66,2019
Torry McTyer,MIA,CB,65,2019
Quentin Poling,MIA,ROLB,65,2019
Maurice Smith,MIA,SS,65,2019
Sam Young,MIA,LT,65,2019
Malachi Dupre,BUF,WR,65,2019
Ulrick John,NE,LT,65,2019
Derrick Jones,NYJ,CB,65,2019
Brandon King,NE,FS,65,2019
Xavier Woodson-Luster,BUF,MLB,65,2019
Charone Peake,NYJ,WR,65,2019
Adam Redmond,BUF,LG,65,2019
Christian Sam,NE,MLB,65,2019
Nat Berhe,PIT,SS,65,2019
Bam Bradley,BAL,MLB,65,2019
Chuck Clark,BAL,FS,65,2019
Jermaine Eluemunor,BAL,RG,65,2019
Brian Hill,CIN,HB,65,2019
Landry Jones,PIT,QB,65,2019
Hardy Nickerson,CIN,MLB,65,2019
Matt Skura,BAL,C,65,2019
Deyshawn Bond,IND,C,65,2019
Tyler Ervin,HOU,HB,65,2019
Josh Ferguson,IND,HB,65,2019
Avery Gennesy,CLE,RG,65,2019
LaTroy Lewis,HOU,ROLB,65,2019
Greg Mancz,HOU,C,65,2019
Skai Moore,IND,ROLB,65,2019
Jamal Carter,DEN,SS,65,2019
J.J. Dielman,DEN,C,65,2019
Luke Falk,TEN,QB,65,2019
Rico Gafford,TEN,CB,65,2019
Jerrol Garcia-Williams,DEN,MLB,65,2019
Quenton Meeks,JAX,CB,65,2019
Brian Parker,DEN,TE,65,2019
Kyle Peko,DEN,DT,65,2019
Cody Wichmann,TEN,LG,65,2019
Connor Cook,LV,QB,65,2019
Jordan Devey,KC,C,65,2019
Makinton Dorleant,KC,CB,65,2019
Alex Ellis,KC,TE,65,2019
Brandon Facyson,LAC,CB,65,2019
Dillon Gordon,KC,LT,65,2019
Scott Quessenberry,LAC,C,65,2019
Ian Silberman,LV,LG,65,2019
Darrel Williams,KC,HB,65,2019
Richard Ash,DAL,DT,65,2019
De'Vante Bausby,PHI,CB,65,2019
Taylor Hart,PHI,RT,65,2019
Bruce Hector,PHI,DT,65,2019
Damien Mama,DAL,RG,65,2019
Marcus Martin,DAL,LG,65,2019
Curtis Riley,NYG,FS,65,2019
Isaac Seumalo,PHI,C,65,2019
Shane Smith,NYG,FB,65,2019
Byron Bell,GB,RT,65,2019
Matt Cassel,DET,QB,65,2019
Joe Dahl,DET,LG,65,2019
Maurice Harris,WAS,WR,65,2019
Byron Marshall,WAS,HB,65,2019
Colt McCoy,WAS,QB,65,2019
Kyle Murphy,GB,RT,65,2019
Corey Robinson,DET,RT,65,2019
Jeremiah Valoaga,DET,RE,65,2019
Jonathan Anderson,CHI,MLB,65,2019
Alex Armah,CAR,FB,65,2019
Deon Bush,CHI,SS,65,2019
Blaine Clausell,CAR,LT,65,2019
Devante Downs,MIN,MLB,65,2019
Rashard Fant,CHI,CB,65,2019
Deiondre' Hall,CHI,SS,65,2019
Holton Hill,MIN,CB,65,2019
Michael Joseph,CHI,CB,65,2019
Cole Luke,CAR,CB,65,2019
Jeremiah Sirles,CAR,LG,65,2019
Antony Auclair,TB,TE,65,2019
J.T. Barrett,NO,QB,65,2019
Austin Carr,NO,WR,65,2019
Adam Gettis,TB,RG,65,2019
Sean Harlow,ATL,C,65,2019
Isaiah Johnson,TB,FS,65,2019
DaVonte Lambert,TB,DT,65,2019
Rick Leonard,NO,RT,65,2019
Tommylee Lewis,NO,WR,65,2019
Ricky Ortiz,ATL,FB,65,2019
Anthony Winbush,ATL,RE,65,2019
Austin Blythe,LAR,LG,65,2019
Aaron Burbridge,SF,WR,65,2019
Jeremy Cash,ARI,ROLB,65,2019
Marqui Christian,LAR,FS,65,2019
Pharoh Cooper,LAR,WR,65,2019
Brock Coyle,SF,MLB,65,2019
Jamil Demby,LAR,LG,65,2019
Jake Eldrenkamp,LAR,RG,65,2019
Marcell Harris,SF,SS,65,2019
Joey Hunt,SEA,C,65,2019
Larry Rose III,LAR,HB,65,2019
Marcus Johnson,SEA,WR,65,2019
Isaiah Johnson,LAR,FS,65,2019
Jacob Martin,SEA,LOLB,65,2019
Tarvarus McFadden,SF,CB,65,2019
Jeremy McNichols,SF,HB,65,2019
David Moore,SEA,WR,65,2019
Johnny Mundt,LAR,TE,65,2019
Pace Murphy,SF,RT,65,2019
Edmond Robinson,ARI,ROLB,65,2019
Rashad Ross,ARI,WR,65,2019
John Wetzel,ARI,LT,65,2019
Darrell Williams,SF,LT,65,2019
Taveze Calhoun,MIA,CB,64,2019
Senorise Perry,MIA,HB,64,2019
Eric Smith,MIA,RT,64,2019
Quan Bray,BUF,WR,64,2019
Nicholas Grigsby,NE,MLB,64,2019
Conor McDermott,BUF,RT,64,2019
Brent Qvale,NYJ,RT,64,2019
Brandon Bell,CIN,MLB,64,2019
Moritz Boehringer,CIN,TE,64,2019
Bradley Bozeman,BAL,C,64,2019
Bobby Hart,CIN,RT,64,2019
Lavon Hooks,PIT,LE,64,2019
T.J. Johnson,CIN,C,64,2019
Keith Kelsey Jr,PIT,MLB,64,2019
Darious Williams,BAL,CB,64,2019
Brandon Wilson,CIN,SS,64,2019
Matthew Adams,IND,MLB,64,2019
Tyreek Burwell,IND,LT,64,2019
Matthew Dayes,CLE,HB,64,2019
Geoff Gray,CLE,RG,64,2019
Desmond Harrison,CLE,LT,64,2019
Ronald Martin Jr,IND,FS,64,2019
Denzel Rice,CLE,CB,64,2019
Deontay Burnett,TEN,WR,64,2019
Dee Delaney,JAX,CB,64,2019
Brooks Ellis,JAX,MLB,64,2019
De'Angelo Henderson,DEN,HB,64,2019
Sam Jones,DEN,RG,64,2019
Joshua Kalu,TEN,CB,64,2019
Allen Lazard,JAX,WR,64,2019
Jordan Leslie,DEN,WR,64,2019
Elijah Wilkinson,DEN,RT,64,2019
Nick Williams,TEN,WR,64,2019
Daniel Braverman,KC,WR,64,2019
Geremy Davis,LAC,WR,64,2019
Breno Giacomini,LV,RT,64,2019
Erik Harris,LV,SS,64,2019
Albert Havili,LAC,LE,64,2019
A.J. Hendy,LAC,SS,64,2019
Chris Warren III,LV,HB,64,2019
K.D. Cannon,DAL,WR,64,2019
Ethan Cooper,NYG,LG,64,2019
Joe Looney,DAL,C,64,2019
Romeo Okwara,NYG,ROLB,64,2019
Hunter Sharp,NYG,WR,64,2019
Aziz Shittu,PHI,DT,64,2019
Orion Stewart,NYG,SS,64,2019
Nate Sudfeld,PHI,QB,64,2019
Chandon Sullivan,PHI,CB,64,2019
Mike White,DAL,QB,64,2019
Josh Harvey-Clemons,WAS,MLB,64,2019
Simmie Cobbs Jr,WAS,WR,64,2019
Kendall Donnerson,GB,LOLB,64,2019
Andy Jones,DET,WR,64,2019
Kyle Kalis,WAS,LG,64,2019
Bradley Marquez,DET,WR,64,2019
Aaron Ripkowski,GB,FB,64,2019
Herb Waters,GB,CB,64,2019
Mack Brown,MIN,HB,64,2019
Reshard Cliett,MIN,LOLB,64,2019
Hroniss Grasu,CHI,C,64,2019
Hercules Mata'afa,MIN,LE,64,2019
Greg Van Roten,CAR,LG,64,2019
Kyle Sloter,MIN,QB,64,2019
Andre Smith,CAR,MLB,64,2019
Roc Thomas,MIN,HB,64,2019
Bobo Wilson Jr,TB,WR,64,2019
Freddie Martino,TB,WR,64,2019
David Rivers,TB,CB,64,2019
Brad Seaton,TB,RT,64,2019
Channing Ward,TB,LE,64,2019
Victor Bolden Jr,SF,WR,64,2019
Henry Krieger-Coble,LAR,TE,64,2019
Korey Cunningham,ARI,RT,64,2019
Austin Davis,SEA,QB,64,2019
D.J. Foster,ARI,HB,64,2019
Temarrick Hemingway,LAR,TE,64,2019
Gabe Holmes,ARI,TE,64,2019
Deatrick Nichols,ARI,CB,64,2019
Vinston Painter,ARI,LT,64,2019
Tyvis Powell,SF,SS,64,2019
Tegray Scales,LAR,MLB,64,2019
Bryce Williams,ARI,TE,64,2019
Lou Young,ARI,CB,64,2019
Zach Sterup,MIA,RT,63,2019
Doug Middleton,NYJ,SS,63,2019
Quincy Adeboyejo,BAL,WR,63,2019
Joshua Frazier,PIT,DT,63,2019
Quadree Henderson,PIT,WR,63,2019
Kent Perkins,CIN,LT,63,2019
Greg Senat,BAL,RT,63,2019
Maurquice Shakir,BAL,RT,63,2019
Rod Taylor,CIN,RG,63,2019
B.J. Bello,CLE,MLB,63,2019
Le'Raven Clark,IND,LT,63,2019
Mark Glowinski,IND,LG,63,2019
Montrel Meander,CLE,CB,63,2019
Stephen Morris,HOU,QB,63,2019
Chad Slade,HOU,RG,63,2019
Kenny Bell,DEN,WR,63,2019
Sharif Finch,TEN,LOLB,63,2019
C.J. Smith III,DEN,CB,63,2019
Tyler Marz,TEN,LT,63,2019
David Williams,DEN,HB,63,2019
Nick Dzubnar,LAC,MLB,63,2019
Chris Landrum,LAC,RE,63,2019
Michael Schofield,LAC,LG,63,2019
Sam Tevi,LAC,LT,63,2019
Cole Toner,LAC,LG,63,2019
Joe Callahan,PHI,QB,63,2019
Kyle Carter,NYG,TE,63,2019
Kadeem Edwards,DAL,LG,63,2019
Aaron Evans,PHI,LG,63,2019
Chaz Green,DAL,LT,63,2019
Tre'von Johnson,DAL,LOLB,63,2019
Calvin Munson,NYG,MLB,63,2019
Eric Pinkins,DAL,LOLB,63,2019
Stephen Roberts,PHI,FS,63,2019
Daniel Ross,DAL,DT,63,2019
Cooper Rush,DAL,QB,63,2019
Jordan Williams,NYG,RE,63,2019
Alex Balducci,WAS,RG,63,2019
Robert Davis,WAS,WR,63,2019
Reggie Gilbert,GB,LOLB,63,2019
Kenny Ladler,WAS,SS,63,2019
Tyler Lancaster,GB,DT,63,2019
Stefan McClure,DET,SS,63,2019
Chris Odom,GB,ROLB,63,2019
Adam Pankey,GB,LT,63,2019
Michael Burton,CHI,FB,63,2019
Mose Frazier,CAR,WR,63,2019
Eric Kush,CHI,C,63,2019
Tray Matthews,MIN,SS,63,2019
Storm Norton,MIN,RT,63,2019
Brandon Zylstra,MIN,WR,63,2019
Deante Burton,ATL,CB,63,2019
Mackendy Cheridor,ATL,LE,63,2019
John Fullington,NO,LG,63,2019
Nigel Harris,TB,MLB,63,2019
Devaroe Lawrence,NO,DT,63,2019
Bernard Reedy,TB,WR,63,2019
Leonard Wester,TB,LT,63,2019
Isaiah Battle,SEA,LT,63,2019
Derrick Coleman,ARI,FB,63,2019
Jalston Fowler,SEA,FB,63,2019
Alec James,ARI,LE,63,2019
Steven Mitchell Jr,LAR,WR,63,2019
Erik Magnuson,SF,RG,63,2019
Emmanuel Moseley,SF,CB,63,2019
Matthew Oplinger,ARI,LOLB,63,2019
Elijhaa Penny,ARI,HB,63,2019
Jacob Pugh,SEA,ROLB,63,2019
Greg Pyke,ARI,LG,63,2019
Beau Sandland,ARI,TE,63,2019
Mike Thomas,LAR,WR,63,2019
Darrell Williams,LAR,RT,63,2019
Jake Brendel,MIA,C,62,2019
Kaelin Clay,BUF,WR,62,2019
Danny Etling,NE,QB,62,2019
Josh James,BUF,LT,62,2019
Brandon Reilly,BUF,WR,62,2019
Andrew Donnal,BAL,LG,62,2019
Jarvion Franklin,PIT,HB,62,2019
Jake McGee,PIT,TE,62,2019
Justin Murray,CIN,RT,62,2019
Marcus Tucker,PIT,WR,62,2019
Logan Woodside,CIN,QB,62,2019
Dres Anderson,IND,WR,62,2019
K.J. Brent,IND,WR,62,2019
Brad Kaaya,IND,QB,62,2019
Austin Reiter,CLE,C,62,2019
Brandon Weeden,HOU,QB,62,2019
Keishawn Bierria,DEN,MLB,62,2019
Matt Dickerson,TEN,LE,62,2019
Darius Jackson,JAX,RE,62,2019
Kc McDermott,JAX,LT,62,2019
Marcus Rios,DEN,CB,62,2019
John Theus,TEN,RT,62,2019
Josh Walker,JAX,LG,62,2019
Ethan Wolf,TEN,TE,62,2019
Zachary Crabtree,LAC,RT,62,2019
Russell Hansbrough,LAC,HB,62,2019
Marcus Kemp,KC,WR,62,2019
Artavis Scott,LAC,WR,62,2019
Nic Shimonek,LAC,QB,62,2019
Sean Chandler,NYG,FS,62,2019
Jon Halapio,NYG,C,62,2019
Jordan Mailata,PHI,LT,62,2019
Toby Weathersby,PHI,LT,62,2019
Devante Mays,GB,HB,62,2019
Rolan Milligan,DET,SS,62,2019
Conor Sheehy,GB,LE,62,2019
Dan Skipper,DET,RT,62,2019
Fish Smithson,WAS,FS,62,2019
Isaiah Williams,WAS,LG,62,2019
Dejon Allen,CHI,LT,62,2019
Chad Beebe,MIN,WR,62,2019
Blake Bell,MIN,TE,62,2019
Kyle Friend,CAR,C,62,2019
Trevon Mathis,MIN,CB,62,2019
Ryan Nall,CHI,HB,62,2019
Kurt Benkert,ATL,QB,62,2019
Marcelis Branch,ATL,FS,62,2019
Daniel Brunskill,ATL,RT,62,2019
Will Clapp,NO,C,62,2019
Reggie Davis,ATL,WR,62,2019
Godwin Igwebuike,TB,SS,62,2019
Sharrod Neasman,NO,FS,62,2019
Dennis Gardeck,ARI,ROLB,62,2019
Travin Howard,LAR,MLB,62,2019
Akeem King,SEA,FS,62,2019
Sean Mannion,LAR,QB,62,2019
Tavierre Thomas,ARI,CB,62,2019
Avery Young,SEA,RG,62,2019
Cayson Collins,MIA,ROLB,61,2019
Connor Hilland,MIA,LG,61,2019
Rashawn Scott,MIA,WR,61,2019
Ben Braden,NYJ,LG,61,2019
Gus Edwards,BAL,HB,61,2019
Jake Rodgers,PIT,LT,61,2019
Jamar Summers,PIT,CB,61,2019
Davin Bellamy,HOU,LOLB,61,2019
Anthony Fabiano,CLE,C,61,2019
Kyle Fuller,HOU,LG,61,2019
Charley Hughlett,CLE,TE,61,2019
Marquez Williams,CLE,FB,61,2019
Darius Jennings,TEN,WR,61,2019
Tanner Lee,JAX,QB,61,2019
Tim Patrick,DEN,WR,61,2019
Shane Wynn,JAX,WR,61,2019
Brett Boyko,LAC,RT,61,2019
Donavon Clark,LAC,RG,61,2019
Cole Hunt,LAC,TE,61,2019
Matt McGloin,KC,QB,61,2019
Trenton Scott,LAC,LT,61,2019
Nick Becton,NYG,RT,61,2019
Amba Etta-Tawo,NYG,WR,61,2019
Darrell Greene,PHI,RG,61,2019
Joel Lanning,DAL,ROLB,61,2019
Trevor Bates,DET,MLB,61,2019
Jace Billingsley,DET,WR,61,2019
Quin Blanding,WAS,SS,61,2019
Tyler Catalina,WAS,RG,61,2019
Dillon Day,GB,C,61,2019
Greer Martini,GB,MLB,61,2019
Pete Robertson,WAS,LOLB,61,2019
Jermaine Whitehead,GB,SS,61,2019
Tanner Gentry,CHI,WR,61,2019
Bunmi Rotimi,CHI,RE,61,2019
Dontez Byrd,ATL,WR,61,2019
Jon Cunningham,ATL,DT,61,2019
Travin Dural,NO,WR,61,2019
Emmanuel Ellerbee,ATL,ROLB,61,2019
Matt Gono,ATL,RT,61,2019
Tyson Graham,ATL,SS,61,2019
Ryan Griffin,TB,QB,61,2019
J'Terius Jones,ATL,LOLB,61,2019
Jake Lampman,TB,WR,61,2019
Jacob Tuioti-Mariner,ATL,DT,61,2019
Cameron Tom,NO,C,61,2019
Salesi Uhatafe,ATL,LG,61,2019
Brandon Allen,LAR,QB,61,2019
Moubarak Djeri,ARI,LE,61,2019
Dominique Hatfield,LAR,CB,61,2019
Will House,ARI,RG,61,2019
Max McCaffrey,SF,WR,61,2019
Alex McGough,SEA,QB,61,2019
Ezekiel Turner,ARI,SS,61,2019
Andrew Vollert,ARI,TE,61,2019
Claudy Mathieu,MIA,LE,60,2019
Matthew Thomas,PIT,MLB,60,2019
Fitzgerald Toussaint,PIT,HB,60,2019
Kendal Vickers,PIT,LE,60,2019
Montay Crockett,JAX,WR,60,2019
Matt Diaz,TEN,LT,60,2019
David Fluellen,TEN,HB,60,2019
Brandon Wilds,JAX,HB,60,2019
Keon Hatcher,LV,WR,60,2019
Dee Liner,KC,RE,60,2019
Keith Smith,LV,FB,60,2019
D'Montre Wade,KC,CB,60,2019
Marquis Bundy,NYG,WR,60,2019
Tyrell Chavis,NYG,RE,60,2019
Bryce Johnson,DAL,RG,60,2019
Jeremy Reaves,PHI,FS,60,2019
Jameill Showers,DAL,FS,60,2019
Antwuan Davis,DET,CB,60,2019
Raven Greene,GB,FS,60,2019
Demetrius Rhaney,WAS,C,60,2019
Jake Rudock,DET,QB,60,2019
Tyler Bray,CHI,QB,60,2019
Cornelius Edison,MIN,C,60,2019
Taylor Hearn,CAR,RG,60,2019
Elijah Hood,CAR,HB,60,2019
Jamaal Jones,CAR,WR,60,2019
Dieugot Joseph,MIN,LT,60,2019
Justin Crawford,ATL,HB,60,2019
Russell Gage,ATL,WR,60,2019
Taysom Hill,NO,QB,60,2019
Givens Price,TB,LG,60,2019
Emmanuel Smith,ATL,LOLB,60,2019
Josh Allen,ARI,C,60,2019
Vontarrius Dora,ARI,LOLB,60,2019
A.J. Howard,ARI,SS,60,2019
Daniel Munyer,ARI,C,60,2019
Owen Obasuyi,ARI,DT,60,2019
Alvin Jones,BAL,MLB,59,2019
Josh Woodrum,BAL,QB,59,2019
Damon Webb II,TEN,SS,59,2019
D'Juan Hines,LAC,MLB,59,2019
Tejan Koroma,KC,C,59,2019
Kahlil McKenzie,KC,LG,59,2019
Thurston Armbrister,NYG,MLB,59,2019
Nick Gates,NYG,LT,59,2019
Darius Jackson,DAL,HB,59,2019
Jon Toth,PHI,C,59,2019
Joe Kerridge,GB,FB,59,2019
Kyle Meadows,GB,RT,59,2019
Beau Nunn,DET,LG,59,2019
DeMarcus Ayers,CHI,WR,59,2019
Austin Duke,CAR,WR,59,2019
Alan Cross,TB,TE,59,2019
Dalton Crossan,TB,HB,59,2019
Richard Jarvis,ATL,MLB,59,2019
Austin Johnson,TB,FB,59,2019
Aaron Neary,LAR,C,59,2019
David Steinmetz,MIA,LT,58,2019
Joseph Cheek,PIT,RG,58,2019
Parker Cothren,PIT,DT,58,2019
Austin Fleer,CIN,RT,58,2019
Evan Berry,CLE,WR,58,2019
Krishawn Hogan,IND,WR,58,2019
Nick DeLuca,TEN,MLB,58,2019
Nico Falah,TEN,C,58,2019
Ben Niemann,KC,MLB,58,2019
Michael Clark,GB,WR,58,2019
Garrett Gilbert,CAR,QB,58,2019
Carlton Agudosi,ARI,WR,58,2019
Lawrence Thomas,NYJ,FB,57,2019
Alex Thompson,BAL,C,57,2019
Fred Lauina,CLE,LG,57,2019
Andrew DePaola,LV,TE,57,2019
Chris Gonzalez,MIN,RG,57,2019
Garrett Grayson,ATL,QB,57,2019
J.C. Hassenauer,ATL,C,57,2019
Keenan Reynolds,SEA,WR,57,2019
Don Muhlbach,DET,TE,56,2019
Tim White,BAL,WR,55,2019
Isaac Whitney,LV,WR,55,2019
Taylor Heinicke,CAR,QB,55,2019
Tra Carson,CIN,HB,54,2019
Clark Harris,CIN,TE,54,2019
Nick Sundberg,WAS,C,54,2019
Zak DeOssie,NYG,TE,52,2019
Josh Harris,ATL,TE,52,2019
Kevin McDermott,MIN,TE,51,2019
John Denney,MIA,TE,48,2019
Beau Brinkley,TEN,TE,47,2019
Carson Tinker,JAX,TE,47,2019
Mike Windt,LAC,TE,47,2019
J.J. Jansen,CAR,TE,47,2019
Tyler Ott,SEA,TE,47,2019
Reid Ferguson,BUF,TE,46,2019
L.P. LaDouceur,DAL,TE,46,2019
Jake McQuaide,LAR,TE,46,2019
Aaron Brewer,ARI,TE,44,2019
Thomas Hennessy,NYJ,TE,43,2019
James Winchester,KC,TE,43,2019
Rick Lovato,PHI,TE,43,2019
Kyle Nelson,SF,TE,43,2019
Casey Kreiter,DEN,TE,42,2019
Morgan Cox,BAL,TE,41,2019
Jon Weeks,HOU,TE,41,2019
Patrick Scales,CHI,TE,41,2019
Kameron Canaday,PIT,TE,40,2019
Hunter Bradley,GB,TE,39,2019
Joe Cardona,NE,TE,38,2019
Drew Ferris,TB,TE,38,2019
Luke Rhodes,IND,TE,36,2019
Zach Wood,NO,TE,35,2019
Patrick Peterson,ARI,CB,92,2020
David Johnson,ARI,HB,87,2020
Larry Fitzgerald,ARI,WR,84,2020
Marcus Gilbert,ARI,RT,84,2020
D.J. Swearinger Sr,ARI,SS,83,2020
Terrell Suggs,ARI,LOLB,83,2020
Chandler Jones,ARI,ROLB,82,2020
Budda Baker,ARI,FS,80,2020
Charles Clay,ARI,TE,80,2020
Jordan Hicks,ARI,MLB,80,2020
Robert Alford,ARI,CB,77,2020
Andy Lee,ARI,P,77,2020
Brooks Reed,ARI,ROLB,77,2020
Ricky Seals-Jones,ARI,TE,76,2020
Christian Kirk,ARI,WR,76,2020
Corey Peters,ARI,DT,76,2020
Maxx Williams,ARI,TE,76,2020
Byron Murphy Jr,ARI,CB,75,2020
Robert Nkemdiche,ARI,LE,75,2020
Haason Reddick,ARI,MLB,74,2020
Kyler Murray,ARI,QB,73,2020
Justin Pugh,ARI,RG,73,2020
Hakeem Butler,ARI,WR,72,2020
Chase Edmonds,ARI,HB,72,2020
D.J. Humphries,ARI,LT,72,2020
Andy Isabella,ARI,WR,72,2020
J.R. Sweezy,ARI,LG,72,2020
Kevin White,ARI,WR,72,2020
David Amerson,ARI,CB,71,2020
Tramaine Brock Sr,ARI,CB,71,2020
Damiere Byrd,ARI,WR,71,2020
T.J. Logan,ARI,HB,71,2020
Darius Philon,ARI,RE,70,2020
Chad Williams,ARI,WR,70,2020
Zach Allen,ARI,RE,69,2020
Rodney Gunter,ARI,LE,69,2020
Trent Sherfield,ARI,WR,69,2020
Deionte Thompson,ARI,FS,69,2020
Darrell Daniels,ARI,TE,68,2020
Brandon Williams,ARI,CB,68,2020
Rudy Ford,ARI,SS,67,2020
KeeSean Johnson,ARI,WR,67,2020
Terrell McClain,ARI,DT,67,2020
Michael Dogbe,ARI,RE,66,2020
Lamont Gaillard,ARI,C,66,2020
Tanner Vallejo,ARI,MLB,66,2020
Caleb Wilson,ARI,TE,66,2020
Brett Hundley,ARI,QB,65,2020
Josh Shaw,ARI,FS,65,2020
Vincent Valentine,ARI,LE,65,2020
Pharoh Cooper,ARI,WR,64,2020
Zane Gonzalez,ARI,K,64,2020
Colby Gossett,ARI,RG,64,2020
A.Q. Shipley,ARI,C,64,2020
Pita Taumoepenu,ARI,LOLB,64,2020
Joe Walker,ARI,MLB,63,2020
Mason Cole,ARI,C,62,2020
Cameron Malveaux,ARI,LOLB,62,2020
D.J. Foster,ARI,HB,61,2020
Max Garcia,ARI,LG,61,2020
Deatrick Nichols,ARI,CB,60,2020
Jeremy Vujnovich,ARI,LG,60,2020
Will Holden,ARI,RT,59,2020
Rees Odhiambo,ARI,RG,58,2020
Pete Robertson,ARI,LOLB,58,2020
Ezekiel Turner,ARI,SS,57,2020
Vontarrius Dora,ARI,ROLB,56,2020
Chris Jones,ARI,CB,56,2020
Joshua Miles,ARI,RT,56,2020
William Sweet,ARI,RT,56,2020
Korey Cunningham,ARI,LT,55,2020
Dennis Gardeck,ARI,MLB,53,2020
Chad Kanoff,ARI,QB,48,2020
Aaron Brewer,ARI,TE,43,2020
Julio Jones,ATL,WR,98,2020
Deion Jones,ATL,MLB,90,2020
Devonta Freeman,ATL,HB,89,2020
Alex Mack,ATL,C,89,2020
Matt Ryan,ATL,QB,89,2020
Keanu Neal,ATL,SS,88,2020
Desmond Trufant,ATL,CB,88,2020
Grady Jarrett,ATL,DT,87,2020
Austin Hooper,ATL,TE,85,2020
Mohamed Sanu Sr,ATL,WR,82,2020
Ricardo Allen,ATL,FS,81,2020
De'Vondre Campbell,ATL,ROLB,79,2020
Damontae Kazee,ATL,FS,79,2020
Jake Matthews,ATL,LT,79,2020
Calvin Ridley,ATL,WR,79,2020
Matt Bosher,ATL,P,78,2020
Takkarist McKinley,ATL,RE,78,2020
Adrian Clayborn,ATL,RE,77,2020
Ito Smith,ATL,HB,76,2020
Vic Beasley Jr,ATL,LE,75,2020
Tyeler Davison,ATL,DT,75,2020
Justin Hardy,ATL,WR,73,2020
Luke Stocker,ATL,TE,73,2020
Kenjon Barner,ATL,HB,71,2020
Isaiah Oliver,ATL,CB,71,2020
Foyesade Oluokun,ATL,ROLB,71,2020
Eric Saubert,ATL,TE,71,2020
Deadrin Senat,ATL,DT,71,2020
Giorgio Tavecchio,ATL,K,71,2020
Jack Crawford,ATL,DT,70,2020
Chris Lindstrom,ATL,RG,70,2020
Logan Paulsen,ATL,TE,70,2020
James Carpenter,ATL,LG,69,2020
Jamon Brown,ATL,RG,68,2020
Bruce Carter,ATL,MLB,68,2020
Ra'Shede Hageman,ATL,DT,68,2020
Steven Means,ATL,LE,68,2020
Duke Riley,ATL,LOLB,68,2020
Kendall Sheffield,ATL,CB,68,2020
J.J. Wilcox,ATL,SS,68,2020
John Cominsky,ATL,LE,67,2020
Kaleb McGary,ATL,RT,67,2020
Wes Schweitzer,ATL,LG,66,2020
Justin Zimmer,ATL,DT,66,2020
Marcus Green,ATL,HB,65,2020
Kemal Ishmael,ATL,LOLB,65,2020
Jordan Miller,ATL,CB,65,2020
Sharrod Neasman,ATL,SS,65,2020
Michael Bennett,ATL,DT,64,2020
Jermaine Grace,ATL,ROLB,64,2020
Chris Odom,ATL,RE,64,2020
Qadree Ollison,ATL,HB,64,2020
Ty Sambrailo,ATL,LT,64,2020
Devin Gray,ATL,WR,63,2020
Brian Hill,ATL,HB,63,2020
Ricky Ortiz,ATL,FB,63,2020
Ryan Neal,ATL,CB,62,2020
Blidi Wreh-Wilson,ATL,CB,62,2020
Jeremy Langford,ATL,HB,61,2020
Adam Gettis,ATL,LG,60,2020
Alex Gray,ATL,TE,60,2020
John Wetzel,ATL,LT,60,2020
Chris Cooper,ATL,FS,59,2020
Russell Gage Jr,ATL,WR,59,2020
Sean Harlow,ATL,LG,57,2020
Jacob Tuioti-Mariner,ATL,DT,56,2020
Matt Schaub,ATL,QB,56,2020
Taveze Calhoun,ATL,CB,55,2020
Matt Gono,ATL,RT,52,2020
Dieugot Joseph,ATL,LT,52,2020
Josh Harris,ATL,TE,51,2020
Kurt Benkert,ATL,QB,47,2020
Earl Thomas III,BAL,FS,95,2020
Michael Pierce,BAL,DT,92,2020
Marshal Yanda,BAL,RG,91,2020
Justin Tucker,BAL,K,87,2020
Mark Ingram II,BAL,HB,86,2020
Brandon Williams,BAL,LE,86,2020
Marlon Humphrey,BAL,CB,85,2020
Sam Koch,BAL,P,85,2020
Ronnie Stanley,BAL,LT,85,2020
Tony Jefferson,BAL,SS,84,2020
Jimmy Smith,BAL,CB,84,2020
Brandon Carr,BAL,CB,81,2020
Matthew Judon,BAL,LOLB,81,2020
Mark Andrews,BAL,TE,79,2020
Orlando Brown Jr,BAL,RT,79,2020
Pernell McPhee,BAL,ROLB,79,2020
Patrick Ricard,BAL,FB,79,2020
Hayden Hurst,BAL,TE,78,2020
Willie Snead IV,BAL,WR,78,2020
Nick Boyle,BAL,TE,77,2020
Marquise Brown,BAL,WR,77,2020
Seth Roberts,BAL,WR,77,2020
Tavon Young,BAL,CB,77,2020
Kenneth Dixon,BAL,HB,76,2020
Lamar Jackson,BAL,QB,76,2020
Anthony Levine Sr,BAL,SS,76,2020
Gus Edwards,BAL,HB,75,2020
Willie Henry,BAL,RE,75,2020
Patrick Onwuasor,BAL,MLB,74,2020
Tim Williams,BAL,ROLB,74,2020
Alex Lewis,BAL,LG,73,2020
Shane Ray,BAL,LOLB,73,2020
Tyus Bowser,BAL,LOLB,72,2020
Chris Moore,BAL,WR,72,2020
Miles Boykin,BAL,WR,71,2020
Maurice Canady,BAL,CB,71,2020
Chris Wormley,BAL,RE,71,2020
Kenny Young,BAL,MLB,71,2020
Jaylon Ferguson,BAL,ROLB,70,2020
Michael Floyd,BAL,WR,70,2020
Justice Hill,BAL,HB,70,2020
Matt Skura,BAL,C,70,2020
Jaleel Scott,BAL,WR,68,2020
Anthony Averett,BAL,CB,67,2020
Justin Bethel,BAL,CB,67,2020
James Hurst,BAL,LG,67,2020
Cyrus Jones,BAL,SS,67,2020
Iman Lewis-Marshall,BAL,CB,67,2020
Daylon Mack,BAL,DT,67,2020
Robert Griffin III,BAL,QB,66,2020
Jordan Lasley,BAL,WR,66,2020
Chuck Clark,BAL,FS,65,2020
DeShon Elliott,BAL,FS,65,2020
Tyler Ervin,BAL,HB,64,2020
Ben Powers,BAL,LG,64,2020
Zach Sieler,BAL,LE,64,2020
De'Lance Turner,BAL,HB,64,2020
Stanley Jean-Baptiste,BAL,CB,63,2020
Bradley Bozeman,BAL,C,63,2020
Kaare Vedvik,BAL,P,63,2020
Quincy Adeboyejo,BAL,WR,62,2020
Bennett Jackson,BAL,FS,61,2020
Jaylen Smith,BAL,WR,61,2020
Chris Board,BAL,MLB,59,2020
Matthew Thomas,BAL,MLB,59,2020
Jermaine Eluemunor,BAL,RG,58,2020
Greg Senat,BAL,LT,58,2020
Darrell Williams,BAL,LT,58,2020
R.J. Prince,BAL,RG,57,2020
Alvin Jones,BAL,MLB,55,2020
Trace McSorley,BAL,QB,55,2020
Steven Moore,BAL,RT,53,2020
Morgan Cox,BAL,TE,39,2020
Micah Hyde,BUF,FS,86,2020
Tre'Davious White,BUF,CB,85,2020
Cole Beasley,BUF,WR,83,2020
Jerry Hughes,BUF,RE,83,2020
Lorenzo Alexander,BUF,ROLB,82,2020
LeSean McCoy,BUF,HB,82,2020
Frank Gore,BUF,HB,81,2020
Mitch Morse,BUF,C,81,2020
Jordan Poyer,BUF,SS,80,2020
John Brown,BUF,WR,79,2020
Ed Oliver Jr,BUF,DT,79,2020
Zay Jones,BUF,WR,78,2020
Tyler Kroft,BUF,TE,78,2020
Shaq Lawson,BUF,LE,78,2020
Quinton Spain,BUF,LG,78,2020
Dion Dawkins,BUF,LT,77,2020
Stephen Hauschka,BUF,K,77,2020
Matt Milano,BUF,LOLB,77,2020
Trent Murphy,BUF,LE,77,2020
T.J. Yeldon,BUF,HB,77,2020
Lee Smith,BUF,TE,75,2020
Josh Allen,BUF,QB,74,2020
Tremaine Edmunds,BUF,MLB,74,2020
Star Lotulelei,BUF,DT,74,2020
Harrison Phillips,BUF,DT,74,2020
Levi Wallace,BUF,CB,74,2020
Jason Croom,BUF,TE,73,2020
Taron Johnson,BUF,CB,73,2020
Robert Foster,BUF,WR,72,2020
E.J. Gaines,BUF,CB,72,2020
Kevin Johnson,BUF,CB,72,2020
Devin Singletary,BUF,HB,72,2020
Rafael Bush,BUF,SS,71,2020
Eli Harold,BUF,LOLB,71,2020
Isaiah McKenzie,BUF,WR,71,2020
Ty Nsekhe,BUF,RT,71,2020
Andre Roberts,BUF,WR,70,2020
Wyatt Teller,BUF,RG,70,2020
Eddie Yarbrough,BUF,RE,69,2020
Cody Ford,BUF,RT,68,2020
Dawson Knox,BUF,TE,68,2020
Dean Marlowe,BUF,FS,68,2020
Russell Bodine,BUF,C,67,2020
Patrick DiMarco,BUF,FB,67,2020
Ray-Ray McCloud III,BUF,WR,67,2020
Ryan Lewis,BUF,CB,67,2020
Tommy Sweeney,BUF,TE,67,2020
Maurice Alexander,BUF,MLB,66,2020
Corey Bojorquez,BUF,P,66,2020
Deon Lacey,BUF,ROLB,66,2020
Jaquan Johnson,BUF,FS,65,2020
Jordan Phillips,BUF,DT,65,2020
Matt Barkley,BUF,QB,64,2020
Vladimir Ducasse,BUF,LG,64,2020
Tyree Jackson,BUF,QB,64,2020
Vosean Joseph,BUF,MLB,64,2020
Siran Neal,BUF,SS,64,2020
David Sills V,BUF,WR,64,2020
Corey Thompson,BUF,ROLB,64,2020
Victor Bolden Jr,BUF,WR,63,2020
Darryl Johnson Jr,BUF,LE,63,2020
Spencer Long,BUF,C,63,2020
Mike Love,BUF,RE,63,2020
Julian Stanford,BUF,MLB,63,2020
LaAdrian Waddle,BUF,LT,63,2020
Da'Mari Scott,BUF,WR,62,2020
Jon Feliciano,BUF,RG,61,2020
Kyle Peko,BUF,DT,61,2020
Cam Phillips,BUF,WR,60,2020
De'Ondre Wesley,BUF,RG,60,2020
Jeremiah Sirles,BUF,LT,56,2020
Conor McDermott,BUF,RT,55,2020
Ike Boettger,BUF,RG,51,2020
Reid Ferguson,BUF,TE,45,2020
Luke Kuechly,CAR,MLB,98,2020
Christian McCaffrey,CAR,HB,91,2020
Greg Olsen,CAR,TE,89,2020
Matt Paradis,CAR,C,88,2020
Gerald McCoy,CAR,RE,86,2020
Kawann Short,CAR,LE,85,2020
Cam Newton,CAR,QB,84,2020
D.J. Moore,CAR,WR,81,2020
Donte Jackson,CAR,CB,80,2020
Taylor Moton,CAR,LT,80,2020
Michael Palardy,CAR,P,80,2020
Trai Turner,CAR,RG,80,2020
James Bradberry,CAR,CB,79,2020
Graham Gano,CAR,K,79,2020
Daryl Williams,CAR,RT,79,2020
Dontari Poe,CAR,DT,78,2020
Curtis Samuel,CAR,WR,78,2020
Shaq Thompson,CAR,MLB,78,2020
Chris Hogan,CAR,WR,77,2020
Torrey Smith,CAR,WR,77,2020
Mario Addison,CAR,ROLB,76,2020
Eric Reid,CAR,SS,76,2020
Brian Burns,CAR,LOLB,75,2020
Jarius Wright,CAR,WR,75,2020
Bruce Irvin,CAR,LOLB,74,2020
Ross Cockrell,CAR,CB,73,2020
Aldrick Robinson,CAR,WR,73,2020
Ian Thomas,CAR,TE,73,2020
Chris Manhertz,CAR,TE,70,2020
Kevon Seymour,CAR,CB,70,2020
Vernon Butler Jr,CAR,LE,69,2020
Colin Jones,CAR,SS,69,2020
Kyle Love,CAR,RE,68,2020
Alex Armah,CAR,FB,67,2020
Cameron Artis-Payne,CAR,HB,67,2020
Rashaan Gaulden,CAR,FS,67,2020
Javien Elliott,CAR,CB,66,2020
Will Grier,CAR,QB,66,2020
Marquis Haynes,CAR,RE,66,2020
Corn Elder,CAR,CB,65,2020
Terry Godwin II,CAR,WR,65,2020
Greg Little,CAR,LT,65,2020
Kai Nacua,CAR,FS,65,2020
Jermaine Carter Jr,CAR,MLB,64,2020
Lorenzo Doss,CAR,CB,64,2020
Jason Vander Laan,CAR,TE,64,2020
Tyler Larsen,CAR,C,64,2020
Christian Miller,CAR,ROLB,64,2020
Efe Obada,CAR,ROLB,64,2020
Rashad Ross,CAR,WR,64,2020
Jordan Scarlett,CAR,HB,64,2020
Destiny Vaeao,CAR,DT,64,2020
Bryan Cox Jr,CAR,LOLB,63,2020
Woodrow Hamilton,CAR,DT,63,2020
Temarrick Hemingway,CAR,TE,63,2020
Elijah Holyfield,CAR,HB,63,2020
Greg Van Roten,CAR,LG,63,2020
DeAndrew White,CAR,WR,63,2020
Elijah Qualls,CAR,LE,62,2020
Andre Smith,CAR,MLB,62,2020
Jared Norris,CAR,MLB,61,2020
Brandon Chubb,CAR,MLB,60,2020
Dorian Johnson,CAR,RG,60,2020
Kofi Amichia,CAR,LG,59,2020
Cole Luke,CAR,CB,59,2020
Dennis Daley,CAR,RT,58,2020
Dillon Gordon,CAR,LT,58,2020
Quin Blanding,CAR,FS,57,2020
Elijah Hood,CAR,HB,55,2020
Taylor Heinicke,CAR,QB,54,2020
Ian Silberman,CAR,RT,54,2020
Taylor Hearn,CAR,RG,53,2020
Kyle Allen,CAR,QB,49,2020
J.J. Jansen,CAR,TE,47,2020
Khalil Mack,CHI,LOLB,99,2020
Eddie Jackson,CHI,FS,91,2020
Kyle Fuller,CHI,CB,89,2020
Trey Burton,CHI,TE,87,2020
Akiem Hicks,CHI,LE,87,2020
Allen Robinson,CHI,WR,86,2020
Tarik Cohen,CHI,HB,85,2020
Eddie Goldman,CHI,DT,85,2020
Charles Leno Jr,CHI,LT,83,2020
Taylor Gabriel,CHI,WR,82,2020
Prince Amukamara,CHI,CB,81,2020
Roquan Smith,CHI,MLB,81,2020
Cody Whitehair,CHI,C,81,2020
Ha Ha Clinton-Dix,CHI,SS,80,2020
Danny Trevathan,CHI,MLB,80,2020
Kyle Long,CHI,RG,79,2020
James Daniels,CHI,LG,77,2020
Mike Davis,CHI,HB,77,2020
Leonard Floyd,CHI,ROLB,77,2020
Buster Skrine,CHI,CB,77,2020
Nick Kwiatkoski,CHI,MLB,76,2020
Aaron Lynch,CHI,LOLB,76,2020
Bobby Massie,CHI,RT,75,2020
Anthony Miller,CHI,WR,75,2020
Cordarrelle Patterson,CHI,WR,75,2020
Mitchell Trubisky,CHI,QB,75,2020
Bilal Nichols,CHI,LE,74,2020
Adam Shaheen,CHI,TE,74,2020
Pat O'Donnell,CHI,P,72,2020
David Montgomery,CHI,HB,71,2020
Kevin Pierre-Louis,CHI,MLB,69,2020
Sherrick McManis,CHI,CB,69,2020
Riley Ridley,CHI,WR,69,2020
Ben Braunecker,CHI,TE,68,2020
Jonathan Bullard,CHI,RE,68,2020
Marvin Hall,CHI,WR,68,2020
Roy Robertson-Harris,CHI,RE,68,2020
Eddy Pineiro,CHI,K,68,2020
Javon Wims,CHI,WR,68,2020
Emanuel Hall,CHI,WR,67,2020
Bradley Sowell,CHI,TE,66,2020
Kylie Fitts,CHI,LOLB,65,2020
Kevin Toliver II,CHI,CB,65,2020
Isaiah Irving,CHI,ROLB,65,2020
Joel Iyiegbuniwe,CHI,MLB,65,2020
Nick Williams,CHI,RE,65,2020
Deon Bush,CHI,SS,63,2020
Chase Daniel,CHI,QB,63,2020
Dax Raymond,CHI,TE,63,2020
Kerrith Whyte,CHI,HB,63,2020
DeAndre Houston-Carson,CHI,FS,62,2020
Duke Shelley,CHI,CB,62,2020
Abdullah Anderson,CHI,LE,61,2020
T.J. Clemmings,CHI,RG,61,2020
Jordan Williams-Lambert,CHI,WR,61,2020
James Vaughters,CHI,LOLB,61,2020
Stephen Denmark,CHI,CB,60,2020
Rashard Fant,CHI,CB,59,2020
John Franklin III,CHI,CB,59,2020
Tanner Gentry,CHI,WR,59,2020
Taquan Mizzell Sr,CHI,WR,59,2020
Michael Joseph,CHI,CB,58,2020
Ted Larsen,CHI,LG,58,2020
Jonathon Mincy,CHI,CB,58,2020
Ryan Nall,CHI,HB,58,2020
Alex Bars,CHI,LG,57,2020
Cornelius Lucas,CHI,RT,56,2020
Josh Woods,CHI,MLB,56,2020
Rashaad Coward,CHI,RT,55,2020
Tyler Bray,CHI,QB,46,2020
Patrick Scales,CHI,TE,42,2020
Geno Atkins,CIN,DT,91,2020
A.J. Green,CIN,WR,90,2020
Tyler Eifert,CIN,TE,88,2020
Joe Mixon,CIN,HB,88,2020
William Jackson,CIN,CB,84,2020
Tyler Boyd,CIN,WR,83,2020
Carlos Dunlap,CIN,LE,82,2020
Jessie Bates III,CIN,FS,81,2020
Carl Lawson,CIN,RE,81,2020
Andy Dalton,CIN,QB,80,2020
Giovani Bernard,CIN,HB,79,2020
Shawn Williams,CIN,SS,79,2020
Dre Kirkpatrick,CIN,CB,78,2020
C.J. Uzomah,CIN,TE,78,2020
Darqueze Dennard,CIN,CB,77,2020
Clint Boling,CIN,RG,76,2020
Preston Brown,CIN,MLB,75,2020
Cordy Glenn,CIN,LG,74,2020
John Ross III,CIN,WR,74,2020
Randy Bullock,CIN,K,73,2020
Sam Hubbard,CIN,RE,73,2020
Jordan Willis,CIN,LE,73,2020
Andrew Billings,CIN,DT,72,2020
Nick Vigil,CIN,LOLB,72,2020
Jonah Williams,CIN,LT,72,2020
Billy Price,CIN,C,71,2020
Drew Sample,CIN,TE,71,2020
Alex Erickson,CIN,WR,70,2020
John Miller,CIN,RG,70,2020
Cody Core,CIN,WR,69,2020
Clayton Fejedelem,CIN,FS,69,2020
Ryan Glasgow,CIN,DT,69,2020
Auden Tate,CIN,WR,69,2020
Kerry Wynn,CIN,LE,69,2020
Malik Jefferson,CIN,ROLB,68,2020
Germaine Pratt,CIN,MLB,68,2020
KeiVarae Russell,CIN,CB,68,2020
B.W. Webb,CIN,CB,68,2020
Renell Wren,CIN,DT,68,2020
Rodney Anderson,CIN,HB,67,2020
Jordan Evans,CIN,ROLB,67,2020
Kevin Huber,CIN,P,67,2020
Josh Malone,CIN,WR,67,2020
Cethan Carter,CIN,FB,66,2020
Stanley Morgan Jr,CIN,WR,66,2020
Hardy Nickerson,CIN,MLB,66,2020
Mason Schreck,CIN,TE,66,2020
Trayveon Williams,CIN,HB,66,2020
Andrew Brown,CIN,DT,65,2020
Jordan Franks,CIN,TE,65,2020
Darius Phillips,CIN,CB,65,2020
Alex Redmond,CIN,RG,65,2020
Christian Ringo,CIN,DT,65,2020
Moritz Boehringer,CIN,TE,64,2020
Deshaun Davis,CIN,MLB,64,2020
Bobby Hart,CIN,RT,64,2020
Chris Worley,CIN,ROLB,64,2020
Demetrious Cox,CIN,SS,63,2020
Trey Hopkins,CIN,LG,63,2020
Jordan Brown,CIN,CB,62,2020
Trayvon Henderson,CIN,SS,62,2020
Tony McRae,CIN,CB,62,2020
Jeff Driskel,CIN,QB,61,2020
Quinton Flowers,CIN,HB,61,2020
Josh Tupou,CIN,DT,61,2020
Brandon Wilson,CIN,FS,61,2020
Davontae Harris,CIN,CB,60,2020
Niles Scott,CIN,DT,60,2020
Christian Westerman,CIN,LG,59,2020
Michael Jordan,CIN,C,58,2020
Ryan Finley,CIN,QB,56,2020
Kent Perkins,CIN,LT,55,2020
Rod Taylor,CIN,RG,55,2020
Clark Harris,CIN,TE,52,2020
Odell Beckham Jr,CLE,WR,96,2020
Myles Garrett,CLE,RE,91,2020
Kareem Hunt,CLE,HB,90,2020
Denzel Ward,CLE,CB,88,2020
Joel Bitonio,CLE,LG,87,2020
Damarious Randall,CLE,FS,86,2020
Nick Chubb,CLE,HB,85,2020
Jarvis Landry,CLE,WR,84,2020
Sheldon Richardson,CLE,DT,84,2020
Baker Mayfield,CLE,QB,83,2020
David Njoku,CLE,TE,82,2020
Olivier Vernon,CLE,LE,82,2020
Duke Johnson Jr,CLE,HB,80,2020
Joe Schobert,CLE,MLB,79,2020
J.C. Tretter,CLE,C,79,2020
Britton Colquitt,CLE,P,77,2020
Demetrius Harris,CLE,TE,77,2020
Larry Ogunjobi,CLE,DT,77,2020
Genard Avery,CLE,LOLB,76,2020
Seth DeValve,CLE,TE,76,2020
Terrance Mitchell,CLE,CB,76,2020
Antonio Callaway,CLE,WR,75,2020
Christian Kirksey,CLE,ROLB,75,2020
Morgan Burnett,CLE,SS,74,2020
T.J. Carrie,CLE,CB,74,2020
Rashard Higgins,CLE,WR,73,2020
Greedy Williams,CLE,CB,73,2020
Anthony Zettel,CLE,RE,73,2020
Chris Hubbard,CLE,RT,72,2020
Jaelen Strong,CLE,WR,71,2020
Austin Corbett,CLE,RG,70,2020
Eric Murray,CLE,FS,70,2020
Greg Robinson,CLE,LT,70,2020
Sione Takitaki,CLE,LOLB,70,2020
Phillip Gaines,CLE,CB,69,2020
Greg Joseph,CLE,K,69,2020
Damion Ratley,CLE,WR,69,2020
Pharaoh Brown,CLE,TE,68,2020
Trevon Coley,CLE,DT,68,2020
Carl Davis,CLE,DT,68,2020
Orson Charles,CLE,TE,67,2020
Kendall Lamm,CLE,RT,67,2020
Chris Smith,CLE,LE,67,2020
Adarius Taylor,CLE,MLB,67,2020
Lenzy Pipkins,CLE,CB,66,2020
Sheldrick Redwine,CLE,FS,66,2020
Austin Seibert,CLE,K,66,2020
Chad Thomas,CLE,RE,66,2020
Jermaine Whitehead,CLE,SS,66,2020
Ray-Ray Armstrong,CLE,ROLB,65,2020
Dontrell Hilliard,CLE,HB,65,2020
Drew Forbes,CLE,LG,64,2020
Derrick Willies,CLE,WR,64,2020
Mack Wilson,CLE,MLB,64,2020
Bryan Witzmann,CLE,LG,63,2020
Daniel Ekuale,CLE,DT,62,2020
Charley Hughlett,CLE,TE,62,2020
Eric Kush,CLE,RG,62,2020
Wyatt Ray,CLE,LE,62,2020
Juston Burris,CLE,CB,61,2020
Donnie Lewis Jr,CLE,CB,61,2020
Brian Price,CLE,DT,61,2020
Drew Stanton,CLE,QB,60,2020
Robert Jackson,CLE,CB,59,2020
Blake Jackson,CLE,WR,58,2020
Devaroe Lawrence,CLE,DT,58,2020
Tigie Sankoh,CLE,SS,58,2020
Tavierre Thomas,CLE,CB,58,2020
Kyle Kalis,CLE,RG,56,2020
Brad Seaton,CLE,RT,55,2020
David Blough,CLE,QB,48,2020
Garrett Gilbert,CLE,QB,48,2020
Zack Martin,DAL,RG,96,2020
Ezekiel Elliott,DAL,HB,94,2020
Travis Frederick,DAL,C,94,2020
Tyron Smith,DAL,LT,94,2020
Byron Jones,DAL,CB,91,2020
Amari Cooper,DAL,WR,89,2020
DeMarcus Lawrence,DAL,LE,89,2020
Leighton Vander Esch,DAL,ROLB,86,2020
Jaylon Smith,DAL,MLB,85,2020
Chris Jones,DAL,P,84,2020
Sean Lee,DAL,LOLB,84,2020
Jason Witten,DAL,TE,83,2020
Dak Prescott,DAL,QB,81,2020
Chidobe Awuzie,DAL,CB,80,2020
Randall Cobb,DAL,WR,80,2020
Anthony Brown,DAL,CB,79,2020
Tyrone Crawford,DAL,RE,79,2020
Michael Gallup,DAL,WR,78,2020
Robert Quinn,DAL,RE,78,2020
Xavier Woods,DAL,FS,77,2020
La'el Collins,DAL,RT,76,2020
Randy Gregory,DAL,RE,76,2020
Allen Hurns,DAL,WR,76,2020
Taco Charlton,DAL,RE,75,2020
Maliek Collins,DAL,DT,74,2020
Jourdan Lewis,DAL,CB,74,2020
Brett Maher,DAL,K,74,2020
Tavon Austin,DAL,WR,73,2020
Christian Covington,DAL,DT,73,2020
Jeff Heath,DAL,SS,73,2020
George Iloka,DAL,SS,73,2020
Blake Jarwin,DAL,TE,73,2020
Antwaun Woods,DAL,DT,73,2020
Trysten Hill,DAL,DT,72,2020
Dorance Armstrong,DAL,LE,71,2020
Dalton Schultz,DAL,TE,71,2020
Connor Williams,DAL,LG,71,2020
Noah Brown,DAL,WR,70,2020
Kerry Hyder Jr,DAL,LE,70,2020
Kavon Frazier,DAL,SS,69,2020
Rico Gathers,DAL,TE,69,2020
Justin March-Lillard,DAL,LOLB,69,2020
Joe Looney,DAL,C,69,2020
Jamize Olawale,DAL,FB,69,2020
Cedrick Wilson,DAL,WR,69,2020
Xavier Su'a-Filo,DAL,LG,68,2020
Tony Pollard,DAL,HB,68,2020
Joe Thomas,DAL,MLB,68,2020
Darian Thompson,DAL,FS,68,2020
Daniel Ross,DAL,DT,67,2020
Devin Smith,DAL,WR,67,2020
Cameron Fleming,DAL,RT,66,2020
Michael Jackson Sr,DAL,CB,66,2020
Treston DeCoud,DAL,CB,65,2020
C.J. Goodwin,DAL,CB,64,2020
Joe Jackson,DAL,RE,64,2020
Connor McGovern,DAL,RG,64,2020
Mike Weber,DAL,HB,64,2020
Lance Lenoir,DAL,WR,63,2020
Kasey Redfern,DAL,P,63,2020
Chris Covington,DAL,LOLB,62,2020
Darius Jackson,DAL,HB,62,2020
Daniel Wise,DAL,DT,62,2020
Reggie Davis,DAL,WR,61,2020
Jalen Jelks,DAL,LE,61,2020
Kyle Queiro,DAL,ROLB,60,2020
Donovan Wilson,DAL,SS,60,2020
Cody Wichmann,DAL,LG,59,2020
Jameill Showers,DAL,SS,56,2020
Adam Redmond,DAL,C,55,2020
Brandon Knight,DAL,RT,53,2020
Cooper Rush,DAL,QB,53,2020
Mike White,DAL,QB,53,2020
L.P. LaDouceur,DAL,TE,47,2020
Von Miller,DEN,LOLB,97,2020
Chris Harris Jr,DEN,CB,90,2020
Emmanuel Sanders,DEN,WR,88,2020
Kareem Jackson,DEN,CB,86,2020
Phillip Lindsay,DEN,HB,86,2020
Bryce Callahan,DEN,CB,81,2020
Bradley Chubb,DEN,ROLB,80,2020
Ron Leary,DEN,LG,80,2020
Justin Simmons,DEN,FS,80,2020
Derek Wolfe,DEN,LE,80,2020
Ja'Wuan James,DEN,RT,78,2020
Garett Bolles,DEN,LT,77,2020
Todd Davis,DEN,MLB,76,2020
Brandon McManus,DEN,K,76,2020
Courtland Sutton,DEN,WR,76,2020
Jake Butt,DEN,TE,75,2020
Royce Freeman,DEN,HB,75,2020
Will Parks,DEN,SS,75,2020
Noah Fant,DEN,TE,74,2020
Joe Flacco,DEN,QB,74,2020
Adam Gotsis,DEN,RE,74,2020
Shelby Harris,DEN,DT,74,2020
Jeff Heuerman,DEN,TE,74,2020
DaeSean Hamilton,DEN,WR,73,2020
Devontae Booker,DEN,HB,72,2020
Andre Holmes,DEN,WR,72,2020
Andy Janovich,DEN,FB,72,2020
Josey Jewell,DEN,MLB,71,2020
Connor McGovern,DEN,RG,71,2020
Su'a CBAL,DEN,SS,70,2020
Troy Fumagalli,DEN,TE,70,2020
Dalton Risner,DEN,C,69,2020
Dekoda Watson,DEN,ROLB,69,2020
Zach Kerr,DEN,LE,68,2020
Shamarko Thomas,DEN,SS,68,2020
DeMarcus Walker,DEN,RE,68,2020
Isaac Yiadom,DEN,CB,68,2020
Dre'Mont Jones,DEN,RE,67,2020
Drew Lock,DEN,QB,67,2020
Tim Patrick,DEN,WR,67,2020
River Cracraft,DEN,WR,66,2020
Justin Hollins,DEN,LOLB,66,2020
Elijah Wilkinson,DEN,RG,66,2020
Aaron Wallace,DEN,ROLB,65,2020
Juwann Winfree,DEN,WR,65,2020
Brendan Langley,DEN,WR,64,2020
Dymonte Thomas,DEN,FS,64,2020
Colby Wadman,DEN,P,64,2020
DeShawn Williams,DEN,DT,64,2020
Aaron Burbridge,DEN,WR,63,2020
Bug Howard,DEN,WR,63,2020
Khalfani Muhammad,DEN,HB,63,2020
A.J. Johnson,DEN,MLB,62,2020
Joseph Jones,DEN,MLB,62,2020
Trey Marshall,DEN,SS,62,2020
Jamal Carter,DEN,FS,61,2020
Jeff Holland,DEN,LOLB,61,2020
De'Vante Bausby,DEN,CB,60,2020
Alijah Holder,DEN,CB,59,2020
Keishawn Bierria,DEN,MLB,58,2020
Horace Richardson,DEN,CB,58,2020
Austin Schlottmann,DEN,LG,57,2020
Linden Stephens,DEN,CB,57,2020
Don Barclay,DEN,LG,56,2020
Brett Rypien,DEN,QB,56,2020
Jake Brendel,DEN,C,55,2020
Kevin Hogan,DEN,QB,55,2020
Chaz Green,DEN,RT,54,2020
Sam Jones,DEN,C,54,2020
Jake Rodgers,DEN,RT,53,2020
Nico Falah,DEN,C,49,2020
Casey Kreiter,DEN,TE,40,2020
Damon Harrison Sr,DET,DT,95,2020
Darius Slay Jr,DET,CB,89,2020
Trey Flowers,DET,RE,87,2020
Marvin Jones Jr,DET,WR,86,2020
Kenny Golladay,DET,WR,83,2020
Danny Amendola,DET,WR,81,2020
Kerryon Johnson,DET,HB,81,2020
C.J. Anderson,DET,HB,80,2020
Da'Shawn Hand,DET,LE,79,2020
Frank Ragnow,DET,LG,79,2020
Matthew Stafford,DET,QB,79,2020
Jesse James,DET,TE,78,2020
Jermaine Kearse,DET,WR,78,2020
Rashaan Melvin,DET,CB,78,2020
Matt Prater,DET,K,78,2020
Justin Coleman,DET,CB,77,2020
Quandre Diggs,DET,SS,77,2020
T.J. Hockenson,DET,TE,77,2020
Theo Riddick,DET,HB,77,2020
A'Shawn Robinson,DET,DT,77,2020
Rick Wagner,DET,RT,77,2020
Taylor Decker,DET,LT,76,2020
Tavon Wilson Sr,DET,SS,76,2020
Sam Martin,DET,P,75,2020
Graham Glasgow,DET,C,74,2020
Devon Kennard,DET,LOLB,74,2020
Christian Jones,DET,ROLB,73,2020
Jarrad Davis,DET,MLB,72,2020
Mike Ford,DET,CB,72,2020
Michael Roberts,DET,TE,72,2020
Tracy Walker,DET,FS,72,2020
Romeo Okwara,DET,RE,71,2020
Miles Killebrew,DET,SS,70,2020
Zach Zenner,DET,HB,70,2020
Andrew Adams,DET,FS,69,2020
Jahlani Tavai,DET,MLB,69,2020
Amani Oruwariye,DET,CB,68,2020
Teez Tabor,DET,CB,68,2020
Logan Thomas,DET,TE,68,2020
Nick Bawden,DET,FB,67,2020
Marcus Cooper Sr,DET,CB,67,2020
Will Harris,DET,FS,67,2020
Isaac Nauta,DET,TE,67,2020
Austin Bryant,DET,LE,66,2020
Tyrell Crosby,DET,LT,66,2020
Travis Fulgham,DET,WR,66,2020
Ty Johnson,DET,HB,66,2020
Mitchell Loewen,DET,DT,66,2020
Jalen Reeves-Maybin,DET,ROLB,66,2020
Jamal Agnew,DET,CB,65,2020
Jerome Cunningham,DET,TE,65,2020
Eric Lee,DET,LE,65,2020
Tommylee Lewis,DET,WR,65,2020
Oday Aboushi,DET,RG,63,2020
Malik Carney,DET,RE,63,2020
Andy Jones,DET,WR,63,2020
Steve Longa,DET,LOLB,63,2020
Brandon Powell,DET,WR,63,2020
Charles Washington,DET,FS,63,2020
Kenny Wiggins,DET,RG,63,2020
Tre Lamar III,DET,MLB,62,2020
PJ Johnson,DET,DT,62,2020
Darius Kilgo,DET,DT,62,2020
Garret Dooley,DET,LOLB,61,2020
Beau Benzschawel,DET,RG,60,2020
Andre Chachere,DET,CB,60,2020
Don Muhlbach,DET,TE,57,2020
Joe Dahl,DET,LG,56,2020
Ryan Pope,DET,RT,56,2020
Tom Savage,DET,QB,55,2020
John Atkins,DET,DT,54,2020
Leo Koloamatangi,DET,C,54,2020
Andrew Donnal,DET,RT,53,2020
Connor Cook,DET,QB,51,2020
David Bakhtiari,GB,LT,97,2020
Davante Adams,GB,WR,92,2020
Kenny Clark,GB,DT,90,2020
Aaron Rodgers,GB,QB,90,2020
Adrian Amos Jr,GB,SS,87,2020
Mike Daniels,GB,RE,87,2020
Bryan Bulaga,GB,RT,85,2020
Jaire Alexander,GB,CB,83,2020
Jimmy Graham,GB,TE,83,2020
Za'Darius Smith,GB,LOLB,83,2020
Blake Martinez,GB,MLB,82,2020
Aaron Jones,GB,HB,81,2020
Corey Linsley,GB,C,80,2020
Preston Smith,GB,ROLB,80,2020
Marcedes Lewis,GB,TE,77,2020
Kevin King,GB,CB,76,2020
Jamaal Williams,GB,HB,76,2020
Kyler Fackrell,GB,ROLB,75,2020
Josh Jackson,GB,CB,75,2020
Dean Lowry,GB,LE,75,2020
Geronimo Allison,GB,WR,74,2020
Mason Crosby,GB,K,74,2020
JK Scott,GB,P,74,2020
Tramon Williams,GB,FS,74,2020
Rashan Gary,GB,LE,73,2020
Marquez Valdes-Scantling,GB,WR,73,2020
Darnell Savage Jr,GB,FS,72,2020
Jace Sternberger,GB,TE,72,2020
Josh Jones,GB,FS,71,2020
Lane Taylor,GB,LG,71,2020
Tyler Lancaster,GB,DT,70,2020
Reggie Gilbert,GB,LOLB,69,2020
Elgton Jenkins,GB,RG,69,2020
Jake Kumerow,GB,WR,69,2020
Trevor Davis,GB,WR,68,2020
Tony Brown,GB,CB,67,2020
J'Mon Moore,GB,WR,67,2020
Montravius Adams,GB,RE,66,2020
Kapri Bibbs,GB,HB,66,2020
Equanimeous St. Brown,GB,WR,66,2020
Ka'Dar Hollman,GB,CB,66,2020
Robert Tonyan,GB,TE,66,2020
Danny Vitale,GB,FB,66,2020
Dexter Williams,GB,HB,66,2020
Evan Baylis,GB,TE,65,2020
Oren Burks,GB,MLB,65,2020
Kingsley Keke,GB,RE,65,2020
Deon Simon,GB,DT,65,2020
Natrell Jamerson,GB,CB,64,2020
Allen Lazard,GB,WR,64,2020
Mike Tyson,GB,SS,64,2020
Jawill Davis,GB,WR,63,2020
Sam Ficken,GB,K,63,2020
DeShone Kizer,GB,QB,63,2020
James Looney,GB,LE,63,2020
Will Redmond,GB,CB,63,2020
Chandon Sullivan,GB,CB,63,2020
Ty Summers,GB,MLB,63,2020
Billy Turner,GB,LG,63,2020
Fadol Brown,GB,LE,62,2020
James Crawford,GB,MLB,61,2020
Kendall Donnerson,GB,ROLB,61,2020
Justin McCray,GB,RG,61,2020
Jason Spriggs,GB,RT,61,2020
Lucas Patrick,GB,RG,59,2020
Tray Matthews,GB,SS,58,2020
Gerhard de Beer,GB,RT,56,2020
Tra Carson,GB,HB,56,2020
Yosuah Nijman,GB,RT,56,2020
Tim Boyle,GB,QB,55,2020
Raven Greene,GB,FS,54,2020
Cole Madison,GB,RG,54,2020
Alex Light,GB,LT,52,2020
Hunter Bradley,GB,TE,39,2020
DeAndre Hopkins,HOU,WR,99,2020
J.J. Watt,HOU,LE,97,2020
Jadeveon Clowney,HOU,ROLB,92,2020
Lamar Miller,HOU,HB,85,2020
Justin Reid,HOU,FS,84,2020
Johnathan Joseph,HOU,CB,83,2020
Benardrick McKinney,HOU,MLB,83,2020
Whitney Mercilus,HOU,LOLB,83,2020
Will Fuller V,HOU,WR,82,2020
Tashaun Gipson Sr,HOU,SS,82,2020
Deshaun Watson,HOU,QB,82,2020
D.J. Reader,HOU,RE,78,2020
Bradley Roby,HOU,CB,78,2020
Jahleel Addae,HOU,SS,76,2020
Zach Cunningham,HOU,MLB,76,2020
Zach Fulton,HOU,RG,76,2020
Briean Boddy-Calhoun,HOU,FS,75,2020
Aaron Colvin,HOU,CB,75,2020
Darren Fells,HOU,TE,75,2020
Ka'imi Fairbairn,HOU,K,74,2020
Keke Coutee,HOU,WR,73,2020
D'Onta Foreman,HOU,HB,73,2020
Dylan Cole,HOU,MLB,72,2020
Jordan Thomas,HOU,TE,72,2020
Jordan Akins,HOU,TE,71,2020
Duke Ejiofor,HOU,ROLB,71,2020
Taiwan Jones,HOU,HB,70,2020
Senio Kelemete,HOU,LG,70,2020
Nick Martin,HOU,C,70,2020
Brennan Scarlett,HOU,MLB,70,2020
Kahale Warring,HOU,TE,70,2020
Johnson Bademosi,HOU,CB,69,2020
Matt Kalil,HOU,LT,69,2020
Angelo Blackson,HOU,RE,68,2020
Brandon Dunn,HOU,DT,68,2020
Lonnie Johnson Jr,HOU,CB,68,2020
DeAndre Carter,HOU,WR,67,2020
Tytus Howard,HOU,RT,67,2020
Jerell Adams,HOU,TE,66,2020
Johnnie Dixon,HOU,WR,66,2020
Joel Heath,HOU,RE,66,2020
Carlos Watkins,HOU,LE,66,2020
Peter Kalambayi,HOU,LOLB,65,2020
Max Scharping,HOU,LT,65,2020
Xavier Crawford,HOU,CB,64,2020
Trevor Daniel,HOU,P,64,2020
Cullen Gillaspia,HOU,FB,64,2020
A.J. Moore,HOU,FS,64,2020
Seantrel Henderson,HOU,RT,63,2020
Albert Huggins Jr,HOU,DT,63,2020
Martinas Rankin,HOU,LG,63,2020
Julie'n Davenport,HOU,LT,62,2020
Jermaine Kelly Jr,HOU,CB,62,2020
A.J. McCarron,HOU,QB,62,2020
Charles Omenihu,HOU,ROLB,62,2020
Vyncint Smith,HOU,WR,62,2020
Deante Burton,HOU,CB,61,2020
Josh Ferguson,HOU,HB,61,2020
A.J. Hendy,HOU,SS,61,2020
Steven Mitchell Jr,HOU,WR,61,2020
Xavier Woodson-Luster,HOU,MLB,61,2020
Greg Mancz,HOU,C,61,2020
Roderick Johnson,HOU,RT,60,2020
Tyrell Adams,HOU,MLB,59,2020
Davin Bellamy,HOU,LOLB,59,2020
Buddy Howell,HOU,HB,59,2020
Derrick Baity Jr,HOU,CB,58,2020
Chris Landrum,HOU,ROLB,57,2020
Rick Leonard,HOU,RT,55,2020
Joe Webb III,HOU,QB,53,2020
Isaac Whitney,HOU,WR,53,2020
Maurquice Shakir,HOU,C,52,2020
David Steinmetz,HOU,RT,51,2020
Jon Weeks,HOU,TE,39,2020
Andrew Luck,IND,QB,92,2020
T.Y. Hilton,IND,WR,91,2020
Justin Houston,IND,RE,87,2020
Quenton Nelson,IND,LG,87,2020
Eric Ebron,IND,TE,86,2020
Jack Doyle,IND,TE,85,2020
Anthony Castonzo,IND,LT,84,2020
Darius Leonard,IND,LOLB,84,2020
Ryan Kelly,IND,C,83,2020
Malik Hooker,IND,FS,82,2020
Marlon Mack,IND,HB,82,2020
Jabaal Sheard,IND,LE,82,2020
Braden Smith,IND,RT,81,2020
Pierre Desir,IND,CB,80,2020
Devin Funchess,IND,WR,80,2020
Kenny Moore II,IND,CB,79,2020
Clayton Geathers,IND,SS,78,2020
Adam Vinatieri,IND,K,78,2020
Nyheim Hines,IND,HB,77,2020
Spencer Ware,IND,HB,77,2020
Denico Autry,IND,DT,76,2020
Margus Hunt,IND,DT,75,2020
Kemoko Turay,IND,RE,75,2020
Matthias Farley,IND,SS,74,2020
Mark Glowinski,IND,RG,74,2020
Chester Rogers,IND,WR,74,2020
Rigoberto Sanchez,IND,P,74,2020
Quincy Wilson,IND,CB,74,2020
Derrick Kindred,IND,SS,73,2020
Tyquan Lewis,IND,RE,72,2020
Jacoby Brissett,IND,QB,71,2020
Parris Campbell,IND,WR,71,2020
Jordan Wilkins,IND,HB,71,2020
Mo Alie-Cox,IND,TE,70,2020
Rock Ya-Sin,IND,CB,70,2020
Ben Banogu,IND,LE,69,2020
Nate Hairston,IND,CB,69,2020
Anthony Walker Jr,IND,ROLB,69,2020
George Odum,IND,SS,68,2020
Zach Pascal,IND,WR,68,2020
Matthew Adams,IND,ROLB,67,2020
Deon Cain,IND,WR,67,2020
Reece Fountain,IND,WR,67,2020
Marcus Johnson,IND,WR,67,2020
Billy Brown,IND,TE,66,2020
Jalen Collins,IND,CB,66,2020
Zaire Franklin,IND,ROLB,66,2020
Marvell Tell III,IND,FS,66,2020
Al-Quadin Muhammad,IND,RE,66,2020
Bobby Okereke,IND,MLB,66,2020
Carroll Phillips,IND,LE,66,2020
Khari Willis,IND,FS,66,2020
Grover Stewart,IND,DT,65,2020
Evan Boehm,IND,LG,64,2020
Gerri Green,IND,LE,64,2020
Steve Ishmael,IND,WR,64,2020
Ahmad Thomas,IND,LOLB,64,2020
Joe Haeg,IND,RT,63,2020
Jihad Ward,IND,DT,63,2020
Isaiah Johnson,IND,SS,62,2020
Chris Milton,IND,CB,62,2020
Skai Moore,IND,MLB,62,2020
E.J. Speed,IND,LOLB,61,2020
J'Marcus Webb,IND,RT,60,2020
Antonio Garcia,IND,RT,59,2020
Rolan Milligan,IND,SS,58,2020
Javon Patterson,IND,LG,58,2020
Jonathan Williams,IND,HB,58,2020
Josh Andrews,IND,C,57,2020
Le'Raven Clark,IND,LT,56,2020
Phillip Walker,IND,QB,56,2020
Jake Eldrenkamp,IND,RG,55,2020
Jackson Barton,IND,LT,54,2020
Luke Rhodes,IND,TE,37,2020
Jalen LARey,JAX,CB,96,2020
Calais Campbell,JAX,LE,92,2020
A.J. Bouye,JAX,CB,88,2020
Telvin Smith,JAX,ROLB,88,2020
Brandon Linder,JAX,C,86,2020
Andrew Norwell,JAX,LG,85,2020
Yannick Ngakoue,JAX,RE,84,2020
Myles Jack,JAX,MLB,83,2020
Leonard Fournette,JAX,HB,81,2020
Marcell Dareus,JAX,DT,80,2020
Marqise Lee,JAX,WR,80,2020
Josh Lambo,JAX,K,79,2020
Dede Westbrook,JAX,WR,79,2020
Jake Ryan,JAX,MLB,78,2020
Josh Allen,JAX,LE,77,2020
Keelan Cole,JAX,WR,77,2020
Nick Foles,JAX,QB,77,2020
Taven Bryan,JAX,RE,75,2020
Chris Conley,JAX,WR,75,2020
James O'Shaughnessy,JAX,TE,75,2020
Alfred Blue,JAX,HB,73,2020
D.J. Hayden,JAX,CB,73,2020
Terrelle Pryor Sr,JAX,WR,73,2020
Geoff Swaim,JAX,TE,73,2020
Cody Davis,JAX,FS,72,2020
Abry Jones,JAX,DT,72,2020
A.J. Cann,JAX,RG,71,2020
D.J. Chark Jr,JAX,WR,71,2020
Ronnie Harrison,JAX,SS,71,2020
Josh Oliver,JAX,TE,71,2020
Jawaan Taylor,JAX,RT,71,2020
Logan Cooke,JAX,P,70,2020
Ben Koyack,JAX,TE,70,2020
Dawuane Smoot,JAX,LE,70,2020
Leon Jacobs,JAX,LOLB,69,2020
Cam Robinson,JAX,LT,69,2020
D.J. Alexander,JAX,LOLB,67,2020
Benny Cunningham,JAX,HB,67,2020
Datone Jones,JAX,DT,67,2020
Jarrod Wilson,JAX,SS,67,2020
Lerentee McCray,JAX,RE,66,2020
James Onwualu,JAX,ROLB,66,2020
Thomas Rawls,JAX,HB,66,2020
Ramik Wilson,JAX,MLB,66,2020
Ryquell Armstead,JAX,HB,65,2020
Josh Wells,JAX,LT,65,2020
Quincy Williams,JAX,ROLB,65,2020
Dontavius Russell,JAX,DT,64,2020
Eli Ankou,JAX,DT,63,2020
Tyre Brady,JAX,WR,63,2020
Najee Goode,JAX,MLB,63,2020
C.J. Reavis,JAX,FS,63,2020
Tre Herndon,JAX,CB,62,2020
Brandon Thomas,JAX,RG,62,2020
Andrew Wingard,JAX,FS,62,2020
Quenton Meeks,JAX,CB,61,2020
Zedrick Woods,JAX,SS,61,2020
Joe Giles-Harris,JAX,MLB,60,2020
Cedric Ogbuehi,JAX,RT,60,2020
Tyler Shatley,JAX,C,60,2020
Breon Borders,JAX,CB,59,2020
Gardner Minshew II,JAX,QB,59,2020
Donnell Greene,JAX,LT,57,2020
Saivion Smith,JAX,CB,57,2020
Nick DeLuca,JAX,LOLB,56,2020
Michael Hughes,JAX,DT,56,2020
Will Richardson Jr,JAX,RT,56,2020
KC McDermott,JAX,LG,54,2020
Alex McGough,JAX,QB,54,2020
Leonard Wester,JAX,LT,54,2020
Tanner Lee,JAX,QB,46,2020
Matt Overton,JAX,TE,45,2020
Patrick Mahomes,KC,QB,97,2020
Travis Kelce,KC,TE,96,2020
Tyreek Hill,KC,WR,94,2020
Mitchell Schwartz,KC,RT,93,2020
Chris Jones,KC,DT,89,2020
Kendall Fuller,KC,CB,87,2020
Tyrann Mathieu,KC,SS,87,2020
Frank Clark,KC,RE,83,2020
Sammy Watkins,KC,WR,82,2020
Dustin Colquitt,KC,P,81,2020
Damien Williams,KC,HB,80,2020
Harrison Butker,KC,K,79,2020
Laurent Duvernay-Tardif,KC,RG,78,2020
Anthony Hitchens,KC,ROLB,77,2020
Anthony Sherman,KC,FB,77,2020
Carlos Hyde,KC,HB,76,2020
Derrick Nnadi,KC,DT,76,2020
Emmanuel Ogbah,KC,LE,76,2020
Alex Okafor,KC,LE,76,2020
Bashaud Breeland,KC,CB,74,2020
Eric Fisher,KC,LT,74,2020
Demarcus Robinson,KC,WR,74,2020
Darron Lee,KC,MLB,73,2020
Reggie Ragland,KC,MLB,73,2020
Breeland Speaks,KC,RE,72,2020
Xavier Williams,KC,DT,71,2020
Jeremiah Attaochu,KC,ROLB,70,2020
Mecole Hardman,KC,WR,70,2020
Khalen Saunders,KC,DT,70,2020
Daniel Sorensen,KC,SS,70,2020
Damien Wilson,KC,LOLB,70,2020
Jordan Lucas,KC,FS,69,2020
Dorian O'Daniel,KC,LOLB,69,2020
Juan Thornhill,KC,FS,69,2020
Tanoh Kpassagnon,KC,RE,68,2020
Cameron Erving,KC,LG,67,2020
Charvarius Ward,KC,CB,67,2020
David Wells,KC,TE,67,2020
Byron Pringle,KC,WR,66,2020
Andrew Wylie,KC,RG,66,2020
Gehrig Dieter,KC,WR,65,2020
Jack Fox,KC,P,65,2020
Keith Reaser,KC,CB,65,2020
Tremon Smith,KC,CB,65,2020
Darwin Thompson,KC,HB,65,2020
Blake Bell,KC,TE,64,2020
Deon Yelder,KC,TE,64,2020
Jamal Custis,KC,WR,63,2020
Justin Hamilton,KC,DT,63,2020
Joey Ivie,KC,DT,63,2020
Harold Jones-Quartey,KC,SS,63,2020
Armani Watts,KC,SS,63,2020
Darrel Williams,KC,HB,63,2020
Boobie Williams,KC,HB,63,2020
Rashad Fenton,KC,CB,62,2020
Marcus Kemp,KC,WR,62,2020
Pace Murphy,KC,LT,60,2020
Ben Niemann,KC,MLB,60,2020
Mark Fields,KC,CB,59,2020
Nick Allegretti,KC,C,58,2020
Chad Henne,KC,QB,58,2020
Austin Reiter,KC,C,58,2020
Gary Johnson,KC,MLB,57,2020
Justin Senior,KC,LT,57,2020
Ryan Hunter,KC,RG,55,2020
D'Montre Wade,KC,CB,55,2020
Zack Golditch,KC,RT,54,2020
Jimmy Murray,KC,C,54,2020
Kyle Shurmur,KC,QB,52,2020
Kahlil McKenzie,KC,LG,51,2020
Chase Litton,KC,QB,45,2020
James Winchester,KC,TE,41,2020
Philip Rivers,LAC,QB,94,2020
Melvin Gordon III,LAC,HB,92,2020
Keenan Allen,LAC,WR,89,2020
Casey Hayward Jr,LAC,CB,89,2020
Joey Bosa,LAC,LE,88,2020
Melvin Ingram III,LAC,RE,88,2020
Hunter Henry,LAC,TE,86,2020
Desmond King II,LAC,CB,86,2020
Derwin James,LAC,SS,86,2020
Austin Ekeler,LAC,HB,82,2020
Mike Pouncey,LAC,C,82,2020
Mike Williams,LAC,WR,81,2020
Travis Benjamin,LAC,WR,79,2020
Thomas Davis Sr,LAC,ROLB,79,2020
Uchenna Nwosu,LAC,LOLB,78,2020
Trevor Williams,LAC,CB,78,2020
Adrian Phillips,LAC,SS,77,2020
Virgil Green,LAC,TE,76,2020
Russell Okung,LAC,LT,76,2020
Jatavis Brown,LAC,LOLB,75,2020
Denzel Perryman,LAC,MLB,74,2020
Jerry Tillery,LAC,DT,74,2020
Justin Jackson,LAC,HB,73,2020
Forrest Lamp,LAC,RG,73,2020
Brandon Mebane,LAC,DT,73,2020
Michael Davis,LAC,CB,72,2020
Jaylen Watkins,LAC,SS,72,2020
Nasir Adderley,LAC,FS,71,2020
Michael Badgley,LAC,K,71,2020
Tyrod Taylor,LAC,QB,71,2020
Vince Mayle,LAC,TE,70,2020
Derek Watt,LAC,FB,70,2020
Dylan Cantrell,LAC,WR,69,2020
Drue Tranquill,LAC,MLB,69,2020
Kyzir White,LAC,ROLB,69,2020
Michael Schofield III,LAC,RG,68,2020
Sean Culkin,LAC,TE,67,2020
Isaac Rochell,LAC,LE,67,2020
Damion Square,LAC,DT,67,2020
Dan Feeney,LAC,LG,66,2020
Justin Jones,LAC,DT,66,2020
Geremy Davis,LAC,WR,65,2020
Anthony Lanier II,LAC,RE,65,2020
Rayshawn Jenkins,LAC,FS,65,2020
Ty Long,LAC,P,64,2020
T.Y. McGill,LAC,DT,64,2020
Andre Patton,LAC,WR,64,2020
Patrick Afriyie,LAC,RE,63,2020
Cortez Broughton,LAC,DT,63,2020
Emeke Egbule,LAC,LOLB,63,2020
Detrez Newsome,LAC,HB,63,2020
Daniel Helm,LAC,TE,62,2020
Trey Pipkins III,LAC,RT,62,2020
Easton Stick,LAC,QB,62,2020
Nick Dzubnar,LAC,MLB,61,2020
Troymaine Pope,LAC,HB,61,2020
Scott Quessenberry,LAC,LG,61,2020
Artavis Scott,LAC,WR,61,2020
Kyle Wilson,LAC,MLB,61,2020
Spencer Drango,LAC,RG,60,2020
Brandon Facyson,LAC,CB,60,2020
Justice Liggins,LAC,WR,60,2020
Arrion Springs,LAC,CB,60,2020
Sam Tevi,LAC,RT,60,2020
Andrew Vollert,LAC,TE,60,2020
Jeff Richards,LAC,CB,59,2020
Cardale Jones,LAC,QB,56,2020
Tre'von Johnson,LAC,MLB,55,2020
Cole Toner,LAC,C,54,2020
Trenton Scott,LAC,RT,52,2020
Mike Windt,LAC,TE,46,2020
Aaron Donald,LAR,RE,99,2020
Todd Gurley II,LAR,HB,97,2020
Andrew Whitworth,LAR,LT,93,2020
Brandin Cooks,LAR,WR,87,2020
Aqib Talib,LAR,CB,87,2020
Robert Woods,LAR,WR,87,2020
Johnny Hekker,LAR,P,86,2020
John Johnson III,LAR,SS,85,2020
Michael Brockers,LAR,LE,84,2020
Nickell Robey-Coleman,LAR,CB,84,2020
Cooper Kupp,LAR,WR,84,2020
Jared Goff,LAR,QB,83,2020
Rob Havenstein,LAR,RT,82,2020
Marcus Peters,LAR,CB,82,2020
Austin Blythe,LAR,RG,81,2020
Eric Weddle,LAR,FS,81,2020
Samson Ebukam,LAR,LOLB,80,2020
Greg Zuerlein,LAR,K,80,2020
Gerald Everett,LAR,TE,79,2020
Tyler Higbee,LAR,TE,79,2020
Clay Matthews,LAR,ROLB,78,2020
Dante Fowler Jr,LAR,ROLB,77,2020
Cory Littleton,LAR,MLB,75,2020
Josh Reynolds,LAR,WR,75,2020
Malcolm Brown,LAR,HB,72,2020
Darrell Henderson Jr,LAR,HB,72,2020
Morgan Fox,LAR,LE,71,2020
Troy Hill,LAR,CB,71,2020
Blake Bortles,LAR,QB,69,2020
David Long,LAR,CB,69,2020
Ogbonnia Okoronkwo,LAR,ROLB,68,2020
Taylor Rapp,LAR,SS,68,2020
Justin Davis,LAR,HB,67,2020
John Franklin-Myers,LAR,LE,67,2020
Greg Gaines,LAR,DT,67,2020
Bryce Hager,LAR,MLB,66,2020
John Kelly,LAR,HB,66,2020
Micah Kiser,LAR,MLB,66,2020
KhaDarel Hodge,LAR,WR,65,2020
Justin Lawler,LAR,LOLB,65,2020
Johnny Mundt,LAR,TE,65,2020
Joseph Noteboom,LAR,LG,65,2020
Austin Proehl,LAR,WR,65,2020
Josh Carraway,LAR,ROLB,64,2020
Marqui Christian,LAR,FS,64,2020
Bobby Evans Jr,LAR,LT,64,2020
Tanzel Smart,LAR,RE,64,2020
Trevon Young,LAR,LOLB,64,2020
Sebastian Joseph-Day,LAR,DT,63,2020
Donte Deayon,LAR,CB,63,2020
Brian Allen,LAR,C,62,2020
Kendall Blanton,LAR,TE,62,2020
Matt Colburn II,LAR,HB,62,2020
Mike Thomas,LAR,WR,62,2020
Dakota Allen,LAR,MLB,61,2020
Kevin Peterson,LAR,CB,61,2020
Nick Scott,LAR,SS,60,2020
David Edwards,LAR,RT,59,2020
JoJo Natson,LAR,WR,59,2020
Steven Parker,LAR,FS,59,2020
Darious Williams,LAR,CB,59,2020
Jamil Demby,LAR,RG,58,2020
Travin Howard,LAR,MLB,58,2020
Ramon Richards,LAR,CB,58,2020
Dominique Hatfield,LAR,CB,57,2020
Ketner Kupp,LAR,MLB,57,2020
Jeremiah Kolone,LAR,LG,56,2020
Aaron Neary,LAR,LG,56,2020
Vitas Hrynkiewicz,LAR,C,52,2020
Brandon Allen,LAR,QB,46,2020
Jake McQuaide,LAR,TE,44,2020
Antonio Brown,LV,WR,98,2020
Rodney Hudson,LV,C,93,2020
Lamarcus Joyner,LV,FS,85,2020
Tyrell Williams,LV,WR,83,2020
Derek Carr,LV,QB,80,2020
Gareon Conley,LV,CB,79,2020
Isaiah Crowell,LV,HB,79,2020
Trent Brown,LV,RT,78,2020
Maurice Hurst,LV,DT,78,2020
Karl Joseph,LV,SS,78,2020
Doug Martin,LV,HB,78,2020
Ryan Grant,LV,WR,77,2020
Gabe Jackson,LV,RG,77,2020
Vontaze Burfict,LV,ROLB,76,2020
Johnathan Hankins,LV,DT,76,2020
Richie Incognito,LV,LG,76,2020
Tahir Whitehead,LV,LOLB,76,2020
Nevin Lawson,LV,CB,75,2020
Brandon Marshall,LV,MLB,75,2020
Jalen Richard,LV,HB,75,2020
Luke Willson,LV,TE,75,2020
Clelin Ferrell,LV,LE,74,2020
Josh Jacobs,LV,HB,74,2020
Benson Mayowa,LV,LE,73,2020
DeAndre Washington,LV,HB,73,2020
Daryl Worley,LV,CB,73,2020
Justin Ellis,LV,DT,72,2020
Marquel Lee,LV,ROLB,72,2020
P.J. Hall,LV,DT,71,2020
Josh Mauro,LV,LE,71,2020
Kolton Miller,LV,LT,71,2020
Arden Key,LV,RE,70,2020
J.J. Nelson,LV,WR,70,2020
Hunter Renfrow,LV,WR,70,2020
Curtis Riley,LV,FS,70,2020
Johnathan Abram,LV,SS,69,2020
Marcell Ateman,LV,WR,69,2020
Daniel Carlson,LV,K,69,2020
Derek Carrier,LV,TE,69,2020
Dwayne Harris,LV,WR,69,2020
Foster Moreau,LV,TE,69,2020
Trayvon Mullen,LV,CB,69,2020
Nick Nelson,LV,CB,69,2020
Jordan Richards,LV,SS,69,2020
James Cowser,LV,LE,68,2020
Erik Harris,LV,FS,68,2020
Eddie Vanderdoes,LV,DT,68,2020
Darren Waller,LV,TE,68,2020
Maxx Crosby,LV,RE,67,2020
Isaiah Johnson,LV,CB,67,2020
Nicholas Morrow,LV,MLB,67,2020
Johnny Townsend,LV,P,67,2020
Kyle Wilber,LV,LOLB,67,2020
Gabe Wright,LV,DT,66,2020
Jason Cabinda,LV,MLB,64,2020
Alex Barrett,LV,RE,63,2020
Saeed Blacknall,LV,WR,63,2020
Paul Butler,LV,TE,63,2020
Brandon Parker,LV,RT,63,2020
Denzelle Good,LV,RT,62,2020
Keon Hatcher,LV,WR,62,2020
Denver Kirkland,LV,RG,62,2020
Dallin Leavitt,LV,SS,62,2020
Keith Smith,LV,FB,62,2020
Quinton Bell,LV,RE,61,2020
Mike Glennon,LV,QB,61,2020
Chris Warren III,LV,HB,60,2020
Jordan Devey,LV,C,58,2020
Makinton Dorleant,LV,CB,57,2020
David Sharpe,LV,LT,57,2020
Andrew DePaola,LV,TE,56,2020
Montrel Meander,LV,CB,55,2020
Rico Gafford,LV,WR,51,2020
Nathan Peterman,LV,QB,50,2020
Kenny Stills,MIA,WR,84,2020
Laremy Tunsil,MIA,LT,84,2020
Xavien Howard,MIA,CB,83,2020
Reshad Jones,MIA,SS,83,2020
Minkah Fitzpatrick,MIA,FS,80,2020
Kenyan Drake,MIA,HB,79,2020
DeVante Parker,MIA,WR,79,2020
Albert Wilson,MIA,WR,79,2020
Matt Haack,MIA,P,77,2020
Dwayne Allen,MIA,TE,76,2020
Jerome Baker,MIA,LOLB,76,2020
Bobby McCain,MIA,CB,76,2020
Ryan Fitzpatrick,MIA,QB,75,2020
Mike Gesicki,MIA,TE,75,2020
Davon Godchaux,MIA,DT,75,2020
Jakeem Grant,MIA,WR,75,2020
Christian Wilkins,MIA,DT,75,2020
Raekwon McMillan,MIA,MLB,74,2020
Kiko Alonso,MIA,ROLB,73,2020
T.J. McDonald,MIA,FS,73,2020
Jason Sanders,MIA,K,73,2020
Charles Harris,MIA,LE,72,2020
Nick O'Leary,MIA,TE,72,2020
Eric Rowe,MIA,CB,72,2020
Brice Butler,MIA,WR,71,2020
Akeem Spence,MIA,DT,71,2020
Vincent Taylor,MIA,DT,71,2020
Kalen Ballage,MIA,HB,70,2020
Ricardo Louis,MIA,WR,70,2020
Josh Rosen,MIA,QB,70,2020
Torry McTyer,MIA,CB,69,2020
Nate Orchard,MIA,LOLB,69,2020
Clive Walford,MIA,TE,69,2020
Isaiah Ford,MIA,WR,68,2020
Mark Walton Jr,MIA,HB,68,2020
Chase Allen,MIA,MLB,67,2020
Tank Carradine,MIA,RE,67,2020
Jayrone Elliott,MIA,ROLB,67,2020
Mike Hull,MIA,ROLB,67,2020
Daniel Kilgore,MIA,C,67,2020
Durham Smythe,MIA,TE,67,2020
Cordrea Tankersley,MIA,CB,67,2020
Walt Aikens,MIA,FS,66,2020
Jesse Davis,MIA,RG,66,2020
Myles Gaskin,MIA,HB,65,2020
Tyrone Holmes,MIA,LOLB,65,2020
Jordan Mills,MIA,RT,65,2020
Adolphus Washington,MIA,DT,65,2020
Jonathan Woodard,MIA,RE,65,2020
Chandler Cox,MIA,FB,64,2020
Michael Deiter,MIA,LG,64,2020
Andrew Van Ginkel,MIA,MLB,64,2020
Maurice Smith,MIA,SS,64,2020
Jonathan Ledbetter,MIA,LE,63,2020
Cornell Armstrong,MIA,CB,62,2020
Joey Mbu,MIA,DT,62,2020
Kendrick Norton,MIA,DT,62,2020
Chris Reed,MIA,LG,61,2020
Jalen Davis,MIA,CB,60,2020
Jamiyus Pittman,MIA,DT,60,2020
Isaiah Prince,MIA,RT,60,2020
Shaq Calhoun,MIA,LG,59,2020
Michael Dunn,MIA,RG,59,2020
Chris Lammons,MIA,SS,56,2020
Quentin Poling,MIA,MLB,56,2020
Jamar Summers,MIA,CB,56,2020
Kyle Fuller,MIA,RG,55,2020
Zach Sterup,MIA,LT,55,2020
Jaryd Jones-Smith,MIA,RT,54,2020
Kenneth Farrow,MIA,HB,53,2020
Connor Hilland,MIA,LG,53,2020
Jake Rudock,MIA,QB,51,2020
John Denney,MIA,TE,47,2020
Harrison Smith,MIN,SS,94,2020
Adam Thielen,MIN,WR,94,2020
Stefon Diggs,MIN,WR,93,2020
Danielle Hunter,MIN,LE,86,2020
Linval Joseph,MIN,DT,86,2020
Xavier Rhodes,MIN,CB,86,2020
Dalvin Cook,MIN,HB,85,2020
Everson Griffen,MIN,RE,85,2020
Kyle Rudolph,MIN,TE,85,2020
Anthony Barr,MIN,LOLB,82,2020
Kirk Cousins,MIN,QB,81,2020
Eric Kendricks,MIN,MLB,78,2020
Trae Waynes,MIN,CB,78,2020
Irv Smith Jr,MIN,TE,75,2020
Ameer Abdullah,MIN,HB,74,2020
Mackensie Alexander,MIN,CB,74,2020
Pat Elflein,MIN,LG,74,2020
Ben Gedeon,MIN,ROLB,74,2020
Dan Bailey,MIN,K,73,2020
Garrett Bradbury,MIN,C,73,2020
Anthony Harris,MIN,FS,73,2020
Matt Wile,MIN,P,73,2020
Josh Kline,MIN,RG,72,2020
Laquon Treadwell,MIN,WR,72,2020
C.J. Ham,MIN,FB,71,2020
Holton Hill,MIN,CB,71,2020
David Morgan II,MIN,TE,71,2020
Mike Hughes,MIN,CB,70,2020
Brian O'Neill,MIN,RT,70,2020
Stephen Weatherly,MIN,LE,70,2020
Shamar Stephen,MIN,DT,69,2020
Tyler Conklin,MIN,TE,68,2020
Brett Jones,MIN,C,68,2020
Alexander Mattison,MIN,HB,68,2020
Jordan Taylor,MIN,WR,68,2020
Mike Boone,MIN,HB,67,2020
Cole Hikutini,MIN,TE,67,2020
Jaleel Johnson,MIN,DT,67,2020
Riley Reiff,MIN,LT,67,2020
Dru Samia,MIN,RG,67,2020
Armon Watts,MIN,DT,66,2020
Eric Wilson,MIN,LOLB,66,2020
Kentrell Brothers,MIN,MLB,65,2020
Jalyn Holmes,MIN,DT,65,2020
Chad Beebe,MIN,WR,64,2020
Tashawn Bower,MIN,LE,64,2020
Aviante Collins,MIN,LT,64,2020
Olabisi Johnson,MIN,WR,64,2020
Jayron Kearse,MIN,SS,64,2020
Dillon Mitchell,MIN,WR,64,2020
Cameron Smith,MIN,MLB,64,2020
Roc Thomas,MIN,HB,64,2020
Ade Aruna,MIN,RE,63,2020
Duke Thomas,MIN,CB,63,2020
Brandon Zylstra,MIN,WR,63,2020
Reshard Cliett,MIN,ROLB,62,2020
Devante Downs,MIN,MLB,62,2020
Marcus Epps,MIN,FS,62,2020
Rashod Hill,MIN,RT,62,2020
Danny Isidora,MIN,RG,62,2020
Ifeadi Odenigbo,MIN,DT,62,2020
Kris Boyd,MIN,CB,61,2020
Craig James,MIN,CB,61,2020
Derron Smith,MIN,FS,61,2020
Dakota Dozier,MIN,LG,60,2020
Hercules Mata'afa,MIN,DT,60,2020
Olisaemeka Udoh,MIN,RT,60,2020
Curtis Cothran,MIN,DT,57,2020
Greer Martini,MIN,MLB,57,2020
Storm Norton,MIN,RT,55,2020
Kyle Sloter,MIN,QB,55,2020
Sean Mannion,MIN,QB,54,2020
Kevin McDermott,MIN,TE,51,2020
Austin Cutting,MIN,TE,38,2020
Tom Brady,NE,QB,96,2020
Stephon Gilmore,NE,CB,94,2020
Julian Edelman,NE,WR,89,2020
Devin McCourty,NE,FS,89,2020
Shaq Mason,NE,RG,88,2020
James White,NE,HB,86,2020
Michael Bennett,NE,LE,85,2020
Jason McCourty,NE,CB,85,2020
David Andrews,NE,C,84,2020
Sony Michel,NE,HB,84,2020
Joe Thuney,NE,LG,84,2020
Josh Gordon,NE,WR,83,2020
Dont'a Hightower,NE,ROLB,83,2020
Patrick Chung,NE,SS,82,2020
Lawrence Guy,NE,DT,82,2020
Demaryius Thomas,NE,WR,82,2020
Benjamin Watson,NE,TE,82,2020
Marcus Cannon,NE,RT,80,2020
Stephen Gostkowski,NE,K,80,2020
Phillip Dorsett,NE,WR,77,2020
Kyle Van Noy,NE,LOLB,77,2020
Rex Burkhead,NE,HB,76,2020
Jonathan Jones,NE,CB,76,2020
Ryan Allen,NE,P,75,2020
James Develin,NE,FB,75,2020
Duron Harmon,NE,SS,75,2020
JC Jackson,NE,CB,75,2020
Ja'Whaun Bentley,NE,MLB,74,2020
N'Keal Harry,NE,WR,74,2020
Dontrelle Inman,NE,WR,74,2020
Danny Shelton,NE,DT,74,2020
John Simon,NE,LE,74,2020
Jamie Collins Sr,NE,LOLB,73,2020
Isaiah Wynn,NE,LT,73,2020
Deatrich Wise Jr,NE,RE,72,2020
Mike Pennel Jr,NE,DT,72,2020
Obi Melifonwu,NE,SS,72,2020
Maurice Harris,NE,WR,71,2020
Elandon Roberts,NE,MLB,71,2020
Matt LaCosse,NE,TE,70,2020
Joejuan Williams,NE,CB,70,2020
Stephen Anderson,NE,TE,69,2020
Braxton Berrios,NE,WR,69,2020
Terrence Brooks,NE,SS,69,2020
Adam Butler,NE,DT,69,2020
Damien Harris,NE,HB,69,2020
Ryan Izzo,NE,TE,69,2020
Chase Winovich,NE,RE,69,2020
Shilique Calhoun,NE,LE,68,2020
Keion Crossen,NE,CB,68,2020
Derek Rivers,NE,LE,68,2020
Brandon Bolden,NE,HB,67,2020
Duke Dawson Jr,NE,FS,67,2020
Ufomba Kamalu,NE,ROLB,67,2020
Ted Karras,NE,LG,67,2020
Jake Bailey,NE,P,66,2020
Keionta Davis,NE,RE,66,2020
Nate Ebner,NE,FS,66,2020
David Parry,NE,DT,65,2020
Matthew Slater,NE,WR,65,2020
Brian Hoyer,NE,QB,64,2020
Byron Cowart,NE,DT,63,2020
Christian Sam,NE,MLB,63,2020
Ken Webster,NE,CB,63,2020
Yodny Cajuste,NE,LT,61,2020
Hjalte Froholdt,NE,LG,61,2020
Brandon King,NE,LOLB,60,2020
Calvin Munson,NE,MLB,59,2020
Jarrett Stidham,NE,QB,57,2020
A.J. Howard,NE,FS,55,2020
Dan Skipper,NE,RT,53,2020
Danny Etling,NE,QB,50,2020
James Ferentz,NE,C,50,2020
Joe Cardona,NE,TE,38,2020
Michael Thomas,NO,WR,95,2020
Drew Brees,NO,QB,92,2020
Cameron Jordan,NO,LE,91,2020
Alvin Kamara,NO,HB,90,2020
Terron Armstead,NO,LT,88,2020
Jared Cook,NO,TE,87,2020
Marshon Lattimore,NO,CB,87,2020
Ryan Ramczyk,NO,RT,86,2020
Demario Davis,NO,ROLB,85,2020
Thomas Morstead,NO,P,84,2020
Sheldon Rankins,NO,DT,83,2020
Marcus Williams,NO,FS,83,2020
Patrick Robinson,NO,CB,82,2020
Ted Ginn Jr,NO,WR,80,2020
Larry Warford,NO,RG,80,2020
Cameron Meredith,NO,WR,79,2020
Latavius Murray,NO,HB,79,2020
Josh Hill,NO,TE,78,2020
David Onyemata,NO,DT,78,2020
Wil Lutz,NO,K,77,2020
Eli Apple,NO,CB,76,2020
Vonn Bell,NO,SS,76,2020
Ken Crawley,NO,CB,75,2020
P.J. Williams,NO,CB,75,2020
Alex Anzalone,NO,MLB,74,2020
Zach Line,NO,FB,74,2020
Tre'Quan Smith,NO,WR,74,2020
Teddy Bridgewater,NO,QB,73,2020
Malcom Brown,NO,DT,73,2020
Trey Hendrickson,NO,RE,73,2020
Marcus Davenport,NO,RE,72,2020
A.J. Klein,NO,LOLB,72,2020
Andrus Peat,NO,LG,72,2020
Craig Robertson,NO,ROLB,72,2020
Dan Arnold,NO,TE,71,2020
Javorius Allen,NO,HB,70,2020
Mario Edwards Jr,NO,DT,70,2020
Chauncey Gardner-Johnson,NO,FS,70,2020
Wes Horton,NO,LE,70,2020
Keith Kirkwood,NO,WR,69,2020
Sylvester Williams,NO,DT,69,2020
Vince Biegel,NO,LOLB,68,2020
Austin Carr,NO,WR,68,2020
Dwayne Washington,NO,HB,68,2020
Erik McCoy,NO,C,67,2020
Garrett Griffin,NO,TE,66,2020
Marcus Sherels,NO,CB,66,2020
Chris Banjo,NO,FS,65,2020
Michael Burton,NO,FB,65,2020
Justin Hardee,NO,CB,65,2020
Taylor Stallworth,NO,DT,65,2020
Lil'Jordan Humphrey,NO,WR,64,2020
Christian Campbell,NO,CB,63,2020
Simmie Cobbs Jr,NO,WR,63,2020
Carl Granderson,NO,LE,63,2020
Nick Easton,NO,C,62,2020
Kaden Elliss,NO,ROLB,62,2020
Geneo Grissom,NO,RE,62,2020
Alize Mack,NO,TE,62,2020
Darnell Sankey,NO,MLB,62,2020
Ryan Groy,NO,C,61,2020
Saquan Hampton,NO,SS,61,2020
Marshall Newhouse,NO,LT,61,2020
Will Clapp,NO,LG,60,2020
J.T. Gray,NO,SS,60,2020
Travin Dural,NO,WR,59,2020
Michael Ola,NO,RT,58,2020
Cameron Tom,NO,C,58,2020
Matthew Dayes,NO,HB,57,2020
Ethan Greenidge,NO,RG,56,2020
Taysom Hill,NO,QB,56,2020
J.T. Barrett IV,NO,QB,53,2020
Ulrick John,NO,RT,53,2020
Zach Wood,NO,TE,36,2020
Saquon Barkley,NYG,HB,91,2020
Kevin Zeitler,NYG,RG,89,2020
Golden Tate III,NYG,WR,85,2020
Evan Engram,NYG,TE,84,2020
Jabrill Peppers,NYG,SS,84,2020
Aldrick Rosas,NYG,K,84,2020
Sterling Shepard,NYG,WR,81,2020
Janoris Jenkins,NYG,CB,80,2020
Dalvin Tomlinson,NYG,LE,80,2020
Antoine Bethea,NYG,FS,77,2020
Will Hernandez,NYG,LG,77,2020
Rhett Ellison,NYG,TE,76,2020
Dexter Lawrence II,NYG,DT,76,2020
Nate Solder,NYG,LT,75,2020
Wayne Gallman Jr,NYG,HB,74,2020
B.J. Hill,NYG,RE,74,2020
Cody Latimer,NYG,WR,73,2020
Corey Coleman,NYG,WR,72,2020
B.J. Goodson,NYG,MLB,72,2020
Eli Manning,NYG,QB,72,2020
Russell Shepard,NYG,WR,72,2020
Michael Thomas,NYG,SS,72,2020
DeAndre Baker,NYG,CB,71,2020
Lorenzo Carter,NYG,LOLB,71,2020
Bennie Fowler III,NYG,WR,71,2020
Markus Golden,NYG,LOLB,71,2020
Kareem Martin,NYG,ROLB,71,2020
Grant Haley,NYG,CB,70,2020
Alec Ogletree,NYG,MLB,70,2020
Riley Dixon,NYG,P,69,2020
Julian Love,NYG,CB,69,2020
Rod Smith,NYG,HB,69,2020
Elijhaa Penny,NYG,FB,68,2020
Olsen Pierre,NYG,LE,68,2020
Mike Remmers,NYG,RT,68,2020
Darius Slayton,NYG,WR,68,2020
Oshane Ximines,NYG,ROLB,68,2020
John Jenkins,NYG,DT,67,2020
Avery Moss,NYG,ROLB,67,2020
Corey Ballentine,NYG,CB,66,2020
Sam Beal,NYG,CB,66,2020
Jon Halapio,NYG,C,66,2020
Tony Lippett,NYG,CB,66,2020
Paul Perkins,NYG,HB,66,2020
Ryan Connelly,NYG,MLB,65,2020
Spencer Pulley,NYG,C,65,2020
Sean Chandler,NYG,FS,64,2020
Keion Adams,NYG,LOLB,63,2020
Tae Davis,NYG,MLB,63,2020
Daniel Jones,NYG,QB,63,2020
RJ McIntosh,NYG,RE,63,2020
Kamrin Moore,NYG,FS,63,2020
Scott Simonson,NYG,TE,63,2020
Nathan Stupar,NYG,MLB,63,2020
Garrett Dickerson,NYG,TE,62,2020
Kyle Lauletta,NYG,QB,62,2020
Alex Wesley,NYG,WR,62,2020
Alonzo Russell,NYG,WR,61,2020
Chris Slayton,NYG,LE,61,2020
Jonathan Anderson,NYG,MLB,60,2020
Mark McLaurin Jr,NYG,SS,60,2020
Chad Wheeler,NYG,RT,60,2020
George Asafo-Adjei,NYG,RG,59,2020
Antonio Hamilton,NYG,CB,58,2020
Kenny Ladler,NYG,SS,58,2020
Brian Mihalik,NYG,RT,57,2020
Evan Brown,NYG,LG,55,2020
Henre' Toliver,NYG,CB,54,2020
Paul Adams,NYG,LT,53,2020
Victor Salako,NYG,LT,53,2020
Chad Slade,NYG,RT,53,2020
Zak DeOssie,NYG,TE,51,2020
Nick Gates,NYG,LT,49,2020
Alex Tanney,NYG,QB,45,2020
Le'Veon Bell,NYJ,HB,92,2020
Jamal Adams,NYJ,SS,90,2020
C.J. Mosley,NYJ,MLB,87,2020
Avery Williamson,NYJ,MLB,85,2020
Leonard Williams,NYJ,LE,84,2020
Robby Anderson,NYJ,WR,82,2020
Kelechi Osemele,NYJ,LG,82,2020
Brian Winters,NYJ,RG,82,2020
Trumaine Johnson,NYJ,CB,81,2020
Quinnen Williams,NYJ,DT,80,2020
Henry Anderson,NYJ,RE,79,2020
Jamison Crowder,NYJ,WR,79,2020
Quincy Enunwa,NYJ,WR,79,2020
Steve McLendon,NYJ,DT,79,2020
Marcus Maye,NYJ,FS,78,2020
Brian Poole,NYJ,CB,77,2020
Christopher Herndon IV,NYJ,TE,76,2020
Darryl Roberts,NYJ,CB,76,2020
Jordan Jenkins,NYJ,LOLB,75,2020
Kelvin Beachum,NYJ,LT,74,2020
Sam Darnold,NYJ,QB,74,2020
Ty Montgomery,NYJ,HB,74,2020
Lac Edwards,NYJ,P,73,2020
Nathan Shepherd,NYJ,LE,73,2020
Josh Bellamy,NYJ,WR,72,2020
Brandon Copeland,NYJ,ROLB,72,2020
Jachai Polite,NYJ,ROLB,72,2020
Brandon Shell,NYJ,RT,70,2020
Neal Sterling,NYJ,TE,70,2020
Deonte Thompson,NYJ,WR,70,2020
Tarell Basham,NYJ,LOLB,69,2020
Trenton Cannon,NYJ,HB,69,2020
Elijah McGuire,NYJ,HB,69,2020
Parry Nickerson,NYJ,CB,69,2020
Eric Tomlinson,NYJ,TE,69,2020
Trevon Wesco,NYJ,TE,69,2020
Daniel Brown,NYJ,TE,68,2020
Blake Cashman,NYJ,MLB,68,2020
Matt Darr,NYJ,P,68,2020
Frankie Luvu,NYJ,LOLB,68,2020
Chandler Catanzaro,NYJ,K,67,2020
Bronson Kaufusi,NYJ,LE,67,2020
Deontay Burnett,NYJ,WR,66,2020
Tom Compton,NYJ,LG,66,2020
Doug Middleton,NYJ,FS,66,2020
James Burgess Jr,NYJ,MLB,65,2020
Greg Dortch,NYJ,WR,65,2020
Chuma Edoga,NYJ,RT,65,2020
Jonotthan Harrison,NYJ,C,65,2020
Jalin Moore,NYJ,HB,65,2020
Charone Peake,NYJ,WR,65,2020
Neville Hewitt,NYJ,MLB,64,2020
Harvey Langi,NYJ,MLB,64,2020
Tim White,NYJ,WR,64,2020
Blessuan Austin,NYJ,CB,62,2020
Folorunso Fatukasi,NYJ,RE,62,2020
J.J. Jones,NYJ,WR,62,2020
Brent Qvale,NYJ,LT,62,2020
Quadree Henderson,NYJ,WR,61,2020
Arthur Maulet,NYJ,CB,61,2020
Trevor Siemian,NYJ,QB,61,2020
De'Angelo Henderson Sr,NYJ,HB,60,2020
Anthony Wint,NYJ,MLB,60,2020
Brandon Bryant,NYJ,SS,59,2020
Jeremy Clark,NYJ,CB,58,2020
Derrick Jones,NYJ,CB,58,2020
Jordan Morgan,NYJ,LG,58,2020
Davis Webb,NYJ,QB,57,2020
Calvin Anderson,NYJ,LT,55,2020
Ben Braden,NYJ,RG,52,2020
Luke Falk,NYJ,QB,52,2020
Eric Smith,NYJ,RT,52,2020
Jon Toth,NYJ,C,49,2020
Thomas Hennessy,NYJ,TE,42,2020
Fletcher Cox,PHI,DT,96,2020
Jason Kelce,PHI,C,94,2020
Zach Ertz,PHI,TE,93,2020
Malcolm Jenkins,PHI,SS,92,2020
Brandon Brooks,PHI,RG,90,2020
Brandon Graham,PHI,RE,89,2020
Lane Johnson,PHI,RT,89,2020
Alshon Jeffery,PHI,WR,87,2020
Jason Peters,PHI,LT,87,2020
DeSean Jackson,PHI,WR,85,2020
Nelson Agholor,PHI,WR,83,2020
Ronald Darby,PHI,CB,82,2020
Carson Wentz,PHI,QB,82,2020
Zach Brown,PHI,MLB,81,2020
Dallas Goedert,PHI,TE,80,2020
Jordan Howard,PHI,HB,80,2020
Malik Jackson,PHI,DT,80,2020
Rodney McLeod Jr,PHI,FS,79,2020
Andrew Sendejo,PHI,FS,79,2020
Nigel Bradham,PHI,ROLB,78,2020
Tim Jernigan,PHI,DT,78,2020
Avonte Maddox,PHI,CB,78,2020
Derek Barnett,PHI,LE,76,2020
Sidney Jones IV,PHI,CB,76,2020
Corey Clement,PHI,HB,75,2020
Vinny Curry,PHI,LE,75,2020
Jake Elliott,PHI,K,74,2020
Jalen Mills,PHI,CB,74,2020
Richard Rodgers,PHI,TE,74,2020
Will Tye,PHI,TE,74,2020
J.J. Arcega-Whiteside,PHI,WR,73,2020
Kamu Grugier-Hill,PHI,LOLB,73,2020
Cre'Von LeBlanc,PHI,CB,73,2020
Josh Adams,PHI,HB,72,2020
Rasul Douglas,PHI,CB,72,2020
Miles Sanders,PHI,HB,72,2020
Wendell Smallwood,PHI,HB,72,2020
Mack Hollins,PHI,WR,71,2020
Joshua Perkins,PHI,TE,71,2020
Andre Dillard,PHI,LT,70,2020
Shelton Gibson,PHI,WR,70,2020
Braxton Miller,PHI,WR,70,2020
Isaac Seumalo,PHI,LG,70,2020
Josh Sweat,PHI,RE,70,2020
Paul Worrilow,PHI,LOLB,70,2020
Charles Johnson,PHI,WR,69,2020
Cameron Johnston,PHI,P,69,2020
Treyvon Hester,PHI,DT,68,2020
Donnel Pumphrey Jr,PHI,HB,68,2020
Boston Scott,PHI,HB,68,2020
Blake Countess,PHI,SS,67,2020
Nathan Gerry,PHI,LOLB,67,2020
Daeshon Hall,PHI,RE,67,2020
L.J. Fort,PHI,MLB,66,2020
Josh Hawkins,PHI,CB,66,2020
Shareef Miller,PHI,RE,66,2020
Hassan Ridgeway,PHI,DT,66,2020
Halapoulivaati Vaitai,PHI,RT,66,2020
Stefen Wisniewski,PHI,LG,66,2020
Tre Sullivan,PHI,FS,63,2020
Jeremiah McKinnon,PHI,CB,62,2020
Joe Ostman,PHI,LE,62,2020
Deiondre' Hall,PHI,SS,61,2020
Bruce Hector,PHI,DT,61,2020
Cody Kessler,PHI,QB,61,2020
Godwin Igwebuike,PHI,SS,60,2020
Matt Pryor,PHI,RG,59,2020
Carlton Agudosi,PHI,WR,58,2020
Tyreek Burwell,PHI,LT,58,2020
Jordan Mailata,PHI,LT,58,2020
Nate Sudfeld,PHI,QB,57,2020
Anthony Fabiano,PHI,C,56,2020
Clayton Thorson,PHI,QB,56,2020
Rick Lovato,PHI,TE,41,2020
David DeCastro,PIT,RG,93,2020
JuJu Smith-Schuster,PIT,WR,88,2020
Cameron Heyward,PIT,RE,86,2020
Alejandro Villanueva,PIT,LT,86,2020
Maurkice Pouncey,PIT,C,85,2020
Ben Roethlisberger,PIT,QB,85,2020
Stephon Tuitt,PIT,LE,85,2020
Joe Haden,PIT,CB,84,2020
Ryan Shazier,PIT,MLB,84,2020
James Conner,PIT,HB,83,2020
Vance McDonald,PIT,TE,83,2020
Ramon Foster,PIT,LG,82,2020
T.J. Watt,PIT,LOLB,82,2020
Mike Hilton,PIT,CB,80,2020
Javon Hargrave,PIT,DT,79,2020
Steven Nelson,PIT,CB,76,2020
Vince Williams,PIT,MLB,76,2020
Jordan Berry,PIT,P,75,2020
Donte Moncrief,PIT,WR,75,2020
James Washington,PIT,WR,75,2020
Terrell Edmunds,PIT,SS,74,2020
Ryan Switzer,PIT,WR,74,2020
Bud Dupree,PIT,ROLB,73,2020
Eli Rogers,PIT,WR,73,2020
Tyson Alualu,PIT,LE,72,2020
Mark Barron,PIT,MLB,72,2020
Devin Bush,PIT,MLB,72,2020
Sean Davis,PIT,FS,72,2020
Artie Burns,PIT,CB,71,2020
Roosevelt Nix,PIT,FB,70,2020
Jaylen Samuels,PIT,HB,70,2020
Chris Boswell,PIT,K,69,2020
Diontae Johnson,PIT,WR,69,2020
Benny Snell Jr,PIT,HB,69,2020
Justin Layne,PIT,CB,69,2020
Anthony Chickillo,PIT,LOLB,68,2020
B.J. Finney,PIT,LG,68,2020
Xavier Grimble,PIT,TE,68,2020
Johnny Holton,PIT,WR,68,2020
Jordan Dangerfield,PIT,FS,67,2020
Cameron Sutton,PIT,CB,67,2020
Dan McCullers,PIT,DT,66,2020
Chukwuma Okorafor,PIT,LT,66,2020
Sutton Smith,PIT,ROLB,66,2020
Matt Feiler,PIT,RT,65,2020
Mason Rudolph,PIT,QB,65,2020
Trey Edmunds,PIT,HB,64,2020
Tyler Matakevich,PIT,MLB,64,2020
Brian Allen,PIT,CB,63,2020
Isaiah Buggs,PIT,RE,63,2020
Joshua Dobbs,PIT,QB,63,2020
Zach Gentry,PIT,TE,63,2020
Olasunkanmi Adeniyi,PIT,ROLB,62,2020
Marcus Allen,PIT,FS,62,2020
Ulysees Gilbert III,PIT,MLB,62,2020
Casey Sayles,PIT,DT,62,2020
Lavon Hooks,PIT,LE,61,2020
Zach Banner,PIT,RT,60,2020
Trey Griffey,PIT,WR,60,2020
Jerald Hawkins,PIT,LT,60,2020
J.T. Jones,PIT,LOLB,60,2020
Tegray Scales,PIT,MLB,60,2020
Robert Spillane,PIT,MLB,60,2020
Patrick Morris,PIT,C,59,2020
Herb Waters,PIT,CB,59,2020
Marcelis Branch,PIT,SS,58,2020
Kameron Kelly,PIT,SS,58,2020
Conor Sheehy,PIT,RE,58,2020
Derwin Gray,PIT,LT,57,2020
Fred Johnson,PIT,RG,54,2020
J.C. Hassenauer,PIT,C,48,2020
Kameron Canaday,PIT,TE,37,2020
Bobby Wagner,SEA,MLB,99,2020
Russell Wilson,SEA,QB,91,2020
Chris Carson,SEA,HB,87,2020
Tyler Lockett,SEA,WR,87,2020
Michael Dickson,SEA,P,83,2020
Duane Brown,SEA,LT,82,2020
D.J. Fluker,SEA,RG,81,2020
Mychal Kendricks,SEA,ROLB,81,2020
Jarran Reed,SEA,DT,81,2020
K.J. Wright,SEA,ROLB,81,2020
Ezekiel Ansah,SEA,RE,80,2020
Shaquill Griffin,SEA,CB,80,2020
Tre Flowers,SEA,CB,79,2020
Bradley McDougald,SEA,FS,79,2020
Rashaad Penny,SEA,HB,78,2020
Jason Myers,SEA,K,77,2020
Al Woods,SEA,DT,77,2020
Justin Britt,SEA,C,76,2020
Ed Dickson,SEA,TE,76,2020
D.K. Metcalf,SEA,WR,76,2020
David Moore,SEA,WR,76,2020
Nick Vannett,SEA,TE,75,2020
Mike Iupati,SEA,LG,74,2020
J.D. McKissic,SEA,HB,74,2020
Barkevious Mingo,SEA,LOLB,74,2020
Tedric Thompson,SEA,FS,74,2020
Jaron Brown,SEA,WR,73,2020
Will Dissly,SEA,TE,73,2020
Cassius Marsh,SEA,LE,72,2020
Poona Ford,SEA,DT,71,2020
Jacob Hollister,SEA,TE,71,2020
Germain Ifedi,SEA,RT,71,2020
Jamar Taylor,SEA,CB,70,2020
Ben Burr-Kirven,SEA,MLB,69,2020
L.J. Collier,SEA,RE,69,2020
Shaquem Griffin,SEA,ROLB,69,2020
Gary Jennings,SEA,WR,69,2020
Nazair Jones,SEA,DT,69,2020
Cody Barton,SEA,LOLB,68,2020
George Fant,SEA,RT,68,2020
Rasheem Green,SEA,RE,68,2020
Quinton Jefferson,SEA,LE,68,2020
Jacob Martin,SEA,LE,68,2020
Ugochukwu Amadi,SEA,FS,67,2020
Marquise Blair,SEA,SS,67,2020
Austin Calitro,SEA,MLB,67,2020
Delano Hill,SEA,FS,67,2020
Jamie Meder,SEA,DT,66,2020
C.J. Prosise,SEA,HB,66,2020
Tyrone Swoopes,SEA,TE,66,2020
Demarcus Christmas,SEA,DT,65,2020
Phil Haynes,SEA,LG,65,2020
John Ursua,SEA,WR,65,2020
Branden Jackson,SEA,RE,64,2020
Neiko Thorpe,SEA,CB,64,2020
Marwin Evans,SEA,SS,63,2020
Travis Homer,SEA,HB,63,2020
Akeem King,SEA,CB,62,2020
Shalom Luani,SEA,SS,62,2020
Bo Scarbrough,SEA,HB,62,2020
Jamarco Jones,SEA,LT,61,2020
Ethan Pocic,SEA,LG,61,2020
Kalan Reed,SEA,CB,61,2020
Simeon Thomas,SEA,CB,61,2020
Emmanuel Ellerbee,SEA,ROLB,60,2020
Joey Hunt,SEA,C,59,2020
Justin Currie,SEA,MLB,58,2020
Geno Smith,SEA,QB,58,2020
Paxton Lynch,SEA,QB,57,2020
Jordan Roos,SEA,RG,57,2020
Jordan Simmons,SEA,RG,57,2020
Elijah Nkansah,SEA,RT,56,2020
Keenan Reynolds,SEA,WR,56,2020
Tyler Ott,SEA,TE,45,2020
Richard Sherman,SF,CB,93,2020
George Kittle,SF,TE,90,2020
Joe Staley,SF,LT,90,2020
DeForest Buckner,SF,DT,87,2020
Robbie Gould,SF,K,85,2020
Kyle Juszczyk,SF,FB,85,2020
Dee Ford,SF,LE,84,2020
Tevin Coleman,SF,HB,83,2020
Marquise Goodwin,SF,WR,83,2020
Mike McGlinchey,SF,RT,83,2020
Matt Breida,SF,HB,82,2020
Jerick McKinnon,SF,HB,82,2020
Jason Verrett,SF,CB,82,2020
Dante Pettis,SF,WR,80,2020
Jaquiski Tartt,SF,SS,80,2020
Kwon Alexander,SF,MLB,78,2020
Arik Armstead,SF,DT,78,2020
Nick Bosa,SF,RE,78,2020
Jimmy Garoppolo,SF,QB,78,2020
Kendrick Bourne,SF,WR,75,2020
Jordan Matthews,SF,WR,75,2020
Mike Person,SF,RG,75,2020
Laken Tomlinson,SF,LG,75,2020
Jimmie Ward,SF,CB,75,2020
Raheem Mostert,SF,HB,74,2020
Trent Taylor,SF,WR,74,2020
Solomon Thomas,SF,RE,74,2020
Fred Warner,SF,ROLB,74,2020
Ronald Blair III,SF,RE,73,2020
Garrett Celek,SF,TE,73,2020
Adrian Colbert,SF,FS,73,2020
Malcolm Smith,SF,LOLB,73,2020
K'Waun Williams,SF,CB,73,2020
Deebo Samuel,SF,WR,71,2020
Levine Toilolo,SF,TE,71,2020
Ahkello Witherspoon,SF,CB,71,2020
Sheldon Day,SF,DT,70,2020
Weston Richburg,SF,C,70,2020
Richie James Jr,SF,WR,69,2020
Antone Exum Jr,SF,FS,68,2020
Jalen Hurd,SF,WR,68,2020
David Mayo,SF,MLB,68,2020
Nick Mullens,SF,QB,68,2020
Mitch Wishnowsky,SF,P,68,2020
D.J. Jones,SF,DT,67,2020
Greg Mabin,SF,CB,67,2020
Jonathan Brown,SF,K,66,2020
Marcell Harris,SF,SS,66,2020
D.J. Reed Jr,SF,FS,66,2020
Elijah Lee,SF,ROLB,66,2020
Mark Nzeocha,SF,LOLB,66,2020
LaRoy Reynolds,SF,ROLB,66,2020
Jullian Taylor,SF,LE,66,2020
Ben Garland,SF,LG,65,2020
Jeff Wilson Jr,SF,HB,65,2020
Kapron Lewis-Moore,SF,LE,65,2020
Tarvarius Moore,SF,FS,65,2020
Kaden Smith,SF,TE,65,2020
Kentavius Street,SF,LE,65,2020
Cedric Thornton,SF,DT,65,2020
Joshua Garnett,SF,RG,63,2020
Dre Greenlaw,SF,MLB,63,2020
Tim Harris,SF,CB,63,2020
Tyree Robinson,SF,SS,61,2020
Shon Coleman,SF,LT,60,2020
C.J. Beathard,SF,QB,59,2020
Justin Skule,SF,LT,57,2020
Willie Beavers,SF,RT,55,2020
Erik Magnuson,SF,C,55,2020
Christian DiLauro,SF,RT,54,2020
Daniel Brunskill,SF,LT,53,2020
Najee Toran,SF,RG,53,2020
Kyle Nelson,SF,TE,43,2020
Colin Holba,SF,TE,42,2020
Mike Evans,TB,WR,91,2020
Lavonte David,TB,MLB,90,2020
Demar Dotson,TB,RT,88,2020
Ali Marpet,TB,LG,88,2020
Ndamukong Suh,TB,RE,85,2020
O.J. Howard,TB,TE,84,2020
Chris Godwin,TB,WR,81,2020
Vita Vea,TB,DT,80,2020
Cameron Brate,TB,TE,79,2020
Jason Pierre-Paul,TB,ROLB,78,2020
Peyton Barber,TB,HB,77,2020
Shaquil Barrett,TB,LOLB,77,2020
Ryan Jensen,TB,C,76,2020
Bradley Pinion,TB,P,76,2020
Jameis Winston,TB,QB,76,2020
Justin Evans,TB,FS,75,2020
Carl Nassib,TB,LOLB,75,2020
Vernon Hargreaves III,TB,CB,74,2020
Devin White,TB,MLB,74,2020
Sean Murphy-Bunting,TB,CB,72,2020
Andre Ellington,TB,HB,72,2020
Breshad Perriman,TB,WR,72,2020
Noah Spence,TB,ROLB,72,2020
Kendell Beckwith,TB,MLB,71,2020
Carlton Davis III,TB,CB,71,2020
Beau Allen,TB,RE,70,2020
Matt Gay,TB,K,70,2020
William Gholston,TB,LE,70,2020
Jordan Leggett,TB,TE,70,2020
M.J. Stewart Jr,TB,SS,69,2020
Deone Bucannon,TB,MLB,68,2020
Jamel Dean,TB,CB,68,2020
Mike Edwards,TB,FS,68,2020
Ronald Jones II,TB,HB,68,2020
Cairo Santos,TB,K,68,2020
Donovan Smith,TB,LT,68,2020
Ryan Smith,TB,CB,68,2020
Justin Watson,TB,WR,68,2020
Jeremiah Ledbetter,TB,RE,67,2020
Scott Miller,TB,WR,66,2020
Anthony Nelson,TB,LOLB,66,2020
Antony Auclair,TB,TE,65,2020
Devante Bond,TB,ROLB,65,2020
Kentrell Brice,TB,SS,65,2020
Isaiah Johnson,TB,SS,65,2020
Anthony Johnson,TB,WR,65,2020
Corey Nelson,TB,MLB,65,2020
Rakeem Nunez-Roches,TB,LE,65,2020
Jordan Whitehead,TB,SS,65,2020
Alex Cappa,TB,RG,64,2020
Tanner Hudson,TB,TE,64,2020
Evan Smith,TB,C,64,2020
Earl Watford,TB,RG,64,2020
Shaun Wilson,TB,HB,64,2020
Bobo Wilson Jr,TB,WR,63,2020
Jack Cichy,TB,MLB,62,2020
Donnie Ernsberger,TB,TE,62,2020
DaMarkus Lodge,TB,WR,62,2020
Bruce Anderson,TB,HB,61,2020
Caleb Benenoch,TB,RT,61,2020
K.J. Brent,TB,WR,61,2020
Blaine Gabbert,TB,QB,61,2020
Dare Ogunbowale,TB,HB,61,2020
Orion Stewart,TB,SS,61,2020
Terry Beckner Jr,TB,LE,60,2020
Lukas Denis,TB,FS,59,2020
Demone Harris,TB,LOLB,59,2020
Pat O'Connor,TB,ROLB,59,2020
Zack Bailey,TB,LG,56,2020
Mike Liedtke,TB,LG,56,2020
Cole Boozer,TB,LT,55,2020
Emmanuel Smith,TB,MLB,55,2020
Nick Fitzgerald,TB,QB,54,2020
Ryan Griffin,TB,QB,54,2020
Delanie Walker,TEN,TE,92,2020
Kevin Byard,TEN,FS,89,2020
Jurrell Casey,TEN,RE,86,2020
Dion Lewis,TEN,HB,84,2020
Cameron Wake,TEN,LOLB,84,2020
Derrick Henry,TEN,HB,83,2020
Rodger Saffold III,TEN,LG,83,2020
Adoree' Jackson,TEN,CB,83,2020
Corey Davis,TEN,WR,82,2020
Logan Ryan,TEN,CB,82,2020
Taylor Lewan,TEN,LT,81,2020
Kenny Vaccaro,TEN,SS,81,2020
Malcolm Butler,TEN,CB,79,2020
Marcus Mariota,TEN,QB,79,2020
Wesley Woodyard,TEN,MLB,79,2020
Jack Conklin,TEN,RT,78,2020
Adam Humphries,TEN,WR,78,2020
Harold Landry III,TEN,ROLB,78,2020
Ben Jones,TEN,C,78,2020
Taywan Taylor,TEN,WR,78,2020
Rashaan Evans,TEN,MLB,77,2020
Brett Kern,TEN,P,77,2020
DaQuan Jones,TEN,DT,76,2020
Jayon Brown,TEN,MLB,75,2020
Tajae Sharpe,TEN,WR,75,2020
Jeffery Simmons Jr,TEN,LE,74,2020
Jonnu Smith,TEN,TE,74,2020
Ryan Succop,TEN,K,74,2020
Ryan Tannehill,TEN,QB,74,2020
A.J. Brown,TEN,WR,72,2020
MyCole Pruitt,TEN,TE,72,2020
Kamalei Correa,TEN,ROLB,71,2020
LeShaun Sims,TEN,CB,70,2020
Brent Urban,TEN,LE,70,2020
Anthony Firkser,TEN,TE,68,2020
Amani Hooker,TEN,SS,68,2020
Austin Johnson,TEN,DT,68,2020
D'Andre Walker,TEN,LOLB,68,2020
Keith Towbridge,TEN,TE,67,2020
Cole Wick,TEN,TE,67,2020
Cameron Batson,TEN,WR,66,2020
Dane Cruikshank,TEN,FS,66,2020
Nate Davis,TEN,RG,65,2020
Darius Jennings,TEN,WR,65,2020
Sharif Finch,TEN,LOLB,64,2020
Michael Jordan,TEN,CB,64,2020
Kalif Raymond,TEN,WR,64,2020
Alex Barnes,TEN,HB,63,2020
Daren Bates,TEN,MLB,63,2020
Dennis Kelly,TEN,RT,63,2020
Gimel President,TEN,ROLB,63,2020
Jalen Tolliver,TEN,WR,63,2020
Tyler Marz,TEN,LT,62,2020
Riley Bullough,TEN,MLB,61,2020
LaTroy Lewis,TEN,LOLB,61,2020
Anthony Ratliff-Williams,TEN,WR,61,2020
Dalyn Dawkins,TEN,HB,60,2020
David Long Jr,TEN,MLB,60,2020
Joshua Kalu,TEN,CB,60,2020
Jeremy McNichols,TEN,HB,60,2020
Austin Pasztor,TEN,RT,60,2020
David Quessenberry,TEN,LG,60,2020
Jamil Douglas,TEN,LG,59,2020
Nigel Harris,TEN,MLB,59,2020
Matt Dickerson,TEN,LE,58,2020
Hroniss Grasu,TEN,C,58,2020
Corey Levin,TEN,C,58,2020
Kevin Pamphile,TEN,RT,58,2020
David Fluellen,TEN,HB,57,2020
Kenneth Durden,TEN,CB,56,2020
Damon Webb II,TEN,SS,56,2020
Aaron Stinnie,TEN,RG,55,2020
Logan Woodside,TEN,QB,47,2020
Beau Brinkley,TEN,TE,44,2020
Trent Williams,WAS,LT,95,2020
Jordan Reed,WAS,TE,88,2020
Ryan Kerrigan,WAS,LOLB,87,2020
Brandon Scherff,WAS,RG,87,2020
Landon Collins,WAS,SS,83,2020
Matthew Ioannidis,WAS,LE,83,2020
Da'Ron Payne,WAS,DT,83,2020
Adrian Peterson,WAS,HB,83,2020
Jonathan Allen,WAS,RE,82,2020
Vernon Davis,WAS,TE,81,2020
Paul Richardson Jr,WAS,WR,81,2020
Josh Norman,WAS,CB,81,2020
Tress Way,WAS,P,81,2020
Dominique Rodgers-Cromartie,WAS,CB,79,2020
Chris Thompson,WAS,HB,79,2020
Derrius Guice,WAS,HB,78,2020
Josh Doctson,WAS,WR,77,2020
Quinton Dunbar,WAS,CB,77,2020
Mason Foster,WAS,MLB,77,2020
Alex Smith,WAS,QB,77,2020
Reuben Foster,WAS,MLB,75,2020
Dustin Hopkins,WAS,K,75,2020
Morgan Moses,WAS,RT,75,2020
Chase Roullier,WAS,C,75,2020
Case Keenum,WAS,QB,73,2020
Fabian Moreau,WAS,CB,73,2020
Montez Sweat,WAS,ROLB,73,2020
Dwayne Haskins Jr,WAS,QB,72,2020
Bryce Love,WAS,HB,71,2020
Montae Nicholson,WAS,FS,71,2020
Samaje Perine,WAS,HB,71,2020
Ryan Anderson,WAS,LOLB,70,2020
Jon Bostic,WAS,MLB,70,2020
Shaun Dion Hamilton,WAS,MLB,70,2020
Terry McLaurin,WAS,WR,70,2020
Trey Quinn,WAS,WR,70,2020
Greg Stroman,WAS,CB,70,2020
Jeremy Sprinkle,WAS,TE,69,2020
Brian Quick,WAS,WR,68,2020
Matt Flanagan,WAS,TE,67,2020
Kelvin Harmon,WAS,WR,67,2020
Troy Apke,WAS,FS,66,2020
Caleb Brantley,WAS,LE,66,2020
Jehu Chesson,WAS,WR,65,2020
Geron Christian Sr,WAS,LT,65,2020
Ereck Flowers,WAS,LG,65,2020
Marquis Flowers,WAS,MLB,65,2020
Cole Holcomb,WAS,MLB,65,2020
Cassanova McKinzy,WAS,ROLB,65,2020
Cam Sims,WAS,WR,65,2020
Adonis Alexander,WAS,CB,64,2020
Deshazor Everett,WAS,SS,64,2020
Jimmy Moreland,WAS,CB,64,2020
Tim Settle,WAS,DT,64,2020
Robert Davis,WAS,WR,63,2020
Darvin Kidsy,WAS,WR,63,2020
Wes Martin,WAS,LG,63,2020
Jordan Brailford,WAS,LOLB,62,2020
Danny Johnson,WAS,CB,62,2020
Colt McCoy,WAS,QB,62,2020
Ross Pierschbacher,WAS,C,62,2020
Elijah Wellman,WAS,FB,62,2020
Tony Bergstrom,WAS,C,60,2020
Josh Harvey-Clemons,WAS,MLB,60,2020
Jojo Wicker,WAS,DT,57,2020
Jeremy Reaves,WAS,SS,55,2020
Tyler Catalina,WAS,RG,53,2020
Casey Dunn,WAS,C,53,2020
Zac Kerin,WAS,RG,53,2020
Timon Parris,WAS,RT,51,2020
Nick Sundberg,WAS,C,48,2020
Josh Woodrum,WAS,QB,44,2020
Andrew East,WAS,TE,43,2020
Aaron Donald,LAR,RE,99,2021
Stephon Gilmore,NE,CB,99,2021
Christian McCaffrey,CAR,HB,99,2021
Patrick Mahomes,KC,QB,99,2021
Michael Thomas,NO,WR,99,2021
DeAndre Hopkins,ARI,WR,98,2021
J.J. Watt,HOU,LE,98,2021
Zack Martin,DAL,RG,98,2021
George Kittle,SF,TE,98,2021
Bobby Wagner,SEA,MLB,98,2021
Russell Wilson,SEA,QB,97,2021
Travis Kelce,KC,TE,97,2021
Khalil Mack,CHI,LOLB,97,2021
Von Miller,DEN,LOLB,97,2021
Julio Jones,ATL,WR,97,2021
Cameron Jordan,NO,LE,96,2021
Fletcher Cox,PHI,DT,96,2021
Tyreek Hill,KC,WR,96,2021
David Bakhtiari,GB,LT,96,2021
Mitchell Schwartz,KC,RT,96,2021
Harrison Smith,MIN,SS,95,2021
Rob Gronkowski,TB,TE,95,2021
Chandler Jones,ARI,LOLB,95,2021
Calais Campbell,BAL,RE,95,2021
Terron Armstead,NO,LT,95,2021
Jalen LARey,LAR,CB,94,2021
Davante Adams,GB,WR,94,2021
Lamar Jackson,BAL,QB,94,2021
Jason Kelce,PHI,C,94,2021
Quenton Nelson,IND,LG,94,2021
Drew Brees,NO,QB,93,2021
Amari Cooper,DAL,WR,93,2021
Brandon Brooks,PHI,RG,93,2021
Tyrann Mathieu,KC,SS,93,2021
Ronnie Stanley,BAL,LT,93,2021
Myles Garrett,CLE,RE,93,2021
Derrick Henry,TEN,HB,93,2021
Rodney Hudson,LV,C,93,2021
Jamal Adams,NYJ,SS,92,2021
Stefon Diggs,BUF,WR,92,2021
Richard Sherman,SF,CB,92,2021
Mike Evans,TB,WR,92,2021
Ezekiel Elliott,DAL,HB,92,2021
Chris Jones,KC,DT,92,2021
Devin McCourty,NE,FS,92,2021
Nick Chubb,CLE,HB,92,2021
Trent Williams,SF,LT,92,2021
Dalvin Cook,MIN,HB,91,2021
David DeCastro,PIT,RG,91,2021
Saquon Barkley,NYG,HB,91,2021
Odell Beckham Jr,CLE,WR,91,2021
Joey Bosa,LAC,LE,91,2021
Keenan Allen,LAC,WR,91,2021
Ryan Ramczyk,NO,RT,91,2021
Michael Pierce,MIN,DT,91,2021
Kevin Byard,TEN,FS,91,2021
Tyron Smith,DAL,LT,91,2021
Richie Incognito,LV,LG,90,2021
Adam Thielen,MIN,WR,90,2021
Tom Brady,TB,QB,90,2021
Aaron Jones,GB,HB,90,2021
Grady Jarrett,ATL,DT,90,2021
Zach Ertz,PHI,TE,90,2021
Cameron Heyward,PIT,RE,90,2021
Tre'Davious White,BUF,CB,90,2021
Justin Simmons,DEN,FS,90,2021
Lavonte David,TB,MLB,90,2021
Kenny Clark,GB,DT,90,2021
Jaire Alexander,GB,CB,90,2021
Marlon Humphrey,BAL,CB,89,2021
Aaron Rodgers,GB,QB,89,2021
Cooper Kupp,LAR,WR,89,2021
Demario Davis,NO,ROLB,89,2021
Nick Bosa,SF,RE,89,2021
Allen Robinson II,CHI,WR,89,2021
Joe Mixon,CIN,HB,89,2021
Austin Hooper,CLE,TE,89,2021
Alex Mack,ATL,C,89,2021
Derwin James Jr,LAC,SS,89,2021
Casey Hayward Jr,LAC,CB,89,2021
Eddie Jackson,CHI,FS,89,2021
Ali Marpet,TB,LG,89,2021
DeMarcus Lawrence,DAL,LE,89,2021
Lane Johnson,PHI,RT,89,2021
Danielle Hunter,MIN,LE,89,2021
Eric Kendricks,MIN,MLB,89,2021
Earl Thomas III,BAL,FS,88,2021
Chris Godwin,TB,WR,88,2021
Bryan Bulaga,LAC,RT,88,2021
Evan Engram,NYG,TE,88,2021
Za'Darius Smith,GB,LOLB,88,2021
Patrick Peterson,ARI,CB,88,2021
Akiem Hicks,CHI,LE,88,2021
Dont'a Hightower,NE,MLB,88,2021
Micah Hyde,BUF,FS,88,2021
Josh Jacobs,LV,HB,88,2021
Tyler Lockett,SEA,WR,88,2021
Byron Jones,MIA,CB,88,2021
A.J. Green,CIN,WR,88,2021
Darius Slay Jr,PHI,CB,88,2021
Geno Atkins,CIN,DT,88,2021
Alvin Kamara,NO,HB,88,2021
Melvin Ingram III,LAC,RE,88,2021
Fred Warner,SF,MLB,87,2021
Le'Veon Bell,NYJ,HB,87,2021
DeForest Buckner,IND,DT,87,2021
Brandon Linder,JAX,C,87,2021
Julian Edelman,NE,WR,87,2021
Kareem Hunt,CLE,HB,87,2021
Vita Vea,TB,DT,87,2021
La'el Collins,DAL,RT,87,2021
Brandon Scherff,WAS,RG,87,2021
Desmond King II,LAC,CB,87,2021
Matt Ryan,ATL,QB,87,2021
T.Y. Hilton,IND,WR,87,2021
Brandon Graham,PHI,LE,87,2021
Kawann Short,CAR,DT,87,2021
Emmanuel Sanders,NO,WR,87,2021
Stephon Tuitt,PIT,LE,87,2021
Chris Harris Jr,LAC,CB,87,2021
Kareem Jackson,DEN,SS,87,2021
Justin Tucker,BAL,K,87,2021
Minkah Fitzpatrick,PIT,FS,87,2021
Trent Brown,LV,RT,87,2021
Jared Cook,NO,TE,87,2021
Chris Carson,SEA,HB,86,2021
Joel Bitonio,CLE,LG,86,2021
Robert Woods,LAR,WR,86,2021
Mark Andrews,BAL,TE,86,2021
T.J. Watt,PIT,LOLB,86,2021
Arik Armstead,SF,LE,86,2021
Adrian Amos,GB,SS,86,2021
Ndamukong Suh,TB,RE,86,2021
Kenny Golladay,DET,WR,86,2021
Shaq Mason,NE,RG,86,2021
Matthew Ioannidis,WAS,DT,86,2021
Greg Olsen,SEA,TE,86,2021
Deshaun Watson,HOU,QB,86,2021
Trey Flowers,DET,RE,86,2021
Denzel Ward,CLE,CB,86,2021
Todd Gurley II,ATL,HB,86,2021
Mark Ingram II,BAL,HB,86,2021
Brandon Williams,BAL,DT,86,2021
JuJu Smith-Schuster,PIT,WR,86,2021
Kyle Juszczyk,SF,FB,86,2021
Marshon Lattimore,NO,CB,86,2021
Budda Baker,ARI,FS,86,2021
Kendall Fuller,WAS,FS,86,2021
Kyle Van Noy,MIA,LOLB,86,2021
Deion Jones,ATL,MLB,86,2021
Johnny Hekker,LAR,P,86,2021
Andrew Whitworth,LAR,LT,86,2021
Maurkice Pouncey,PIT,C,86,2021
Malcolm Jenkins,NO,SS,85,2021
Marcus Williams,NO,FS,85,2021
Jarvis Landry,CLE,WR,85,2021
Ryan Kelly,IND,C,85,2021
Gerald McCoy,DAL,DT,85,2021
Kyle Fuller,CHI,CB,85,2021
Marcus Peters,BAL,CB,85,2021
Jason McCourty,NE,CB,85,2021
Phillip Lindsay,DEN,HB,85,2021
D.J. Moore,CAR,WR,85,2021
Dee Ford,SF,LE,85,2021
Mike McGlinchey,SF,RT,85,2021
Austin Ekeler,LAC,HB,85,2021
Linval Joseph,LAC,DT,85,2021
Anthony Castonzo,IND,LT,85,2021
Justin Houston,IND,RE,85,2021
Kevin Zeitler,NYG,RG,85,2021
Marvin Jones Jr,DET,WR,85,2021
Jordan Poyer,BUF,SS,85,2021
Shaquil Barrett,TB,ROLB,85,2021
Hunter Henry,LAC,TE,85,2021
Darren Waller,LV,TE,85,2021
Marlon Mack,IND,HB,85,2021
Darius Leonard,IND,LOLB,85,2021
Josh Lambo,JAX,K,85,2021
C.J. Mosley,NYJ,MLB,85,2021
Joe Thuney,NE,LG,85,2021
Brandin Cooks,HOU,WR,85,2021
Laremy Tunsil,HOU,LT,85,2021
Eddie Goldman,CHI,DT,84,2021
Shaquill Griffin,SEA,CB,84,2021
Jurrell Casey,DEN,RE,84,2021
Preston Smith,GB,ROLB,84,2021
Duane Brown,SEA,LT,84,2021
Rodger Saffold III,TEN,LG,84,2021
Justin Reid,HOU,FS,84,2021
Raheem Mostert,SF,HB,84,2021
Alshon Jeffery,PHI,WR,84,2021
Brett Kern,TEN,P,84,2021
Carson Wentz,PHI,QB,84,2021
Golden Tate III,NYG,WR,84,2021
David Andrews,NE,C,84,2021
Keanu Neal,ATL,SS,84,2021
Justin Coleman,DET,CB,84,2021
Dak Prescott,DAL,QB,84,2021
Melvin Gordon III,DEN,HB,84,2021
Courtland Sutton,DEN,WR,84,2021
DeVante Parker,MIA,WR,84,2021
Sam Koch,BAL,P,84,2021
Ryan Kerrigan,WAS,LE,84,2021
Eric Ebron,PIT,TE,84,2021
Taylor Lewan,TEN,LT,84,2021
Kyle Rudolph,MIN,TE,84,2021
A.J. Bouye,DEN,CB,84,2021
John Johnson III,LAR,SS,84,2021
D.J. Reader,CIN,DT,84,2021
Avery Williamson,NYJ,MLB,84,2021
Robby Anderson,CAR,WR,84,2021
Tyler Boyd,CIN,WR,83,2021
Tevin Coleman,SF,HB,83,2021
Leonard Fournette,JAX,HB,83,2021
Andrew Norwell,JAX,LG,83,2021
Tress Way,WAS,P,83,2021
Thomas Morstead,NO,P,83,2021
Roquan Smith,CHI,MLB,83,2021
Jimmy Smith,BAL,CB,83,2021
Jimmy Garoppolo,SF,QB,83,2021
Jimmie Ward,SF,FS,83,2021
DeSean Jackson,PHI,WR,83,2021
Calvin Ridley,ATL,WR,83,2021
Joe Haden,PIT,CB,83,2021
Jonathan Jones,NE,CB,83,2021
Larry Fitzgerald,ARI,WR,83,2021
Leighton Vander Esch,DAL,LOLB,83,2021
Jamie Collins,DET,LOLB,83,2021
Orlando Brown Jr,BAL,RT,83,2021
Matthew Judon,BAL,LOLB,83,2021
Adoree' Jackson,TEN,CB,83,2021
Anthony Harris,MIN,FS,83,2021
Frank Clark,KC,RE,83,2021
Yannick Ngakoue,JAX,RE,83,2021
Frank Ragnow,DET,C,83,2021
Michael Brockers,LAR,LE,83,2021
Da'Ron Payne,WAS,DT,83,2021
Matthew Stafford,DET,QB,83,2021
Cole Beasley,BUF,WR,83,2021
Desmond Trufant,DET,CB,83,2021
Patrick Chung,NE,SS,83,2021
Damien Williams,KC,HB,83,2021
Carlos Dunlap,CIN,LE,82,2021
John Brown,BUF,WR,82,2021
Mitch Morse,BUF,C,82,2021
Xavien Howard,MIA,CB,82,2021
Malik Hooker,IND,FS,82,2021
Damarious Randall,LV,FS,82,2021
Alejandro Villanueva,PIT,LT,82,2021
Kwon Alexander,SF,LOLB,82,2021
Kirk Cousins,MIN,QB,82,2021
Olivier Vernon,CLE,LE,82,2021
Kerryon Johnson,DET,HB,82,2021
Braden Smith,IND,RT,82,2021
Jason Peters,PHI,RG,82,2021
Joe Schobert,JAX,MLB,82,2021
Donte Jackson,CAR,CB,82,2021
Nickell Robey-Coleman,PHI,CB,82,2021
Devin Singletary,BUF,HB,82,2021
James White,NE,HB,82,2021
Harrison Butker,KC,K,82,2021
Tyler Higbee,LAR,TE,82,2021
Chris Boswell,PIT,K,82,2021
Robbie Gould,SF,K,82,2021
Lamarcus Joyner,LV,CB,82,2021
Chidobe Awuzie,DAL,CB,82,2021
JC Jackson,NE,CB,82,2021
Philip Rivers,IND,QB,82,2021
Kenyan Drake,ARI,HB,82,2021
Ryan Jensen,TB,C,82,2021
Javon Hargrave,PHI,DT,82,2021
Sterling Shepard,NYG,WR,82,2021
Tyrell Williams,LV,WR,82,2021
Jonathan Allen,WAS,DT,82,2021
Sheldon Rankins,NO,DT,82,2021
Will Fuller V,HOU,WR,82,2021
Benardrick McKinney,HOU,MLB,82,2021
Harold Landry III,TEN,ROLB,82,2021
Robert Quinn,CHI,ROLB,82,2021
Jerry Hughes,BUF,RE,82,2021
Terry McLaurin,WAS,WR,82,2021
Ben Roethlisberger,PIT,QB,81,2021
Mike Hilton,PIT,CB,81,2021
A.J. Brown,TEN,WR,81,2021
Charles Leno Jr,CHI,LT,81,2021
Jaquiski Tartt,SF,SS,81,2021
Sheldon Richardson,CLE,DT,81,2021
James Conner,PIT,HB,81,2021
Mike Williams,LAC,WR,81,2021
Chris Jones,DAL,P,81,2021
Jaylon Smith,DAL,MLB,81,2021
Dallas Goedert,PHI,TE,81,2021
Dante Fowler Jr,ATL,RE,81,2021
Patrick Ricard,BAL,FB,81,2021
Cody Whitehair,CHI,C,81,2021
Ed Oliver,BUF,DT,81,2021
Bradley Chubb,DEN,ROLB,81,2021
Marcus Maye,NYJ,FS,81,2021
Steven Nelson,PIT,CB,81,2021
Ricardo Allen,ATL,SS,81,2021
Jack Doyle,IND,TE,81,2021
Myles Jack,JAX,ROLB,81,2021
Matt Prater,DET,K,81,2021
Danny Shelton,DET,DT,81,2021
Whitney Mercilus,HOU,ROLB,81,2021
Kenny Stills,HOU,WR,81,2021
William Jackson III,CIN,CB,81,2021
Duke Johnson Jr,HOU,HB,81,2021
Sammy Watkins,KC,WR,81,2021
Matt Paradis,CAR,C,81,2021
Landon Collins,WAS,SS,81,2021
Johnathan Joseph,TEN,CB,81,2021
Derrius Guice,WAS,HB,81,2021
Michael Gallup,DAL,WR,81,2021
Josh Allen,JAX,LE,81,2021
D.J. Chark Jr,JAX,WR,81,2021
Lawrence Guy,NE,RE,81,2021
K.J. Wright,SEA,ROLB,81,2021
Danny Trevathan,CHI,MLB,80,2021
Jabrill Peppers,NYG,SS,80,2021
Bryce Callahan,DEN,CB,80,2021
Latavius Murray,NO,HB,80,2021
Trai Turner,LAC,RG,80,2021
Trey Burton,IND,TE,80,2021
Leonard Williams,NYG,RE,80,2021
Elgton Jenkins,GB,LG,80,2021
JK Scott,GB,P,80,2021
Anthony Barr,MIN,LOLB,80,2021
Carl Lawson,CIN,RE,80,2021
Tremaine Edmunds,BUF,MLB,80,2021
Ryan Tannehill,TEN,QB,80,2021
Jason Pierre-Paul,TB,LOLB,80,2021
Sony Michel,NE,HB,80,2021
Mike Pouncey,LAC,C,80,2021
Dalvin Tomlinson,NYG,DT,80,2021
Curtis Samuel,CAR,WR,80,2021
John Simon,NE,LE,80,2021
Chase Young,WAS,RE,80,2021
Quandre Diggs,SEA,FS,80,2021
Pierre Desir,NYJ,CB,80,2021
Greg Zuerlein,DAL,K,80,2021
Jamison Crowder,NYJ,WR,80,2021
D.J. Fluker,BAL,RG,80,2021
Jarran Reed,SEA,DT,80,2021
Bradley Roby,HOU,CB,80,2021
Kenny Moore II,IND,CB,80,2021
Duron Harmon,DET,FS,80,2021
O.J. Howard,TB,TE,80,2021
Taylor Moton,CAR,RT,80,2021
Marquise Brown,BAL,WR,80,2021
Ben Jones,TEN,C,80,2021
Deebo Samuel,SF,WR,80,2021
Chauncey Gardner-Johnson,NO,SS,80,2021
Miles Sanders,PHI,HB,80,2021
Carlos Hyde,SEA,HB,80,2021
Danny Amendola,DET,WR,80,2021
Samson Ebukam,LAR,ROLB,80,2021
Michael Dickson,SEA,P,80,2021
Bud Dupree,PIT,ROLB,80,2021
Jessie Bates III,CIN,FS,79,2021
Matt Breida,MIA,HB,79,2021
Takkarist McKinley,ATL,RE,79,2021
Aldrick Rosas,NYG,K,79,2021
Brian Winters,NYJ,RG,79,2021
Mohamed Sanu Sr,NE,WR,79,2021
Rob Havenstein,LAR,RT,79,2021
D.K. Metcalf,SEA,WR,79,2021
Jayon Brown,TEN,MLB,79,2021
Corey Davis,TEN,WR,79,2021
DaQuan Jones,TEN,DT,79,2021
Adrian Clayborn,CLE,RE,79,2021
Brian Poole,NYJ,CB,79,2021
Vonn Bell,CIN,SS,79,2021
Ronald Jones II,TB,HB,79,2021
Brian Burns,CAR,RE,79,2021
Isaiah Wynn,NE,LT,79,2021
Gerald Everett,LAR,TE,79,2021
Rashaan Evans,TEN,MLB,79,2021
Jeffery Simmons Jr,TEN,LE,79,2021
Weston Richburg,SF,C,79,2021
Quinton Dunbar,SEA,CB,79,2021
Mike Gesicki,MIA,TE,79,2021
Matt Milano,BUF,LOLB,79,2021
Jamie Gillan,CLE,P,79,2021
Tre Boston,CAR,FS,79,2021
Byron Murphy Jr,ARI,CB,79,2021
J.C. Tretter,CLE,C,79,2021
Malik Jackson,PHI,DT,79,2021
Steve McLendon,NYJ,DT,79,2021
Devin Funchess,GB,WR,79,2021
Derek Wolfe,BAL,LE,79,2021
Derek Carr,LV,QB,79,2021
James Bradberry IV,NYG,CB,79,2021
Ronald Darby,WAS,CB,79,2021
Jordan Howard,MIA,HB,79,2021
Frank Gore,NYJ,HB,79,2021
Dede Westbrook,JAX,WR,79,2021
Graham Gano,CAR,K,79,2021
Maurice Hurst,LV,DT,79,2021
Gabe Jackson,LV,RG,79,2021
Alexander Johnson,DEN,MLB,78,2021
Baker Mayfield,CLE,QB,78,2021
Devin White,TB,MLB,78,2021
Christian Kirk,ARI,WR,78,2021
Da'Shawn Hand,DET,LE,78,2021
Cory Littleton,LV,MLB,78,2021
Thomas Davis Sr,WAS,ROLB,78,2021
James Washington,PIT,WR,78,2021
David Njoku,CLE,TE,78,2021
Kenny Vaccaro,TEN,SS,78,2021
Trevor Williams,PHI,CB,78,2021
Ha Ha Clinton-Dix,DAL,SS,78,2021
Derrick Nnadi,KC,DT,78,2021
David Montgomery,CHI,HB,78,2021
Jamaal Williams,GB,HB,78,2021
Corey Linsley,GB,C,78,2021
David Onyemata,NO,DT,78,2021
Randall Cobb,HOU,WR,78,2021
Cam Newton,NE,QB,78,2021
Prince Amukamara,LV,CB,78,2021
Janoris Jenkins,NO,CB,78,2021
Trae Waynes,CIN,CB,78,2021
Juan Thornhill,KC,FS,78,2021
Adrian Phillips,NE,FS,78,2021
Jerick McKinnon,SF,HB,78,2021
Derrick Brown,CAR,DT,78,2021
Nick Boyle,BAL,TE,78,2021
Pernell McPhee,BAL,ROLB,78,2021
Erik McCoy,NO,C,78,2021
Will Dissly,SEA,TE,78,2021
Britton Colquitt,MIN,P,78,2021
James Daniels,CHI,LG,78,2021
Trent Murphy,BUF,LE,78,2021
Jack Conklin,CLE,RT,78,2021
Isaiah Simmons,ARI,SS,78,2021
Avonte Maddox,PHI,CB,78,2021
Tashaun Gipson Sr,CHI,SS,78,2021
Dontari Poe,DAL,DT,78,2021
Will Hernandez,NYG,LG,78,2021
Wil Lutz,NO,K,78,2021
Andrus Peat,NO,LG,78,2021
Jimmy Graham,CHI,TE,78,2021
Levi Wallace,BUF,CB,78,2021
Damontae Kazee,ATL,FS,78,2021
Laurent Duvernay-Tardif,KC,RG,78,2021
Adrian Peterson,WAS,HB,78,2021
Rashaad Penny,SEA,HB,78,2021
Tyrone Crawford,DAL,RE,78,2021
Marquise Goodwin,PHI,WR,78,2021
Jake Matthews,ATL,LT,78,2021
Darius Slayton,NYG,WR,78,2021
Quinnen Williams,NYJ,RE,78,2021
Austin Blythe,LAR,RG,78,2021
Willie Snead IV,BAL,WR,78,2021
Dante Pettis,SF,WR,77,2021
Quinton Spain,BUF,LG,77,2021
Jourdan Lewis,DAL,CB,77,2021
Carlton Davis III,TB,CB,77,2021
Taron Johnson,BUF,CB,77,2021
Tarik Cohen,CHI,HB,77,2021
Gus Edwards,BAL,HB,77,2021
David Johnson,HOU,HB,77,2021
Tyler Eifert,JAX,TE,77,2021
Ja'Whaun Bentley,NE,MLB,77,2021
Marqise Lee,NE,WR,77,2021
Nelson Agholor,LV,WR,77,2021
Adam Humphries,TEN,WR,77,2021
Dalton Risner,DEN,LG,77,2021
Karl Joseph,CLE,SS,77,2021
Tre Flowers,SEA,CB,77,2021
Sean Murphy-Bunting,TB,CB,77,2021
Chuck Clark,BAL,SS,77,2021
Rodney McLeod Jr,PHI,FS,77,2021
Tracy Walker,DET,SS,77,2021
Dion Lewis,NYG,HB,77,2021
Al Woods,JAX,DT,77,2021
Quincy Enunwa,NYJ,WR,77,2021
Jason Witten,LV,TE,77,2021
Leonard Floyd,LAR,LOLB,77,2021
Vince Williams,PIT,MLB,77,2021
Malcolm Butler,TEN,CB,77,2021
Mackensie Alexander,CIN,CB,77,2021
Demarcus Robinson,KC,WR,77,2021
Anthony Sherman,KC,FB,77,2021
Tyeler Davison,ATL,DT,77,2021
T.J. Hockenson,DET,TE,77,2021
Michael Palardy,CAR,P,77,2021
Maxx Crosby,LV,LE,77,2021
Josh Allen,BUF,QB,77,2021
Kyler Murray,ARI,QB,77,2021
Xavier Woods,DAL,FS,77,2021
Mason Crosby,GB,K,77,2021
Marcus Davenport,NO,RE,77,2021
Phillip Dorsett II,SEA,WR,77,2021
Garrett Bradbury,MIN,C,77,2021
Dion Dawkins,BUF,LT,77,2021
Ja'Wuan James,DEN,RT,77,2021
Larry Ogunjobi,CLE,DT,77,2021
Cameron Brate,TB,TE,77,2021
Buster Skrine,CHI,CB,77,2021
Uchenna Nwosu,LAC,LOLB,77,2021
Giovani Bernard,CIN,HB,77,2021
Derek Barnett,PHI,RE,77,2021
Markus Golden,NYG,LOLB,77,2021
Dexter Lawrence II,NYG,LE,77,2021
Kendrick Bourne,SF,WR,76,2021
Bobby Massie,CHI,RT,76,2021
John Ross III,CIN,WR,76,2021
Mario Addison,BUF,RE,76,2021
C.J. Henderson,JAX,CB,76,2021
Charvarius Ward,KC,CB,76,2021
Chase Edmonds,ARI,HB,76,2021
Chris Thompson,JAX,HB,76,2021
Sean Lee,DAL,LOLB,76,2021
Rick Wagner,GB,RT,76,2021
Johnathan Hankins,LV,DT,76,2021
Carl Nassib,LV,LE,76,2021
Diontae Johnson,PIT,WR,76,2021
Joe Burrow,CIN,QB,76,2021
Jamel Dean,TB,CB,76,2021
Anthony Brown,DAL,CB,76,2021
Ito Smith,ATL,HB,76,2021
Raekwon McMillan,MIA,MLB,76,2021
Hayden Hurst,ATL,TE,76,2021
Marcedes Lewis,GB,TE,76,2021
Russell Okung,CAR,LT,76,2021
Adam Butler,NE,DT,76,2021
Josh Hill,NO,TE,76,2021
Devin Bush,PIT,MLB,76,2021
Vance McDonald,PIT,TE,76,2021
Auden Tate,CIN,WR,76,2021
Jameis Winston,NO,QB,76,2021
Nick Kwiatkoski,LV,ROLB,76,2021
Dre Greenlaw,SF,ROLB,76,2021
Javon Kinlaw,SF,DT,76,2021
Mitch Wishnowsky,SF,P,76,2021
Josh Bynes,CIN,LOLB,76,2021
Graham Glasgow,DEN,RG,76,2021
Brandon McManus,DEN,K,76,2021
Andrew Billings,CLE,DT,76,2021
Devon Kennard,ARI,ROLB,76,2021
Shawn Williams,CIN,SS,76,2021
Andrew Sendejo,CLE,SS,76,2021
Darnell Savage,GB,FS,76,2021
D.J. Hayden,JAX,CB,76,2021
Tavon Young,BAL,CB,76,2021
Gareon Conley,HOU,CB,76,2021
Bradley McDougald,SEA,SS,76,2021
Alex Okafor,KC,LE,76,2021
Denico Autry,IND,DT,76,2021
Davon Godchaux,MIA,DT,76,2021
Tahir Whitehead,CAR,LOLB,76,2021
Marcus Cannon,NE,RT,76,2021
Anthony Miller,CHI,WR,76,2021
Jordan Hicks,ARI,MLB,76,2021
Jared Goff,LAR,QB,76,2021
Andy Lee,ARI,P,76,2021
Justin Pugh,ARI,LG,76,2021
Josh Norman,BUF,CB,76,2021
K'Waun Williams,SF,CB,76,2021
Jeff Okudah,DET,CB,76,2021
Will Parks,PHI,SS,76,2021
Mecole Hardman,KC,WR,76,2021
J.D. McKissic,WAS,HB,76,2021
Albert Wilson,MIA,WR,76,2021
Chris Conley,JAX,WR,76,2021
Henry Anderson,NYJ,LE,76,2021
Shaq Thompson,CAR,MLB,76,2021
Henry Ruggs III,LV,WR,76,2021
Montez Sweat,WAS,RE,76,2021
Dan Bailey,MIN,K,76,2021
Marcus Gilbert,ARI,RT,75,2021
Bashaud Breeland,KC,CB,75,2021
Emmanuel Moseley,SF,CB,75,2021
Taylor Rapp,LAR,FS,75,2021
Antwaun Woods,DAL,DT,75,2021
David Moore,SEA,WR,75,2021
Jordan Berry,PIT,P,75,2021
Laken Tomlinson,SF,LG,75,2021
Stephen Hauschka,BUF,K,75,2021
Antoine Winfield Jr,TB,FS,75,2021
Daryl Worley,DAL,CB,75,2021
Rock Ya-Sin,IND,CB,75,2021
Eli Apple,CAR,CB,75,2021
Bobby McCain,MIA,FS,75,2021
Kemoko Turay,IND,LE,75,2021
Tony Pollard,DAL,HB,75,2021
Mike Davis,CAR,HB,75,2021
Rex Burkhead,NE,HB,75,2021
Malcolm Brown,LAR,HB,75,2021
J.K. Dobbins,BAL,HB,75,2021
Keelan Cole,JAX,WR,75,2021
Tyus Bowser,BAL,LOLB,75,2021
Morgan Moses,WAS,RT,75,2021
Poona Ford,SEA,DT,75,2021
Solomon Thomas,SF,RE,75,2021
Jerry Jeudy,DEN,WR,75,2021
Sam Martin,DEN,P,75,2021
Corey Peters,ARI,DT,75,2021
Maxx Williams,ARI,TE,75,2021
Teddy Bridgewater,CAR,QB,75,2021
Greedy Williams,CLE,CB,75,2021
Randy Gregory,DAL,RE,75,2021
Royce Freeman,DEN,HB,75,2021
Breshad Perriman,NYJ,WR,75,2021
Chase Winovich,NE,RE,75,2021
Josh Reynolds,LAR,WR,75,2021
Chase Roullier,WAS,C,75,2021
Sam Hubbard,CIN,RE,75,2021
Mack Wilson,CLE,ROLB,75,2021
Haason Reddick,ARI,ROLB,75,2021
Darryl Roberts,DET,CB,75,2021
Nyheim Hines,IND,HB,75,2021
B.J. Hill,NYG,RE,75,2021
Seth Roberts,CAR,WR,75,2021
Maliek Collins,LV,DT,75,2021
Zay Jones,LV,WR,75,2021
Reuben Foster,WAS,MLB,75,2021
Jason Myers,SEA,K,75,2021
Zach Cunningham,HOU,MLB,75,2021
Brian O'Neill,MIN,RT,75,2021
Tajae Sharpe,MIN,WR,75,2021
Ted Ginn Jr,CHI,WR,75,2021
Cordarrelle Patterson,CHI,WR,75,2021
Shelby Harris,DEN,LE,75,2021
Cre'Von LeBlanc,PHI,CB,75,2021
Sidney Jones IV,PHI,CB,75,2021
Trayvon Mullen,LV,CB,75,2021
CeeDee Lamb,DAL,WR,75,2021
Shaq Lawson,MIA,ROLB,75,2021
Emmanuel Ogbah,MIA,LE,75,2021
Dean Lowry,GB,LE,75,2021
Jonnu Smith,TEN,TE,75,2021
Irv Smith Jr,MIN,TE,75,2021
Bilal Nichols,CHI,RE,74,2021
Todd Davis,DEN,MLB,74,2021
Noah Fant,DEN,TE,74,2021
Eric Fisher,KC,LT,74,2021
Xavier Rhodes,IND,CB,74,2021
Fabian Moreau,WAS,CB,74,2021
Patrick Robinson,NO,CB,74,2021
Erik Harris,LV,FS,74,2021
Anthony Levine Sr,BAL,SS,74,2021
Jakeem Grant,MIA,WR,74,2021
Clyde Edwards-Helaire,KC,HB,74,2021
D'Andre Swift,DET,HB,74,2021
Peyton Barber,WAS,HB,74,2021
Ty Montgomery II,NO,HB,74,2021
Aaron Lynch,JAX,LE,74,2021
Connor McGovern,NYJ,C,74,2021
Yetur Gross-Matos,CAR,RE,74,2021
Cody Latimer,WAS,WR,74,2021
Jacob Hollister,SEA,TE,74,2021
Mike Iupati,SEA,LG,74,2021
Kamalei Correa,TEN,LOLB,74,2021
Harrison Phillips,BUF,DT,74,2021
Terrell Edmunds,PIT,SS,74,2021
P.J. Williams,NO,CB,74,2021
Zach Pascal,IND,WR,74,2021
Rashaan Melvin,JAX,CB,74,2021
Jake Elliott,PHI,K,74,2021
Jalen Richard,LV,HB,74,2021
Kyler Fackrell,NYG,ROLB,74,2021
Patrick Onwuasor,NYJ,MLB,74,2021
Taylor Decker,DET,LT,74,2021
Alec Ingold,LV,FB,74,2021
A'Shawn Robinson,LAR,DT,74,2021
Darren Fells,HOU,TE,74,2021
Vic Beasley Jr,TEN,LOLB,74,2021
Trent Taylor,SF,WR,74,2021
Jon Feliciano,BUF,RG,74,2021
Rashard Higgins,CLE,WR,74,2021
Bradley Pinion,TB,P,74,2021
Ryan Fitzpatrick,MIA,QB,74,2021
Ronnie Harrison,JAX,SS,74,2021
Jason Verrett,SF,CB,74,2021
Troy Hill,LAR,CB,74,2021
Jerome Baker,MIA,MLB,74,2021
Matt Haack,MIA,P,74,2021
Corey Clement,PHI,HB,74,2021
Alexander Mattison,MIN,HB,74,2021
K'Lavon Chaisson,JAX,RE,74,2021
Jordan Jenkins,NYJ,ROLB,74,2021
Marquez Valdes-Scantling,GB,WR,74,2021
Hunter Renfrow,LV,WR,74,2021
Trey Hendrickson,NO,RE,74,2021
Margus Hunt,NO,DT,74,2021
Tre'Quan Smith,NO,WR,74,2021
Bruce Irvin,SEA,LOLB,74,2021
Benson Mayowa,SEA,LE,74,2021
Zach Fulton,HOU,RG,74,2021
Andy Janovich,CLE,FB,74,2021
William Gholston,TB,LE,74,2021
Jeff Heath,LV,SS,74,2021
Rigoberto Sanchez,IND,P,74,2021
Tre Herndon,JAX,CB,74,2021
Xavier McKinney,NYG,FS,74,2021
Khari Willis,IND,SS,74,2021
Christian Wilkins,MIA,RE,74,2021
Justin Jackson,LAC,HB,74,2021
Taven Bryan,JAX,DT,74,2021
Damiere Byrd,NE,WR,74,2021
N'Keal Harry,NE,WR,74,2021
Travis Benjamin,SF,WR,74,2021
De'Vondre Campbell,ARI,MLB,74,2021
Zane Gonzalez,ARI,K,74,2021
Mike Hughes,MIN,CB,74,2021
Ahkello Witherspoon,SF,CB,74,2021
Eric Rowe,MIA,SS,74,2021
Allen Bailey,ATL,LE,74,2021
Deatrich Wise Jr,NE,RE,74,2021
Justin Jefferson,MIN,WR,74,2021
Nick Vigil,LAC,ROLB,73,2021
Mark Glowinski,IND,RG,73,2021
Anthony Walker Jr,IND,MLB,73,2021
Kendall Sheffield,ATL,CB,73,2021
J.J. Arcega-Whiteside,PHI,WR,73,2021
Jalen Reagor,PHI,WR,73,2021
Lorenzo Carter,NYG,ROLB,73,2021
Tim Williams,GB,ROLB,73,2021
Noah Spence,NO,RE,73,2021
Brennan Scarlett,HOU,LOLB,73,2021
Lee Smith,BUF,TE,73,2021
Sam Darnold,NYJ,QB,73,2021
Mike Pennel Jr,KC,DT,73,2021
Ricky Seals-Jones,KC,TE,73,2021
D.J. Swearinger Sr,NO,SS,73,2021
Kyle Dugger,NE,SS,73,2021
Rasul Douglas,PHI,CB,73,2021
Vernon Hargreaves III,HOU,CB,73,2021
Allen Hurns,MIA,WR,73,2021
Jordan Whitehead,TB,SS,73,2021
Jarrod Wilson,JAX,FS,73,2021
Josh Sweat,PHI,LE,73,2021
Jonathan Taylor,IND,HB,73,2021
Joey Slye,CAR,K,73,2021
Kolton Miller,LV,LT,73,2021
Bryan Anger,HOU,P,73,2021
Robert Foster,BUF,WR,73,2021
Jordan Phillips,ARI,RE,73,2021
Tua Tagovailoa,MIA,QB,73,2021
Anthony Hitchens,KC,MLB,73,2021
Maurice Canady,DAL,CB,73,2021
Julian Love,NYG,CB,73,2021
Terrance Mitchell,CLE,CB,73,2021
DeAndre Washington,KC,HB,73,2021
P.J. Hall,LV,DT,73,2021
Matt Skura,BAL,C,73,2021
Ross Blacklock,HOU,RE,73,2021
Keke Coutee,HOU,WR,73,2021
Pat O'Donnell,CHI,P,73,2021
Star Lotulelei,BUF,DT,73,2021
J.R. Sweezy,ARI,RG,73,2021
Michael Davis,LAC,CB,73,2021
Nevin Lawson,LV,CB,73,2021
Ereck Flowers,MIA,LG,73,2021
Kevin King,GB,CB,73,2021
Genard Avery,PHI,RE,73,2021
T.J. Yeldon,BUF,HB,73,2021
Wayne Gallman Jr,NYG,HB,73,2021
Nathan Shepherd,NYJ,LE,73,2021
Geronimo Allison,DET,WR,73,2021
Christian Jones,DET,ROLB,73,2021
Dustin Hopkins,WAS,K,73,2021
Alex Anzalone,NO,MLB,73,2021
Shaquem Griffin,SEA,LOLB,73,2021
C.J. Ham,MIN,FB,73,2021
Ronald Blair III,SF,LE,73,2021
Willie Henry,SF,LE,73,2021
Randy Bullock,CIN,K,73,2021
Logan Wilson,CIN,MLB,73,2021
Jedrick Wills Jr,CLE,LT,73,2021
D.J. Humphries,ARI,LT,73,2021
Kenneth Murray Jr,LAC,ROLB,73,2021
Johnathan Abram,LV,SS,73,2021
Jaylon Johnson,CHI,CB,73,2021
Blessuan Austin,NYJ,CB,73,2021
Robert Alford,ARI,CB,73,2021
Mike Edwards,TB,FS,73,2021
Jalen Thompson,ARI,FS,73,2021
Preston Williams,MIA,WR,73,2021
Foyesade Oluokun,ATL,ROLB,73,2021
Cam Akers,LAR,HB,73,2021
Clelin Ferrell,LV,RE,73,2021
Demetrius Harris,CHI,TE,72,2021
Eddy Pineiro,CHI,K,72,2021
Alex Erickson,CIN,WR,72,2021
C.J. Uzomah,CIN,TE,72,2021
Ty Nsekhe,BUF,RT,72,2021
Drue Tranquill,LAC,MLB,72,2021
E.J. Gaines,BUF,CB,72,2021
Darius Phillips,CIN,CB,72,2021
Eric Murray,HOU,FS,72,2021
Chris Lindstrom,ATL,RG,72,2021
A.J. Dillon,GB,HB,72,2021
Jaylon Ferguson,BAL,ROLB,72,2021
Ka'imi Fairbairn,HOU,K,72,2021
Jonah Williams,CIN,LT,72,2021
A.J. Epenesa,BUF,LE,72,2021
A.J. Klein,BUF,ROLB,72,2021
Isaiah McKenzie,BUF,WR,72,2021
Taywan Taylor,CLE,WR,72,2021
Andy Isabella,ARI,WR,72,2021
Bobby Okereke,IND,MLB,72,2021
Grant Delpit,CLE,FS,72,2021
Jatavis Brown,PHI,ROLB,72,2021
Terrell Burgess,LAR,FS,72,2021
Jordan Wilkins,IND,HB,72,2021
Justice Hill,BAL,HB,72,2021
Josh Bellamy,NYJ,WR,72,2021
Folorunso Fatukasi,NYJ,RE,72,2021
Benny Snell Jr,PIT,HB,72,2021
Beau Allen,NE,DT,72,2021
Brandon Copeland,NE,LOLB,72,2021
Josh Uche,NE,ROLB,72,2021
Miles Boykin,BAL,WR,72,2021
Shaun Dion Hamilton,WAS,LOLB,72,2021
Kiko Alonso,NO,LOLB,72,2021
Tyson Alualu,PIT,LE,72,2021
Charles Omenihu,HOU,LE,72,2021
Jack Crawford,TEN,RE,72,2021
Anthony Zettel,MIN,LE,72,2021
Denzel Perryman,LAC,MLB,72,2021
Jerry Tillery,LAC,DT,72,2021
Breeland Speaks,KC,LE,72,2021
Damien Wilson,KC,ROLB,72,2021
Andy Dalton,DAL,QB,72,2021
Kevin Johnson,CLE,CB,72,2021
Abry Jones,JAX,DT,72,2021
Laviska Shenault Jr,JAX,WR,72,2021
Mekhi Becton,NYJ,LT,72,2021
Rashan Gary,GB,LOLB,72,2021
Christian Kirksey,GB,MLB,72,2021
Duke Ejiofor,HOU,ROLB,72,2021
Brandon Aiyuk,SF,WR,72,2021
Parris Campbell,IND,WR,72,2021
Jason Sanders,MIA,K,72,2021
Ken Crawley,LV,CB,72,2021
Oshane Ximines,NYG,ROLB,72,2021
Boston Scott,PHI,HB,72,2021
Jaylen Samuels,PIT,HB,72,2021
Christopher Herndon IV,NYJ,TE,72,2021
Alex Lewis,NYJ,LG,72,2021
Patrick Queen,BAL,MLB,72,2021
Cole Holcomb,WAS,LOLB,72,2021
Cody Barton,SEA,LOLB,72,2021
Ryan Switzer,PIT,WR,72,2021
Khari Blasingame,TEN,FB,72,2021
D.J. Jones,SF,DT,72,2021
Mitchell Trubisky,CHI,QB,72,2021
Daniel Jones,NYG,QB,72,2021
Blake Jarwin,DAL,TE,72,2021
Sean Davis,WAS,SS,72,2021
Quincy Wilson,NYJ,CB,72,2021
DeAndre Baker,NYG,CB,72,2021
Jalen Mills,PHI,SS,72,2021
Matthias Farley,NYJ,SS,72,2021
Jaylen Watkins,HOU,SS,72,2021
Blake Martinez,NYG,MLB,72,2021
Ryan Griffin,NYJ,TE,72,2021
Jake Bailey,NE,P,72,2021
Marquel Lee,LV,LOLB,72,2021
Trey Quinn,WAS,WR,72,2021
Steven Sims,WAS,WR,72,2021
Malcom Brown,NO,DT,72,2021
Pat Elflein,MIN,LG,72,2021
Roy Robertson-Harris,CHI,LE,71,2021
Vernon Butler Jr,BUF,DT,71,2021
Daryl Williams,BUF,LG,71,2021
Netane Muti,DEN,RG,71,2021
Jordan Love,GB,QB,71,2021
Tyquan Lewis,IND,DT,71,2021
Dorance Armstrong,DAL,RE,71,2021
Joe Thomas,DAL,ROLB,71,2021
Isaiah Oliver,ATL,CB,71,2021
Terrence Brooks,NE,SS,71,2021
Andrew Thomas,NYG,RT,71,2021
Braden Mann,NYJ,P,71,2021
Darrell Henderson Jr,LAR,HB,71,2021
Justin Ellis,BAL,DT,71,2021
L.J. Fort,BAL,MLB,71,2021
Kelvin Harmon,WAS,WR,71,2021
Cesar Ruiz,NO,RG,71,2021
Dylan Cole,HOU,MLB,71,2021
Richie James Jr,SF,WR,71,2021
Brent Urban,CHI,LE,71,2021
Corey Bojorquez,BUF,P,71,2021
Tyler Kroft,BUF,TE,71,2021
Kendell Beckwith,TB,MLB,71,2021
Hakeem Butler,ARI,WR,71,2021
Michael Badgley,LAC,K,71,2021
Virgil Green,LAC,TE,71,2021
Michael Pittman Jr,IND,WR,71,2021
Marquise Blair,SEA,FS,71,2021
Daniel Sorensen,KC,SS,71,2021
Cassius Marsh Sr,JAX,LE,71,2021
Bryce Love,WAS,HB,71,2021
Justin Madubuike,BAL,RE,71,2021
Jordyn Brooks,SEA,MLB,71,2021
Matt Feiler,PIT,RT,71,2021
Tytus Howard,HOU,RT,71,2021
Mike Remmers,KC,LG,71,2021
Aldon Smith,DAL,RE,71,2021
Connor Williams,DAL,LG,71,2021
Holton Hill,MIN,CB,71,2021
T.J. Carrie,IND,CB,71,2021
Amani Oruwariye,DET,CB,71,2021
K'Von Wallace,PHI,SS,71,2021
Michael Thomas,HOU,SS,71,2021
James O'Shaughnessy,JAX,TE,71,2021
Cam Robinson,JAX,LT,71,2021
Josh Doctson,NYJ,WR,71,2021
Tyler Lancaster,GB,DT,71,2021
Allen Lazard,GB,WR,71,2021
Bradley Bozeman,BAL,LG,71,2021
Ryan Anderson,WAS,LE,71,2021
Derek Watt,PIT,FB,71,2021
Ben Gedeon,MIN,ROLB,71,2021
Riley Reiff,MIN,LT,71,2021
Tee Higgins,CIN,WR,71,2021
Dawson Knox,BUF,TE,71,2021
Christian Covington,DEN,RE,71,2021
Khalen Saunders,KC,DT,71,2021
Jacoby Brissett,IND,QB,71,2021
Vince Biegel,MIA,ROLB,71,2021
Isaiah Ford,MIA,WR,71,2021
Lonnie Johnson Jr,HOU,CB,71,2021
Jeff Gladney,MIN,CB,71,2021
Nik Needham,MIA,CB,71,2021
Mike Ford,DET,CB,71,2021
Marlon Davidson,ATL,LE,71,2021
Nasir Adderley,LAC,FS,71,2021
Deadrin Senat,ATL,DT,71,2021
Taiwan Jones,BUF,HB,71,2021
Marvin Hall Jr,DET,WR,71,2021
Kalen Ballage,MIA,HB,71,2021
Romeo Okwara,DET,RE,71,2021
Jahlani Tavai,DET,MLB,71,2021
Jordan Akins,HOU,TE,71,2021
Eric Wilson,MIN,ROLB,71,2021
Austin Seibert,CLE,K,71,2021
Tristan Wirfs,TB,RT,71,2021
Nick Foles,CHI,QB,71,2021
Trysten Hill,DAL,DT,71,2021
Raekwon Davis,MIA,RE,71,2021
Elandon Roberts,MIA,MLB,71,2021
Ashtyn Davis,NYJ,FS,71,2021
Josh Jackson,GB,CB,71,2021
Grant Haley,NYG,CB,71,2021
David Long Jr,LAR,CB,71,2021
Andrew Adams,TB,SS,71,2021
Corey Coleman,NYG,WR,71,2021
A.J. Cann,JAX,RG,71,2021
Ameer Abdullah,MIN,HB,71,2021
Devin Duvernay,BAL,WR,71,2021
Chris Moore,BAL,WR,71,2021
Nick Martin,HOU,C,71,2021
Barkevious Mingo,CHI,ROLB,70,2021
Germaine Pratt,CIN,MLB,70,2021
KeeSean Johnson,ARI,WR,70,2021
Kyzir White,LAC,LOLB,70,2021
Tanoh Kpassagnon,KC,RE,70,2021
Chad Williams,IND,WR,70,2021
Devin Smith,DAL,WR,70,2021
Isaac Seumalo,PHI,LG,70,2021
Greg Stroman,WAS,CB,70,2021
Justin Layne,PIT,CB,70,2021
Amani Hooker,TEN,FS,70,2021
Blake Cashman,NYJ,MLB,70,2021
Jesse James,DET,TE,70,2021
Brandon Bolden,NE,HB,70,2021
Van Jefferson,LAR,WR,70,2021
Jacob Martin,HOU,LOLB,70,2021
Cody Ford,BUF,RT,70,2021
Andre Roberts,BUF,WR,70,2021
K.J. Hamler,DEN,WR,70,2021
Josey Jewell,DEN,MLB,70,2021
Ben Banogu,IND,RE,70,2021
Marcus Johnson,IND,WR,70,2021
Dwayne Haskins Jr,WAS,QB,70,2021
Neville Gallimore,DAL,DT,70,2021
Gardner Minshew II,JAX,QB,70,2021
Greg Ward Jr,PHI,WR,70,2021
Rayshawn Jenkins,LAC,FS,70,2021
Jamar Taylor,SF,CB,70,2021
Joejuan Williams,NE,CB,70,2021
Parry Nickerson,JAX,CB,70,2021
Deionte Thompson,ARI,SS,70,2021
Dawuane Smoot,JAX,RE,70,2021
Denzel Mims,NYJ,WR,70,2021
Jordan Willis,NYJ,ROLB,70,2021
Jarrad Davis,DET,MLB,70,2021
Zack Moss,BUF,HB,70,2021
Chase Claypool,PIT,WR,70,2021
Cole Kmet,CHI,TE,70,2021
Quinton Jefferson,BUF,DT,70,2021
Vincent Taylor,BUF,DT,70,2021
Jeff Heuerman,DEN,TE,70,2021
Justin Jones,LAC,DT,70,2021
Noah Brown,DAL,WR,70,2021
Ted Karras,MIA,C,70,2021
Clayton Fejedelem,MIA,SS,70,2021
Jeremy Chinn,CAR,SS,70,2021
Jimmy Moreland,WAS,CB,70,2021
Elijhaa Penny,NYG,FB,70,2021
Nate Solder,NYG,LT,70,2021
Tarell Basham,NYJ,ROLB,70,2021
Braxton Berrios,NYJ,WR,70,2021
T.J. Logan,TB,HB,70,2021
Josh Adams,NYJ,HB,70,2021
Jake Kumerow,GB,WR,70,2021
Ian Thomas,CAR,TE,70,2021
Jakobi Meyers,NE,WR,70,2021
Mario Edwards Jr,NO,DT,70,2021
Nate Davis,TEN,RG,70,2021
Tim Patrick,DEN,WR,70,2021
Dorian O'Daniel,KC,LOLB,70,2021
Roosevelt Nix,IND,FB,70,2021
Drew Lock,DEN,QB,70,2021
Kamu Grugier-Hill,MIA,MLB,70,2021
Sterling Hofrichter,ATL,P,70,2021
Justin Evans,TB,SS,70,2021
Marvell Tell III,IND,CB,70,2021
Rashad Fenton,KC,CB,70,2021
Logan Cooke,JAX,P,70,2021
Davon Hamilton,JAX,DT,70,2021
Jawaan Taylor,JAX,RT,70,2021
Morgan Fox,LAR,RE,70,2021
Deonte Harris,NO,WR,70,2021
Max Scharping,HOU,LG,70,2021
Ifeadi Odenigbo,MIN,RE,70,2021
Germain Ifedi,CHI,RG,70,2021
Jake Butt,DEN,TE,70,2021
DaeSean Hamilton,DEN,WR,70,2021
Matt Gay,TB,K,70,2021
Donovan Smith,TB,LT,70,2021
Taco Charlton,KC,LE,70,2021
Justin Herbert,LAC,QB,70,2021
Kai Forbath,DAL,K,70,2021
Damon Arnette Jr,LV,CB,70,2021
Noah Igbinoghene,MIA,CB,70,2021
A.J. Terrell,ATL,CB,70,2021
Artie Burns,CHI,CB,70,2021
Devontae Booker,LV,HB,70,2021
Zach Kerr,CAR,DT,70,2021
Chris Manhertz,CAR,TE,70,2021
Bryan Edwards,LV,WR,70,2021
Arden Key,LV,RE,70,2021
Riley Ridley,CHI,WR,69,2021
Ryan Glasgow,CIN,DT,69,2021
McTelvin Agim,DEN,LE,69,2021
Garett Bolles,DEN,LT,69,2021
Byron Pringle,KC,WR,69,2021
Cedrick Wilson,DAL,WR,69,2021
Kristian Fulton,TEN,CB,69,2021
Jayron Kearse,DET,SS,69,2021
Julian Blackmon,IND,FS,69,2021
Jordan Lucas,CHI,FS,69,2021
Damien Harris,NE,HB,69,2021
Stephen Weatherly,CAR,LE,69,2021
Darrynton Evans,TEN,HB,69,2021
Daniel Carlson,LV,K,69,2021
Darrell Taylor,SEA,LE,69,2021
Reggie Gilbert,TEN,LOLB,69,2021
Jeremiah Attaochu,DEN,LOLB,69,2021
Damion Ratley,CLE,WR,69,2021
Kevin Minter,TB,MLB,69,2021
Leki Fotu,ARI,DT,69,2021
Joe Looney,DAL,C,69,2021
Justin March,DAL,ROLB,69,2021
Jamize Olawale,DAL,FB,69,2021
Tyrod Taylor,LAC,QB,69,2021
Ryan Allen,ATL,P,69,2021
Deone Bucannon,ATL,MLB,69,2021
John Cominsky,ATL,LE,69,2021
Riley Dixon,NYG,P,69,2021
Tarvarius Moore,SF,FS,69,2021
Trevon Diggs,DAL,CB,69,2021
Troy Apke,WAS,FS,69,2021
Dane Cruikshank,TEN,SS,69,2021
Ke'Shawn Vaughn,TB,HB,69,2021
Patrick Laird,MIA,HB,69,2021
Jermaine Carter Jr,CAR,ROLB,69,2021
Bo Scarbrough,DET,HB,69,2021
Justin Rohrwasser,NE,K,69,2021
Ogbonnia Okoronkwo,LAR,ROLB,69,2021
Malik Harrison,BAL,MLB,69,2021
Bronson Rechsteiner,BAL,FB,69,2021
Luke Willson,SEA,TE,69,2021
Shamar Stephen,MIN,DT,69,2021
Kerry Hyder,SF,RE,69,2021
Javon Wims,CHI,WR,69,2021
Gabriel Davis,BUF,WR,69,2021
Dre'Mont Jones,DEN,LE,69,2021
DeMarcus Walker,DEN,RE,69,2021
Zach Allen,ARI,LE,69,2021
Lamont Gaillard,ARI,LG,69,2021
Cameron Johnston,PHI,P,69,2021
Charles Harris,ATL,LE,69,2021
Josh Jones,JAX,SS,69,2021
Sheldrick Redwine,CLE,FS,69,2021
Isaac Yiadom,DEN,CB,69,2021
Ryan Smith,TB,CB,69,2021
Ibraheim Campbell,TEN,FS,69,2021
Phillip Gaines,HOU,CB,69,2021
Dean Marlowe,BUF,SS,69,2021
Frankie Luvu,NYJ,LOLB,69,2021
Brett Maher,NYJ,K,69,2021
Lane Taylor,GB,LG,69,2021
Alex Armah Jr,CAR,FB,69,2021
Greg Little,CAR,LT,69,2021
Antonio Gibson,WAS,HB,69,2021
Foster Moreau,LV,TE,69,2021
Jon Bostic,WAS,MLB,69,2021
Antonio Gandy-Golden,WAS,WR,69,2021
Kevin Pierre-Louis,WAS,MLB,69,2021
Jordan Thomas,HOU,TE,69,2021
Tyler Bass,BUF,K,69,2021
Scotty Miller,TB,WR,69,2021
Trevon Coley,ARI,LE,69,2021
Ricardo Louis,MIA,WR,69,2021
Jamon Brown,ATL,RG,69,2021
Laquon Treadwell,ATL,WR,69,2021
Kavon Frazier,MIA,SS,69,2021
Leon Jacobs,JAX,LOLB,69,2021
Keion Crossen,HOU,CB,69,2021
Cameron Sutton,PIT,CB,69,2021
Nate Hairston,NYJ,CB,69,2021
Quincy Williams,JAX,ROLB,69,2021
D.J. Reed Jr,SF,CB,69,2021
Will Harris,DET,SS,69,2021
Julian Okwara,DET,RE,69,2021
Lynn Bowden Jr,LV,HB,69,2021
Zack Baun,NO,LOLB,69,2021
Brandon Dunn,HOU,DT,69,2021
Joe Flacco,NYJ,QB,69,2021
Andrew Van Ginkel,MIA,ROLB,69,2021
Andre Dillard,PHI,LT,69,2021
Shelton Gibson,PHI,WR,69,2021
George Odum,IND,FS,69,2021
LeShaun Sims,CIN,CB,69,2021
Chandon Sullivan,GB,CB,69,2021
Trenton Cannon,NYJ,HB,69,2021
Devin Asiasi,NE,TE,69,2021
Maurice Harris,NO,WR,69,2021
Ben Burr-Kirven,SEA,ROLB,69,2021
Rasheem Green,SEA,RE,69,2021
DeAndre Carter,HOU,WR,69,2021
Anthony Firkser,TEN,TE,69,2021
John Jenkins,CHI,RE,68,2021
Akeem Davis-Gaither,CIN,ROLB,68,2021
Trey Hopkins,CIN,C,68,2021
Renell Wren,CIN,DT,68,2021
Patrick DiMarco,BUF,FB,68,2021
Chris Hubbard,CLE,RT,68,2021
Rodrigo Blankenship,IND,K,68,2021
Sam Eguavoen,MIA,ROLB,68,2021
Nathan Gerry,PHI,LOLB,68,2021
Duke Riley,PHI,LOLB,68,2021
Levine Toilolo,NYG,TE,68,2021
Cody Davis,NE,FS,68,2021
Michael Ojemudia,DEN,CB,68,2021
Amik Robertson,LV,CB,68,2021
Marquis Haynes,CAR,LE,68,2021
Keith Kirkwood,CAR,WR,68,2021
Rodney Anderson,CIN,HB,68,2021
Ty Johnson,DET,HB,68,2021
Marcell Ateman,LV,WR,68,2021
Keelan Doss,LV,WR,68,2021
Sam Sloman,LAR,K,68,2021
Austin Carr,NO,WR,68,2021
Sutton Smith,SEA,ROLB,68,2021
Olabisi Johnson,MIN,WR,68,2021
Jason Croom,BUF,TE,68,2021
Mike Purcell,DEN,DT,68,2021
Malik Reed,DEN,ROLB,68,2021
Jordan Elliott,CLE,DT,68,2021
Wyatt Teller,CLE,RG,68,2021
Cameron Erving,DAL,LT,68,2021
Mack Hollins,MIA,WR,68,2021
Marcus Mariota,LV,QB,68,2021
John Hightower,PHI,WR,68,2021
Hassan Ridgeway,PHI,DT,68,2021
Greg Van Roten,NYJ,RG,68,2021
Joe Dahl,DET,LG,68,2021
Darian Thompson,DAL,FS,68,2021
Ugo Amadi,SEA,CB,68,2021
M.J. Stewart Jr,TB,CB,68,2021
Ryan Lewis,MIA,CB,68,2021
Jordan Richards,BAL,SS,68,2021
Sherrick McManis,CHI,FS,68,2021
Shilique Calhoun,NE,LOLB,68,2021
Greg Gaines,LAR,DT,68,2021
Jaleel Scott,BAL,WR,68,2021
Anthony Chickillo,NO,RE,68,2021
Adam Trautman,NO,TE,68,2021
Deon Cain,PIT,WR,68,2021
Kalif Raymond,TEN,WR,68,2021
Kevin Huber,CIN,P,68,2021
Ray-Ray McCloud III,BUF,WR,68,2021
Lloyd Cushenberry III,DEN,C,68,2021
Forrest Lamp,LAC,LG,68,2021
Alex Smith,WAS,QB,68,2021
Steven Means,ATL,LE,68,2021
Cody Core,NYG,WR,68,2021
David Mayo,NYG,MLB,68,2021
Lano Hill,SEA,FS,68,2021
Cordrea Tankersley,MIA,CB,68,2021
Tony Brown,CIN,CB,68,2021
Treyvon Hester,GB,LE,68,2021
Jace Sternberger,GB,TE,68,2021
Michael Schofield III,CAR,RG,68,2021
D'Andre Walker,TEN,LOLB,68,2021
Ben Garland,SF,C,68,2021
Trevor Davis,CHI,WR,68,2021
Adam Shaheen,CHI,TE,68,2021
Kendall Lamm,CLE,LT,68,2021
Sione Takitaki,CLE,LOLB,68,2021
Tyler Johnson,TB,WR,68,2021
Jalen Hurts,PHI,QB,68,2021
Rodney Gunter,JAX,DT,68,2021
Rashaan Gaulden,NYG,SS,68,2021
Geno Stone,BAL,SS,68,2021
Roderic Teamer Jr,LAC,SS,68,2021
Johnson Bademosi,NO,CB,68,2021
Isaiah Johnson,LV,CB,68,2021
Sam Beal,NYG,CB,68,2021
Dwayne Washington,NO,HB,68,2021
Stefen Wisniewski,PIT,LG,68,2021
Angelo Blackson,HOU,RE,68,2021
Jalen Hurd,SF,WR,68,2021
Cethan Carter,CIN,FB,68,2021
Nick Vannett,DEN,TE,68,2021
Elijah Wilkinson,DEN,LG,68,2021
Malik Jefferson,LAC,ROLB,68,2021
Willie Gay Jr,KC,ROLB,68,2021
Ben Niemann,KC,MLB,68,2021
George Fant,NYJ,RT,68,2021
Harvey Langi,NYJ,LOLB,68,2021
Brandon Jones,MIA,FS,68,2021
Jabari Zuniga,NYJ,LOLB,68,2021
Nick Williams,DET,DT,68,2021
Josiah Scott,JAX,CB,68,2021
Duke Dawson Jr,DEN,FS,68,2021
Derek Rivers,NE,LE,68,2021
Darrel Williams,KC,HB,68,2021
Jihad Ward,BAL,LE,68,2021
Nate Orchard,WAS,RE,68,2021
Jordan Evans,CIN,ROLB,67,2021
Stanley Morgan Jr,CIN,WR,67,2021
Drew Sample,CIN,TE,67,2021
B.J. Goodson,CLE,MLB,67,2021
Sheldon Day,IND,DT,67,2021
Reece Fountain,IND,WR,67,2021
Al-Quadin Muhammad,IND,RE,67,2021
Gary Jennings,MIA,WR,67,2021
Avery Moss,MIA,LE,67,2021
James Carpenter,ATL,LG,67,2021
Younghoe Koo,ATL,K,67,2021
Kaleb McGary,ATL,RT,67,2021
Josh Oliver,JAX,TE,67,2021
Geremy Davis,DET,WR,67,2021
Marcell Harris,SF,SS,67,2021
Rudy Ford,PHI,SS,67,2021
Steven Parker,MIA,FS,67,2021
John Miller,CAR,RG,67,2021
Troy Pride Jr,CAR,CB,67,2021
Nicholas Morrow,LV,MLB,67,2021
Daniel Ross,LV,DT,67,2021
Brian Hill,ATL,HB,67,2021
John Kelly,LAR,HB,67,2021
Anthony McFarland,PIT,HB,67,2021
Jachai Polite,LAR,ROLB,67,2021
Amara Darboh,PIT,WR,67,2021
Chad Hansen,HOU,WR,67,2021
Armon Watts,MIN,DT,67,2021
Anthony Nelson,TB,LOLB,67,2021
Matthew Adams,IND,ROLB,67,2021
Josh Rosen,MIA,QB,67,2021
Matt Hennessy,ATL,C,67,2021
Austin Johnson,NYG,RE,67,2021
C.J. Board,JAX,WR,67,2021
Halapoulivaati Vaitai,DET,RT,67,2021
Josiah Deguara,GB,TE,67,2021
Adrian Colbert,MIA,FS,67,2021
DeShon Elliott,BAL,FS,67,2021
Ka'Dar Hollman,GB,CB,67,2021
Torry McTyer,CIN,CB,67,2021
Danny Vitale,NE,FB,67,2021
Terrell Lewis,LAR,LOLB,67,2021
Michael Burton,NO,FB,67,2021
Chris Wormley,PIT,DT,67,2021
Tom Compton,SF,RG,67,2021
Duke Williams,BUF,WR,67,2021
Porter Gustin,CLE,LE,67,2021
Jacob Phillips,CLE,MLB,67,2021
Justin Watson,TB,WR,67,2021
Dalton Schultz,DAL,TE,67,2021
Case Keenum,CLE,QB,67,2021
Davion Taylor,PHI,ROLB,67,2021
LaRoy Reynolds,ATL,ROLB,67,2021
John Franklin-Myers,NYJ,LE,67,2021
Jonotthan Harrison,NYJ,C,67,2021
Derrick Kindred,SF,SS,67,2021
Nate Ebner,NYG,SS,67,2021
Iman Lewis-Marshall,BAL,CB,67,2021
Darnay Holmes,NYG,CB,67,2021
Anthony Averett,BAL,CB,67,2021
Tanner Muse,LV,ROLB,67,2021
Kyle Wilber,LV,LOLB,67,2021
Rod Smith,LV,HB,67,2021
De'Anthony Thomas,BAL,WR,67,2021
MyCole Pruitt,TEN,TE,67,2021
Dru Samia,MIN,RG,67,2021
Austin Calitro,CIN,MLB,67,2021
Billy Price,CIN,LG,67,2021
Chad Thomas,CLE,LE,67,2021
Trent Sherfield,ARI,WR,67,2021
Joe Reed,LAC,WR,67,2021
Isaac Rochell,LAC,LE,67,2021
Collin Johnson,JAX,WR,67,2021
Jaquan Johnson,BUF,FS,67,2021
Jordan Dangerfield,PIT,SS,67,2021
T.J. Green,CAR,CB,67,2021
Corey Ballentine,NYG,CB,67,2021
Greg Mabin,CIN,CB,67,2021
Bryce Hall,NYJ,CB,67,2021
L'Jarius Sneed,KC,FS,67,2021
Anfernee Jennings,NE,LOLB,67,2021
Christian Wade,BUF,HB,67,2021
Dare Ogunbowale,TB,HB,67,2021
Mike Boone,MIN,HB,67,2021
Shy Tuttle,NO,DT,67,2021
Alex Highsmith,PIT,ROLB,67,2021
Greg Joseph,TEN,K,67,2021
Chad Beebe,MIN,WR,67,2021
Jaleel Johnson,MIN,DT,67,2021
Eric Saubert,CHI,TE,67,2021
Xavier Su'a-Filo,CIN,LG,67,2021
Harrison Bryant,CLE,TE,67,2021
Tae Davis,CLE,LOLB,67,2021
Dan Feeney,LAC,LG,67,2021
Austin Reiter,KC,C,67,2021
Jon'Vea Johnson,DAL,WR,67,2021
Robert Hunt,MIA,RG,67,2021
Russell Gage Jr,ATL,WR,67,2021
James Burgess Jr,NYJ,MLB,67,2021
Austin Bryant,DET,LE,67,2021
Quintez Cephus,DET,WR,67,2021
Equanimeous St. Brown,GB,WR,67,2021
Joshua Kelley,LAC,HB,67,2021
J.J. Taylor,NE,HB,67,2021
Daylon Mack,BAL,DT,67,2021
Emanuel Hall,WAS,WR,67,2021
L.J. Collier,SEA,RE,67,2021
Eddie Yarbrough,MIN,RE,67,2021
Damion Square,LAC,DT,66,2021
Andrew Wylie,KC,LG,66,2021
James Crawford,MIA,LOLB,66,2021
Robert Griffin III,BAL,QB,66,2021
Lerentee McCray,JAX,LE,66,2021
Chuma Edoga,NYJ,RT,66,2021
Travis Fulgham,DET,WR,66,2021
Efe Obada,CAR,LE,66,2021
Kenny Robinson Jr,CAR,FS,66,2021
Justin Bethel,NE,CB,66,2021
Matt LaCosse,NE,TE,66,2021
Kevin Toliver II,CHI,CB,66,2021
Cameron Dantzler,MIN,CB,66,2021
Alohi Gilman,LAC,SS,66,2021
Darwin Thompson,KC,HB,66,2021
La'Mical Perine,NYJ,HB,66,2021
Dan McCullers,PIT,DT,66,2021
Cullen Gillaspia,HOU,FB,66,2021
Mark Nzeocha,SF,LOLB,66,2021
Darnell Mooney,CHI,WR,66,2021
Damion Willis,CIN,WR,66,2021
Kaare Vedvik,BUF,K,66,2021
Fred Brown,DEN,WR,66,2021
Jeremiah Ledbetter,TB,RE,66,2021
Johnnie Dixon,ARI,WR,66,2021
Daeshon Hall,PHI,LE,66,2021
Bronson Kaufusi,NYJ,RE,66,2021
Tyrell Crosby,DET,RT,66,2021
Pharoh Cooper,CAR,WR,66,2021
Jordan Kunaszyk,CAR,ROLB,66,2021
Corn Elder,CAR,CB,66,2021
Blidi Wreh-Wilson,ATL,CB,66,2021
Tremon Smith,PHI,CB,66,2021
Tyler Ervin,GB,HB,66,2021
Damien Lewis,SEA,RG,66,2021
Juwann Winfree,DEN,WR,66,2021
KhaDarel Hodge,CLE,WR,66,2021
J'Mon Moore,CLE,WR,66,2021
Alex Cappa,TB,RG,66,2021
Dan Arnold,ARI,TE,66,2021
Tanner Vallejo,ARI,MLB,66,2021
Ryan Winslow,ARI,P,66,2021
Chase McLaughlin,IND,K,66,2021
Nick Mullens,SF,QB,66,2021
Terry Godwin II,JAX,WR,66,2021
Kyle Phillips,NYJ,LOLB,66,2021
Dalton Keene,NE,TE,66,2021
Khalfani Muhammad,DEN,HB,66,2021
Myles Gaskin,MIA,HB,66,2021
B.J. Finney,SEA,C,66,2021
Cameron Batson,TEN,WR,66,2021
Ezra Cleveland,MIN,LT,66,2021
Brett Jones,MIN,C,66,2021
Troy Fumagalli,DEN,TE,66,2021
Albert Okwuegbunam,DEN,TE,66,2021
Donovan Peoples-Jones,CLE,WR,66,2021
Justin Zimmer,CLE,DT,66,2021
Jaydon Mickens,TB,WR,66,2021
Jonathan Bullard,ARI,RE,66,2021
Zaire Franklin,IND,ROLB,66,2021
Mykal Walker,ATL,LOLB,66,2021
Ryan Connelly,NYG,MLB,66,2021
Elijah Lee,DET,ROLB,66,2021
Antoine Brooks Jr,PIT,SS,66,2021
Lenzy Pipkins,NE,CB,66,2021
Davontae Harris,DEN,CB,66,2021
Josh Hawkins,ATL,CB,66,2021
A.J. Cole III,LV,P,66,2021
Eric Kush,LV,RG,66,2021
Sebastian Joseph-Day,LAR,DT,66,2021
Jeff Wilson Jr,SF,HB,66,2021
Ryquell Armstead,JAX,HB,66,2021
Khaleke Hudson,WAS,ROLB,66,2021
Jason Huntley,DET,HB,66,2021
Phil Haynes,SEA,LG,66,2021
Chukwuma Okorafor,PIT,LT,66,2021
Isaiah Coulter,HOU,WR,66,2021
Bobby Hart,CIN,RT,66,2021
Khalid Kareem,CIN,LE,66,2021
Bryan Cox Jr,BUF,RE,66,2021
Miles Brown,ARI,DT,66,2021
Kylie Fitts,ARI,LOLB,66,2021
Josh Jones,ARI,RT,66,2021
Mo Alie-Cox,IND,TE,66,2021
Shareef Miller,PHI,RE,66,2021
Vyncint Smith,NYJ,WR,66,2021
Nick Bawden,DET,FB,66,2021
Dennis Daley,CAR,LG,66,2021
Chris Smith,CAR,RE,66,2021
John Reid,HOU,CB,66,2021
Samaje Perine,CIN,HB,66,2021
Caleb Brantley,WAS,DT,66,2021
James Hurst,NO,RT,66,2021
Craig Robertson,NO,ROLB,66,2021
Jonathan Greenard,HOU,LOLB,66,2021
Isaiah Irving,CHI,LOLB,65,2021
Diontae Spencer,DEN,WR,65,2021
Michael Dogbe,ARI,LE,65,2021
Scott Quessenberry,LAC,C,65,2021
Tommy Townsend,KC,P,65,2021
Chandler Cox,MIA,FB,65,2021
Quez Watkins,PHI,WR,65,2021
Cameron Fleming,NYG,RT,65,2021
Spencer Pulley,NYG,C,65,2021
Neville Hewitt,NYJ,MLB,65,2021
Kingsley Keke,GB,RE,65,2021
Deon Bush,CHI,SS,65,2021
Justin Hardee Sr,NO,CB,65,2021
Reggie Robinson II,DAL,CB,65,2021
Brian Allen,LAR,C,65,2021
Jordan Miller,ATL,CB,65,2021
Jamal Perry,MIA,SS,65,2021
Micah Kiser,LAR,MLB,65,2021
Joseph Noteboom,LAR,LG,65,2021
Troy Reeder,LAR,MLB,65,2021
Josh Harvey-Clemons,WAS,ROLB,65,2021
Richard Rodgers,WAS,TE,65,2021
Cam Sims,WAS,WR,65,2021
Jeremy Sprinkle,WAS,TE,65,2021
Trayveon Williams,CIN,HB,65,2021
Dontrell Hilliard,CLE,HB,65,2021
Karan Higdon,HOU,HB,65,2021
Kahale Warring,HOU,TE,65,2021
Jermaine Grace,CLE,ROLB,65,2021
Josh Wells,TB,LT,65,2021
Justin Murray,ARI,RT,65,2021
Ty Long,LAC,P,65,2021
Grover Stewart,IND,DT,65,2021
Justin McCray,ATL,LT,65,2021
David Sills V,NYG,WR,65,2021
Kaden Smith,NYG,TE,65,2021
Trevon Wesco,NYJ,TE,65,2021
Russell Bodine,DET,C,65,2021
Jalen Reeves-Maybin,DET,MLB,65,2021
Montravius Adams,GB,RE,65,2021
Jakob Johnson,NE,FB,65,2021
Josh Metellus,MIN,FS,65,2021
Sharrod Neasman,ATL,FS,65,2021
Geron Christian Sr,WAS,LT,65,2021
Dexter Williams,GB,HB,65,2021
Nick Bellore,SEA,FB,65,2021
Shaun Wilson,TEN,HB,65,2021
Anthony Johnson,PIT,WR,65,2021
Isaiah Mack,TEN,LE,65,2021
Isaiah Wilson,TEN,RT,65,2021
Troy Dye,MIN,MLB,65,2021
Cameron Smith,MIN,MLB,65,2021
Ross Dwelley,SF,TE,65,2021
Joe Walker,SF,MLB,65,2021
Devante Bond,CHI,ROLB,65,2021
Justin Hollins,DEN,ROLB,65,2021
Trevon Young,CLE,RE,65,2021
Darius Jennings,LAC,WR,65,2021
Michael Deiter,MIA,RG,65,2021
Zach Sieler,MIA,LE,65,2021
Kyle Allen,WAS,QB,65,2021
Olamide Zaccheaus,ATL,WR,65,2021
Joe Giles-Harris,JAX,LOLB,65,2021
Jack Fox,DET,P,65,2021
Darrius Shepherd,GB,WR,65,2021
Matthew Slater,NE,WR,65,2021
Brandon Facyson,LAC,CB,65,2021
Darious Williams,LAR,CB,65,2021
Tye Smith,TEN,CB,65,2021
Brycen Hopkins,LAR,TE,65,2021
James Proche,BAL,WR,65,2021
Wes Schweitzer,WAS,LG,65,2021
Nick Easton,NO,LG,65,2021
Eno Benjamin,ARI,HB,65,2021
Taylor Stallworth,NO,DT,65,2021
Colby Parkinson,SEA,TE,65,2021
John Ursua,SEA,WR,65,2021
Eddie Vanderdoes,HOU,RE,65,2021
Derick Roberson,TEN,ROLB,65,2021
K.J. Osborn,MIN,WR,65,2021
Jullian Taylor,SF,DT,65,2021
Andrew Brown,CIN,RE,65,2021
Tyler Matakevich,BUF,MLB,65,2021
Ashton Dulin,IND,WR,65,2021
Jason Strowbridge,MIA,RE,65,2021
Chris Lacy,DET,WR,65,2021
Oren Burks,GB,MLB,65,2021
Christian Miller,CAR,RE,65,2021
Chris Banjo,ARI,SS,65,2021
John Simpson,LV,LG,65,2021
Nate Meadors,MIN,CB,65,2021
Bobby Evans Jr,LAR,RT,65,2021
Deshazor Everett,WAS,SS,65,2021
Ben Powers,BAL,LG,65,2021
Andre Smith,BAL,RT,65,2021
Travis Homer,SEA,HB,65,2021
Demarcus Christmas,SEA,DT,65,2021
Carlos Watkins,HOU,LE,65,2021
Jalyn Holmes,MIN,LE,65,2021
Justin Skule,SF,LT,65,2021
Trevis Gipson,CHI,LOLB,65,2021
Joel Iyiegbuniwe,CHI,MLB,65,2021
Alex Redmond,CIN,RG,65,2021
Tyler Newsome,KC,P,65,2021
Bradlee Anae,DAL,LE,65,2021
Jesse Davis,MIA,RT,65,2021
Dakota Allen,JAX,LOLB,65,2021
Donovan Wilson,DAL,SS,65,2021
Derek Carrier,LV,TE,65,2021
Daniel Thomas,JAX,SS,65,2021
Siran Neal,BUF,SS,65,2021
Dontae Johnson,SF,CB,65,2021
Nick O'Leary,LV,TE,65,2021
Dane Jackson,BUF,CB,65,2021
Greg Dortch,LAR,WR,65,2021
Wes Martin,WAS,RG,65,2021
Tim Settle,WAS,DT,65,2021
D'Ernest Johnson,CLE,HB,65,2021
Alton Robinson,SEA,RE,65,2021
Senio Kelemete,HOU,LG,65,2021
D.J. Wonnum,MIN,RE,65,2021
Rakeem Nunez-Roches,TB,LE,64,2021
Stephen Anderson,LAC,TE,64,2021
Curtis Weaver,MIA,LOLB,64,2021
Austin Larkin,ATL,RE,64,2021
Dontavius Russell,JAX,DT,64,2021
Miles Killebrew,DET,ROLB,64,2021
David Edwards,LAR,LT,64,2021
Jaylinn Hawkins,ATL,SS,64,2021
Harrison Hand,MIN,CB,64,2021
Tyre Phillips,BAL,RG,64,2021
C.J. Goodwin,DAL,CB,64,2021
Neiko Thorpe,SEA,CB,64,2021
Juston Burris,CAR,SS,64,2021
Saeed Blacknall,PIT,WR,64,2021
Isaiah Buggs,PIT,RE,64,2021
Qadree Ollison,ATL,HB,64,2021
Ty Sambrailo,TEN,LT,64,2021
Dillon Mitchell,MIN,WR,64,2021
Spencer Long,BUF,RG,64,2021
Corey Thompson,BUF,ROLB,64,2021
Jonathan Woodard,BUF,RE,64,2021
Joel Heath,DEN,DT,64,2021
Gabe Nabers,LAC,FB,64,2021
Gerri Green,IND,LE,64,2021
Connor McGovern,DAL,RG,64,2021
Durham Smythe,MIA,TE,64,2021
Carter Coughlin,NYG,LOLB,64,2021
Michael Walker,JAX,WR,64,2021
Jason Cabinda,DET,MLB,64,2021
Jamal Davis II,GB,ROLB,64,2021
Ryan Izzo,NE,TE,64,2021
Justin Lawler,LAR,LOLB,64,2021
Doug Middleton,JAX,FS,64,2021
C.J. Reavis,ATL,FS,64,2021
Xavier Crawford,CHI,CB,64,2021
Dont'e Deayon,LAR,CB,64,2021
Tae Hayes,MIA,CB,64,2021
Duke Thomas,ARI,CB,64,2021
Logan Thomas,WAS,TE,64,2021
Tommylee Lewis,NO,WR,64,2021
Ricky Ortiz,NO,FB,64,2021
DeeJay Dallas,SEA,HB,64,2021
Trey Edmunds,PIT,HB,64,2021
Cody Hollister,TEN,WR,64,2021
Aviante Collins,MIN,LT,64,2021
Chris Thompson,SF,WR,64,2021
Josh Tupou,CIN,DT,64,2021
Dylan Cantrell,ARI,TE,64,2021
Emeke Egbule,LAC,LOLB,64,2021
Matt Barkley,BUF,QB,64,2021
Chris Peace,NYG,LOLB,64,2021
Daniel Brown,NYJ,TE,64,2021
Cameron Clark,NYJ,LG,64,2021
Reggie Ragland,DET,MLB,64,2021
Billy Turner,GB,RG,64,2021
Andrew Soroh,KC,SS,64,2021
Sean Chandler,NYG,FS,64,2021
Kenny Young,LAR,MLB,64,2021
Brian Allen,SEA,CB,64,2021
Ken Webster,MIA,CB,64,2021
Adonis Alexander,LAR,CB,64,2021
Tevaughn Campbell,LAC,CB,64,2021
Cameron Malveaux,WAS,LE,64,2021
Elijah McGuire,KC,HB,64,2021
Tyler Conklin,MIN,TE,64,2021
Kentavius Street,SF,DT,64,2021
Isaiah Hodgins,BUF,WR,64,2021
Mike Love,BUF,RE,64,2021
Tommy Sweeney,BUF,TE,64,2021
Justin Strnad,DEN,MLB,64,2021
Nick Harris,CLE,C,64,2021
Rashard Lawrence,ARI,RE,64,2021
K.J. Hill,LAC,WR,64,2021
Andre Patton,LAC,WR,64,2021
Gehrig Dieter,KC,WR,64,2021
Dezmon Patmon,IND,WR,64,2021
Austin Jackson,MIA,LT,64,2021
Taysom Hill,NO,QB,64,2021
Jeff Smith,NYJ,WR,64,2021
Tyler Larsen,CAR,C,64,2021
Austin Corbett,LAR,LG,64,2021
Kentrell Brice,CHI,SS,64,2021
Kindle Vildor,CHI,CB,64,2021
Kevin Peterson,ARI,CB,64,2021
A.J. Moore Jr,HOU,FS,64,2021
Lil'Jordan Humphrey,NO,WR,64,2021
Taquan Mizzell Sr,NO,HB,64,2021
Kerrith Whyte Jr,PIT,HB,64,2021
Dennis Kelly,TEN,RT,64,2021
Drew Forbes,CLE,LG,64,2021
Colby Gossett,CLE,RG,64,2021
Elliott Fry,TB,K,64,2021
Michael Danna,KC,RE,64,2021
Lucas Niang,KC,RT,64,2021
Brandon Powell,ATL,WR,64,2021
Brett Hundley,ARI,QB,64,2021
Matthew Peart,NYG,RT,64,2021
Shaquille Quarterman,JAX,MLB,64,2021
Hunter Bryant,DET,TE,64,2021
Kenny Wiggins,DET,LG,64,2021
Bravvion Roy,CAR,DT,64,2021
Brandon Parker,LV,LT,64,2021
Natrell Jamerson,CAR,SS,64,2021
Ben Bredeson,BAL,LG,64,2021
Armani Watts,KC,FS,64,2021
Darius Jackson,IND,HB,64,2021
Brandon Shell,SEA,RT,64,2021
Jordan Scarlett,CAR,HB,64,2021
Tony Brooks-James,MIN,HB,64,2021
James Lynch,MIN,DT,64,2021
Kenny Willekes,MIN,LE,64,2021
Jauan Jennings,SF,WR,63,2021
Alex Wesley,CHI,WR,63,2021
Mike Thomas,CIN,WR,63,2021
Pharaoh Brown,CLE,TE,63,2021
Khalil Davis,TB,LE,63,2021
Tyler Biadasz,DAL,C,63,2021
Michael Roberts,MIA,TE,63,2021
Shaun Bradley,PHI,LOLB,63,2021
Robert Davis,PHI,WR,63,2021
Anthony Rush,PHI,DT,63,2021
Christian Blake,ATL,WR,63,2021
Eric Tomlinson,NYG,TE,63,2021
Will Richardson Jr,JAX,RG,63,2021
Victor Bolden Jr,DET,WR,63,2021
Broderick Washington Jr,BAL,LE,63,2021
Arthur Maulet,NYJ,CB,63,2021
Isaiah Rodgers,IND,CB,63,2021
Javaris Davis,KC,CB,63,2021
Nate Brooks,MIA,CB,63,2021
Olasunkanmi Adeniyi,PIT,ROLB,63,2021
Azeez Al-Shaair,SF,ROLB,63,2021
Alex Barrett,SF,RE,63,2021
James Vaughters,CHI,LOLB,63,2021
Darryl Johnson Jr,BUF,LE,63,2021
Cortez Broughton,LAC,DT,63,2021
Jack Driscoll,PHI,RG,63,2021
Joe Ostman,PHI,LE,63,2021
Ben Bartch,JAX,LT,63,2021
Joshua Garnett,DET,RG,63,2021
Isaac Nauta,DET,TE,63,2021
Christian Sam,DET,MLB,63,2021
Ty Summers,GB,MLB,63,2021
Brandon Zylstra,CAR,WR,63,2021
Nsimba Webster,LAR,WR,63,2021
Patrick Mekari,BAL,C,63,2021
Kamren Curl,WAS,SS,63,2021
Jermaine Kelly Jr,SF,CB,63,2021
De'Vante Bausby,DEN,CB,63,2021
Chris Westry,DAL,CB,63,2021
Tim Harris,SF,CB,63,2021
Freddie Swain,SEA,WR,63,2021
D.J. Foster,ARI,HB,63,2021
Reggie Bonnafon,CAR,HB,63,2021
David Long Jr,TEN,MLB,63,2021
Kevin Givens,SF,DT,63,2021
J.P. Holtz,CHI,TE,63,2021
Brady Sheldon,CIN,ROLB,63,2021
Vosean Joseph,BUF,MLB,63,2021
T.J. Edwards,PHI,MLB,63,2021
Casey Toohill,PHI,RE,63,2021
RJ McIntosh,NYG,LE,63,2021
Mason Rudolph,PIT,QB,63,2021
Chase Daniel,DET,QB,63,2021
Jonah Jackson,DET,RG,63,2021
Marcus Allen,PIT,FS,63,2021
Andrew Wingard,JAX,SS,63,2021
Trey Marshall,DEN,SS,63,2021
Jordan Fuller,LAR,SS,63,2021
Ryan Neal,SEA,CB,63,2021
Carl Granderson,NO,LE,63,2021
Simeon Thomas,WAS,CB,63,2021
Jordan Brown,LV,CB,63,2021
Brandon Watson,JAX,CB,63,2021
Elijah Holyfield,PHI,HB,63,2021
Larrell Murchison,TEN,RE,63,2021
Rashod Hill,MIN,RT,63,2021
Markus Bailey,CIN,MLB,63,2021
Jason Moore,LAC,WR,63,2021
E.J. Speed,IND,LOLB,63,2021
Julie'n Davenport,MIA,LT,63,2021
Marcus Green,PHI,WR,63,2021
Devin Gray,ATL,WR,63,2021
Khari Lee,ATL,TE,63,2021
Jacob Eason,IND,QB,63,2021
Woodrow Hamilton,CAR,DT,63,2021
Denzelle Good,LV,RG,63,2021
Shalom Luani,HOU,SS,63,2021
Marcus Epps,PHI,FS,63,2021
Dallin Leavitt,LV,SS,63,2021
Charles Washington,ARI,FS,63,2021
Chance Warmack,SEA,LG,63,2021
Kevin Dotson,PIT,LG,63,2021
Tuzar Skipper,PIT,LOLB,63,2021
Jordan Chunn,DAL,HB,63,2021
Charlie Woerner,SF,TE,63,2021
Ben Braunecker,CHI,TE,63,2021
Mason Cole,ARI,C,63,2021
Jalen Guyton,LAC,WR,63,2021
Robert Windsor,IND,DT,63,2021
Justin Hamilton,DAL,DT,63,2021
Joe Jackson,DAL,RE,63,2021
Albert Huggins Jr,PHI,DT,63,2021
Prince Tega Wanogho,PHI,LT,63,2021
Will Grier,CAR,QB,63,2021
Oday Aboushi,DET,RG,63,2021
DeAndrew White,CAR,WR,63,2021
Byron Cowart,NE,DT,63,2021
Jordan Brailford,WAS,LE,63,2021
Trayvon Henderson,CIN,SS,63,2021
James Smith-Williams,WAS,RE,63,2021
Duke Shelley,CHI,CB,63,2021
Davion Davis,MIN,WR,63,2021
Evan Boehm,BUF,C,62,2021
Jack Cichy,TB,MLB,62,2021
PJ Johnson,LAC,DT,62,2021
Trey Pipkins III,LAC,LT,62,2021
Demone Harris,KC,LE,62,2021
Alex Singleton,PHI,MLB,62,2021
Logan Stenberg,DET,LG,62,2021
Omar Bayless,CAR,WR,62,2021
Deiondre' Hall,TB,SS,62,2021
Saquan Hampton,NO,FS,62,2021
Jamarco Jones,SEA,LT,62,2021
Tony McRae,DET,CB,62,2021
Deante Burton,DAL,CB,62,2021
Ulysees Gilbert III,PIT,MLB,62,2021
Bennett Jackson,NYJ,FS,62,2021
Joey Ivie,TEN,LE,62,2021
Daniel Brunskill,SF,RT,62,2021
Reggie Davis,CHI,WR,62,2021
Jesper Horsted,CHI,TE,62,2021
John Franklin III,TB,WR,62,2021
Joe Haeg,TB,RT,62,2021
Jordan Glasgow,IND,ROLB,62,2021
Xavier Grimble,IND,TE,62,2021
Skai Moore,IND,MLB,62,2021
Austin Edwards,ATL,LE,62,2021
Keith Smith,ATL,FB,62,2021
Joshua Dobbs,JAX,QB,62,2021
Easton Stick,LAC,QB,62,2021
Tyler Shatley,JAX,LG,62,2021
Brian Hoyer,NE,QB,62,2021
Kevin Strong,DET,DT,62,2021
Chris Board,BAL,MLB,62,2021
Saahdiq Charles,WAS,LT,62,2021
J.T. Gray,NO,SS,62,2021
Cornell Armstrong,HOU,CB,62,2021
Parnell Motley,TB,CB,62,2021
Craig James,PHI,CB,62,2021
Deatrick Nichols,NO,CB,62,2021
Quadree Henderson,PIT,WR,62,2021
Jamil Douglas,TEN,RG,62,2021
Jon Hilliman,NYG,HB,62,2021
Joe Jones,DEN,MLB,62,2021
Pat O'Connor,TB,RE,62,2021
Martinas Rankin,KC,RT,62,2021
Tevin Jones,DAL,WR,62,2021
Trent Harris,MIA,LOLB,62,2021
Jake Fromm,BUF,QB,62,2021
Andre Smith,CAR,MLB,62,2021
Quincy Adeboyejo,NE,WR,62,2021
Michael Onwenu,NE,RG,62,2021
Dustin Woodard,NE,C,62,2021
Kendall Donnerson,LV,ROLB,62,2021
Hale Hentges,WAS,TE,62,2021
Thaddeus Moss,WAS,TE,62,2021
Garrett Griffin,NO,TE,62,2021
Donnie Lewis Jr,CLE,CB,62,2021
Antonio Hamilton,KC,CB,62,2021
Kris Boyd,MIN,CB,62,2021
Shakial Taylor,DEN,CB,62,2021
Danny Johnson,WAS,CB,62,2021
Raymond Calais,TB,HB,62,2021
Daniel Ekuale,CLE,DT,62,2021
Jordan Leggett,TB,TE,62,2021
Darrell Daniels,ARI,TE,62,2021
Blake Bell,DAL,TE,62,2021
Da'Mari Scott,NYG,WR,62,2021
Frank Herron,DET,LE,62,2021
John Penisini,DET,DT,62,2021
Tashawn Bower,NE,LOLB,62,2021
Ross Pierschbacher,WAS,C,62,2021
Brian Cole II,MIN,SS,62,2021
Chris Milton,TEN,CB,62,2021
Devine Ozigbo,JAX,HB,62,2021
DaMarkus Lodge,CIN,WR,62,2021
Malik Carney,DEN,ROLB,62,2021
Eli Ankou,CLE,DT,62,2021
Ryan Groy,LAC,C,62,2021
Cole Hikutini,DAL,TE,62,2021
Edmond Robinson,ATL,LOLB,62,2021
Blaine Gabbert,TB,QB,62,2021
Jamal Agnew,DET,WR,62,2021
Kamal Martin,GB,MLB,62,2021
Robert Tonyan,GB,TE,62,2021
Gerald Willis III,GB,RE,62,2021
Otaro Alaka,BAL,MLB,62,2021
C.J. Moore,DET,FS,62,2021
BoPete Keyes,KC,CB,62,2021
Quenton Meeks,LAC,CB,62,2021
Will Redmond,GB,FS,62,2021
Donald Parham,LAC,TE,61,2021
Devante Downs,NYG,MLB,61,2021
Shane Lemieux,NYG,LG,61,2021
Chris Slayton,NYG,LE,61,2021
Jarrett Stidham,NE,QB,61,2021
Jonathan Garvin,GB,ROLB,61,2021
Jordan Devey,LV,C,61,2021
Jacob Breeland,BAL,TE,61,2021
Jamal Carter,ATL,SS,61,2021
Jake Gervase,LAR,FS,61,2021
Nigel Warrior,BAL,SS,61,2021
Stephen Denmark,CHI,CB,61,2021
Montre Hartage,NYG,FS,61,2021
Brandon Wilson,CIN,FS,61,2021
Hercules Mata'afa,MIN,DT,61,2021
Jonathan Harris,DEN,LE,61,2021
Quinton Bell,TB,LE,61,2021
Tanner Hudson,TB,TE,61,2021
Jaeden Graham,ATL,TE,61,2021
Jeff Driskel,DEN,QB,61,2021
Curtis Bolton,GB,MLB,61,2021
Cole Wick,NO,TE,61,2021
Alexander Hollins,MIN,WR,61,2021
Olisaemeka Udoh,MIN,RT,61,2021
Colton McKivitz,SF,RG,61,2021
Evan Weaver,ARI,MLB,61,2021
Devaroe Lawrence,KC,DT,61,2021
Artavis Scott,IND,WR,61,2021
Jalen Jelks,DAL,LE,61,2021
Brian Price,JAX,DT,61,2021
A.J. McCarron,HOU,QB,61,2021
Jared Norris,WAS,MLB,61,2021
Branden Jackson,SEA,DT,61,2021
Cedric Ogbuehi,SEA,RT,61,2021
Carlos Davis,PIT,LE,61,2021
Vernon Scott,GB,FS,61,2021
Nick Dzubnar,TEN,MLB,61,2021
Cale Garrett,TEN,MLB,61,2021
Andrew Beck,DEN,TE,61,2021
Stephen Carlson,CLE,TE,61,2021
Danny Pinter,IND,RG,61,2021
Tae Crowder,NYG,MLB,61,2021
Colt McCoy,NYG,QB,61,2021
Tipa Galeai,GB,LOLB,61,2021
Tyler Marz,CAR,RT,61,2021
Joey Hunt,SEA,C,61,2021
Josiah Coatney,PIT,RE,61,2021
Nick Scott,LAR,FS,61,2021
Keisean Nixon,LV,CB,61,2021
Chris Jackson,TEN,CB,61,2021
Stantley Thomas-Oliver III,CAR,CB,61,2021
Steven Mitchell Jr,HOU,WR,61,2021
Brent Qvale,HOU,LT,61,2021
Abdullah Anderson,CHI,RE,61,2021
Michael Jordan,CIN,LG,61,2021
Antony Auclair,TB,TE,61,2021
Joe Gaziano,LAC,RE,61,2021
Deon Yelder,KC,TE,61,2021
Tyler Davis,JAX,TE,61,2021
Hjalte Froholdt,NE,LG,61,2021
Anthony Ratliff-Williams,LV,WR,61,2021
Marquise Copeland,LAR,LE,61,2021
Keith Ismael,WAS,C,61,2021
Roderick Johnson,HOU,RT,61,2021
Arrion Springs,PIT,CB,61,2021
Rashard Davis,TEN,WR,61,2021
Jessie Lemonier,LAC,RE,60,2021
Ishmael Hyman,CAR,WR,60,2021
Yodny Cajuste,NE,LT,60,2021
Emmanuel Ellerbee,SEA,ROLB,60,2021
Stephen Sullivan,SEA,WR,60,2021
Chris Cooper,ATL,FS,60,2021
Rodney Clemons,KC,SS,60,2021
Raven Greene,GB,SS,60,2021
Stanford Samuels III,GB,CB,60,2021
Mazzi Wilkins,TB,CB,60,2021
Chris Claybrooks,JAX,CB,60,2021
Mark Fields,MIN,CB,60,2021
Tavierre Thomas,CLE,CB,60,2021
Dakota Dozier,MIN,LG,60,2021
Isaiah Prince,CIN,RT,60,2021
Josh Watson,DEN,MLB,60,2021
Kahzin Daniels,TB,LOLB,60,2021
Noah Dawkins,TB,MLB,60,2021
Jacob Tuioti-Mariner,ATL,DT,60,2021
Cam Brown,NYG,MLB,60,2021
Jon Runyan,GB,LG,60,2021
DaVonte Lambert,CAR,DT,60,2021
Brandon King,NE,ROLB,60,2021
Jeremy Vujnovich,WAS,RG,60,2021
Patrick Omameh,NO,RG,60,2021
Calvin Throckmorton,NO,RG,60,2021
Chad Wheeler,SEA,RT,60,2021
Robert Spillane,PIT,MLB,60,2021
Marc-Antoine Dequoy,GB,CB,60,2021
Chris Williamson,NYG,CB,60,2021
Patrick Morris,DEN,C,60,2021
Sam Tevi,LAC,RT,60,2021
Luke Gifford,DAL,MLB,60,2021
Danny Isidora,MIA,RG,60,2021
Solomon Kindley,MIA,LG,60,2021
Bruce Hector,PHI,DT,60,2021
Josh Andrews,NYJ,LG,60,2021
James Morgan,NYJ,QB,60,2021
Charlie Heck,HOU,LT,60,2021
DeAndre Houston-Carson,CHI,FS,60,2021
Joshua Kalu,TEN,FS,60,2021
Alex Brown,KC,CB,60,2021
Jalen Davis,ARI,CB,60,2021
Dalyn Dawkins,TEN,HB,60,2021
Jordan Franks,CIN,TE,60,2021
Kyle Peko,DEN,DT,60,2021
Matt Lengel,IND,TE,60,2021
Ahmad Thomas,ATL,MLB,60,2021
Charles Jones,JAX,TE,60,2021
Cole McDonald,TEN,QB,60,2021
Elijah Wellman,GB,FB,60,2021
Cassh Maluia,NE,MLB,60,2021
Gunner Olszewski,NE,WR,60,2021
Caleb Wilson,WAS,TE,60,2021
Davin Bellamy,HOU,ROLB,60,2021
Hakeem Adeniji,CIN,RG,60,2021
Mason Schreck,CIN,TE,60,2021
Tyrie Cleveland,DEN,WR,60,2021
Nasir Player,TB,ROLB,60,2021
Jashon Cornell,DET,DT,60,2021
Johnny Mundt,LAR,TE,60,2021
Chauncey Rivers,BAL,LOLB,60,2021
Greg Mancz,HOU,C,60,2021
Donovan Olumba,CLE,CB,60,2021
Bruce Anderson,IND,HB,60,2021
Craig Reynolds,ATL,HB,60,2021
Kyle Hinton,MIN,LG,60,2021
Jason Spriggs,CHI,RT,59,2021
Freedom Akinmoladun,CIN,DT,59,2021
Anthony Fabiano,TB,LG,59,2021
Wyatt Ray,NYJ,LOLB,59,2021
Chris Reed,CAR,C,59,2021
Matt Schaub,ATL,QB,59,2021
Tremayne Anchrum Jr,LAR,RG,59,2021
Will Holden,BAL,RT,59,2021
Will Clapp,NO,C,59,2021
Ethan Pocic,SEA,C,59,2021
Lafayette Pitts,IND,CB,59,2021
Shon Coleman,SF,LT,59,2021
Rashaad Coward,CHI,RT,59,2021
Cody Wichmann,DAL,LG,59,2021
Shaq Calhoun,MIA,RG,59,2021
Chad Henne,KC,QB,59,2021
Ukeme Eligwe,LV,MLB,59,2021
Cornelius Lucas III,WAS,LT,59,2021
Bryan Mone,SEA,DT,59,2021
Zach Banner,PIT,RT,59,2021
Kareem Orr,TEN,CB,59,2021
Breon Borders,PIT,CB,59,2021
Jace Whittaker,ARI,CB,59,2021
Moritz Boehringer,CIN,TE,59,2021
Derrek Tuszka,DEN,LOLB,59,2021
Chapelle Russell,TB,MLB,59,2021
Adam Redmond,DAL,LG,59,2021
Ahmad Gooden,NYJ,ROLB,59,2021
Jake Hanson,GB,C,59,2021
David Fales,NYJ,QB,59,2021
Calvin Taylor,PIT,RE,59,2021
Nigel Harris,TEN,MLB,59,2021
Chris Lammons,KC,CB,59,2021
Cole Luke,CAR,CB,59,2021
D.J. Killings,LV,CB,59,2021
Kofi Amichia,SF,LG,59,2021
Max Garcia,ARI,RG,59,2021
Matt Pryor,PHI,LG,59,2021
Jake Luton,JAX,QB,59,2021
Lucas Patrick,GB,RG,59,2021
Simon Stepaniak,GB,RG,59,2021
Natrez Patrick,LAR,LOLB,59,2021
Kaden Elliss,NO,MLB,59,2021
Peter Kalambayi,HOU,MLB,59,2021
Ryan Nall,CHI,HB,59,2021
Brandon Dillon,MIN,TE,59,2021
Willie Harvey,CLE,MLB,59,2021
JoJo Natson,CLE,WR,59,2021
Cole Christiansen,LAC,MLB,59,2021
Nick Allegretti,KC,C,59,2021
John Wetzel,ATL,LT,59,2021
B.J. Bello,NYJ,MLB,59,2021
James Looney,GB,TE,59,2021
P.J. Walker,CAR,QB,59,2021
Jeremiah Valoaga,LV,DT,59,2021
Sam Young,LV,LT,59,2021
Tyrell Adams,HOU,MLB,59,2021
Matt Dickerson,TEN,DT,59,2021
Rolan Milligan,IND,SS,59,2021
Robert Jackson,CLE,CB,59,2021
Corey Levin,CHI,C,58,2021
Lachavious Simmons,CHI,RG,58,2021
Montrel Meander,CLE,ROLB,58,2021
Jordan Mailata,PHI,RT,58,2021
David Sharpe,LV,RT,58,2021
Jamil Demby,LAR,LG,58,2021
Clay Johnston,LAR,MLB,58,2021
Jason Vander Laan,NO,TE,58,2021
David Quessenberry,TEN,LT,58,2021
Linden Stephens,SEA,CB,58,2021
Senorise Perry,TEN,HB,58,2021
Dennis Gardeck,ARI,MLB,58,2021
Josiah Tauaefa,NYG,MLB,58,2021
Beau Benzschawel,DET,C,58,2021
Evan Baylis,GB,TE,58,2021
Travin Howard,LAR,MLB,58,2021
Blake Brandel,MIN,RG,58,2021
Buddy Howell,HOU,HB,58,2021
Austin Fort,DEN,TE,58,2021
Brandon Knight,DAL,RT,58,2021
Jermaine Eluemunor,NE,LG,58,2021
Devlin Hodges,PIT,QB,58,2021
Jordan Williams,TEN,ROLB,58,2021
Saivion Smith,DAL,CB,58,2021
Arlington Hambright,CHI,LT,58,2021
Parker Houston,ARI,TE,58,2021
Sam Jones,ARI,LG,58,2021
John Atkins,DET,DT,58,2021
Mike Glennon,JAX,QB,58,2021
Jordan Ta'Amu,KC,QB,58,2021
Zach Gentry,PIT,TE,58,2021
Donte Vaughn,LAC,CB,58,2021
Justin Herron,NE,LT,58,2021
Tyler Huntley,BAL,QB,58,2021
R.J. Prince,BAL,RT,58,2021
Krishawn Hogan,NO,WR,58,2021
Elijah Nkansah,HOU,RT,58,2021
Alijah Holder,DEN,FS,58,2021
Sua Opeta,PHI,LG,57,2021
Sean Harlow,ATL,RG,57,2021
Carson Meier,ATL,TE,57,2021
Tim Boyle,GB,QB,57,2021
Chandler Brewer,LAR,RG,57,2021
Jordan Simmons,SEA,RG,57,2021
Jarron Jones,PIT,LT,57,2021
Koda Martin,LAC,RG,57,2021
Greg Senat,KC,LT,57,2021
T.J. Brunson,NYG,MLB,57,2021
Garrett Dickerson,NYG,TE,57,2021
Chris Orr,CAR,MLB,57,2021
Ben DiNucci,DAL,QB,57,2021
Jeremiah Kolone,LAR,RG,57,2021
Derwin Gray,PIT,LT,57,2021
Darryl Williams,KC,C,57,2021
Christian Rozeboom,LAR,MLB,57,2021
Cameron Tom,NO,C,57,2021
Avery Gennesy,TEN,LG,57,2021
Quin Blanding,CAR,SS,57,2021
Kenneth Durden,TEN,CB,57,2021
Daniel Helm,SF,TE,57,2021
Vontarrius Dora,ARI,ROLB,57,2021
Alex Ellis,PHI,TE,57,2021
Nate Sudfeld,PHI,QB,57,2021
Chris Jones,ARI,CB,57,2021
Kendall Blanton,LAR,TE,57,2021
Chad Kelly,IND,QB,57,2021
Alex Bars,CHI,LG,56,2021
Le'Raven Clark,IND,LT,56,2021
Mitch Hyatt,DAL,LT,56,2021
Nick Gates,NYG,RG,56,2021
Brad Lundblade,NYJ,RG,56,2021
Juwann Bushell-Beatty,CAR,LT,56,2021
Jake Brendel,SF,C,56,2021
Austin Schlottmann,DEN,C,56,2021
Zack Bailey,TB,LG,56,2021
Joshua Miles,ARI,LT,56,2021
Yasir Durant,KC,LT,56,2021
Javon Patterson,IND,C,56,2021
Geno Smith,SEA,QB,56,2021
David Blough,DET,QB,56,2021
Kyle Lauletta,PHI,QB,56,2021
Ryan Bates,BUF,LT,56,2021
Cohl Cabral,LAR,C,56,2021
Paxton Lynch,PIT,QB,56,2021
Jordan Roos,SEA,RG,56,2021
Josh Woods,CHI,MLB,56,2021
Mark McLaurin Jr,NYG,MLB,56,2021
Yosuah Nijman,GB,LT,56,2021
Temarrick Hemingway,CAR,TE,56,2021
Daniel Bituli,LAR,MLB,56,2021
C.J. Beathard,SF,QB,56,2021
Kyle Murphy,HOU,RT,56,2021
Korey Cunningham,NE,RT,56,2021
Trystan Colon-Castillo,BAL,C,56,2021
Brad Seaton,TB,RT,55,2021
Steven Gonzalez,ARI,LG,55,2021
Adam Pankey,MIA,LG,55,2021
Malcolm Perry,MIA,WR,55,2021
Conor McDermott,NYJ,LT,55,2021
Anthony Gordon,SEA,QB,55,2021
Kurt Benkert,ATL,QB,55,2021
Rick Leonard,HOU,RT,55,2021
John Molchon,TB,RG,55,2021
Storm Norton,LAC,RT,55,2021
Andrew Vollert,LAC,TE,55,2021
Ryan Hunter,KC,RG,55,2021
Rico Gafford,LV,WR,55,2021
Ethan Wolf,LAR,TE,55,2021
Charley Hughlett,CLE,TE,55,2021
Jake Eldrenkamp,IND,LG,55,2021
Keaton Sutherland,MIA,C,55,2021
Ryan Pope,JAX,LT,55,2021
Ryan Finley,CIN,QB,55,2021
Ethan Greenidge,NO,RT,55,2021
Jeremy Reaves,WAS,FS,55,2021
Emmanuel Smith,KC,MLB,55,2021
Matt Gono,ATL,LG,55,2021
Brett Rypien,DEN,QB,55,2021
Christian DiLauro,PIT,RG,55,2021
Calvin Anderson,DEN,LT,55,2021
Andrew Donnal,IND,RT,55,2021
Tyler Gauthier,JAX,C,55,2021
James Murray,NYJ,C,55,2021
John Wolford,LAR,QB,55,2021
Fred Johnson,CIN,RG,54,2021
Victor Salako,BUF,LG,54,2021
Trace McSorley,BAL,QB,54,2021
Kyle Fuller,SEA,C,54,2021
Jackson Barton,KC,LT,54,2021
Dan Skipper,DET,RT,54,2021
Branden Bowen,CAR,RT,54,2021
Daishawn Dixon,BAL,LG,54,2021
Jake Dolegala,CIN,QB,54,2021
Ryan Griffin,TB,QB,54,2021
Aaron Brewer,TEN,C,54,2021
Leonard Wester,SF,RT,54,2021
Ezekiel Turner,ARI,MLB,54,2021
Cole Toner,LAC,C,54,2021
Frederick Mauigoa,CAR,C,54,2021
Brian Lewerke,NE,QB,54,2021
Daniel Munyer,TEN,C,54,2021
O'Shea Dugas,CIN,LT,54,2021
KC McDermott,JAX,RG,54,2021
John Leglue,GB,LT,54,2021
Nate Trewyn,LAR,C,54,2021
Trent Scott,LAC,LT,54,2021
Tommy Stevens,NO,QB,54,2021
Sean Mannion,MIN,QB,54,2021
Clayton Thorson,DAL,QB,54,2021
Andre James,LV,C,53,2021
Paul Adams,WAS,LT,53,2021
Jake Browning,MIN,QB,53,2021
Alex McGough,HOU,QB,53,2021
Aaron Stinnie,TB,C,53,2021
Isaac Whitney,HOU,WR,53,2021
Chad Slade,NYG,LT,53,2021
Eric Smith,NYG,LT,53,2021
Garrett McGhin,BUF,RT,53,2021
Brett Toth,ARI,RT,53,2021
Tyree St. Louis,LAC,RT,53,2021
Nate Stanley,MIN,QB,53,2021
Zac Kerin,TEN,RG,53,2021
Jaryd Jones-Smith,SF,RT,53,2021
Jake Rodgers,DEN,RT,53,2021
Chaz Green,IND,RT,53,2021
Davis Webb,BUF,QB,53,2021
Ben Braden,NYJ,LG,52,2021
Alex Light,GB,RT,52,2021
Cooper Rush,NYG,QB,52,2021
Sam Mustipher,CHI,C,52,2021
Najee Toran,NE,RG,52,2021
Timon Parris,WAS,RT,52,2021
J.C. Hassenauer,PIT,C,52,2021
Josh Love,LAR,QB,52,2021
Bryce Perkins,LAR,QB,52,2021
Nate Herbig,PHI,C,51,2021
David Steinmetz,HOU,LT,51,2021
Nathan Peterman,LV,QB,51,2021
Evan Brown,CLE,C,51,2021
Ike Boettger,BUF,LG,51,2021
Alex Taylor,CLE,RT,51,2021
Cole Madison,GB,C,51,2021
Kahlil McKenzie,SEA,RG,51,2021
Dino Boyd,CHI,LT,51,2021
Ryan Roberts,LAC,RT,50,2021
Coleman Shelton,LAR,C,50,2021
J.T. Barrett IV,PIT,QB,50,2021
Nico Falah,DEN,C,50,2021
Nick Sundberg,WAS,C,49,2021
Jake Rudock,MIA,QB,49,2021
Alex Tanney,NYG,QB,48,2021
Danny Etling,ATL,QB,48,2021
Garrett Gilbert,CLE,QB,48,2021
Tyler Bray,CHI,QB,47,2021
Logan Woodside,TEN,QB,47,2021
Don Muhlbach,DET,TE,47,2021
Clark Harris,CIN,TE,44,2021
Josh Harris,ATL,TE,43,2021
J.J. Jansen,CAR,TE,38,2021
L.P. LaDouceur,DAL,TE,37,2021
Nick Moore,BAL,TE,36,2021
Tyler Ott,SEA,TE,36,2021
Reid Ferguson,BUF,TE,35,2021
Jake McQuaide,LAR,TE,35,2021
Beau Brinkley,TEN,TE,35,2021
Casey Kreiter,NYG,TE,33,2021
Kyle Nelson,SF,TE,32,2021
Aaron Brewer,ARI,TE,32,2021
Thomas Hennessy,NYJ,TE,31,2021
James Winchester,KC,TE,31,2021
Patrick Scales,CHI,TE,30,2021
Rick Lovato,PHI,TE,30,2021
Jacob Bobenmoyer,DEN,TE,28,2021
Morgan Cox,BAL,TE,28,2021
Jon Weeks,HOU,TE,28,2021
Hunter Bradley,GB,TE,28,2021
Blake Ferguson,MIA,TE,27,2021
Cole Mazza,LAC,TE,27,2021
Austin Cutting,MIN,TE,26,2021
Joe Cardona,NE,TE,26,2021
Zach Wood,NO,TE,26,2021
Kameron Canaday,PIT,TE,26,2021
Matt Orzech,JAX,TE,25,2021
Luke Rhodes,IND,TE,24,2021
Trent Sieg,LV,TE,24,2021
Zach Triner,TB,TE,23,2021
Davante Adams,GB,WR,99,2022
Patrick Mahomes,KC,QB,99,2022
Travis Kelce,KC,TE,99,2022
Aaron Donald,LAR,RE,99,2022
Jalen LARey,LAR,CB,99,2022
DeAndre Hopkins,ARI,WR,98,2022
Myles Garrett,CLE,RE,98,2022
Zack Martin,DAL,RG,98,2022
Tyreek Hill,KC,WR,98,2022
Stefon Diggs,BUF,WR,97,2022
Christian McCaffrey,CAR,HB,97,2022
Stephon Gilmore,NE,CB,97,2022
Tom Brady,TB,QB,97,2022
Khalil Mack,CHI,LOLB,96,2022
Nick Chubb,CLE,HB,96,2022
Aaron Rodgers,GB,QB,96,2022
David Bakhtiari,GB,LT,96,2022
George Kittle,SF,TE,96,2022
Derrick Henry,TEN,HB,96,2022
Jaire Alexander,GB,CB,95,2022
Quenton Nelson,IND,LG,95,2022
Tyrann Mathieu,KC,SS,95,2022
Dalvin Cook,MIN,HB,95,2022
Terron Armstead,NO,LT,95,2022
Julio Jones,TEN,WR,95,2022
Chandler Jones,ARI,LOLB,94,2022
J.J. Watt,ARI,LE,94,2022
Alvin Kamara,NO,HB,94,2022
Michael Thomas,NO,WR,94,2022
Fletcher Cox,PHI,DT,94,2022
T.J. Watt,PIT,LOLB,94,2022
Fred Warner,SF,MLB,94,2022
Trent Williams,SF,LT,94,2022
Russell Wilson,SEA,QB,94,2022
Budda Baker,ARI,SS,93,2022
Ronnie Stanley,BAL,LT,93,2022
Tre'Davious White,BUF,CB,93,2022
Von Miller,DEN,LOLB,93,2022
Darren Waller,LV,TE,93,2022
Keenan Allen,LAC,WR,93,2022
Cameron Jordan,NO,LE,93,2022
Lavonte David,TB,MLB,93,2022
Rodney Hudson,ARI,C,92,2022
Marlon Humphrey,BAL,CB,92,2022
Amari Cooper,DAL,WR,92,2022
DeForest Buckner,IND,DT,92,2022
Chris Jones,KC,DT,92,2022
Joey Bosa,LAC,LOLB,92,2022
Devin McCourty,NE,FS,92,2022
Brandon Brooks,PHI,RG,92,2022
Cameron Heyward,PIT,RE,92,2022
Bobby Wagner,SEA,MLB,92,2022
Lamar Jackson,BAL,QB,91,2022
Jessie Bates III,CIN,FS,91,2022
Tyron Smith,DAL,LT,91,2022
Justin Simmons,DEN,FS,91,2022
Aaron Jones,GB,HB,91,2022
Xavien Howard,MIA,CB,91,2022
Michael Pierce,MIN,DT,91,2022
Demario Davis,NO,MLB,91,2022
Jason Kelce,PHI,C,91,2022
Mike Evans,TB,WR,91,2022
Calais Campbell,BAL,RE,90,2022
Allen Robinson II,CHI,WR,90,2022
Deshaun Watson,HOU,QB,90,2022
Eric Kendricks,MIN,MLB,90,2022
Harrison Smith,MIN,SS,90,2022
James Bradberry IV,NYG,CB,90,2022
Saquon Barkley,NYG,HB,90,2022
Nick Bosa,SF,RE,90,2022
Jamal Adams,SEA,SS,90,2022
Ali Marpet,TB,LG,90,2022
Eddie Jackson,CHI,FS,89,2022
Denzel Ward,CLE,CB,89,2022
Odell Beckham Jr,CLE,WR,89,2022
Wyatt Teller,CLE,RG,89,2022
Adrian Amos,GB,SS,89,2022
Kenny Clark,GB,DT,89,2022
Za'Darius Smith,GB,LOLB,89,2022
Laremy Tunsil,HOU,LT,89,2022
Darius Leonard,IND,LOLB,89,2022
Josh Jacobs,LV,HB,89,2022
Richie Incognito,LV,LG,89,2022
Danielle Hunter,MIN,LE,89,2022
Ryan Ramczyk,NO,RT,89,2022
Minkah Fitzpatrick,PIT,FS,89,2022
Stephon Tuitt,PIT,LE,89,2022
D.K. Metcalf,SEA,WR,89,2022
Ryan Jensen,TB,C,89,2022
Tristan Wirfs,TB,RT,89,2022
Kendall Fuller,WAS,CB,89,2022
Terry McLaurin,WAS,WR,89,2022
Calvin Ridley,ATL,WR,88,2022
Grady Jarrett,ATL,RE,88,2022
Marcus Peters,BAL,CB,88,2022
Mark Andrews,BAL,TE,88,2022
Josh Allen,BUF,QB,88,2022
Micah Hyde,BUF,FS,88,2022
Akiem Hicks,CHI,LE,88,2022
Roquan Smith,CHI,MLB,88,2022
Joe Mixon,CIN,HB,88,2022
Joel Bitonio,CLE,LG,88,2022
Ezekiel Elliott,DAL,HB,88,2022
Frank Ragnow,DET,C,88,2022
Corey Linsley,LAC,C,88,2022
Derwin James Jr,LAC,SS,88,2022
Byron Jones,MIA,CB,88,2022
Adam Thielen,MIN,WR,88,2022
Darius Slay Jr,PHI,CB,88,2022
Lane Johnson,PHI,RT,88,2022
Tyler Lockett,SEA,WR,88,2022
Shaquil Barrett,TB,LOLB,88,2022
Vita Vea,TB,DT,88,2022
Kevin Byard,TEN,FS,88,2022
Jonathan Allen,WAS,DT,88,2022
Justin Tucker,BAL,K,87,2022
Jordan Poyer,BUF,SS,87,2022
Brian Burns,CAR,LE,87,2022
Robby Anderson,CAR,WR,87,2022
Kareem Hunt,CLE,HB,87,2022
Dak Prescott,DAL,QB,87,2022
DeMarcus Lawrence,DAL,LE,87,2022
La'el Collins,DAL,RT,87,2022
Kyle Fuller,DEN,CB,87,2022
Ryan Kelly,IND,C,87,2022
Bryan Bulaga,LAC,RT,87,2022
Chris Harris Jr,LAC,CB,87,2022
Robert Woods,LAR,WR,87,2022
Justin Jefferson,MIN,WR,87,2022
Dont'a Hightower,NE,MLB,87,2022
Hunter Henry,NE,TE,87,2022
Marshon Lattimore,NO,CB,87,2022
Kyle Juszczyk,SF,FB,87,2022
Chris Carson,SEA,HB,87,2022
Chris Godwin,TB,WR,87,2022
Ryan Tannehill,TEN,QB,87,2022
Brandon Scherff,WAS,RG,87,2022
Da'Ron Payne,WAS,DT,87,2022
Deion Jones,ATL,MLB,86,2022
Cole Beasley,BUF,WR,86,2022
Austin Hooper,CLE,TE,86,2022
John Johnson III,CLE,SS,86,2022
Bryce Callahan,DEN,CB,86,2022
Kareem Jackson,DEN,SS,86,2022
Elgton Jenkins,GB,LG,86,2022
James Robinson,JAX,HB,86,2022
Myles Jack,JAX,MLB,86,2022
Casey Hayward Jr,LV,CB,86,2022
Andrew Whitworth,LAR,LT,86,2022
Cooper Kupp,LAR,WR,86,2022
Johnny Hekker,LAR,P,86,2022
Shaq Mason,NE,RG,86,2022
Trent Brown,NE,RT,86,2022
Quinnen Williams,NYJ,DT,86,2022
Alex Mack,SF,C,86,2022
Raheem Mostert,SF,HB,86,2022
Antonio Brown,TB,WR,86,2022
Rob Gronkowski,TB,TE,86,2022
A.J. Brown,TEN,WR,86,2022
Chase Young,WAS,RE,86,2022
Matthew Ioannidis,WAS,DT,86,2022
William Jackson III,WAS,CB,86,2022
Matt Ryan,ATL,QB,85,2022
Brandon Williams,BAL,DT,85,2022
Taylor Moton,CAR,RT,85,2022
Tyler Boyd,CIN,WR,85,2022
Bradley Chubb,DEN,ROLB,85,2022
Melvin Gordon III,DEN,HB,85,2022
T.J. Hockenson,DET,TE,85,2022
Brandin Cooks,HOU,WR,85,2022
Shaquill Griffin,JAX,CB,85,2022
Austin Ekeler,LAC,HB,85,2022
Jason Sanders,MIA,K,85,2022
Mike Gesicki,MIA,TE,85,2022
Will Fuller V,MIA,WR,85,2022
David Andrews,NE,C,85,2022
JC Jackson,NE,CB,85,2022
Kenny Golladay,NYG,WR,85,2022
Marcus Maye,NYJ,SS,85,2022
Brandon Graham,PHI,LE,85,2022
Devin White,TB,MLB,85,2022
Ndamukong Suh,TB,RE,85,2022
Brett Kern,TEN,P,85,2022
Rodger Saffold III,TEN,LG,85,2022
Taylor Lewan,TEN,LT,85,2022
Sam Koch,BAL,P,84,2022
D.J. Moore,CAR,WR,84,2022
Baker Mayfield,CLE,QB,84,2022
Jadeveon Clowney,CLE,LE,84,2022
Jarvis Landry,CLE,WR,84,2022
JC Tretter,CLE,C,84,2022
Garett Bolles,DEN,LT,84,2022
Bradley Roby,HOU,CB,84,2022
Braden Smith,IND,RT,84,2022
Kenny Moore II,IND,CB,84,2022
Marlon Mack,IND,HB,84,2022
Brandon Linder,JAX,C,84,2022
Clyde Edwards-Helaire,KC,HB,84,2022
Harrison Butker,KC,K,84,2022
Joe Thuney,KC,LG,84,2022
Jared Cook,LAC,TE,84,2022
Linval Joseph,LAC,DT,84,2022
Darious Williams,LAR,CB,84,2022
DeVante Parker,MIA,WR,84,2022
C.J. Gardner-Johnson,NO,SS,84,2022
Marcus Williams,NO,FS,84,2022
Leonard Williams,NYG,RE,84,2022
C.J. Mosley,NYJ,MLB,84,2022
Dallas Goedert,PHI,TE,84,2022
JuJu Smith-Schuster,PIT,WR,84,2022
Arik Armstead,SF,LE,84,2022
Jason Verrett,SF,CB,84,2022
Jimmie Ward,SF,FS,84,2022
Jason Pierre-Paul,TB,ROLB,84,2022
Rashaan Evans,TEN,MLB,84,2022
Kevin Zeitler,BAL,RG,83,2022
Emmanuel Sanders,BUF,WR,83,2022
Jerry Hughes,BUF,RE,83,2022
Tremaine Edmunds,BUF,MLB,83,2022
A.J. Bouye,CAR,CB,83,2022
Noah Fant,DEN,TE,83,2022
Desmond King II,HOU,CB,83,2022
Justin Reid,HOU,FS,83,2022
Phillip Lindsay,HOU,HB,83,2022
Grover Stewart,IND,DT,83,2022
Jonathan Taylor,IND,HB,83,2022
T.Y. Hilton,IND,WR,83,2022
Josh Lambo,JAX,K,83,2022
Marvin Jones Jr,JAX,WR,83,2022
Kenyan Drake,LV,HB,83,2022
Matthew Stafford,LAR,QB,83,2022
Sebastian Joseph-Day,LAR,DT,83,2022
Jonathan Jones,NE,CB,83,2022
Erik McCoy,NO,C,83,2022
Evan Engram,NYG,TE,83,2022
Logan Ryan,NYG,FS,83,2022
Carl Lawson,NYJ,RE,83,2022
Corey Davis,NYJ,WR,83,2022
Eric Ebron,PIT,TE,83,2022
Tyson Alualu,PIT,DT,83,2022
Duane Brown,SEA,LT,83,2022
Antoine Winfield Jr,TB,FS,83,2022
Carlton Davis III,TB,CB,83,2022
Jeffery Simmons,TEN,LE,83,2022
Curtis Samuel,WAS,WR,83,2022
Tress Way,WAS,P,83,2022
Byron Murphy Jr,ARI,CB,82,2022
Kyler Murray,ARI,QB,82,2022
Jimmy Smith,BAL,CB,82,2022
Donte Jackson,CAR,CB,82,2022
Haason Reddick,CAR,RE,82,2022
David Montgomery,CHI,HB,82,2022
Eddie Goldman,CHI,DT,82,2022
Mike Hilton,CIN,CB,82,2022
D.J. Reader,CIN,DT,82,2022
Michael Gallup,DAL,WR,82,2022
Courtland Sutton,DEN,WR,82,2022
Michael Brockers,DET,RE,82,2022
J.K. Scott,GB,P,82,2022
Andrew Norwell,JAX,LG,82,2022
Josh Allen,JAX,ROLB,82,2022
Orlando Brown Jr,KC,LT,82,2022
John Brown,LV,WR,82,2022
Mike Williams,LAC,WR,82,2022
Cam Akers,LAR,HB,82,2022
Tyler Higbee,LAR,TE,82,2022
Emmanuel Ogbah,MIA,LE,82,2022
Sheldon Richardson,MIN,DT,82,2022
Matthew Judon,NE,LOLB,82,2022
David Onyemata,NO,DT,82,2022
Malcolm Jenkins,NO,SS,82,2022
Graham Gano,NYG,K,82,2022
Kyle Rudolph,NYG,TE,82,2022
Sterling Shepard,NYG,WR,82,2022
Mekhi Becton,NYJ,LT,82,2022
Dee Ford,SF,LE,82,2022
Deebo Samuel,SF,WR,82,2022
Jaquiski Tartt,SF,SS,82,2022
Quandre Diggs,SEA,FS,82,2022
Jayon Brown,TEN,MLB,82,2022
Antonio Gibson,WAS,HB,82,2022
Montez Sweat,WAS,LE,82,2022
Jake Matthews,ATL,LT,81,2022
Kyle Pitts,ATL,TE,81,2022
Mike Davis,ATL,HB,81,2022
Younghoe Koo,ATL,K,81,2022
J.K. Dobbins,BAL,HB,81,2022
Patrick Ricard,BAL,FB,81,2022
Dion Dawkins,BUF,LT,81,2022
Ed Oliver,BUF,DT,81,2022
CeeDee Lamb,DAL,WR,81,2022
Alexander Johnson,DEN,MLB,81,2022
Dalton Risner,DEN,LG,81,2022
Trey Flowers,DET,ROLB,81,2022
Rashan Gary,GB,LOLB,81,2022
Xavier Rhodes,IND,CB,81,2022
D.J. Chark Jr,JAX,WR,81,2022
Derrick Nnadi,KC,DT,81,2022
Derek Carr,LV,QB,81,2022
Nick Kwiatkoski,LV,MLB,81,2022
Eric Rowe,MIA,SS,81,2022
Dalvin Tomlinson,MIN,DT,81,2022
Patrick Peterson,MIN,CB,81,2022
Isaiah Wynn,NE,LT,81,2022
Jonnu Smith,NE,TE,81,2022
Adoree' Jackson,NYG,CB,81,2022
Dexter Lawrence II,NYG,LE,81,2022
Jabrill Peppers,NYG,SS,81,2022
Anthony Harris,PHI,FS,81,2022
Miles Sanders,PHI,HB,81,2022
Chris Boswell,PIT,K,81,2022
Diontae Johnson,PIT,WR,81,2022
Joe Haden,PIT,CB,81,2022
Michael Dickson,SEA,P,81,2022
Ronald Jones II,TB,HB,81,2022
Ben Jones,TEN,C,81,2022
Bud Dupree,TEN,LOLB,81,2022
James Conner,ARI,HB,80,2022
Matt Prater,ARI,K,80,2022
DeShon Elliott,BAL,FS,80,2022
Marquise Brown,BAL,WR,80,2022
Sammy Watkins,BAL,WR,80,2022
Matt Milano,BUF,ROLB,80,2022
Mitch Morse,BUF,C,80,2022
Jeremy Chinn,CAR,FS,80,2022
Cody Whitehair,CHI,C,80,2022
Damien Williams,CHI,HB,80,2022
Trey Hendrickson,CIN,RE,80,2022
Jedrick Wills Jr,CLE,LT,80,2022
Keanu Neal,DAL,SS,80,2022
Leighton Vander Esch,DAL,ROLB,80,2022
Ronald Darby,DEN,CB,80,2022
Shelby Harris,DEN,RE,80,2022
Jack Fox,DET,P,80,2022
Darnell Savage,GB,FS,80,2022
Preston Smith,GB,ROLB,80,2022
Robert Tonyan,GB,TE,80,2022
Nyheim Hines,IND,HB,80,2022
Frank Clark,KC,RE,80,2022
L'Jarius Sneed,KC,CB,80,2022
Trayvon Mullen,LV,CB,80,2022
Justin Herbert,LAC,QB,80,2022
Rob Havenstein,LAR,RT,80,2022
Benardrick McKinney,MIA,MLB,80,2022
Kyle Van Noy,NE,ROLB,80,2022
Michael Onwenu,NE,LG,80,2022
Nelson Agholor,NE,WR,80,2022
Latavius Murray,NO,HB,80,2022
Darius Slayton,NYG,WR,80,2022
Jamison Crowder,NYJ,WR,80,2022
Javon Hargrave,PHI,DT,80,2022
Zach Ertz,PHI,TE,80,2022
K'Waun Williams,SF,CB,80,2022
Mike McGlinchey,SF,RT,80,2022
Robbie Gould,SF,K,80,2022
Gabe Jackson,SEA,LG,80,2022
Jamel Dean,TB,CB,80,2022
O.J. Howard,TB,TE,80,2022
Sean Murphy-Bunting,TB,CB,80,2022
Harold Landry III,TEN,ROLB,80,2022
A.J. Green,ARI,WR,79,2022
Christian Kirk,ARI,WR,79,2022
Malcolm Butler,ARI,CB,79,2022
Markus Golden,ARI,ROLB,79,2022
Chris Lindstrom,ATL,RG,79,2022
Duron Harmon,ATL,FS,79,2022
Foyesade Oluokun,ATL,MLB,79,2022
Hayden Hurst,ATL,TE,79,2022
Derek Wolfe,BAL,LE,79,2022
Gus Edwards,BAL,HB,79,2022
Devin Singletary,BUF,HB,79,2022
Taron Johnson,BUF,CB,79,2022
Derrick Brown,CAR,DT,79,2022
Bilal Nichols,CHI,DT,79,2022
Danny Trevathan,CHI,MLB,79,2022
Desmond Trufant,CHI,CB,79,2022
Ricardo Allen,CIN,SS,79,2022
Vonn Bell,CIN,SS,79,2022
David Njoku,CLE,TE,79,2022
Jack Conklin,CLE,RT,79,2022
Ronnie Harrison Jr,CLE,SS,79,2022
Greg Zuerlein,DAL,K,79,2022
Jerry Jeudy,DEN,WR,79,2022
Jamie Collins,DET,MLB,79,2022
Romeo Okwara,DET,LOLB,79,2022
Tyrell Williams,DET,WR,79,2022
Julian Blackmon,IND,FS,79,2022
Jarran Reed,KC,DT,79,2022
Juan Thornhill,KC,FS,79,2022
Kolton Miller,LV,LT,79,2022
DeSean Jackson,LAR,WR,79,2022
Leonard Floyd,LAR,LOLB,79,2022
Jason McCourty,MIA,CB,79,2022
Justin Coleman,MIA,CB,79,2022
Anthony Barr,MIN,LOLB,79,2022
Garrett Bradbury,MIN,C,79,2022
Kirk Cousins,MIN,QB,79,2022
Mackensie Alexander,MIN,CB,79,2022
Chase Winovich,NE,LE,79,2022
Sony Michel,NE,HB,79,2022
Marcus Davenport,NO,RE,79,2022
Wil Lutz,NO,K,79,2022
Blake Martinez,NYG,MLB,79,2022
Lamarcus Joyner,NYJ,FS,79,2022
Trai Turner,PIT,RG,79,2022
Laken Tomlinson,SF,LG,79,2022
Mitch Wishnowsky,SF,P,79,2022
Tony Jefferson II,SF,SS,79,2022
Bradley Pinion,TB,P,79,2022
William Gholston,TB,LE,79,2022
Janoris Jenkins,TEN,CB,79,2022
Landon Collins,WAS,SS,79,2022
Isaiah Simmons,ARI,SS,78,2022
Justin Pugh,ARI,LG,78,2022
Chuck Clark,BAL,SS,78,2022
Nick Boyle,BAL,TE,78,2022
Pernell McPhee,BAL,ROLB,78,2022
Matt Paradis,CAR,C,78,2022
Shaq Thompson,CAR,ROLB,78,2022
Jimmy Graham,CHI,TE,78,2022
Tashaun Gipson Sr,CHI,SS,78,2022
Chidobe Awuzie,CIN,CB,78,2022
Tee Higgins,CIN,WR,78,2022
Trae Waynes,CIN,CB,78,2022
Andy Janovich,CLE,FB,78,2022
Brandon McManus,DEN,K,78,2022
Tim Patrick,DEN,WR,78,2022
D'Andre Swift,DET,HB,78,2022
Taylor Decker,DET,LT,78,2022
Devin Funchess,GB,WR,78,2022
Mason Crosby,GB,K,78,2022
Bobby Okereke,IND,ROLB,78,2022
Jack Doyle,IND,TE,78,2022
C.J. Henderson,JAX,CB,78,2022
Sidney Jones IV,JAX,CB,78,2022
Trevor Lawrence,JAX,QB,78,2022
Laurent Duvernay-Tardif,KC,RG,78,2022
Mecole Hardman,KC,WR,78,2022
Clelin Ferrell,LV,RE,78,2022
Henry Ruggs III,LV,WR,78,2022
Johnathan Hankins,LV,DT,78,2022
Yannick Ngakoue,LV,RE,78,2022
Kenneth Murray Jr,LAC,MLB,78,2022
Christian Wilkins,MIA,RE,78,2022
Jerome Baker,MIA,MLB,78,2022
Brian O'Neill,MIN,RT,78,2022
Adrian Phillips,NE,FS,78,2022
James White,NE,HB,78,2022
Kyle Dugger,NE,SS,78,2022
Lawrence Guy,NE,RE,78,2022
Danny Shelton,NYG,DT,78,2022
Sheldon Rankins,NYJ,DT,78,2022
Rodney McLeod Jr,PHI,FS,78,2022
Ben Roethlisberger,PIT,QB,78,2022
Chase Claypool,PIT,WR,78,2022
Vince Williams,PIT,MLB,78,2022
Brandon Aiyuk,SF,WR,78,2022
Dre Greenlaw,SF,LOLB,78,2022
Javon Kinlaw,SF,DT,78,2022
Maurice Hurst,SF,DT,78,2022
Carlos Dunlap II,SEA,RE,78,2022
Leonard Fournette,TB,HB,78,2022
Charles Leno Jr,WAS,LT,78,2022
Chase Edmonds,ARI,HB,77,2022
Darqueze Dennard,ARI,CB,77,2022
A.J. Terrell Jr,ATL,CB,77,2022
Fabian Moreau,ATL,CB,77,2022
Alejandro Villanueva,BAL,RT,77,2022
Ja'Wuan James,BAL,RT,77,2022
L.J. Fort,BAL,MLB,77,2022
Tavon Young,BAL,CB,77,2022
Mario Addison,BUF,RE,77,2022
DaQuan Jones,CAR,DT,77,2022
Cairo Santos,CHI,K,77,2022
Darnell Mooney,CHI,WR,77,2022
James Daniels,CHI,LG,77,2022
Jaylon Johnson,CHI,CB,77,2022
Joe Burrow,CIN,QB,77,2022
Larry Ogunjobi,CIN,DT,77,2022
Jamie Gillan,CLE,P,77,2022
Damontae Kazee,DAL,FS,77,2022
Jaylon Smith,DAL,LOLB,77,2022
Randy Gregory,DAL,RE,77,2022
Tony Pollard,DAL,HB,77,2022
Graham Glasgow,DEN,RG,77,2022
Jamaal Williams,DET,HB,77,2022
Jared Goff,DET,QB,77,2022
David Johnson,HOU,HB,77,2022
Mark Ingram II,HOU,HB,77,2022
Randall Cobb,HOU,WR,77,2022
Zach Cunningham,HOU,MLB,77,2022
Khari Willis,IND,SS,77,2022
Mark Glowinski,IND,RG,77,2022
Joe Schobert,JAX,MLB,77,2022
Demarcus Robinson,KC,WR,77,2022
Hunter Renfrow,LV,WR,77,2022
Karl Joseph,LV,SS,77,2022
Maxx Crosby,LV,LE,77,2022
Willie Snead IV,LV,WR,77,2022
Uchenna Nwosu,LAC,ROLB,77,2022
Corey Bojorquez,LAR,P,77,2022
Andrew Van Ginkel,MIA,ROLB,77,2022
Michael Palardy,MIA,P,77,2022
Kendrick Bourne,NE,WR,77,2022
John Franklin-Myers,NYJ,LE,77,2022
Keelan Cole Sr,NYJ,WR,77,2022
Avonte Maddox,PHI,CB,77,2022
Cameron Sutton,PIT,CB,77,2022
Devin Bush,PIT,MLB,77,2022
Terrell Edmunds,PIT,SS,77,2022
Aldon Smith,SEA,RE,77,2022
Gerald Everett,SEA,TE,77,2022
Jason Myers,SEA,K,77,2022
Jordyn Brooks,SEA,LOLB,77,2022
Poona Ford,SEA,DT,77,2022
Tre Flowers,SEA,CB,77,2022
Will Dissly,SEA,TE,77,2022
Giovani Bernard,TB,HB,77,2022
Jordan Whitehead,TB,SS,77,2022
Denico Autry,TEN,RE,77,2022
Bobby McCain,WAS,FS,77,2022
Chase Roullier,WAS,C,77,2022
J.D. McKissic,WAS,HB,77,2022
Logan Thomas,WAS,TE,77,2022
D.J. Humphries,ARI,LT,76,2022
Jalen Thompson,ARI,FS,76,2022
Jordan Hicks,ARI,MLB,76,2022
Cordarrelle Patterson,ATL,HB,76,2022
Patrick Queen,BAL,MLB,76,2022
Daryl Williams,BUF,RT,76,2022
Dawson Knox,BUF,TE,76,2022
Levi Wallace,BUF,CB,76,2022
Tyler Bass,BUF,K,76,2022
David Moore,CAR,WR,76,2022
Robert Quinn,CHI,ROLB,76,2022
Tarik Cohen,CHI,HB,76,2022
Auden Tate,CIN,WR,76,2022
Anthony Walker Jr,CLE,MLB,76,2022
Greg Newsome II,CLE,CB,76,2022
Malik Jackson,CLE,DT,76,2022
Rashard Higgins,CLE,WR,76,2022
Troy Hill,CLE,CB,76,2022
Anthony Brown,DAL,CB,76,2022
Jourdan Lewis,DAL,CB,76,2022
Patrick Surtain II,DEN,CB,76,2022
A.J. Dillon,GB,HB,76,2022
Marcedes Lewis,GB,TE,76,2022
Marquez Valdes-Scantling,GB,WR,76,2022
Shaq Lawson,HOU,LE,76,2022
Rock Ya-Sin,IND,CB,76,2022
Rodrigo Blankenship,IND,K,76,2022
A.J. Cann,JAX,RG,76,2022
Carlos Hyde,JAX,HB,76,2022
Laviska Shenault Jr,JAX,WR,76,2022
Travis Etienne Jr,JAX,HB,76,2022
Tre Herndon,JAX,CB,76,2022
Charvarius Ward,KC,CB,76,2022
Kyle Long,KC,RG,76,2022
Rasul Douglas,LV,CB,76,2022
Jaylen Waddle,MIA,WR,76,2022
Cam Newton,NE,QB,76,2022
Deatrich Wise Jr,NE,RE,76,2022
Jake Bailey,NE,P,76,2022
Andrus Peat,NO,LG,76,2022
Folorunso Fatukasi,NYJ,DT,76,2022
Morgan Moses,NYJ,RT,76,2022
Vinny Curry,NYJ,LE,76,2022
Derek Barnett,PHI,RE,76,2022
Eric Wilson,PHI,ROLB,76,2022
Josh Sweat,PHI,RE,76,2022
Jordan Berry,PIT,P,76,2022
Najee Harris,PIT,HB,76,2022
Emmanuel Moseley,SF,CB,76,2022
Jimmy Garoppolo,SF,QB,76,2022
D.J. Reed Jr,SEA,CB,76,2022
Rashaad Penny,SEA,HB,76,2022
Cameron Brate,TB,TE,76,2022
Mike Edwards,TB,FS,76,2022
Scotty Miller,TB,WR,76,2022
Steve McLendon,TB,DT,76,2022
Josh Reynolds,TEN,WR,76,2022
Nate Davis,TEN,RG,76,2022
Kamren Curl,WAS,SS,76,2022
Dennis Gardeck,ARI,LOLB,75,2022
Devon Kennard,ARI,LOLB,75,2022
Russell Gage Jr,ATL,WR,75,2022
Gabriel Davis,BUF,WR,75,2022
Jon Feliciano,BUF,RG,75,2022
Matt Breida,BUF,HB,75,2022
Zack Moss,BUF,HB,75,2022
Yetur Gross-Matos,CAR,RE,75,2022
Anthony Miller,CHI,WR,75,2022
Mike Pennel,CHI,DT,75,2022
Darius Phillips,CIN,CB,75,2022
Eli Apple,CIN,CB,75,2022
Ja'Marr Chase,CIN,WR,75,2022
Jonah Williams,CIN,LT,75,2022
Sam Hubbard,CIN,LE,75,2022
Logan Wilson,CIN,ROLB,75,2022
Andrew Billings,CLE,DT,75,2022
Greedy Williams,CLE,CB,75,2022
Brent Urban,DAL,DT,75,2022
Bryan Anger,DAL,P,75,2022
Donovan Wilson,DAL,SS,75,2022
Dre'Mont Jones,DEN,LE,75,2022
Javonte Williams,DEN,HB,75,2022
Josey Jewell,DEN,MLB,75,2022
Michael Ojemudia,DEN,CB,75,2022
Sam Martin,DEN,P,75,2022
Amani Oruwariye,DET,CB,75,2022
Breshad Perriman,DET,WR,75,2022
Da'Shawn Hand,DET,LE,75,2022
Darren Fells,DET,TE,75,2022
Penei Sewell,DET,RT,75,2022
Quinton Dunbar,DET,CB,75,2022
Krys Barnes,GB,MLB,75,2022
Marcus Cannon,HOU,RT,75,2022
Terrance Mitchell,HOU,CB,75,2022
Mo Alie-Cox,IND,TE,75,2022
Rigoberto Sanchez,IND,P,75,2022
T.J. Carrie,IND,CB,75,2022
Zach Pascal,IND,WR,75,2022
Phillip Dorsett II,JAX,WR,75,2022
Anthony Hitchens,KC,MLB,75,2022
Austin Blythe,KC,C,75,2022
Jerick McKinnon,KC,HB,75,2022
Mike Hughes,KC,CB,75,2022
Rashad Fenton,KC,CB,75,2022
Will Parks,KC,SS,75,2022
Alec Ingold,LV,FB,75,2022
Darrell Henderson Jr,LAR,HB,75,2022
Alexander Mattison,MIN,HB,75,2022
Britton Colquitt,MIN,P,75,2022
Irv Smith Jr,MIN,TE,75,2022
Xavier Woods,MIN,FS,75,2022
Damien Harris,NE,HB,75,2022
Henry Anderson,NE,LE,75,2022
Jakobi Meyers,NE,WR,75,2022
P.J. Williams,NO,FS,75,2022
Tre'Quan Smith,NO,WR,75,2022
Julian Love,NYG,SS,75,2022
Ashtyn Davis,NYJ,FS,75,2022
Connor McGovern,NYJ,C,75,2022
Zach Wilson,NYJ,QB,75,2022
DeVonta Smith,PHI,WR,75,2022
Kerryon Johnson,PHI,HB,75,2022
Zach Kerr,SF,DT,75,2022
Ahkello Witherspoon,SEA,CB,75,2022
Al Woods,SEA,DT,75,2022
Pierre Desir,SEA,CB,75,2022
Alex Cappa,TB,RG,75,2022
Caleb Farley,TEN,CB,75,2022
Cole Holcomb,WAS,MLB,75,2022
Ryan Fitzpatrick,WAS,QB,75,2022
Andy Lee,ARI,P,74,2022
Brian Winters,ARI,RG,74,2022
Maxx Williams,ARI,TE,74,2022
Erik Harris,ATL,FS,74,2022
Isaiah Oliver,ATL,CB,74,2022
Kendall Sheffield,ATL,CB,74,2022
Anthony Levine Sr,BAL,SS,74,2022
Justin Madubuike,BAL,RE,74,2022
Tyus Bowser,BAL,LOLB,74,2022
Isaiah McKenzie,BUF,WR,74,2022
Matt Haack,BUF,P,74,2022
Denzel Perryman,CAR,MLB,74,2022
Jaycee Horn,CAR,CB,74,2022
Joey Slye,CAR,K,74,2022
Rashaan Melvin,CAR,CB,74,2022
Damiere Byrd,CHI,WR,74,2022
Justin Fields,CHI,QB,74,2022
Marquise Goodwin,CHI,WR,74,2022
Dalton Schultz,DAL,TE,74,2022
Micah Parsons,DAL,MLB,74,2022
Malik Reed,DEN,ROLB,74,2022
Jeff Okudah,DET,CB,74,2022
Allen Lazard,GB,WR,74,2022
Chandon Sullivan,GB,CB,74,2022
De'Vondre Campbell,GB,MLB,74,2022
Dean Lowry,GB,LE,74,2022
Kingsley Keke,GB,RE,74,2022
Chris Conley,HOU,WR,74,2022
Christian Kirksey,HOU,ROLB,74,2022
Jordan Akins,HOU,TE,74,2022
Keke Coutee,HOU,WR,74,2022
Rex Burkhead,HOU,HB,74,2022
Whitney Mercilus,HOU,RE,74,2022
Eric Fisher,IND,LT,74,2022
Cam Robinson,JAX,LT,74,2022
Davon Hamilton,JAX,DT,74,2022
Jarrod Wilson,JAX,FS,74,2022
A.J. Cole III,LV,P,74,2022
Cory Littleton,LV,ROLB,74,2022
Damon Arnette Jr,LV,CB,74,2022
Johnathan Abram,LV,SS,74,2022
Solomon Thomas,LV,DT,74,2022
Jerry Tillery,LAC,RE,74,2022
Matt Feiler,LAC,LG,74,2022
Michael Davis,LAC,CB,74,2022
Austin Corbett,LAR,C,74,2022
Taylor Rapp,LAR,FS,74,2022
Terrell Burgess,LAR,SS,74,2022
Adam Butler,MIA,DT,74,2022
Albert Wilson,MIA,WR,74,2022
D.J. Fluker,MIA,RT,74,2022
Jakeem Grant Sr,MIA,WR,74,2022
Jevon Holland,MIA,FS,74,2022
Myles Gaskin,MIA,HB,74,2022
Nik Needham,MIA,CB,74,2022
Preston Williams,MIA,WR,74,2022
Raekwon Davis,MIA,DT,74,2022
Bashaud Breeland,MIN,CB,74,2022
Ja'Whaun Bentley,NE,MLB,74,2022
Jalen Mills,NE,SS,74,2022
B.J. Hill,NYG,LE,74,2022
Lorenzo Carter,NYG,LOLB,74,2022
Xavier McKinney,NYG,FS,74,2022
Blessuan Austin,NYJ,CB,74,2022
Braden Mann,NYJ,P,74,2022
Tevin Coleman,NYJ,HB,74,2022
Boston Scott,PHI,HB,74,2022
Ryan Kerrigan,PHI,LE,74,2022
Benny Snell,PIT,HB,74,2022
James Washington,PIT,WR,74,2022
Samson Ebukam,SF,RE,74,2022
Trey Lance,SF,QB,74,2022
Trey Sermon,SF,HB,74,2022
Wayne Gallman Jr,SF,HB,74,2022
Damarious Randall,SEA,CB,74,2022
Ryan Succop,TB,K,74,2022
Amani Hooker,TEN,SS,74,2022
Adam Humphries,WAS,WR,74,2022
Darryl Roberts,WAS,CB,74,2022
Dustin Hopkins,WAS,K,74,2022
Ereck Flowers,WAS,LG,74,2022
Jimmy Moreland,WAS,CB,74,2022
Tim Settle,WAS,DT,74,2022
Andy Isabella,ARI,WR,73,2022
Jordan Phillips,ARI,RE,73,2022
Robert Alford,ARI,CB,73,2022
Shawn Williams,ARI,SS,73,2022
Zaven Collins,ARI,MLB,73,2022
Dante Fowler Jr,ATL,ROLB,73,2022
Lee Smith,ATL,TE,73,2022
Richie Grant,ATL,SS,73,2022
Vernon Butler Jr,BUF,DT,73,2022
Morgan Fox,CAR,DT,73,2022
Quinton Spain,CIN,RG,73,2022
Riley Reiff,CIN,RT,73,2022
Blake Jarwin,DAL,TE,73,2022
Hunter Niswander,DAL,P,73,2022
Maurice Canady,DAL,CB,73,2022
Bobby Massie,DEN,RT,73,2022
Teddy Bridgewater,DEN,QB,73,2022
Alex Anzalone,DET,MLB,73,2022
Jahlani Tavai,DET,MLB,73,2022
Tracy Walker,DET,SS,73,2022
Tyrell Crosby,DET,RT,73,2022
Kevin King,GB,CB,73,2022
Jordan Jenkins,HOU,RE,73,2022
Justin Britt,HOU,C,73,2022
Vernon Hargreaves III,HOU,CB,73,2022
Antwaun Woods,IND,DT,73,2022
Kemoko Turay,IND,RE,73,2022
Kwity Paye,IND,RE,73,2022
Michael Pittman Jr,IND,WR,73,2022
Parris Campbell,IND,WR,73,2022
Aldrick Rosas,JAX,K,73,2022
Rayshawn Jenkins,JAX,SS,73,2022
Roy Robertson-Harris,JAX,RE,73,2022
Carl Nassib,LV,LE,73,2022
Daniel Carlson,LV,K,73,2022
Denzelle Good,LV,RG,73,2022
Jalen Richard,LV,HB,73,2022
Nevin Lawson,LV,CB,73,2022
Trevon Moehrig,LV,FS,73,2022
Drue Tranquill,LAC,MLB,73,2022
Justin Jackson,LAC,HB,73,2022
Kyler Fackrell,LAC,ROLB,73,2022
Nasir Adderley,LAC,FS,73,2022
Rashawn Slater,LAC,LT,73,2022
Matt Gay,LAR,K,73,2022
Malcolm Brown,MIA,HB,73,2022
Robert Hunt,MIA,RG,73,2022
Tua Tagovailoa,MIA,QB,73,2022
C.J. Ham,MIN,FB,73,2022
Jeff Gladney,MIN,CB,73,2022
Christian Barmore,NE,DT,73,2022
Davon Godchaux,NE,DT,73,2022
Josh Uche,NE,ROLB,73,2022
N'Keal Harry,NE,WR,73,2022
Nick Folk,NE,K,73,2022
Cesar Ruiz,NO,RG,73,2022
Jameis Winston,NO,QB,73,2022
Patrick Robinson,NO,CB,73,2022
Dante Pettis,NYG,WR,73,2022
Darnay Holmes,NYG,CB,73,2022
Isaac Yiadom,NYG,CB,73,2022
John Ross III,NYG,WR,73,2022
Will Hernandez,NYG,LG,73,2022
Alex Lewis,NYJ,RG,73,2022
Elijah Moore,NYJ,WR,73,2022
Michael Carter,NYJ,HB,73,2022
Greg Ward Jr,PHI,WR,73,2022
Jalen Reagor,PHI,WR,73,2022
Travis Fulgham,PHI,WR,73,2022
D.J. Jones,SF,DT,73,2022
Mohamed Sanu Sr,SF,WR,73,2022
Richie James Jr,SF,WR,73,2022
Tavon Wilson,SF,FS,73,2022
Benson Mayowa,SEA,LE,73,2022
Ethan Pocic,SEA,C,73,2022
Donovan Smith,TB,LT,73,2022
Ross Cockrell,TB,CB,73,2022
Anthony Firkser,TEN,TE,73,2022
Jamin Davis,WAS,ROLB,73,2022
Jon Bostic,WAS,MLB,73,2022
Kelvin Beachum Jr,ARI,RT,72,2022
Brandon Copeland,ATL,LOLB,72,2022
Bradley Bozeman,BAL,LG,72,2022
Jaylon Ferguson,BAL,LOLB,72,2022
Malik Harrison,BAL,MLB,72,2022
Miles Boykin,BAL,WR,72,2022
Rashod Bateman,BAL,WR,72,2022
A.J. Epenesa,BUF,LE,72,2022
Cody Ford,BUF,LG,72,2022
Efe Obada,BUF,RE,72,2022
Harrison Phillips,BUF,DT,72,2022
Star Lotulelei,BUF,DT,72,2022
Joseph Charlton,CAR,P,72,2022
Troy Pride Jr,CAR,CB,72,2022
Andy Dalton,CHI,QB,72,2022
Cole Kmet,CHI,TE,72,2022
Mario Edwards Jr,CHI,RE,72,2022
Pat O'Donnell,CHI,P,72,2022
C.J. Uzomah,CIN,TE,72,2022
Germaine Pratt,CIN,MLB,72,2022
Mike Daniels,CIN,DT,72,2022
Trey Hopkins,CIN,C,72,2022
Cody Parkey,CLE,K,72,2022
Grant Delpit,CLE,FS,72,2022
Jeremiah Owusu-Koramoah,CLE,LOLB,72,2022
Takkarist McKinley,CLE,RE,72,2022
Connor Williams,DAL,LG,72,2022
Jayron Kearse,DAL,SS,72,2022
Neville Gallimore,DAL,DT,72,2022
Trevon Diggs,DAL,CB,72,2022
K.J. Hamler,DEN,WR,72,2022
Royce Freeman,DEN,HB,72,2022
Josh Jackson,GB,CB,72,2022
Cameron Johnston,HOU,P,72,2022
Ka'imi Fairbairn,HOU,K,72,2022
Kamu Grugier-Hill,HOU,LOLB,72,2022
Keion Crossen,HOU,CB,72,2022
Kevin Pierre-Louis,HOU,LOLB,72,2022
Lonnie Johnson Jr,HOU,SS,72,2022
Al-Quadin Muhammad,IND,RE,72,2022
Carson Wentz,IND,QB,72,2022
Jordan Wilkins,IND,HB,72,2022
Adam Gotsis,JAX,LE,72,2022
Damien Wilson,JAX,MLB,72,2022
Jawaan Taylor,JAX,RT,72,2022
Malcom Brown,JAX,LE,72,2022
Darrel Williams,KC,HB,72,2022
Tershawn Wharton,KC,DT,72,2022
Tommy Townsend,KC,P,72,2022
Quinton Jefferson,LV,DT,72,2022
Zay Jones,LV,WR,72,2022
Asante Samuel Jr,LAC,CB,72,2022
Justin Jones,LAC,LE,72,2022
A'Shawn Robinson,LAR,RE,72,2022
David Edwards,LAR,LG,72,2022
Jordan Fuller,LAR,FS,72,2022
Van Jefferson,LAR,WR,72,2022
Allen Hurns,MIA,WR,72,2022
Jaelan Phillips,MIA,LOLB,72,2022
Matt Skura,MIA,C,72,2022
Noah Igbinoghene,MIA,CB,72,2022
Cameron Dantzler,MIN,CB,72,2022
Nick Vigil,MIN,ROLB,72,2022
Adam Trautman,NO,TE,72,2022
Deonte Harris,NO,WR,72,2022
Grant Haley,NO,CB,72,2022
Ty Montgomery II,NO,HB,72,2022
Daniel Jones,NYG,QB,72,2022
Devontae Booker,NYG,HB,72,2022
Kadarius Toney,NYG,WR,72,2022
Oshane Ximines,NYG,ROLB,72,2022
Alijah Vera-Tucker,NYJ,LG,72,2022
Blake Cashman,NYJ,MLB,72,2022
Braxton Berrios,NYJ,WR,72,2022
Bryce Hall,NYJ,CB,72,2022
Denzel Mims,NYJ,WR,72,2022
Jarrad Davis,NYJ,ROLB,72,2022
Jake Elliott,PHI,K,72,2022
Kenneth Gainwell,PHI,HB,72,2022
Cody Barton,SEA,LOLB,72,2022
Damien Lewis,SEA,RG,72,2022
Kerry Hyder,SEA,RE,72,2022
Ugo Amadi,SEA,CB,72,2022
Khari Blasingame,TEN,FB,72,2022
Matthias Farley,TEN,SS,72,2022
Lamar Miller,WAS,HB,72,2022
Steven Sims,WAS,WR,72,2022
Rondale Moore,ARI,WR,71,2022
Barkevious Mingo,ATL,ROLB,71,2022
Javian Hawkins,ATL,HB,71,2022
Kaleb McGary,ATL,RT,71,2022
Sterling Hofrichter,ATL,P,71,2022
Devin Duvernay,BAL,WR,71,2022
Justice Hill,BAL,HB,71,2022
A.J. Klein,BUF,LOLB,71,2022
Forrest Lamp,BUF,LG,71,2022
Jacob Hollister,BUF,TE,71,2022
Justin Zimmer,BUF,DT,71,2022
Taiwan Jones,BUF,HB,71,2022
Chuba Hubbard,CAR,HB,71,2022
Dan Arnold,CAR,TE,71,2022
Jermaine Carter Jr,CAR,MLB,71,2022
Sam Darnold,CAR,QB,71,2022
Akeem Davis-Gaither,CIN,ROLB,71,2022
Evan McPherson,CIN,K,71,2022
Kevin Huber,CIN,P,71,2022
Trent Taylor,CIN,WR,71,2022
Cedrick Wilson,DAL,WR,71,2022
Tarell Basham,DAL,RE,71,2022
Ty Nsekhe,DAL,RT,71,2022
Netane Muti,DEN,RG,71,2022
Shamar Stephen,DEN,DT,71,2022
Alim McNeill,DET,DT,71,2022
Corn Elder,DET,CB,71,2022
Geronimo Allison,DET,WR,71,2022
Jonah Jackson,DET,LG,71,2022
Levi Onwuzurike,DET,LE,71,2022
Mike Ford,DET,CB,71,2022
Randy Bullock,DET,K,71,2022
Eric Stokes,GB,CB,71,2022
Chris Moore,HOU,WR,71,2022
Eric Murray,HOU,SS,71,2022
Maliek Collins,HOU,DT,71,2022
Marvell Tell III,IND,CB,71,2022
Dawuane Smoot,JAX,ROLB,71,2022
K'Lavon Chaisson,JAX,LOLB,71,2022
Logan Cooke,JAX,P,71,2022
Taven Bryan,JAX,LE,71,2022
Tyson Campbell,JAX,CB,71,2022
Daniel Sorensen,KC,SS,71,2022
DeAndre Baker,KC,CB,71,2022
Khalen Saunders,KC,DT,71,2022
Mike Remmers,KC,RT,71,2022
Taco Charlton,KC,LE,71,2022
Bryan Edwards,LV,WR,71,2022
Isaiah Johnson,LV,CB,71,2022
Nicholas Morrow,LV,LOLB,71,2022
Jalen Guyton,LAC,WR,71,2022
David Long Jr,LAR,CB,71,2022
Elandon Roberts,MIA,MLB,71,2022
Christian Darrisaw,MIN,LT,71,2022
Olabisi Johnson,MIN,WR,71,2022
Stephen Weatherly,MIN,RE,71,2022
Mac Jones,NE,QB,71,2022
Ted Karras,NE,C,71,2022
Azeez Ojulari,NYG,LOLB,71,2022
Elijhaa Penny,NYG,FB,71,2022
Ifeadi Odenigbo,NYG,ROLB,71,2022
Nathan Shepherd,NYJ,DT,71,2022
Ronald Blair III,NYJ,RE,71,2022
Tyler Kroft,NYJ,TE,71,2022
Alex Singleton,PHI,MLB,71,2022
Andrew Adams,PHI,SS,71,2022
Isaac Seumalo,PHI,LG,71,2022
J.J. Arcega-Whiteside,PHI,WR,71,2022
Jalen Hurts,PHI,QB,71,2022
Jordan Mailata,PHI,LT,71,2022
Landon Dickerson,PHI,LG,71,2022
Alex Highsmith,PIT,ROLB,71,2022
Kalen Ballage,PIT,HB,71,2022
Kevin Dotson,PIT,LG,71,2022
Pat Freiermuth,PIT,TE,71,2022
Pressley Harvin III,PIT,P,71,2022
Jordan Willis,SF,RE,71,2022
Alton Robinson,SEA,LE,71,2022
D'Wayne Eskridge,SEA,WR,71,2022
L.J. Collier,SEA,LE,71,2022
Marquise Blair,SEA,FS,71,2022
Abry Jones,TEN,DT,71,2022
Brian Hill,TEN,HB,71,2022
Kelvin Harmon,WAS,WR,71,2022
Deionte Thompson,ARI,FS,70,2022
Zach Allen,ARI,LE,70,2022
Tyeler Davison,ATL,DT,70,2022
Odafe Oweh,BAL,ROLB,70,2022
Patrick Mekari,BAL,C,70,2022
Marquis Haynes Sr,CAR,RE,70,2022
Pat Elflein,CAR,LG,70,2022
Terrace Marshall Jr,CAR,WR,70,2022
Tommy Tremble,CAR,TE,70,2022
Artie Burns,CHI,CB,70,2022
Christian Jones,CHI,MLB,70,2022
Germain Ifedi,CHI,RG,70,2022
Khalil Herbert,CHI,HB,70,2022
Nick Foles,CHI,QB,70,2022
Teven Jenkins,CHI,LT,70,2022
Drew Sample,CIN,TE,70,2022
Samaje Perine,CIN,HB,70,2022
Donovan Peoples-Jones,CLE,WR,70,2022
Harrison Bryant,CLE,TE,70,2022
Malcolm Smith,CLE,LOLB,70,2022
Porter Gustin,CLE,LE,70,2022
Sheldrick Redwine,CLE,FS,70,2022
Sione Takitaki,CLE,LOLB,70,2022
Kelvin Joseph,DAL,CB,70,2022
Noah Brown,DAL,WR,70,2022
Trysten Hill,DAL,DT,70,2022
Drew Lock,DEN,QB,70,2022
Mike Purcell,DEN,DT,70,2022
Quintez Cephus,DET,WR,70,2022
Shaun Dion Hamilton,DET,MLB,70,2022
Billy Turner,GB,RT,70,2022
Alex Erickson,HOU,WR,70,2022
Andre Roberts,HOU,WR,70,2022
Charles Omenihu,HOU,DT,70,2022
Jacob Martin,HOU,RE,70,2022
Joe Thomas,HOU,ROLB,70,2022
Lane Taylor,HOU,RG,70,2022
Neville Hewitt,HOU,MLB,70,2022
Ross Blacklock,HOU,DT,70,2022
Terrence Brooks,HOU,SS,70,2022
Tytus Howard,HOU,RT,70,2022
Nick Nelson,IND,CB,70,2022
Sean Davis,IND,SS,70,2022
Tyquan Lewis,IND,DT,70,2022
Andre Cisco,JAX,FS,70,2022
Chris Manhertz,JAX,TE,70,2022
Doug Costin,JAX,RE,70,2022
Jamal Agnew,JAX,WR,70,2022
Jay Tufele,JAX,DT,70,2022
Nick Bolton,KC,MLB,70,2022
Alex Leatherwood,LV,RT,70,2022
Foster Moreau,LV,TE,70,2022
Nick Martin,LV,C,70,2022
Joshua Kelley,LAC,HB,70,2022
Lachlan Edwards,LAC,P,70,2022
Michael Badgley,LAC,K,70,2022
Tyron Johnson,LAC,WR,70,2022
Justin Hollins,LAR,ROLB,70,2022
Micah Kiser,LAR,MLB,70,2022
Brandon Jones,MIA,SS,70,2022
Brennan Scarlett,MIA,ROLB,70,2022
Cethan Carter,MIA,FB,70,2022
Clayton Fejedelem,MIA,FS,70,2022
Salvon Ahmed,MIA,HB,70,2022
Solomon Kindley,MIA,LG,70,2022
Vince Biegel,MIA,LOLB,70,2022
D.J. Wonnum,MIN,RE,70,2022
Parry Nickerson,MIN,CB,70,2022
Joejuan Williams,NE,CB,70,2022
Marvin Hall Jr,NE,WR,70,2022
Blake Gillikin,NO,P,70,2022
Ken Crawley,NO,CB,70,2022
Tanoh Kpassagnon,NO,LE,70,2022
Andrew Thomas,NYG,LT,70,2022
Corey Clement,NYG,HB,70,2022
Nate Solder,NYG,RT,70,2022
Christopher Herndon IV,NYJ,TE,70,2022
Jabari Zuniga,NYJ,LE,70,2022
K'Von Wallace,PHI,FS,70,2022
Milton Williams,PHI,DT,70,2022
Chris Wormley,PIT,LE,70,2022
Derek Watt,PIT,FB,70,2022
Jaylen Samuels,PIT,HB,70,2022
Justin Layne,PIT,CB,70,2022
Arden Key,SF,LE,70,2022
Jeff Wilson Jr,SF,HB,70,2022
Travis Benjamin,SF,WR,70,2022
Tyler Johnson,TB,WR,70,2022
Breon Borders,TEN,CB,70,2022
David Long Jr,TEN,MLB,70,2022
Kristian Fulton,TEN,CB,70,2022
Marcus Johnson,TEN,WR,70,2022
Cam Sims,WAS,WR,70,2022
Dyami Brown,WAS,WR,70,2022
Peyton Barber,WAS,HB,70,2022
KeeSean Johnson,ARI,WR,69,2022
Xavier Williams,ARI,DT,69,2022
John Cominsky,ATL,LOLB,69,2022
Tajae Sharpe,ATL,WR,69,2022
Anthony Averett,BAL,CB,69,2022
Ben Mason,BAL,FB,69,2022
Ben Powers,BAL,RG,69,2022
Justin Ellis,BAL,DT,69,2022
Carlos Basham Jr,BUF,DT,69,2022
Gregory Rousseau,BUF,LE,69,2022
Jake Kumerow,BUF,WR,69,2022
Marquel Lee,BUF,LOLB,69,2022
Mitchell Trubisky,BUF,QB,69,2022
Cameron Erving,CAR,LT,69,2022
Frankie Luvu,CAR,LOLB,69,2022
Ian Thomas,CAR,TE,69,2022
Lano Hill,CAR,SS,69,2022
Elijah Wilkinson,CHI,RT,69,2022
Javon Wims,CHI,WR,69,2022
Jeremiah Attaochu,CHI,ROLB,69,2022
Jordan Lucas,CHI,FS,69,2022
Austin Seibert,CIN,K,69,2022
Tony Brown,CIN,CB,69,2022
Kavon Frazier,CIN,SS,69,2022
Xavier Su'a-Filo,CIN,LG,69,2022
Jacob Phillips,CLE,ROLB,69,2022
KhaDarel Hodge,CLE,WR,69,2022
Tommy Togiai,CLE,DT,69,2022
Dorance Armstrong,DAL,LE,69,2022
Osa Odighizuwa,DAL,DT,69,2022
Albert Okwuegbunam,DEN,TE,69,2022
Lloyd Cushenberry III,DEN,C,69,2022
Nate Hairston,DEN,CB,69,2022
Chad Hansen,DET,WR,69,2022
Damion Ratley,DET,WR,69,2022
Dean Marlowe,DET,SS,69,2022
Kalif Raymond,DET,WR,69,2022
Matthew Wright,DET,K,69,2022
Will Harris,DET,FS,69,2022
Brandon Dunn,HOU,DT,69,2022
Brevin Jordan,HOU,TE,69,2022
DeMarcus Walker,HOU,RE,69,2022
Nico Collins,HOU,WR,69,2022
Ben Banogu,IND,LE,69,2022
George Odum,IND,FS,69,2022
Ibraheim Campbell,IND,FS,69,2022
Andrew Wingard,JAX,FS,69,2022
Collin Johnson,JAX,WR,69,2022
Gardner Minshew II,JAX,QB,69,2022
James O'Shaughnessy,JAX,TE,69,2022
Josh Jones,JAX,SS,69,2022
Andrew Wylie,KC,RG,69,2022
Antonio Callaway,KC,WR,69,2022
Ben Niemann,KC,MLB,69,2022
Byron Pringle,KC,WR,69,2022
Dorian O'Daniel,KC,LOLB,69,2022
Amik Robertson,LV,CB,69,2022
Blidi Wreh-Wilson,LV,CB,69,2022
Darius Philon,LV,DT,69,2022
Darron Lee,LV,ROLB,69,2022
Divine Deablo,LV,SS,69,2022
Marcus Mariota,LV,QB,69,2022
Theo Riddick,LV,HB,69,2022
Trey Quinn,LV,WR,69,2022
Christian Covington,LAC,DT,69,2022
Ryan Smith,LAC,CB,69,2022
Greg Gaines,LAR,DT,69,2022
Ogbonnia Okoronkwo,LAR,ROLB,69,2022
Mack Hollins,MIA,WR,69,2022
Ameer Abdullah,MIN,HB,69,2022
Ezra Cleveland,MIN,LT,69,2022
Jalyn Holmes,MIN,LE,69,2022
Kene Nwangwu,MIN,HB,69,2022
Raekwon McMillan,NE,MLB,69,2022
Alex Armah Jr,NO,FB,69,2022
Noah Spence,NO,RE,69,2022
Pete Werner,NO,ROLB,69,2022
Shy Tuttle,NO,DT,69,2022
Zack Baun,NO,LOLB,69,2022
C.J. Board,NYG,WR,69,2022
Carter Coughlin,NYG,LOLB,69,2022
Kelvin Benjamin,NYG,TE,69,2022
George Fant,NYJ,RT,69,2022
Greg Van Roten,NYJ,RG,69,2022
Javelin Guidry,NYJ,CB,69,2022
Kyle Phillips,NYJ,RE,69,2022
Ryan Griffin,NYJ,TE,69,2022
Ty Johnson,NYJ,HB,69,2022
Andre Dillard,PHI,LT,69,2022
Arryn Siposs,PHI,P,69,2022
John Hightower,PHI,WR,69,2022
Josiah Scott,PHI,CB,69,2022
Kevon Seymour,PHI,CB,69,2022
Richard Rodgers,PHI,TE,69,2022
Ray-Ray McCloud III,PIT,WR,69,2022
Robert Spillane,PIT,MLB,69,2022
Elijah Mitchell,SF,HB,69,2022
Tarvarius Moore,SF,FS,69,2022
Alex Collins,SEA,HB,69,2022
Rasheem Green,SEA,RE,69,2022
Anthony Nelson,TB,LOLB,69,2022
Curtis Riley,TB,FS,69,2022
Joe Tryon,TB,ROLB,69,2022
Ke'Shawn Vaughn,TB,HB,69,2022
Kevin Minter,TB,MLB,69,2022
Chester Rogers,TEN,WR,69,2022
Dane Cruikshank,TEN,SS,69,2022
Darrynton Evans,TEN,HB,69,2022
Antonio Gandy-Golden,WAS,WR,69,2022
Benjamin St-Juste,WAS,CB,69,2022
David Mayo,WAS,LOLB,69,2022
Greg Stroman,WAS,CB,69,2022
Wes Schweitzer,WAS,RG,69,2022
Chris Banjo,ARI,FS,68,2022
Lamont Gaillard,ARI,C,68,2022
Jacob Tuioti-Mariner,ATL,LE,68,2022
Marlon Davidson,ATL,RE,68,2022
Mykal Walker,ATL,MLB,68,2022
Olamide Zaccheaus,ATL,WR,68,2022
Steven Means,ATL,ROLB,68,2022
Deon Cain,BAL,WR,68,2022
Geno Stone,BAL,FS,68,2022
Tylan Wallace,BAL,WR,68,2022
Antonio Williams,BUF,HB,68,2022
Reggie Gilliam,BUF,FB,68,2022
Siran Neal,BUF,CB,68,2022
Tyrell Adams,BUF,MLB,68,2022
Greg Little,CAR,LT,68,2022
Trenton Cannon,CAR,HB,68,2022
Angelo Blackson,CHI,LE,68,2022
Austin Calitro,CHI,MLB,68,2022
Riley Ridley,CHI,WR,68,2022
Teez Tabor,CHI,CB,68,2022
Billy Price,CIN,RG,68,2022
Renell Wren,CIN,DT,68,2022
Tyler Shelvin,CIN,DT,68,2022
D'Ernest Johnson,CLE,HB,68,2022
Jordan Elliott,CLE,DT,68,2022
M.J. Stewart Jr,CLE,CB,68,2022
Mack Wilson,CLE,ROLB,68,2022
Ryan Switzer,CLE,WR,68,2022
Darian Thompson,DAL,FS,68,2022
DeShawn Williams,DEN,RE,68,2022
Duke Dawson Jr,DEN,SS,68,2022
Jamar Johnson,DEN,FS,68,2022
Halapoulivaati Vaitai,DET,RG,68,2022
Julian Okwara,DET,LOLB,68,2022
Nick Williams,DET,DT,68,2022
Amari Rodgers,GB,WR,68,2022
Equanimeous St. Brown,GB,WR,68,2022
Jace Sternberger,GB,TE,68,2022
Jordan Love,GB,QB,68,2022
Ka'Dar Hollman,GB,CB,68,2022
Lucas Patrick,GB,RG,68,2022
Tyler Lancaster,GB,RE,68,2022
Derek Rivers,HOU,LE,68,2022
Donte Moncrief,HOU,WR,68,2022
Hardy Nickerson,HOU,MLB,68,2022
Tyrod Taylor,HOU,QB,68,2022
Isaac Rochell,IND,LE,68,2022
J.J. Nelson,IND,WR,68,2022
Jihad Ward,JAX,RE,68,2022
Leon Jacobs,JAX,LOLB,68,2022
Chad Williams,KC,WR,68,2022
Creed Humphrey,KC,C,68,2022
Michael Burton,KC,FB,68,2022
Willie Gay,KC,ROLB,68,2022
Marcell Ateman,LV,WR,68,2022
Roderic Teamer Jr,LV,SS,68,2022
Tyree Gillespie,LV,FS,68,2022
Kyzir White,LAC,MLB,68,2022
Kenny Young,LAR,MLB,68,2022
Terrell Lewis,LAR,LOLB,68,2022
Troy Reeder,LAR,MLB,68,2022
Tutu Atwell,LAR,WR,68,2022
Adam Shaheen,MIA,TE,68,2022
Jamal Perry,MIA,CB,68,2022
John Jenkins,MIA,LE,68,2022
Liam Eichenberg,MIA,RT,68,2022
Lynn Bowden Jr,MIA,WR,68,2022
Patrick Laird,MIA,HB,68,2022
Robert Foster,MIA,WR,68,2022
Zach Sieler,MIA,RE,68,2022
Chad Beebe,MIN,WR,68,2022
Greg Joseph,MIN,K,68,2022
Ryan Connelly,MIN,ROLB,68,2022
Tye Smith,MIN,CB,68,2022
Brandon Bolden,NE,HB,68,2022
Cody Davis,NE,FS,68,2022
J.J. Taylor,NE,HB,68,2022
Rhamondre Stevenson,NE,HB,68,2022
Marquez Callaway,NO,WR,68,2022
Nick Vannett,NO,TE,68,2022
Paulson Adebo,NO,CB,68,2022
Payton Turner,NO,RE,68,2022
Ryan Glasgow,NO,DT,68,2022
Aaron Robinson,NYG,CB,68,2022
Austin Johnson,NYG,DT,68,2022
Kaden Smith,NYG,TE,68,2022
Nick Gates,NYG,C,68,2022
Quincy Wilson,NYG,CB,68,2022
Riley Dixon,NYG,P,68,2022
Ryan Anderson,NYG,ROLB,68,2022
Sam Beal,NYG,CB,68,2022
Zach Fulton,NYG,RG,68,2022
Bryce Huff,NYJ,RE,68,2022
Chuma Edoga,NYJ,RT,68,2022
Corey Ballentine,NYJ,CB,68,2022
Dan Feeney,NYJ,C,68,2022
Josh Adams,NYJ,HB,68,2022
Genard Avery,PHI,LOLB,68,2022
Joe Flacco,PHI,QB,68,2022
Aaron Banks,SF,RG,68,2022
Bennie Fowler III,SF,WR,68,2022
Jalen Hurd,SF,WR,68,2022
Marcell Harris,SF,SS,68,2022
Nathan Gerry,SF,ROLB,68,2022
Ben Burr-Kirven,SEA,ROLB,68,2022
Brandon Shell,SEA,RT,68,2022
Jaydon Mickens,TB,WR,68,2022
Rakeem Nunez-Roches,TB,DT,68,2022
Kendall Lamm,TEN,LT,68,2022
Tucker McCann,TEN,K,68,2022
Cornelius Lucas III,WAS,LT,68,2022
Ricky Seals-Jones,WAS,TE,68,2022
Kylie Fitts,ARI,ROLB,67,2022
Leki Fotu,ARI,RE,67,2022
Tanner Vallejo,ARI,MLB,67,2022
Deadrin Senat,ATL,LE,67,2022
Matt Hennessy,ATL,C,67,2022
T.J. Green,ATL,SS,67,2022
Davontae Harris,BAL,CB,67,2022
Iman Lewis-Marshall,BAL,CB,67,2022
Johnny Townsend,BAL,P,67,2022
Jordan Richards,BAL,SS,67,2022
Tyre Phillips,BAL,RG,67,2022
Christian Wade,BUF,HB,67,2022
Duke Williams,BUF,WR,67,2022
Ike Boettger,BUF,LG,67,2022
Jaquan Johnson,BUF,FS,67,2022
Daviyon Nixon,CAR,DT,67,2022
Shi Smith,CAR,WR,67,2022
Jake Butt,CHI,TE,67,2022
Khyiris Tonga,CHI,DT,67,2022
Kindle Vildor,CHI,CB,67,2022
Marqui Christian,CHI,SS,67,2022
Chris Evans,CIN,HB,67,2022
Jackson Carman,CIN,LG,67,2022
Joseph Ossai,CIN,LE,67,2022
Khalid Kareem,CIN,LE,67,2022
Pooka Williams Jr,CIN,HB,67,2022
Stanley Morgan Jr,CIN,WR,67,2022
Anthony Schwartz,CLE,WR,67,2022
Chris Hubbard,CLE,RT,67,2022
Demetric Felton,CLE,HB,67,2022
C.J. Goodwin,DAL,CB,67,2022
Carlos Watkins,DAL,DT,67,2022
Jeremy Sprinkle,DAL,TE,67,2022
Malik Turner,DAL,WR,67,2022
Steven Parker,DAL,FS,67,2022
Andrew Beck,DEN,FB,67,2022
Baron Browning,DEN,MLB,67,2022
Caden Sterns,DEN,SS,67,2022
McTelvin Agim,DEN,LE,67,2022
Mike Boone,DEN,HB,67,2022
Amon-Ra St. Brown,DET,WR,67,2022
Austin Bryant,DET,RE,67,2022
Charles Harris,DET,ROLB,67,2022
Ifeatu Melifonwu,DET,CB,67,2022
John Penisini,DET,DT,67,2022
Josh Myers,GB,C,67,2022
Josiah Deguara,GB,TE,67,2022
Kamal Martin,GB,MLB,67,2022
Kylin Hill,GB,HB,67,2022
John Reid,HOU,CB,67,2022
Jonathan Greenard,HOU,LE,67,2022
Justin McCray,HOU,LG,67,2022
Max Scharping,HOU,LG,67,2022
Vincent Taylor,HOU,DT,67,2022
Dayo Odeyingbo,IND,LE,67,2022
Gary Jennings,IND,WR,67,2022
Isaiah Rodgers,IND,CB,67,2022
Chris Claybrooks,JAX,CB,67,2022
Dare Ogunbowale,JAX,HB,67,2022
Rudy Ford,JAX,SS,67,2022
Walker Little,JAX,RT,67,2022
Darwin Thompson,KC,HB,67,2022
Mike Danna,KC,RE,67,2022
John Simpson,LV,RG,67,2022
Keelan Doss,LV,WR,67,2022
Joe Reed,LAC,WR,67,2022
Josh Palmer,LAC,WR,67,2022
Tevaughn Campbell,LAC,CB,67,2022
Bobby Brown III,LAR,LE,67,2022
Joseph Noteboom,LAR,RG,67,2022
Duke Riley,MIA,MLB,67,2022
Hunter Long,MIA,TE,67,2022
Jacoby Brissett,MIA,QB,67,2022
Jesse Davis,MIA,LT,67,2022
Sam Eguavoen,MIA,ROLB,67,2022
Chazz Surratt,MIN,ROLB,67,2022
Harrison Hand,MIN,CB,67,2022
Kellen Mond,MIN,QB,67,2022
Troy Dye,MIN,LOLB,67,2022
Tyler Conklin,MIN,TE,67,2022
Akeem Spence,NE,DT,67,2022
Anfernee Jennings,NE,LOLB,67,2022
Byron Cowart,NE,DT,67,2022
Devin Smith,NE,WR,67,2022
Harvey Langi,NE,MLB,67,2022
Justin Bethel,NE,CB,67,2022
Montravius Adams,NE,RE,67,2022
Terez Hall,NE,MLB,67,2022
Carl Granderson,NO,LE,67,2022
Dwayne Washington,NO,HB,67,2022
Taysom Hill,NO,QB,67,2022
Jonotthan Harrison,NYG,C,67,2022
Matthew Peart,NYG,RT,67,2022
Jamien Sherwood,NYJ,SS,67,2022
Josh Malone,NYJ,WR,67,2022
Sam Ficken,NYJ,K,67,2022
Hassan Ridgeway,PHI,DT,67,2022
Marcus Epps,PHI,SS,67,2022
Anthony McFarland,PIT,HB,67,2022
Antoine Brooks Jr,PIT,SS,67,2022
Dontae Johnson,SF,CB,67,2022
Ross Dwelley,SF,TE,67,2022
Tom Compton,SF,RG,67,2022
Darrell Taylor,SEA,LE,67,2022
Ryan Neal,SEA,SS,67,2022
Jeremiah Ledbetter,TB,LE,67,2022
Justin Watson,TB,WR,67,2022
Cameron Batson,TEN,WR,67,2022
Derick Roberson,TEN,LOLB,67,2022
Elijah Molden,TEN,CB,67,2022
Monty Rice,TEN,MLB,67,2022
Darrick Forrest,WAS,FS,67,2022
Eno Benjamin,ARI,HB,66,2022
Josh Jones,ARI,LT,66,2022
Khalfani Muhammad,ARI,HB,66,2022
Jalen Mayfield,ATL,LG,66,2022
Jonathan Bullard,ATL,RE,66,2022
Ta'Quon Graham,ATL,LE,66,2022
Brandon Stephens,BAL,CB,66,2022
Chris Board,BAL,MLB,66,2022
James Proche,BAL,WR,66,2022
Josh Oliver,BAL,TE,66,2022
Damar Hamlin,BUF,FS,66,2022
Dane Jackson,BUF,CB,66,2022
Tyler Matakevich,BUF,MLB,66,2022
Austin Larkin,CAR,LE,66,2022
Brady Christensen,CAR,LT,66,2022
Dennis Daley,CAR,LG,66,2022
Julian Stanford,CAR,LOLB,66,2022
Juston Burris,CAR,SS,66,2022
Keith Kirkwood,CAR,WR,66,2022
Kenny Robinson Jr,CAR,FS,66,2022
Sam Franklin,CAR,SS,66,2022
James Vaughters,CHI,LOLB,66,2022
Joel Iyiegbuniwe,CHI,MLB,66,2022
Jordan Evans,CIN,LOLB,66,2022
Mike Thomas,CIN,WR,66,2022
Trayveon Williams,CIN,HB,66,2022
Case Keenum,CLE,QB,66,2022
Curtis Weaver,CLE,LE,66,2022
Marvin Wilson,CLE,DT,66,2022
Nick Harris,CLE,C,66,2022
Bradlee Anae,DAL,LE,66,2022
Chauncey Golston,DAL,RE,66,2022
Jabril Cox,DAL,ROLB,66,2022
Johnnie Dixon,DAL,WR,66,2022
Quinton Bohanna,DAL,DT,66,2022
Simi Fehoko,DAL,WR,66,2022
Tyler Biadasz,DAL,C,66,2022
Amara Darboh,DEN,WR,66,2022
Cameron Fleming,DEN,RT,66,2022
Damion Willis,DEN,WR,66,2022
Essang Bassey,DEN,CB,66,2022
Quinn Meinerz,DEN,LG,66,2022
Derrick Barnes,DET,LOLB,66,2022
Jalen Reeves-Maybin,DET,MLB,66,2022
Reggie Gilbert,DET,ROLB,66,2022
Juwann Winfree,GB,WR,66,2022
Oren Burks,GB,MLB,66,2022
Ryan Winslow,GB,P,66,2022
Ty Summers,GB,MLB,66,2022
Isaiah Coulter,HOU,WR,66,2022
Tremon Smith,HOU,CB,66,2022
Andrew Brown,IND,DT,66,2022
Matthew Adams,IND,LOLB,66,2022
Shawn Davis,IND,FS,66,2022
Taylor Stallworth,IND,DT,66,2022
Daniel Thomas,JAX,SS,66,2022
Lerentee McCray,JAX,LE,66,2022
Shaquille Quarterman,JAX,MLB,66,2022
Tim Tebow,JAX,TE,66,2022
Tyler Shatley,JAX,C,66,2022
Cornell Powell,KC,WR,66,2022
Daurice Fountain,KC,WR,66,2022
Tanner Muse,LV,ROLB,66,2022
Alohi Gilman,LAC,SS,66,2022
Chris Rumph II,LAC,LOLB,66,2022
Gabe Nabers,LAC,FB,66,2022
Ty Long,LAC,P,66,2022
Austin MacGinnis,LAR,K,66,2022
Brandon Wright,LAR,P,66,2022
Jake Funk,LAR,HB,66,2022
Durham Smythe,MIA,TE,66,2022
Armon Watts,MIN,DT,66,2022
Cameron Smith,MIN,MLB,66,2022
Hercules Mata'afa,MIN,LE,66,2022
Ihmir Smith-Marsette,MIN,WR,66,2022
Mason Cole,MIN,C,66,2022
Wyatt Davis,MIN,RG,66,2022
Carl Davis,NE,DT,66,2022
Dalton Keene,NE,TE,66,2022
Devin Asiasi,NE,TE,66,2022
Gunner Olszewski,NE,WR,66,2022
James Hurst,NO,RT,66,2022
Jeff Smith,NYJ,WR,66,2022
Justin Hardee Sr,NYJ,CB,66,2022
La'Mical Perine,NYJ,HB,66,2022
Michael Carter II,NYJ,CB,66,2022
Vyncint Smith,NYJ,WR,66,2022
Davion Taylor,PHI,ROLB,66,2022
Hakeem Butler,PHI,TE,66,2022
Jordan Howard,PHI,HB,66,2022
Marlon Tuipulotu,PHI,DT,66,2022
Nick Mullens,PHI,QB,66,2022
Quez Watkins,PHI,WR,66,2022
T.J. Edwards,PHI,MLB,66,2022
B.J. Finney,PIT,C,66,2022
Buddy Johnson,PIT,MLB,66,2022
Cassius Marsh Sr,PIT,LOLB,66,2022
Isaiah Buggs,PIT,DT,66,2022
Kendrick Green,PIT,C,66,2022
Ambry Thomas,SF,CB,66,2022
Josh Rosen,SF,QB,66,2022
Kai Nacua,SF,FS,66,2022
Kevin Givens,SF,DT,66,2022
Kevin White,SF,WR,66,2022
Talanoa Hufanga,SF,SS,66,2022
Jordan Miller,SEA,CB,66,2022
Phil Haynes,SEA,RG,66,2022
Robert Nkemdiche,SEA,DT,66,2022
Travis Homer,SEA,HB,66,2022
C.J. Prosise,TB,HB,66,2022
Jaelon Darden,TB,WR,66,2022
Josh Wells,TB,LT,66,2022
Dez Fitzpatrick,TEN,WR,66,2022
Geoff Swaim,TEN,TE,66,2022
Justin March,TEN,MLB,66,2022
Teair Tart,TEN,DT,66,2022
Trevon Coley,TEN,LE,66,2022
Khaleke Hudson,WAS,ROLB,66,2022
Sam Cosmi,WAS,LT,66,2022
James Wiggins,ARI,FS,65,2022
Justin Murray,ARI,RT,65,2022
Marco Wilson,ARI,CB,65,2022
Michael Dogbe,ARI,LE,65,2022
Rashard Lawrence,ARI,DT,65,2022
Tae Hayes,ARI,CB,65,2022
Darren Hall,ATL,CB,65,2022
Jaylinn Hawkins,ATL,FS,65,2022
Ben Cleveland,BAL,LG,65,2022
Eric Tomlinson,BAL,TE,65,2022
Khalil Dorsey,BAL,CB,65,2022
Shaun Wade,BAL,CB,65,2022
Andre Smith,BUF,LOLB,65,2022
Bobby Hart,BUF,RT,65,2022
Bryan Cox Jr,BUF,RE,65,2022
Marquez Stevenson,BUF,WR,65,2022
Tyrel Dodson,BUF,ROLB,65,2022
Bravvion Roy,CAR,DT,65,2022
Caraun Reid,CAR,DT,65,2022
Christian Miller,CAR,LE,65,2022
John Miller,CAR,RG,65,2022
Keith Taylor,CAR,CB,65,2022
Myles Hartsfield,CAR,SS,65,2022
Deon Bush,CHI,SS,65,2022
Duke Shelley,CHI,CB,65,2022
Trevis Gipson,CHI,LOLB,65,2022
Xavier Crawford,CHI,CB,65,2022
Cameron Sample,CIN,RE,65,2022
Elijah Lee,CLE,ROLB,65,2022
John Kelly,CLE,HB,65,2022
Richard LeCounte III,CLE,SS,65,2022
Sheldon Day,CLE,DT,65,2022
Tony Fields II,CLE,LOLB,65,2022
Connor McGovern,DAL,RG,65,2022
Reggie Robinson,DAL,CB,65,2022
Rico Dowdle,DAL,HB,65,2022
Diontae Spencer,DEN,WR,65,2022
Isaiah Mack,DEN,LE,65,2022
Justin Strnad,DEN,MLB,65,2022
Seth Williams,DEN,WR,65,2022
Jason Cabinda,DET,FB,65,2022
Joel Heath,DET,RE,65,2022
Blake Bortles,GB,QB,65,2022
Dexter Williams,GB,HB,65,2022
Reggie Begelton,GB,WR,65,2022
T.J. Slaton Jr,GB,DT,65,2022
Will Redmond,GB,FS,65,2022
Dontrell Hilliard,HOU,HB,65,2022
Kahale Warring,HOU,TE,65,2022
Ryan Izzo,HOU,TE,65,2022
Tae Davis,HOU,MLB,65,2022
Chris Reed,IND,LG,65,2022
De'Michael Harris,IND,WR,65,2022
Jordan Thomas,IND,TE,65,2022
Kylen Granson,IND,TE,65,2022
Ben Bartch,JAX,LG,65,2022
Daniel Ross,JAX,DT,65,2022
Luq Barcoo,JAX,CB,65,2022
Pharoh Cooper,JAX,WR,65,2022
Quincy Williams,JAX,MLB,65,2022
Terry Godwin,JAX,WR,65,2022
Darius Harris,KC,LOLB,65,2022
Darrius Shepherd,KC,WR,65,2022
Brandon Parker,LV,LT,65,2022
James Onwualu,LV,LOLB,65,2022
Malcolm Koonce,LV,RE,65,2022
Brandon Facyson,LAC,CB,65,2022
Donald Parham Jr,LAC,TE,65,2022
John Hurst,LAC,WR,65,2022
K.J. Hill Jr,LAC,WR,65,2022
Larry Rountree III,LAC,HB,65,2022
Scott Quessenberry,LAC,C,65,2022
Bobby Evans Jr,LAR,RT,65,2022
Brian Allen,LAR,C,65,2022
Ernest Jones,LAR,MLB,65,2022
Michael Hoecht,LAR,LE,65,2022
Robert Rochell,LAR,CB,65,2022
Austin Jackson,MIA,LT,65,2022
Jason Strowbridge,MIA,LE,65,2022
Jermaine Eluemunor,MIA,RT,65,2022
Camryn Bynum,MIN,FS,65,2022
Josh Metellus,MIN,FS,65,2022
K.J. Osborn,MIN,WR,65,2022
Kris Boyd,MIN,CB,65,2022
Patrick Jones II,MIN,RE,65,2022
Alex Redmond,NE,LG,65,2022
Jakob Johnson,NE,FB,65,2022
Joshuah Bledsoe,NE,SS,65,2022
Juwan Johnson,NO,WR,65,2022
Malcolm Roach,NO,DT,65,2022
Cullen Gillaspia,NYG,FB,65,2022
David Sills V,NYG,WR,65,2022
Devante Downs,NYG,MLB,65,2022
Levine Toilolo,NYG,TE,65,2022
Reggie Ragland,NYG,MLB,65,2022
Shane Lemieux,NYG,RG,65,2022
Tae Crowder,NYG,MLB,65,2022
Brandin Echols,NYJ,CB,65,2022
Hamsah Nasirildeen,NYJ,ROLB,65,2022
Jason Pinnock,NYJ,CB,65,2022
Jonathan Marshall,NYJ,DT,65,2022
Jack Driscoll,PHI,RG,65,2022
Jason Huntley,PHI,HB,65,2022
Zech McPhearson,PHI,CB,65,2022
Anthony Johnson,PIT,WR,65,2022
Arthur Maulet,PIT,CB,65,2022
Marcus Allen,PIT,FS,65,2022
Daniel Brunskill,SF,RG,65,2022
Deommodore Lenoir,SF,CB,65,2022
JaMycal Hasty,SF,HB,65,2022
Justin Skule,SF,LT,65,2022
Ken Webster,SF,CB,65,2022
Kentavius Street,SF,DT,65,2022
Colby Parkinson,SEA,TE,65,2022
DeeJay Dallas,SEA,HB,65,2022
Freddie Swain,SEA,WR,65,2022
Tre Brown,SEA,CB,65,2022
Raven Greene,TB,SS,65,2022
Brady Breeze,TEN,FS,65,2022
Dillon Radunz,TEN,RT,65,2022
Ty Sambrailo,TEN,RT,65,2022
Casey Toohill,WAS,LE,65,2022
Dax Milne,WAS,WR,65,2022
Deshazor Everett,WAS,FS,65,2022
Isaiah Wright,WAS,WR,65,2022
James Smith-Williams,WAS,DT,65,2022
Jeremy Reaves,WAS,SS,65,2022
John Bates,WAS,TE,65,2022
Jordan Kunaszyk,WAS,ROLB,65,2022
Kyle Allen,WAS,QB,65,2022
Troy Apke,WAS,FS,65,2022
Charles Washington,ARI,FS,64,2022
Darrell Daniels,ARI,TE,64,2022
Jonathan Ward,ARI,HB,64,2022
Terrance Smith,ARI,LOLB,64,2022
Antonio Nunn,ATL,WR,64,2022
Dom Maggio,ATL,P,64,2022
Frank Darby,ATL,WR,64,2022
Qadree Ollison,ATL,HB,64,2022
Shareef Miller,ATL,LOLB,64,2022
Andre Smith,BAL,RT,64,2022
Ben Bredeson,BAL,LG,64,2022
Otaro Alaka,BAL,MLB,64,2022
Darryl Johnson Jr,BUF,LE,64,2022
Isaiah Hodgins,BUF,WR,64,2022
Mike Love,BUF,RE,64,2022
Spencer Brown,BUF,RT,64,2022
Paddy Fisher,CAR,LOLB,64,2022
Reggie Bonnafon,CAR,HB,64,2022
Rodney Smith,CAR,HB,64,2022
Sean Chandler,CAR,FS,64,2022
Stantley Thomas-Oliver III,CAR,CB,64,2022
Chris Lacy,CHI,WR,64,2022
Dazz Newsome,CHI,WR,64,2022
DeAndre Houston-Carson,CHI,FS,64,2022
Sam Mustipher,CHI,C,64,2022
Thomas Graham Jr,CHI,CB,64,2022
Amani Bledsoe,CIN,RE,64,2022
Joe Bachie Jr,CIN,MLB,64,2022
Markus Bailey,CIN,MLB,64,2022
Josh Tupou,CIN,DT,64,2022
Cameron Malveaux,CLE,RE,64,2022
Colby Gossett,CLE,RG,64,2022
Derrick Willies,CLE,WR,64,2022
Drew Forbes,CLE,RG,64,2022
Joe Jackson,CLE,LE,64,2022
Nahshon Wright,DAL,CB,64,2022
Rashard Robinson,DAL,CB,64,2022
Ron'Dell Carter,DAL,RE,64,2022
Sewo Olonilua,DAL,HB,64,2022
Kendall Hinton,DEN,WR,64,2022
Levante Bellamy,DEN,HB,64,2022
Marquiss Spencer,DEN,LE,64,2022
Jermar Jefferson,DET,HB,64,2022
Tom Kennedy,DET,WR,64,2022
Jon Runyan,GB,RG,64,2022
Malik Taylor,GB,WR,64,2022
A.J. Moore Jr,HOU,FS,64,2022
Garret Wallow,HOU,LOLB,64,2022
Dezmon Patmon,IND,WR,64,2022
Jet Anderson,IND,HB,64,2022
Armani Watts,KC,FS,64,2022
Blake Bell,KC,TE,64,2022
Gehrig Dieter,KC,WR,64,2022
Lucas Niang,KC,RT,64,2022
Nick Allegretti,KC,LG,64,2022
Nick Keizer,KC,TE,64,2022
Noah Gray,KC,TE,64,2022
Tim Ward,KC,LE,64,2022
Gerri Green,LV,LE,64,2022
Nate Hobbs,LV,CB,64,2022
Austin Proehl,LAC,WR,64,2022
Ben DeLuca,LAC,FS,64,2022
Emeke Egbule,LAC,ROLB,64,2022
Mark Webb Jr,LAC,FS,64,2022
Nick Niemann,LAC,MLB,64,2022
Tre' McKitty,LAC,TE,64,2022
Brycen Hopkins,LAR,TE,64,2022
Dont'e Deayon,LAR,CB,64,2022
Earnest Brown IV,LAR,RE,64,2022
J.R. Reed,LAR,FS,64,2022
Justin Lawler,LAR,LOLB,64,2022
Javaris Davis,MIA,CB,64,2022
Jordan Scarlett,MIA,HB,64,2022
James Lynch,MIN,DT,64,2022
Janarius Robinson,MIN,LE,64,2022
Jaylen Twyman,MIN,DT,64,2022
Kenny Willekes,MIN,RE,64,2022
Matt LaCosse,NE,TE,64,2022
Matthew Slater,NE,WR,64,2022
Myles Bryant,NE,CB,64,2022
Nick Thurman,NE,DT,64,2022
Ronnie Perkins,NE,ROLB,64,2022
Kaden Elliss,NO,LOLB,64,2022
Lil'Jordan Humphrey,NO,WR,64,2022
Cam Brown,NYG,ROLB,64,2022
Gary Brightwell,NYG,HB,64,2022
Kenny Wiggins,NYG,RG,64,2022
Niko Lalos,NYG,LOLB,64,2022
Rodarius Williams,NYG,CB,64,2022
Kenny Yeboah,NYJ,TE,64,2022
Noah Dawkins,NYJ,LOLB,64,2022
Trevon Wesco,NYJ,TE,64,2022
Craig James,PHI,CB,64,2022
Grayland Arnold,PHI,SS,64,2022
JaCoby Stevens,PHI,SS,64,2022
Jason Croom,PHI,TE,64,2022
Joe Ostman,PHI,LE,64,2022
Michael Jacquet III,PHI,CB,64,2022
Michael Walker,PHI,WR,64,2022
Aviante Collins,PIT,RG,64,2022
Chukwuma Okorafor,PIT,LT,64,2022
Demarcus Christmas,PIT,DT,64,2022
Henry Mondeaux,PIT,LE,64,2022
James Pierre,PIT,CB,64,2022
Quincy Roche,PIT,ROLB,64,2022
Trey Edmunds,PIT,HB,64,2022
Tim Harris,SF,CB,64,2022
John Ursua,SEA,WR,64,2022
Nate Evans,SEA,ROLB,64,2022
Chris Wilcox,TB,CB,64,2022
Cyril Grayson Jr,TB,WR,64,2022
Khalil Davis,TB,LE,64,2022
Kyle Trask,TB,QB,64,2022
Robert Hainsey,TB,RG,64,2022
Troymaine Pope,TB,HB,64,2022
Chris Jackson,TEN,CB,64,2022
Cody Hollister,TEN,WR,64,2022
Greg Mabin,TEN,CB,64,2022
Maurice Smith,TEN,FS,64,2022
Olasunkanmi Adeniyi,TEN,ROLB,64,2022
Saahdiq Charles,WAS,LG,64,2022
Shaka Toney,WAS,RE,64,2022
Tyler Larsen,WAS,C,64,2022
David Parry,ARI,DT,63,2022
Evan Weaver,ARI,MLB,63,2022
Tay Gowan,ARI,CB,63,2022
Adetokunbo Ogundeji,ATL,LE,63,2022
Christian Blake,ATL,WR,63,2022
Tony Brooks-James,ATL,HB,63,2022
Tyler Hall,ATL,CB,63,2022
Broderick Washington Jr,BAL,LE,63,2022
Chris Westry,BAL,CB,63,2022
Daelin Hayes,BAL,LOLB,63,2022
Kristian Welch,BAL,MLB,63,2022
Brandin Bryant,BUF,DT,63,2022
Cam Lewis,BUF,CB,63,2022
Tommy Sweeney,BUF,TE,63,2022
Brandon Zylstra,CAR,WR,63,2022
Deonte Brown,CAR,RG,63,2022
Frank Herron,CAR,DT,63,2022
Phil Hoskins,CAR,DT,63,2022
Stephen Sullivan,CAR,TE,63,2022
J.P. Holtz,CHI,TE,63,2022
Tre Roberson,CHI,CB,63,2022
Wyatt Hubert,CIN,RE,63,2022
Keandre Jones,CIN,ROLB,63,2022
Trayvon Henderson,CIN,FS,63,2022
Brian Allen,CLE,CB,63,2022
James Hudson III,CLE,RT,63,2022
Jovante Moffatt,CLE,SS,63,2022
Michael Dunn,CLE,LG,63,2022
Francis Bernard,DAL,MLB,63,2022
Israel Mukuamu,DAL,FS,63,2022
Justin Hamilton,DAL,DT,63,2022
Deyon Sizer,DEN,RE,63,2022
Kary Vincent Jr,DEN,CB,63,2022
P.J. Locke,DEN,FS,63,2022
Trey Marshall,DEN,FS,63,2022
Victor Bolden Jr,DET,WR,63,2022
Henry Black,GB,FS,63,2022
Royce Newman,GB,RG,63,2022
Shemar Jean-Charles,GB,CB,63,2022
Davis Mills,HOU,QB,63,2022
Nate Hall,HOU,MLB,63,2022
Benny LeMay,IND,HB,63,2022
Jacob Eason,IND,QB,63,2022
Julie'n Davenport,IND,LT,63,2022
Mike Strachan,IND,WR,63,2022
Robert Windsor,IND,DT,63,2022
Sam Tevi,IND,LT,63,2022
Skai Moore,IND,MLB,63,2022
Zaire Franklin,IND,MLB,63,2022
Devine Ozigbo,JAX,HB,63,2022
Jalen Camp,JAX,WR,63,2022
Elijah McGuire,KC,HB,63,2022
Prince Tega Wanogho,KC,LT,63,2022
Trey Smith,KC,LG,63,2022
Dallin Leavitt,LV,FS,63,2022
Derek Carrier,LV,TE,63,2022
Jason Moore,LAC,WR,63,2022
Oday Aboushi,LAC,RG,63,2022
Stephen Anderson,LAC,TE,63,2022
Jacob Harris,LAR,TE,63,2022
Juju Hughes,LAR,FS,63,2022
Nick Scott,LAR,SS,63,2022
Nsimba Webster,LAR,WR,63,2022
Trishton Jackson,LAR,WR,63,2022
Xavier Jones,LAR,HB,63,2022
Michael Deiter,MIA,C,63,2022
Terrell Bonds,MIA,CB,63,2022
Blake Proehl,MIN,WR,63,2022
Dakota Dozier,MIN,LG,63,2022
Rashod Hill,MIN,LT,63,2022
Cameron McGrone,NE,MLB,63,2022
Andrew Dowell,NO,MLB,63,2022
Eric Burrell,NO,SS,63,2022
Chris Milton,NYG,CB,63,2022
RJ McIntosh,NYG,RE,63,2022
Taquan Mizzell Sr,NYG,HB,63,2022
Del'Shawn Phillips,NYJ,LOLB,63,2022
Lawrence Cager,NYJ,WR,63,2022
Matt Pryor,PHI,RT,63,2022
Patrick Johnson,PHI,LE,63,2022
Shakial Taylor,PHI,CB,63,2022
Carlos Davis,PIT,RE,63,2022
Dwayne Haskins Jr,PIT,QB,63,2022
Isaiahh Loudermilk,PIT,RE,63,2022
Tre Norwood,PIT,CB,63,2022
Ulysees Gilbert III,PIT,MLB,63,2022
Azeez Al-Shaair,SF,ROLB,63,2022
Charlie Woerner,SF,TE,63,2022
Daeshon Hall,SF,RE,63,2022
Jauan Jennings,SF,WR,63,2022
Aashari Crosswell,SEA,FS,63,2022
Bryan Mone,SEA,DT,63,2022
Cedrick Lattimore,SEA,DT,63,2022
Darvin Kidsy,SEA,WR,63,2022
Jamarco Jones,SEA,RG,63,2022
Jon Rhattigan,SEA,MLB,63,2022
Nick Bellore,SEA,FB,63,2022
Penny Hart,SEA,WR,63,2022
Cam Gill,TB,ROLB,63,2022
Joe Jones,TB,MLB,63,2022
K.J. Britt,TB,MLB,63,2022
Nate Brooks,TB,CB,63,2022
Briley Moore,TEN,TE,63,2022
David Quessenberry,TEN,LT,63,2022
Larrell Murchison,TEN,RE,63,2022
Nick Westbrook-Ikhine,TEN,WR,63,2022
Racey McMath,TEN,WR,63,2022
Rashad Weaver,TEN,ROLB,63,2022
Tuzar Skipper,TEN,LOLB,63,2022
Danny Johnson,WAS,CB,63,2022
Wes Martin,WAS,RG,63,2022
William Bradley-King,WAS,RE,63,2022
A.J. Richardson,ARI,WR,62,2022
Antoine Wesley,ARI,WR,62,2022
Jamal Carter,ARI,SS,62,2022
Avery Williams,ATL,CB,62,2022
Drew Dalman,ATL,C,62,2022
Jeff Badet,ATL,WR,62,2022
JR Pace,ATL,SS,62,2022
Keith Smith,ATL,FB,62,2022
Clay Johnston,CAR,ROLB,62,2022
Omar Bayless,CAR,WR,62,2022
P.J. Walker,CAR,QB,62,2022
Alex Bars,CHI,RG,62,2022
Artavis Pierce,CHI,HB,62,2022
Jesper Horsted,CHI,TE,62,2022
Donnie Lewis Jr,CIN,CB,62,2022
Jalen Davis,CIN,CB,62,2022
Hakeem Adeniji,CIN,LT,62,2022
Brandon Wilson,CIN,FS,62,2022
Thaddeus Moss,CIN,TE,62,2022
Trenton Irwin,CIN,WR,62,2022
Brandon Knight,DAL,LT,62,2022
Deante Burton,DAL,CB,62,2022
Josh Ball,DAL,LT,62,2022
Eric Saubert,DEN,TE,62,2022
Jonathon Cooper,DEN,LE,62,2022
Parnell Motley,DEN,CB,62,2022
Tyrie Cleveland,DEN,WR,62,2022
C.J. Moore,DET,FS,62,2022
Logan Stenberg,DET,LG,62,2022
Michael Warren II,DET,HB,62,2022
Dominique Dafney,GB,TE,62,2022
Isaac Nauta,GB,TE,62,2022
Isaiah McDuffie,GB,MLB,62,2022
Andre Chachere,IND,CB,62,2022
E.J. Speed,IND,ROLB,62,2022
Jordan Smith,JAX,ROLB,62,2022
Luke Farrell,JAX,TE,62,2022
Austin Edwards,KC,LE,62,2022
BoPete Keyes,KC,CB,62,2022
Demone Harris,KC,LE,62,2022
Dicaprio Bootle,KC,CB,62,2022
Joshua Kaindoh,KC,RE,62,2022
Javin White,LV,LOLB,62,2022
Keisean Nixon,LV,CB,62,2022
Chase Daniel,LAC,QB,62,2022
Cortez Broughton,LAC,LE,62,2022
Joe Gaziano,LAC,LE,62,2022
Trey Pipkins III,LAC,LT,62,2022
Ben Skowronek,LAR,WR,62,2022
Chris Garrett,LAR,ROLB,62,2022
J.J. Koski,LAR,WR,62,2022
Raymond Calais,LAR,HB,62,2022
Brian Cole II,MIA,SS,62,2022
Gerrid Doaks,MIA,HB,62,2022
Jonathan Ledbetter,MIA,LE,62,2022
Dylan Mabin,MIN,CB,62,2022
Albert Huggins Jr,NO,DT,62,2022
Chase Hansen,NO,ROLB,62,2022
Christian Ringo,NO,DT,62,2022
Dylan Soehner,NO,TE,62,2022
Garrett Griffin,NO,TE,62,2022
J.T. Gray,NO,SS,62,2022
Kawaan Baker,NO,WR,62,2022
Lorenzo Neal,NO,DT,62,2022
Shaq Smith,NO,LOLB,62,2022
Elerson Smith,NYG,ROLB,62,2022
Trent Harris,NYG,LOLB,62,2022
Bennett Jackson,NYJ,FS,62,2022
Cameron Clark,NYJ,LT,62,2022
Lamar Jackson,NYJ,CB,62,2022
Nate Herbig,PHI,LG,62,2022
Dan Moore Jr,PIT,LT,62,2022
Donovan Stiner,PIT,SS,62,2022
Joshua Dobbs,PIT,QB,62,2022
Mason Rudolph,PIT,QB,62,2022
Tegray Scales,PIT,MLB,62,2022
Zach Banner,PIT,RT,62,2022
Aaron Fuller,SEA,WR,62,2022
Walter Palmore,SEA,DT,62,2022
Antonio Hamilton,TB,CB,62,2022
John Franklin III,TB,WR,62,2022
Pat O'Connor,TB,RE,62,2022
Jeremy McNichols,TEN,HB,62,2022
Mason Kinsey,TEN,WR,62,2022
Jared Norris,WAS,MLB,62,2022
Justin Phillips,WAS,LOLB,62,2022
Chris Streveler,ARI,QB,61,2022
Colt McCoy,ARI,QB,61,2022
Victor Dimukeje,ARI,ROLB,61,2022
Caleb Huntley,ATL,HB,61,2022
Chris Williamson,ATL,CB,61,2022
Jaeden Graham,ATL,TE,61,2022
John Raine,ATL,FB,61,2022
Olive Sagapolu,ATL,DT,61,2022
LaCale London,CHI,RE,61,2022
Ryan Nall,CHI,HB,61,2022
Michael Jordan,CIN,LG,61,2022
Luke Gifford,DAL,MLB,61,2022
Jonathan Harris,DEN,LE,61,2022
Alex Brown,DET,CB,61,2022
Brian Price,DET,DT,61,2022
Godwin Igwebuike,DET,SS,61,2022
Jashon Cornell,DET,LE,61,2022
Carlo Kemp,GB,RE,61,2022
Jack Heflin,GB,LE,61,2022
Randy LARey,GB,ROLB,61,2022
Stanford Samuels III,GB,CB,61,2022
Tipa Galeai,GB,LOLB,61,2022
Vernon Scott,GB,SS,61,2022
Danny Pinter,IND,RG,61,2022
Asmar Bilal,LV,MLB,61,2022
Sam Young,LV,RT,61,2022
Breiden Fehoko,LAC,DT,61,2022
Darius Bradwell,LAC,HB,61,2022
Easton Stick,LAC,QB,61,2022
Frederick Smith Jr,LAC,RE,61,2022
Jake Gervase,LAR,SS,61,2022
Johnny Mundt,LAR,TE,61,2022
Marquise Copeland,LAR,LE,61,2022
Blake Lynch,MIN,ROLB,61,2022
Dru Samia,MIN,RG,61,2022
Olisaemeka Udoh,MIN,RT,61,2022
Zach Davidson,MIN,TE,61,2022
Ian Book,NO,QB,61,2022
Sutton Smith,NO,FB,61,2022
Abdullah Anderson,PIT,DT,61,2022
Isaiah McKoy,PIT,WR,61,2022
Joe Haeg,PIT,RT,61,2022
Miles Killebrew,PIT,MLB,61,2022
Stephen Denmark,PIT,CB,61,2022
Cedric Ogbuehi,SEA,RT,61,2022
Dee Delaney,TB,CB,61,2022
Grant Stuard,TB,MLB,61,2022
Kobe Smith,TB,RE,61,2022
Sam Renner,TB,LE,61,2022
Tanner Hudson,TB,TE,61,2022
B.J. Bello,TEN,MLB,61,2022
Jalen Jelks,WAS,LE,61,2022
Keith Ismael,WAS,C,61,2022
Jace Whittaker,ARI,CB,60,2022
Max Garcia,ARI,LG,60,2022
Chris Slayton,ATL,LE,60,2022
Erroll Thompson,ATL,MLB,60,2022
Freedom Akinmoladun,CIN,DT,60,2022
Isaiah Prince,CIN,RT,60,2022
Charlie Taumoepeau,DET,TE,60,2022
Kevin Strong,DET,RE,60,2022
Niles Scott,LV,DT,60,2022
Jared Goldwire,LAC,RE,60,2022
Eric Banks,LAR,RE,60,2022
Kareem Orr,LAR,CB,60,2022
Travin Howard,LAR,MLB,60,2022
Calvin Throckmorton,NO,RG,60,2022
Deuce Wallace,NO,CB,60,2022
Chris Jones,TEN,CB,60,2022
Woodrow Hamilton,TEN,LE,60,2022
A.J. McCarron,ATL,QB,59,2022
Jake Hanson,GB,C,59,2022
Jonathan Garvin,GB,ROLB,59,2022
Brenden Jaimes,LAC,LT,59,2022
Cole Christiansen,LAC,MLB,59,2022
Donte Vaughn,LAC,CB,59,2022
Christian Rozeboom,LAR,MLB,59,2022
Bryce Thompson,NO,CB,59,2022
Jake Lampman,NO,WR,59,2022
Will Clapp,NO,C,59,2022
Wynton McManis,NO,ROLB,59,2022
Myles Adams,SEA,DT,59,2022
Saivion Smith,SEA,CB,59,2022
Tyler Mabry,SEA,TE,59,2022
Bruce Hector,TEN,RE,59,2022
Jared Pinkney,TEN,TE,59,2022
Alijah Holder,DET,FS,58,2022
Jerry Jacobs,DET,CB,58,2022
Jordan Simmons,SEA,LG,58,2022
Aaron Donald,Rams,RE,99,2023
Davante Adams,Raiders,WR,99,2023
Myles Garrett,Browns,RE,99,2023
Trent Williams,49ers,LT,99,2023
Cooper Kupp,Rams,WR,98,2023
Jalen Ramsey,Rams,CB,98,2023
Travis Kelce,Chiefs,TE,98,2023
Zack Martin,Cowboys,RG,98,2023
Derrick Henry,Titans,HB,97,2023
George Kittle,49ers,TE,97,2023
Tom Brady,Buccaneers,QB,97,2023
Tyreek Hill,Dolphins,WR,97,2023
Aaron Rodgers,Packers,QB,96,2023
Christian McCaffrey,Panthers,HB,96,2023
DeAndre Hopkins,Cardinals,WR,96,2023
Nick Chubb,Browns,HB,96,2023
T.J. Watt,Steelers,LOLB,96,2023
Jonathan Taylor,Colts,HB,95,2023
Patrick Mahomes,Chiefs,QB,95,2023
Quenton Nelson,Colts,LG,95,2023
Stefon Diggs,Bills,WR,95,2023
Tyron Smith,Cowboys,LT,95,2023
Dalvin Cook,Vikings,HB,94,2023
David Bakhtiari,Packers,LT,94,2023
Fred Warner,49ers,MLB,94,2023
Jaire Alexander,Packers,CB,94,2023
Nick Bosa,49ers,RE,94,2023
Tyrann Mathieu,Saints,SS,94,2023
Cameron Heyward,Steelers,RE,93,2023
Demario Davis,Saints,MLB,93,2023
Derwin James Jr,Chargers,SS,93,2023
Joe Mixon,Bengals,HB,93,2023
Justin Jefferson,Vikings,WR,93,2023
Mark Andrews,Ravens,TE,93,2023
Terron Armstead,Dolphins,LT,93,2023
Tre'Davious White,Bills,CB,93,2023
Vita Vea,Buccaneers,DT,93,2023
Budda Baker,Cardinals,SS,92,2023
Darius Slay Jr,Eagles,CB,92,2023
Denzel Ward,Browns,CB,92,2023
Jonathan Allen,Commanders,DT,92,2023
Josh Allen,Bills,QB,92,2023
Kevin Byard,Titans,FS,92,2023
Khalil Mack,Chargers,ROLB,92,2023
Lane Johnson,Eagles,RT,92,2023
Lavonte David,Buccaneers,MLB,92,2023
Mike Evans,Buccaneers,WR,92,2023
Von Miller,Bills,RE,92,2023
Bobby Wagner,Rams,MLB,91,2023
Cameron Jordan,Saints,LE,91,2023
Chris Jones,Chiefs,DT,91,2023
Corey Linsley,Chargers,C,91,2023
Darren Waller,Raiders,TE,91,2023
Joey Bosa,Chargers,LOLB,91,2023
Justin Simmons,Broncos,FS,91,2023
Keenan Allen,Chargers,WR,91,2023
Marshon Lattimore,Saints,CB,91,2023
Micah Hyde,Bills,FS,91,2023
Stephon Gilmore,Colts,CB,91,2023
Terry McLaurin,Commanders,WR,91,2023
Tristan Wirfs,Buccaneers,RT,91,2023
Alvin Kamara,Saints,HB,90,2023
Amari Cooper,Browns,WR,90,2023
Chandler Jones,Raiders,ROLB,90,2023
Darius Leonard,Colts,LOLB,90,2023
DeForest Buckner,Colts,DT,90,2023
DeMarcus Lawrence,Cowboys,LE,90,2023
Harrison Smith,Vikings,SS,90,2023
Jamal Adams,Seahawks,SS,90,2023
Jason Kelce,Eagles,C,90,2023
JC Jackson,Chargers,CB,90,2023
Jessie Bates III,Bengals,FS,90,2023
Joe Burrow,Bengals,QB,90,2023
Joel Bitonio,Browns,LG,90,2023
Jordan Poyer,Bills,SS,90,2023
Justin Tucker,Ravens,K,90,2023
Marlon Humphrey,Ravens,CB,90,2023
Michael Thomas,Saints,WR,90,2023
Ronnie Stanley,Ravens,LT,90,2023
Ryan Jensen,Buccaneers,C,90,2023
Tyler Lockett,Seahawks,WR,90,2023
A.J. Terrell Jr,Falcons,CB,89,2023
Aaron Jones,Packers,HB,89,2023
Chris Godwin,Buccaneers,WR,89,2023
D.K. Metcalf,Seahawks,WR,89,2023
Dak Prescott,Cowboys,QB,89,2023
Deebo Samuel,49ers,WR,89,2023
Kendall Fuller,Commanders,CB,89,2023
Kenny Clark,Packers,DT,89,2023
Minkah Fitzpatrick,Steelers,FS,89,2023
Rashan Gary,Packers,LOLB,89,2023
Rodney Hudson,Cardinals,C,89,2023
Roquan Smith,Bears,ROLB,89,2023
Ryan Ramczyk,Saints,RT,89,2023
T.J. Hockenson,Lions,TE,89,2023
Wyatt Teller,Browns,RG,89,2023
Xavien Howard,Dolphins,CB,89,2023
Adam Thielen,Vikings,WR,88,2023
Adrian Amos,Packers,SS,88,2023
Austin Ekeler,Chargers,HB,88,2023
D.J. Moore,Panthers,WR,88,2023
Danielle Hunter,Vikings,LOLB,88,2023
Eric Kendricks,Vikings,MLB,88,2023
Ezekiel Elliott,Cowboys,HB,88,2023
Fletcher Cox,Eagles,DT,88,2023
Jeffery Simmons,Titans,RE,88,2023
Joe Thuney,Chiefs,LG,88,2023
Justin Herbert,Chargers,QB,88,2023
Laremy Tunsil,Texans,LT,88,2023
Micah Parsons,Cowboys,ROLB,88,2023
Michael Pierce,Ravens,DT,88,2023
Shaquil Barrett,Buccaneers,LOLB,88,2023
A.J. Brown,Eagles,WR,87,2023
Antoine Winfield Jr,Buccaneers,FS,87,2023
Brandin Cooks,Texans,WR,87,2023
Brandon Scherff,Jaguars,RG,87,2023
Byron Jones,Dolphins,CB,87,2023
Calais Campbell,Ravens,RE,87,2023
Casey Hayward Jr,Falcons,CB,87,2023
Da'Ron Payne,Commanders,DT,87,2023
De'Vondre Campbell,Packers,MLB,87,2023
Devin McCourty,Patriots,FS,87,2023
Frank Ragnow,Lions,C,87,2023
J.J. Watt,Cardinals,LE,87,2023
Ja'Marr Chase,Bengals,WR,87,2023
Jimmie Ward,49ers,SS,87,2023
Josh Jacobs,Raiders,HB,87,2023
Kenny Moore II,Colts,CB,87,2023
Kyle Juszczyk,49ers,FB,87,2023
Kyle Pitts,Falcons,TE,87,2023
La'el Collins,Bengals,RT,87,2023
Lamar Jackson,Ravens,QB,87,2023
Leonard Fournette,Buccaneers,HB,87,2023
Matthew Judon,Patriots,LOLB,87,2023
Maxx Crosby,Raiders,LOLB,87,2023
Russell Wilson,Broncos,QB,87,2023
Shaq Mason,Buccaneers,RG,87,2023
Arik Armstead,49ers,LE,86,2023
Brian Burns,Panthers,LE,86,2023
Calvin Ridley,Falcons,WR,86,2023
Chase Young,Commanders,LE,86,2023
Creed Humphrey,Chiefs,C,86,2023
Kareem Hunt,Browns,HB,86,2023
Marcus Williams,Ravens,FS,86,2023
Marcus Peters,Ravens,CB,86,2023
Mike Gesicki,Dolphins,TE,86,2023
Mike Williams,Chargers,WR,86,2023
Quinnen Williams,Jets,DT,86,2023
Robert Woods,Titans,WR,86,2023
Saquon Barkley,Giants,HB,86,2023
Za'Darius Smith,Vikings,ROLB,86,2023
Braden Smith,Colts,RT,85,2023
CeeDee Lamb,Cowboys,WR,85,2023
Chidobe Awuzie,Bengals,CB,85,2023
Cordarrelle Patterson,Falcons,HB,85,2023
Dallas Goedert,Eagles,TE,85,2023
David Andrews,Patriots,C,85,2023
Devin White,Buccaneers,MLB,85,2023
Diontae Johnson,Steelers,WR,85,2023
Elgton Jenkins,Packers,RT,85,2023
Grady Jarrett,Falcons,RE,85,2023
Hunter Renfrow,Raiders,WR,85,2023
Josh Allen,Jaguars,ROLB,85,2023
Kevin Zeitler,Ravens,RG,85,2023
Matthew Stafford,Rams,QB,85,2023
Najee Harris,Steelers,HB,85,2023
Rob Havenstein,Rams,RT,85,2023
Trey Hendrickson,Bengals,RE,85,2023
A.J. Cole III,Raiders,P,84,2023
Akiem Hicks,Buccaneers,RE,84,2023
Chris Lindstrom,Falcons,RG,84,2023
Courtland Sutton,Broncos,WR,84,2023
D.J. Reader,Bengals,DT,84,2023
David Montgomery,Bears,HB,84,2023
Deshaun Watson,Browns,QB,84,2023
Harrison Butker,Chiefs,K,84,2023
Hunter Henry,Patriots,TE,84,2023
James Robinson,Jaguars,HB,84,2023
Javon Hargrave,Eagles,DT,84,2023
Jaylen Waddle,Dolphins,WR,84,2023
Jordan Mailata,Eagles,LT,84,2023
Kolton Miller,Raiders,LT,84,2023
Kyler Murray,Cardinals,QB,84,2023
Marquise Brown,Cardinals,WR,84,2023
Melvin Ingram,Dolphins,LOLB,84,2023
Quandre Diggs,Seahawks,FS,84,2023
Rashawn Slater,Chargers,LT,84,2023
Shaq Thompson,Panthers,ROLB,84,2023
Shaquill Griffin,Jaguars,CB,84,2023
Tremaine Edmunds,Bills,MLB,84,2023
Trent Brown,Patriots,RT,84,2023
Trevon Diggs,Cowboys,CB,84,2023
Tyler Boyd,Bengals,WR,84,2023
Zach Ertz,Cardinals,TE,84,2023
Brian O'Neill,Vikings,RT,83,2023
Bryan Anger,Cowboys,P,83,2023
Cam Akers,Rams,HB,83,2023
Carl Lawson,Jets,RE,83,2023
Chris Carson,Seahawks,HB,83,2023
Dawson Knox,Bills,TE,83,2023
Derek Carr,Raiders,QB,83,2023
DeVonta Smith,Eagles,WR,83,2023
Dion Dawkins,Bills,LT,83,2023
Eddie Jackson,Bears,FS,83,2023
Emmanuel Ogbah,Dolphins,LE,83,2023
Evan McPherson,Bengals,K,83,2023
Harold Landry III,Titans,ROLB,83,2023
Jarvis Landry,Saints,WR,83,2023
Jevon Holland,Dolphins,FS,83,2023
Leonard Williams,Giants,RE,83,2023
Logan Wilson,Bengals,ROLB,83,2023
Marcus Maye,Saints,FS,83,2023
Melvin Gordon III,Broncos,HB,83,2023
Michael Gallup,Cowboys,WR,83,2023
Michael Pittman Jr,Colts,WR,83,2023
Patrick Surtain II,Broncos,CB,83,2023
Robert Quinn,Bears,RE,83,2023
Ryan Tannehill,Titans,QB,83,2023
Taylor Moton,Panthers,RT,83,2023
Tee Higgins,Bengals,WR,83,2023
Tyler Higbee,Rams,TE,83,2023
William Jackson III,Commanders,CB,83,2023
Adoree' Jackson,Giants,CB,82,2023
Adrian Phillips,Patriots,SS,82,2023
Allen Robinson II,Rams,WR,82,2023
Andrew Norwell,Commanders,LG,82,2023
Bryce Callahan,Chargers,CB,82,2023
Byron Murphy Jr,Cardinals,CB,82,2023
C.J. Gardner-Johnson,Saints,SS,82,2023
C.J. Mosley,Jets,MLB,82,2023
Carlton Davis III,Buccaneers,CB,82,2023
Chris Boswell,Steelers,K,82,2023
Dalton Schultz,Cowboys,TE,82,2023
Damien Harris,Patriots,HB,82,2023
Darious Williams,Jaguars,CB,82,2023
Deion Jones,Falcons,MLB,82,2023
Denzel Perryman,Raiders,MLB,82,2023
DeVante Parker,Patriots,WR,82,2023
Garett Bolles,Broncos,LT,82,2023
Grover Stewart,Colts,DT,82,2023
Haason Reddick,Eagles,LOLB,82,2023
Jadeveon Clowney,Browns,LE,82,2023
Jamel Dean,Buccaneers,CB,82,2023
James Bradberry IV,Eagles,CB,82,2023
Javonte Williams,Broncos,HB,82,2023
Jaylon Johnson,Bears,CB,82,2023
Jeremy Chinn,Panthers,SS,82,2023
Jerry Jeudy,Broncos,WR,82,2023
John Johnson III,Browns,FS,82,2023
Johnny Hekker,Panthers,P,82,2023
Jordyn Brooks,Seahawks,MLB,82,2023
Justin Reid,Chiefs,SS,82,2023
Kyle Dugger,Patriots,SS,82,2023
Marcus Davenport,Saints,RE,82,2023
Marvin Jones Jr,Jaguars,WR,82,2023
Michael Dickson,Seahawks,P,82,2023
Mike Hilton,Bengals,CB,82,2023
Miles Sanders,Eagles,HB,82,2023
Myles Jack,Steelers,MLB,82,2023
Noah Fant,Seahawks,TE,82,2023
Preston Smith,Packers,ROLB,82,2023
Robbie Anderson,Panthers,WR,82,2023
Ryan Kelly,Colts,C,82,2023
Sterling Shepard,Giants,WR,82,2023
Taron Johnson,Bills,CB,82,2023
Tress Way,Commanders,P,82,2023
Tyson Alualu,Steelers,DT,82,2023
Vonn Bell,Bengals,SS,82,2023
Yannick Ngakoue,Colts,RE,82,2023
Younghoe Koo,Falcons,K,82,2023
Amani Hooker,Titans,SS,81,2023
Ben Jones,Titans,C,81,2023
Bobby Okereke,Colts,MLB,81,2023
Brandon Aiyuk,49ers,WR,81,2023
Christian Kirk,Jaguars,WR,81,2023
Daniel Carlson,Raiders,K,81,2023
Derrick Brown,Panthers,DT,81,2023
Devin Singletary,Bills,HB,81,2023
Donte Jackson,Panthers,CB,81,2023
Ed Oliver,Bills,DT,81,2023
Evan Engram,Jaguars,TE,81,2023
Graham Gano,Giants,K,81,2023
Greg Newsome II,Browns,CB,81,2023
J.K. Dobbins,Ravens,HB,81,2023
Jake Matthews,Falcons,LT,81,2023
James Conner,Cardinals,HB,81,2023
Jason Verrett,49ers,CB,81,2023
John Franklin-Myers,Jets,LE,81,2023
Jonathan Jones,Patriots,CB,81,2023
Kareem Jackson,Broncos,SS,81,2023
Kendrick Bourne,Patriots,WR,81,2023
Kenny Golladay,Giants,WR,81,2023
L'Jarius Sneed,Chiefs,CB,81,2023
Laken Tomlinson,Jets,LG,81,2023
Logan Cooke,Jaguars,P,81,2023
Matt Milano,Bills,ROLB,81,2023
Matt Ryan,Colts,QB,81,2023
Nelson Agholor,Patriots,WR,81,2023
Patrick Ricard,Ravens,FB,81,2023
Randy Gregory,Broncos,ROLB,81,2023
Sebastian Joseph-Day,Chargers,LE,81,2023
Taylor Lewan,Titans,LT,81,2023
Tony Pollard,Cowboys,HB,81,2023
Xavier McKinney,Giants,FS,81,2023
A.J. Green,Cardinals,WR,80,2023
A.J. Dillon,Packers,HB,80,2023
Anthony Harris,Eagles,SS,80,2023
Antonio Gibson,Commanders,HB,80,2023
Brandon Graham,Eagles,LE,80,2023
Charles Leno Jr,Commanders,LT,80,2023
Charvarius Ward,49ers,CB,80,2023
Chase Roullier,Commanders,C,80,2023
Cody Whitehair,Bears,LG,80,2023
D'Andre Swift,Lions,HB,80,2023
D.J. Reed Jr,Jets,CB,80,2023
David Onyemata,Saints,DT,80,2023
David Njoku,Browns,TE,80,2023
Elijah Mitchell,49ers,HB,80,2023
Eric Rowe,Dolphins,SS,80,2023
Folorunso Fatukasi,Jaguars,DT,80,2023
Foyesade Oluokun,Jaguars,MLB,80,2023
Gabriel Davis,Bills,WR,80,2023
Ja'Whaun Bentley,Patriots,MLB,80,2023
Jabrill Peppers,Patriots,FS,80,2023
Jake Bailey,Patriots,P,80,2023
Jakobi Meyers,Patriots,WR,80,2023
Jamison Crowder,Bills,WR,80,2023
Jayron Kearse,Cowboys,SS,80,2023
Jedrick Wills Jr,Browns,LT,80,2023
Josh Sweat,Eagles,LE,80,2023
JuJu Smith-Schuster,Chiefs,WR,80,2023
Kirk Cousins,Vikings,QB,80,2023
Kyle Fuller,Ravens,CB,80,2023
Leighton Vander Esch,Cowboys,MLB,80,2023
Leonard Floyd,Rams,LOLB,80,2023
Logan Ryan,Buccaneers,SS,80,2023
Montez Sweat,Commanders,RE,80,2023
Orlando Brown,Chiefs,LT,80,2023
Penei Sewell,Lions,RT,80,2023
Rasul Douglas,Packers,CB,80,2023
Robbie Gould,49ers,K,80,2023
Robert Tonyan,Packers,TE,80,2023
Rock Ya-Sin,Raiders,CB,80,2023
Rodger Saffold III,Bills,LG,80,2023
Steven Nelson,Texans,CB,80,2023
Taylor Decker,Lions,LT,80,2023
Thomas Morstead,Dolphins,P,80,2023
Tim Patrick,Broncos,WR,80,2023
Trayvon Mullen Jr,Raiders,CB,80,2023
Ahkello Witherspoon,Steelers,CB,79,2023
Austin Hooper,Titans,TE,79,2023
Avonte Maddox,Eagles,CB,79,2023
B.J. Hill,Bengals,DT,79,2023
Bradley Roby,Saints,CB,79,2023
Brett Kern,Titans,P,79,2023
Bryce Hall,Jets,CB,79,2023
C.J. Uzomah,Jets,TE,79,2023
Chase Edmonds,Dolphins,HB,79,2023
Clyde Edwards-Helaire,Chiefs,HB,79,2023
Cole Holcomb,Commanders,ROLB,79,2023
Corey Davis,Jets,WR,79,2023
Darnell Mooney,Bears,WR,79,2023
Darnell Savage,Packers,FS,79,2023
Darrell Henderson Jr,Rams,HB,79,2023
Denico Autry,Titans,LE,79,2023
Desmond King II,Texans,CB,79,2023
Dexter Lawrence II,Giants,LE,79,2023
Elijah Moore,Jets,WR,79,2023
Erik McCoy,Saints,C,79,2023
Isaiah Wynn,Patriots,LT,79,2023
Jack Fox,Lions,P,79,2023
Jack Conklin,Browns,RT,79,2023
Jalen Thompson,Cardinals,FS,79,2023
Jaquiski Tartt,Eagles,FS,79,2023
Jerome Baker,Dolphins,MLB,79,2023
Jerry Hughes Jr,Texans,LE,79,2023
Justin Pugh,Cardinals,LG,79,2023
Justin Houston,Ravens,LOLB,79,2023
Kadarius Toney,Giants,WR,79,2023
Kamren Curl,Commanders,SS,79,2023
Kenyan Drake,Raiders,HB,79,2023
Kyzir White,Eagles,ROLB,79,2023
Matt Gay,Rams,K,79,2023
Mecole Hardman,Chiefs,WR,79,2023
Mike Onwenu,Patriots,LG,79,2023
Mike McGlinchey,49ers,RT,79,2023
Mitch Morse,Bills,C,79,2023
Nick Bolton,Chiefs,MLB,79,2023
Pat Freiermuth,Steelers,TE,79,2023
Rashaan Evans,Falcons,MLB,79,2023
Rodney McLeod Jr,Colts,SS,79,2023
Rondale Moore,Cardinals,WR,79,2023
Sammy Watkins,Packers,WR,79,2023
Sean Murphy-Bunting,Buccaneers,CB,79,2023
T.J. Edwards,Eagles,MLB,79,2023
Trevon Moehrig,Raiders,FS,79,2023
Al Woods,Seahawks,DT,78,2023
Amon-Ra St. Brown,Lions,WR,78,2023
Andy Janovich,Texans,FB,78,2023
Blake Martinez,Giants,MLB,78,2023
Bobby McCain,Commanders,FS,78,2023
Bradley Chubb,Broncos,LOLB,78,2023
Brandon McManus,Broncos,K,78,2023
Chase Claypool,Steelers,WR,78,2023
Christian Wilkins,Dolphins,RE,78,2023
Chuck Clark,Ravens,SS,78,2023
Corey Bojorquez,Browns,P,78,2023
Curtis Samuel,Commanders,WR,78,2023
D.J. Chark Jr,Lions,WR,78,2023
Dalton Risner,Broncos,LG,78,2023
Deatrich Wise Jr,Patriots,LE,78,2023
Dee Ford,49ers,LE,78,2023
Derrick Nnadi,Chiefs,DT,78,2023
DeShon Elliott,Lions,SS,78,2023
Dre Greenlaw,49ers,ROLB,78,2023
Eric Stokes,Packers,CB,78,2023
Frank Clark,Chiefs,RE,78,2023
Gabe Jackson,Seahawks,RG,78,2023
Gus Edwards,Ravens,HB,78,2023
Isaiah Simmons,Cardinals,MLB,78,2023
J.D. McKissic,Commanders,HB,78,2023
James Daniels,Steelers,RG,78,2023
Jameson Williams,Lions,WR,78,2023
Jeremiah Owusu-Koramoah,Browns,ROLB,78,2023
Johnathan Abram,Raiders,SS,78,2023
Jonah Williams,Bengals,LT,78,2023
Jordan Fuller,Rams,SS,78,2023
Jordan Davis,Eagles,DT,78,2023
Kyle Van Noy,Chargers,ROLB,78,2023
Lamarcus Joyner,Jets,FS,78,2023
Logan Thomas,Commanders,TE,78,2023
Mac Jones,Patriots,QB,78,2023
Malcolm Butler,Patriots,CB,78,2023
Marcedes Lewis,Packers,TE,78,2023
Markus Golden,Cardinals,LOLB,78,2023
Matt Prater,Cardinals,K,78,2023
Matt Feiler,Chargers,LG,78,2023
Matthew Ioannidis,Panthers,DT,78,2023
Mekhi Becton,Jets,RT,78,2023
Mike Hughes,Lions,CB,78,2023
Nick Folk,Patriots,K,78,2023
Nyheim Hines,Colts,HB,78,2023
Odafe Oweh,Ravens,ROLB,78,2023
Patrick Peterson,Vikings,CB,78,2023
Raheem Mostert,Dolphins,HB,78,2023
Randall Cobb,Packers,WR,78,2023
Rashaad Penny,Seahawks,HB,78,2023
Rashad Fenton,Chiefs,CB,78,2023
Ronald Darby,Broncos,CB,78,2023
Russell Gage Jr,Buccaneers,WR,78,2023
Sam Martin,Broncos,P,78,2023
Sauce Gardner,Jets,CB,78,2023
Terrell Edmunds,Steelers,SS,78,2023
Troy Hill,Rams,CB,78,2023
Tyler Conklin,Jets,TE,78,2023
Van Jefferson,Rams,WR,78,2023
Wil Lutz,Saints,K,78,2023
Zach Pascal,Eagles,WR,78,2023
Zach Cunningham,Titans,MLB,78,2023
Aidan Hutchinson,Lions,LOLB,77,2023
Alexander Mattison,Vikings,HB,77,2023
Allen Lazard,Packers,WR,77,2023
Amani Oruwariye,Lions,CB,77,2023
Andrew Van Ginkel,Dolphins,LOLB,77,2023
Anthony Walker Jr,Browns,MLB,77,2023
Baker Mayfield,Browns,QB,77,2023
Bilal Nichols,Raiders,RE,77,2023
Blake Gillikin,Saints,P,77,2023
Bryan Edwards,Falcons,WR,77,2023
Cairo Santos,Bears,K,77,2023
Christian Barmore,Patriots,DT,77,2023
Connor McGovern,Jets,C,77,2023
Dalvin Tomlinson,Vikings,DT,77,2023
Darius Slayton,Giants,WR,77,2023
Dawuane Smoot,Jaguars,LE,77,2023
Deonte Harty,Saints,WR,77,2023
Derek Stingley Jr,Texans,CB,77,2023
Devin Bush,Steelers,MLB,77,2023
Drue Tranquill,Chargers,MLB,77,2023
Duron Harmon,Raiders,SS,77,2023
Evan Neal,Giants,RT,77,2023
George Fant,Jets,LT,77,2023
Greg Gaines,Rams,DT,77,2023
Jakeem Grant Sr,Browns,WR,77,2023
Jamaal Williams,Lions,HB,77,2023
Jayon Brown,Raiders,MLB,77,2023
Jimmy Garoppolo,49ers,QB,77,2023
Jonathan Greenard,Texans,RE,77,2023
Jonnu Smith,Patriots,TE,77,2023
Jordan Whitehead,Jets,SS,77,2023
Jordan Hicks,Vikings,MLB,77,2023
Jourdan Lewis,Cowboys,CB,77,2023
Juan Thornhill,Chiefs,FS,77,2023
K'Waun Williams,Broncos,CB,77,2023
Keanu Neal,Buccaneers,SS,77,2023
Keelan Cole Sr,Raiders,WR,77,2023
Kenneth Walker III,Seahawks,HB,77,2023
Kristian Fulton,Titans,CB,77,2023
Kwity Paye,Colts,RE,77,2023
Laviska Shenault Jr,Jaguars,WR,77,2023
Levi Wallace,Steelers,CB,77,2023
Mike Edwards,Buccaneers,FS,77,2023
Mitch Wishnowsky,49ers,P,77,2023
Nate Davis,Titans,RG,77,2023
Nick Boyle,Ravens,TE,77,2023
Rashod Bateman,Ravens,WR,77,2023
Ronald Jones II,Chiefs,HB,77,2023
Shelby Harris,Seahawks,LE,77,2023
Sidney Jones IV,Seahawks,CB,77,2023
Sony Michel,Dolphins,HB,77,2023
Tracy Walker III,Lions,FS,77,2023
Trai Turner,Commanders,RG,77,2023
Travis Etienne Jr,Jaguars,HB,77,2023
Trey Smith,Chiefs,RG,77,2023
Tyler Bass,Bills,K,77,2023
Tyus Bowser,Ravens,ROLB,77,2023
Xavier Woods,Panthers,FS,77,2023
Albert Wilson II,Vikings,WR,76,2023
Alec Ingold,Dolphins,FB,76,2023
Andrew Thomas,Giants,LT,76,2023
Anthony Brown,Cowboys,CB,76,2023
Anthony Averett,Raiders,CB,76,2023
Austin Corbett,Panthers,RG,76,2023
Breece Hall,Jets,HB,76,2023
Cameron Sutton,Steelers,CB,76,2023
Charles Harris,Lions,ROLB,76,2023
Chris Olave,Saints,WR,76,2023
D.J. Jones,Broncos,DT,76,2023
Damien Williams,Falcons,HB,76,2023
Damontae Kazee,Steelers,FS,76,2023
Demarcus Robinson,Raiders,WR,76,2023
Donovan Smith,Buccaneers,LT,76,2023
Eli Apple,Bengals,CB,76,2023
Emmanuel Moseley,49ers,CB,76,2023
Garrett Wilson,Jets,WR,76,2023
Gerald Everett,Chargers,TE,76,2023
Graham Glasgow,Broncos,RG,76,2023
Grant Delpit,Browns,SS,76,2023
Greedy Williams,Browns,CB,76,2023
Greg Rousseau,Bills,LE,76,2023
Hayden Hurst,Bengals,TE,76,2023
Ikem Ekwonu,Panthers,LT,76,2023
Isaiah McKenzie,Bills,WR,76,2023
Jaelan Phillips,Dolphins,ROLB,76,2023
Jake Elliott,Eagles,K,76,2023
Jameis Winston,Saints,QB,76,2023
James White,Patriots,HB,76,2023
Josey Jewell,Broncos,MLB,76,2023
Julian Blackmon,Colts,FS,76,2023
Julian Love,Giants,SS,76,2023
Kyle Hamilton,Ravens,SS,76,2023
Lawrence Guy,Patriots,RE,76,2023
Malik Hooker,Cowboys,FS,76,2023
Mark Ingram II,Saints,HB,76,2023
Mark Glowinski,Giants,RG,76,2023
Marquez Valdes-Scantling,Chiefs,WR,76,2023
Maxx Williams,Cardinals,TE,76,2023
Mike Davis,Ravens,HB,76,2023
Nate Hobbs,Raiders,CB,76,2023
Pete Werner,Saints,ROLB,76,2023
Poona Ford,Seahawks,RE,76,2023
Quez Watkins,Eagles,WR,76,2023
Richie James Jr,Giants,WR,76,2023
Rigoberto Sanchez,Colts,P,76,2023
Romeo Okwara,Lions,ROLB,76,2023
Ronnie Harrison Jr,Browns,SS,76,2023
Samson Ebukam,49ers,RE,76,2023
Taylor Rapp,Rams,FS,76,2023
Tony Jefferson II,Ravens,SS,76,2023
Travon Walker,Jaguars,LOLB,76,2023
Tre Flowers,Bengals,CB,76,2023
Trent McDuffie,Chiefs,CB,76,2023
Trevor Lawrence,Jaguars,QB,76,2023
William Gholston,Buccaneers,LE,76,2023
A'Shawn Robinson,Rams,LE,75,2023
Alex Highsmith,Steelers,ROLB,75,2023
Alex Cappa,Bengals,RG,75,2023
Asante Samuel Jr,Chargers,CB,75,2023
Auden Tate,Falcons,WR,75,2023
Azeez Ojulari,Giants,LOLB,75,2023
Boston Scott,Eagles,HB,75,2023
Braxton Berrios,Jets,WR,75,2023
Bryce Huff,Jets,RE,75,2023
Byron Pringle,Bears,WR,75,2023
C.J. Henderson,Panthers,CB,75,2023
C.J. Ham,Vikings,FB,75,2023
Caleb Farley,Titans,CB,75,2023
Cameron Johnston,Texans,P,75,2023
Cedrick Wilson,Dolphins,WR,75,2023
Chandon Sullivan,Vikings,CB,75,2023
Christian Kirksey,Texans,MLB,75,2023
Cole Kmet,Bears,TE,75,2023
D.J. Humphries,Cardinals,LT,75,2023
DaQuan Jones,Bills,DT,75,2023
Darius Phillips,Raiders,CB,75,2023
Darqueze Dennard,49ers,CB,75,2023
David Edwards,Rams,LG,75,2023
Daxton Hill,Bengals,FS,75,2023
Dean Lowry,Packers,LE,75,2023
Donovan Wilson,Cowboys,FS,75,2023
Drake London,Falcons,WR,75,2023
Dre'Mont Jones,Broncos,LE,75,2023
Giovani Bernard,Buccaneers,HB,75,2023
Greg Zuerlein,Jets,K,75,2023
Harrison Phillips,Vikings,LE,75,2023
Isaiah Rodgers,Colts,CB,75,2023
Jahan Dotson,Commanders,WR,75,2023
Jalen Mills,Patriots,CB,75,2023
James Cook,Bills,HB,75,2023
Jason Sanders,Dolphins,K,75,2023
Javon Kinlaw,49ers,DT,75,2023
Jaycee Horn,Panthers,CB,75,2023
Jerick McKinnon,Chiefs,HB,75,2023
Jordan Berry,Vikings,P,75,2023
Justin Madubuike,Ravens,RE,75,2023
K.J. Hamler,Broncos,WR,75,2023
Kayvon Thibodeaux,Giants,ROLB,75,2023
Landon Dickerson,Eagles,LG,75,2023
Larry Ogunjobi,Steelers,LE,75,2023
Lewis Cine,Vikings,FS,75,2023
Marlon Mack,Texans,HB,75,2023
Michael Carter,Jets,HB,75,2023
Mo Alie-Cox,Colts,TE,75,2023
Morgan Moses,Ravens,RT,75,2023
Nasir Adderley,Chargers,FS,75,2023
Nik Needham,Dolphins,CB,75,2023
O.J. Howard,Bills,TE,75,2023
P.J. Williams,Saints,FS,75,2023
Parris Campbell,Colts,WR,75,2023
Patrick Queen,Ravens,MLB,75,2023
Sam Hubbard,Bengals,LE,75,2023
Scotty Miller,Buccaneers,WR,75,2023
Tavon Austin,Bills,WR,75,2023
Tavon Young,Bears,CB,75,2023
Ted Karras,Bengals,C,75,2023
Teddy Bridgewater,Dolphins,QB,75,2023
Trevis Gipson,Bears,LE,75,2023
Tua Tagovailoa,Dolphins,QB,75,2023
Uchenna Nwosu,Seahawks,LOLB,75,2023
Zane Gonzalez,Panthers,K,75,2023
Zay Jones,Jaguars,WR,75,2023
Albert Okwuegbunam,Broncos,TE,74,2023
Alijah Vera-Tucker,Jets,RG,74,2023
Andrus Peat,Saints,LG,74,2023
Andy Lee,Cardinals,P,74,2023
Anthony Miller,Steelers,WR,74,2023
Ashtyn Davis,Jets,FS,74,2023
Austin Johnson,Chargers,DT,74,2023
Bradley Bozeman,Panthers,C,74,2023
Bud Dupree,Titans,LOLB,74,2023
Buster Skrine,Titans,CB,74,2023
Cam Robinson,Jaguars,LT,74,2023
Cameron Dantzler,Vikings,CB,74,2023
Chris Wormley,Steelers,LE,74,2023
Christian Darrisaw,Vikings,LT,74,2023
Chuba Hubbard,Panthers,HB,74,2023
Damien Wilson,Panthers,MLB,74,2023
Damiere Byrd,Falcons,WR,74,2023
Dante Pettis,Bears,WR,74,2023
Dante Fowler Jr,Cowboys,RE,74,2023
Darrel Williams,Cardinals,HB,74,2023
David Long Jr,Rams,CB,74,2023
Davon Godchaux,Patriots,DT,74,2023
Derek Barnett,Eagles,RE,74,2023
Devon Kennard,Cardinals,ROLB,74,2023
Donovan Peoples-Jones,Browns,WR,74,2023
Garrett Bradbury,Vikings,C,74,2023
George Karlaftis,Chiefs,LE,74,2023
George Pickens,Steelers,WR,74,2023
Germaine Pratt,Bengals,MLB,74,2023
Isaiah Oliver,Falcons,CB,74,2023
Ja'Wuan James,Ravens,RT,74,2023
Jalen Reagor,Eagles,WR,74,2023
Jalen Hurts,Eagles,QB,74,2023
Jamal Agnew,Jaguars,WR,74,2023
James Washington,Cowboys,WR,74,2023
Jermaine Johnson II,Jets,LE,74,2023
Johnathan Hankins,Raiders,DT,74,2023
Jonah Jackson,Lions,LG,74,2023
Jordan Phillips,Bills,DT,74,2023
Josh Gordon,Chiefs,WR,74,2023
Josh Bynes,Ravens,MLB,74,2023
Josh Uche,Patriots,ROLB,74,2023
Justin Fields,Bears,QB,74,2023
Justin Coleman,Seahawks,CB,74,2023
Kamu Grugier-Hill,Texans,ROLB,74,2023
Karl Joseph,Steelers,SS,74,2023
Keke Coutee,Colts,WR,74,2023
Kenneth Gainwell,Eagles,HB,74,2023
Marquez Callaway,Saints,WR,74,2023
Marquise Goodwin,Seahawks,WR,74,2023
Matt Araiza,Bills,P,74,2023
Michael Ojemudia,Broncos,CB,74,2023
Michael Davis,Chargers,CB,74,2023
Myles Gaskin,Dolphins,HB,74,2023
Nick Kwiatkoski,Falcons,MLB,74,2023
Paulson Adebo,Saints,CB,74,2023
Phillip Dorsett II,Texans,WR,74,2023
Rayshawn Jenkins,Jaguars,FS,74,2023
Robert Hunt,Dolphins,RG,74,2023
Rodrigo Blankenship,Colts,K,74,2023
Sheldon Rankins,Jets,DT,74,2023
Solomon Thomas,Jets,DT,74,2023
Tavierre Thomas,Texans,CB,74,2023
Terrell Burgess,Rams,SS,74,2023
Tre'Quan Smith,Saints,WR,74,2023
Trey Sermon,49ers,HB,74,2023
Tyler Linderbaum,Ravens,C,74,2023
Tyquan Lewis,Colts,LE,74,2023
Tyson Campbell,Jaguars,CB,74,2023
Vinny Curry,Jets,LE,74,2023
Will Dissly,Seahawks,TE,74,2023
A.J. Cann,Texans,RG,73,2023
Ambry Thomas,49ers,CB,73,2023
Andre Dillard,Eagles,LT,73,2023
Andrew Wingard,Jaguars,SS,73,2023
Andrew Booth Jr,Vikings,CB,73,2023
Azeez Al-Shaair,49ers,LOLB,73,2023
Benny Snell,Steelers,HB,73,2023
Braden Mann,Jets,P,73,2023
Brent Urban,Ravens,LE,73,2023
Cade York,Browns,K,73,2023
Cameron Brate,Buccaneers,TE,73,2023
Carson Wentz,Commanders,QB,73,2023
Charles Cross,Seahawks,LT,73,2023
Chase Winovich,Browns,LE,73,2023
Chris Conley,Texans,WR,73,2023
Connor Williams,Dolphins,C,73,2023
D'Ernest Johnson,Browns,HB,73,2023
Da'Shawn Hand,Titans,LE,73,2023
Darnay Holmes,Giants,CB,73,2023
Darrell Taylor,Seahawks,ROLB,73,2023
David Quessenberry,Bills,RT,73,2023
DaVon Hamilton,Jaguars,DT,73,2023
Dennis Gardeck,Cardinals,ROLB,73,2023
Denzelle Good,Raiders,LG,73,2023
Devin Lloyd,Jaguars,MLB,73,2023
Devin Duvernay,Ravens,WR,73,2023
Devonte Wyatt,Packers,RE,73,2023
Duke Johnson,Bills,HB,73,2023
Eric Wilson,Saints,MLB,73,2023
Erik Harris,Falcons,FS,73,2023
Ernest Jones,Rams,MLB,73,2023
Ezra Cleveland,Vikings,LG,73,2023
Fabian Moreau,Texans,CB,73,2023
Foster Moreau,Raiders,TE,73,2023
Irv Smith Jr,Vikings,TE,73,2023
Isaiah Spiller,Chargers,HB,73,2023
Jacob Martin,Jets,LE,73,2023
Jake Camarda,Buccaneers,P,73,2023
Jalen Guyton,Chargers,WR,73,2023
Jalen Pitre,Texans,FS,73,2023
Jaquan Brisker,Bears,SS,73,2023
Jarran Reed,Packers,RE,73,2023
Jason Myers,Seahawks,K,73,2023
Jeff Okudah,Lions,CB,73,2023
Jimmy Moreland,Eagles,CB,73,2023
Joey Slye,Commanders,K,73,2023
John Metchie III,Texans,WR,73,2023
Jordan Stout,Ravens,P,73,2023
Josh Reynolds,Lions,WR,73,2023
Justin Jones,Bears,DT,73,2023
Justin Britt,Texans,C,73,2023
K.J. Osborn,Vikings,WR,73,2023
Kaiir Elam,Bills,CB,73,2023
Kelvin Beachum Jr,Cardinals,RT,73,2023
Kemoko Turay,49ers,RE,73,2023
Kendall Sheffield,Texans,CB,73,2023
Kendrick Green,Steelers,LG,73,2023
Kenneth Murray Jr,Chargers,MLB,73,2023
Kevin Huber,Bengals,P,73,2023
Kevin Dotson,Steelers,LG,73,2023
Khalil Herbert,Bears,HB,73,2023
Krys Barnes,Packers,MLB,73,2023
Kyler Fackrell,Raiders,LOLB,73,2023
Lorenzo Carter,Falcons,ROLB,73,2023
Lucas Patrick,Bears,RG,73,2023
Malik Reed,Broncos,ROLB,73,2023
Marcus Epps,Eagles,FS,73,2023
Mario Addison,Texans,LE,73,2023
Matt Hennessy,Falcons,C,73,2023
Maurice Hurst,49ers,DT,73,2023
Michael Brockers,Lions,RE,73,2023
Morgan Fox,Chargers,RE,73,2023
Ogbonnia Okoronkwo,Texans,LE,73,2023
Osa Odighizuwa,Cowboys,DT,73,2023
Quay Walker,Packers,MLB,73,2023
Quinn Meinerz,Broncos,RG,73,2023
Quintez Cephus,Lions,WR,73,2023
Quinton Jefferson,Seahawks,RE,73,2023
Rashard Higgins,Panthers,WR,73,2023
Rhamondre Stevenson,Patriots,HB,73,2023
Ryan Succop,Buccaneers,K,73,2023
Sam Cosmi,Commanders,RT,73,2023
Samaje Perine,Bengals,HB,73,2023
Stephen Weatherly,Browns,LE,73,2023
Terrance Mitchell,Patriots,CB,73,2023
Tim Settle,Bills,DT,73,2023
Tommy Townsend,Chiefs,P,73,2023
Tre Herndon,Jaguars,CB,73,2023
Trey McBride,Cardinals,TE,73,2023
Treylon Burks,Titans,WR,73,2023
Tyler Johnson,Buccaneers,WR,73,2023
Yetur Gross-Matos,Panthers,RE,73,2023
Zach Sieler,Dolphins,LE,73,2023
Zach Wilson,Jets,QB,73,2023
Zaven Collins,Cardinals,MLB,73,2023
Zion Johnson,Chargers,RG,73,2023
A.J. Epenesa,Bills,RE,72,2023
Adam Trautman,Saints,TE,72,2023
Akeem Davis-Gaither,Bengals,ROLB,72,2023
Al-Quadin Muhammad,Bears,LE,72,2023
Alex Singleton,Broncos,MLB,72,2023
Alex Anzalone,Lions,MLB,72,2023
Alim McNeill,Lions,DT,72,2023
Andre Roberts,Panthers,WR,72,2023
Arnold Ebiketie,Falcons,LOLB,72,2023
Artie Burns,Seahawks,CB,72,2023
Austin Blythe,Seahawks,C,72,2023
Billy Turner,Broncos,RT,72,2023
Blake Cashman,Texans,ROLB,72,2023
Blessuan Austin,Broncos,CB,72,2023
Brandon Jones,Dolphins,SS,72,2023
Brian Robinson Jr,Commanders,HB,72,2023
Cesar Ruiz,Saints,RG,72,2023
Clelin Ferrell,Raiders,ROLB,72,2023
Cre'Von LeBlanc,Raiders,CB,72,2023
D'Wayne Eskridge,Seahawks,WR,72,2023
Dameon Pierce,Texans,HB,72,2023
Damien Lewis,Seahawks,LG,72,2023
Dan Arnold,Jaguars,TE,72,2023
DeAndre Houston-Carson,Bears,FS,72,2023
DeAndre Carter,Chargers,WR,72,2023
Dustin Hopkins,Chargers,K,72,2023
Efe Obada,Commanders,LE,72,2023
Eric Murray,Texans,SS,72,2023
Grant Haley,Rams,CB,72,2023
Henry Anderson,Patriots,LE,72,2023
Isaac Yiadom,Texans,CB,72,2023
Isaac Seumalo,Eagles,RG,72,2023
J.K. Scott,Chargers,P,72,2023
James Hurst,Saints,LT,72,2023
Jamie Gillan,Giants,P,72,2023
Jamin Davis,Commanders,MLB,72,2023
Jared Goff,Lions,QB,72,2023
Joe Tryon-Shoyinka,Buccaneers,ROLB,72,2023
Joejuan Williams,Patriots,CB,72,2023
Jon Feliciano,Giants,C,72,2023
Jon Runyan,Packers,LG,72,2023
Justice Hill,Ravens,HB,72,2023
Justin Hollins,Rams,ROLB,72,2023
K'Lavon Chaisson,Jaguars,LOLB,72,2023
Kalif Raymond,Lions,WR,72,2023
Keion Crossen,Dolphins,CB,72,2023
Kelvin Joseph,Cowboys,CB,72,2023
Kenny Young,Raiders,MLB,72,2023
Kenyon Green,Texans,LG,72,2023
Kerry Hyder Jr,49ers,LE,72,2023
Khari Blasingame,Bears,FB,72,2023
Lloyd Cushenberry III,Broncos,C,72,2023
Lonnie Johnson Jr,Chiefs,CB,72,2023
Maliek Collins,Texans,DT,72,2023
Malik Harrison,Ravens,MLB,72,2023
Mario Edwards Jr,Bears,DT,72,2023
Marquise Blair,Seahawks,FS,72,2023
Mason Crosby,Packers,K,72,2023
Matt Breida,Giants,HB,72,2023
Maurice Canady,Giants,CB,72,2023
Mike Pennel,Bears,DT,72,2023
N'Keal Harry,Patriots,WR,72,2023
Neville Gallimore,Cowboys,DT,72,2023
Nick Scott,Rams,FS,72,2023
Nico Collins,Texans,WR,72,2023
Noah Igbinoghene,Dolphins,CB,72,2023
Olabisi Johnson,Vikings,WR,72,2023
Pat O'Donnell,Packers,P,72,2023
Patrick Mekari,Ravens,LT,72,2023
Phillip Lindsay,Colts,HB,72,2023
Preston Williams,Dolphins,WR,72,2023
Quincy Williams,Jets,LOLB,72,2023
Rashaan Melvin,Panthers,CB,72,2023
Ray-Ray McCloud III,49ers,WR,72,2023
Rex Burkhead,Texans,HB,72,2023
Richie Grant,Falcons,FS,72,2023
Roger McCreary,Titans,CB,72,2023
Ross Cockrell,Buccaneers,CB,72,2023
Shaq Lawson,Bills,LE,72,2023
Skyy Moore,Chiefs,WR,72,2023
Tarell Basham,Cowboys,LE,72,2023
Taysom Hill,Saints,TE,72,2023
Teven Jenkins,Bears,LT,72,2023
Tevin Coleman,Jets,HB,72,2023
Trevor Penning,Saints,LT,72,2023
Trey Lance,49ers,QB,72,2023
Trysten Hill,Cowboys,DT,72,2023
Ty Montgomery II,Patriots,WR,72,2023
Wan'Dale Robinson,Giants,WR,72,2023
Will Hernandez,Cardinals,RG,72,2023
Zach Allen,Cardinals,RE,72,2023
Zack Moss,Bills,HB,72,2023
Adam Gotsis,Jaguars,RE,71,2023
Alex Leatherwood,Raiders,RG,71,2023
Alex Erickson,Commanders,WR,71,2023
Andre Cisco,Jaguars,SS,71,2023
Arryn Siposs,Eagles,P,71,2023
Ashton Dulin,Colts,WR,71,2023
Austin Seibert,Lions,K,71,2023
Baron Browning,Broncos,ROLB,71,2023
Brennan Scarlett,Dolphins,LOLB,71,2023
Breshad Perriman,Buccaneers,WR,71,2023
Brian Allen,Rams,C,71,2023
Cam Sims,Commanders,WR,71,2023
Charles Omenihu,49ers,LE,71,2023
Christian Covington,Chargers,DT,71,2023
Christian Watson,Packers,WR,71,2023
Cody Barton,Seahawks,MLB,71,2023
Cornelius Lucas III,Commanders,LT,71,2023
Cory Littleton,Panthers,LOLB,71,2023
D'Onta Foreman,Panthers,HB,71,2023
D.J. Wonnum,Vikings,LOLB,71,2023
David Ojabo,Ravens,LOLB,71,2023
David Long Jr,Titans,MLB,71,2023
Davis Mills,Texans,QB,71,2023
Dean Marlowe,Falcons,SS,71,2023
DeAndre Baker,Chiefs,CB,71,2023
Deionte Thompson,Cardinals,FS,71,2023
Denzel Mims,Jets,WR,71,2023
Dyami Brown,Commanders,WR,71,2023
Eddy Pineiro,Jets,K,71,2023
Elijah Molden,Titans,CB,71,2023
Forrest Lamp,Saints,LG,71,2023
Frankie Luvu,Panthers,LOLB,71,2023
George Odum,49ers,FS,71,2023
Geron Christian Sr,Chiefs,LT,71,2023
Greg Ward Jr,Eagles,WR,71,2023
Ian Thomas,Panthers,TE,71,2023
Ifeadi Odenigbo,Colts,LE,71,2023
Jaelon Darden,Buccaneers,WR,71,2023
Jalen Tolbert,Cowboys,WR,71,2023
Jawaan Taylor,Jaguars,RT,71,2023
Jermaine Carter Jr,Chiefs,LOLB,71,2023
Jerry Tillery,Chargers,RE,71,2023
John Jenkins,Dolphins,DT,71,2023
Jordan Akins,Giants,TE,71,2023
Jordan Willis,49ers,RE,71,2023
Joseph Noteboom,Rams,LT,71,2023
Josh Myers,Packers,C,71,2023
Joshua Palmer,Chargers,WR,71,2023
K'Von Wallace,Eagles,FS,71,2023
Ka'imi Fairbairn,Texans,K,71,2023
Kaleb McGary,Falcons,RT,71,2023
Ke'Shawn Vaughn,Buccaneers,HB,71,2023
Kyler Gordon,Bears,CB,71,2023
M.J. Stewart Jr,Texans,CB,71,2023
Malik Turner,49ers,WR,71,2023
Marcus Johnson,49ers,WR,71,2023
Marcus Mariota,Falcons,QB,71,2023
Michael Carter II,Jets,CB,71,2023
Michael Thomas,Bengals,SS,71,2023
Mike Ford,Falcons,CB,71,2023
Miles Boykin,Steelers,WR,71,2023
Nakobe Dean,Eagles,MLB,71,2023
Netane Muti,Broncos,LG,71,2023
Nicholas Morrow,Bears,MLB,71,2023
Phidarian Mathis,Commanders,DT,71,2023
Raekwon Davis,Dolphins,DT,71,2023
Randy Bullock,Titans,K,71,2023
Rasheem Green,Texans,RE,71,2023
Roy Robertson-Harris,Jaguars,RE,71,2023
Ryan Bates,Bills,RG,71,2023
Sam Darnold,Panthers,QB,71,2023
Shy Tuttle,Saints,DT,71,2023
Terrace Marshall Jr,Panthers,WR,71,2023
Tershawn Wharton,Chiefs,DT,71,2023
Tom Compton,Broncos,RT,71,2023
Tommy Tremble,Panthers,TE,71,2023
Tutu Atwell,Rams,WR,71,2023
Tyler Biadasz,Cowboys,C,71,2023
Tyrion Davis-Price,49ers,HB,71,2023
Tytus Howard,Texans,RT,71,2023
Ugo Amadi,Seahawks,CB,71,2023
Wes Schweitzer,Commanders,RG,71,2023
Alec Pierce,Colts,WR,70,2023
Ameer Abdullah,Raiders,HB,70,2023
Andre James,Raiders,C,70,2023
Andy Isabella,Cardinals,WR,70,2023
Andy Dalton,Saints,QB,70,2023
Anthony Firkser,Falcons,TE,70,2023
Arden Key,Jaguars,ROLB,70,2023
Armon Watts,Vikings,RE,70,2023
Benjamin St-Juste,Commanders,CB,70,2023
Brandon Facyson,Colts,CB,70,2023
Brandon Bolden,Raiders,HB,70,2023
Brandon Stephens,Ravens,FS,70,2023
Brevin Jordan,Texans,TE,70,2023
Bryan Cook,Chiefs,SS,70,2023
Calvin Austin III,Steelers,WR,70,2023
Cam Taylor-Britt,Bengals,CB,70,2023
Carlos Basham Jr,Bills,LE,70,2023
Chad Muma,Jaguars,MLB,70,2023
Chris Manhertz,Jaguars,TE,70,2023
Chris Moore,Texans,WR,70,2023
Chukwuma Okorafor,Steelers,RT,70,2023
Clayton Fejedelem,Dolphins,SS,70,2023
Cody Ford,Bills,RG,70,2023
Cole Strange,Patriots,RG,70,2023
Collin Johnson,Giants,WR,70,2023
Daniel Jones,Giants,QB,70,2023
Daniel Sorensen,Saints,SS,70,2023
Danny Gray,49ers,WR,70,2023
Demetric Felton Jr,Browns,HB,70,2023
Dennis Kelly,Colts,RT,70,2023
Desmond Ridder,Falcons,QB,70,2023
Dontae Johnson,49ers,CB,70,2023
Dorance Armstrong,Cowboys,RE,70,2023
Duke Shelley,Bears,CB,70,2023
Elandon Roberts,Dolphins,MLB,70,2023
Ethan Pocic,Browns,C,70,2023
Germain Ifedi,Falcons,RT,70,2023
Greg Dulcich,Broncos,TE,70,2023
Greg Joseph,Vikings,K,70,2023
Halapoulivaati Vaitai,Lions,RG,70,2023
Jabari Zuniga,Jets,RE,70,2023
Jacoby Brissett,Browns,QB,70,2023
Jahlani Tavai,Patriots,MLB,70,2023
James Pierre,Steelers,CB,70,2023
James O'Shaughnessy,Bears,TE,70,2023
Jarrad Davis,Lions,MLB,70,2023
Jauan Jennings,49ers,WR,70,2023
Jeff Wilson Jr,49ers,HB,70,2023
Joe Reed,Chargers,WR,70,2023
Joe Thomas,Bears,LOLB,70,2023
Joseph Charlton,Browns,P,70,2023
Josh Jackson,Cardinals,CB,70,2023
Joshua Kelley,Chargers,HB,70,2023
Julian Okwara,Lions,ROLB,70,2023
Justin Layne,Steelers,CB,70,2023
Justin Evans,Saints,SS,70,2023
KeeSean Johnson,49ers,WR,70,2023
Kelvin Harmon,Commanders,WR,70,2023
Khalen Saunders,Chiefs,DT,70,2023
Khalil Shakir,Bills,WR,70,2023
Kingsley Keke,Cardinals,LE,70,2023
Laquon Treadwell,Jaguars,WR,70,2023
Logan Hall,Buccaneers,RE,70,2023
Lynn Bowden Jr,Dolphins,WR,70,2023
Mack Hollins,Raiders,WR,70,2023
Mack Wilson Sr,Patriots,MLB,70,2023
Malcom Brown,Jaguars,LE,70,2023
Marquis Haynes Sr,Panthers,LE,70,2023
Marvell Tell III,Colts,CB,70,2023
Mike Purcell,Broncos,DT,70,2023
Milton Williams,Eagles,DT,70,2023
Myles Bryant,Patriots,CB,70,2023
Nick Vigil,Cardinals,MLB,70,2023
Nick Westbrook-Ikhine,Titans,WR,70,2023
Noah Brown,Cowboys,WR,70,2023
Olamide Zaccheaus,Falcons,WR,70,2023
Oshane Ximines,Giants,ROLB,70,2023
Parry Nickerson,Vikings,CB,70,2023
Payton Turner,Saints,RE,70,2023
Rachaad White,Buccaneers,HB,70,2023
Riley Dixon,Rams,P,70,2023
Robert Spillane,Steelers,MLB,70,2023
Sam Eguavoen,Dolphins,ROLB,70,2023
Shaun Dion Hamilton,Lions,MLB,70,2023
Sheldrick Redwine,Dolphins,FS,70,2023
Sione Takitaki,Browns,LOLB,70,2023
Taco Charlton,Saints,RE,70,2023
Taiwan Jones,Bills,HB,70,2023
Tajae Sharpe,Bears,WR,70,2023
Taven Bryan,Browns,DT,70,2023
Teair Tart,Titans,DT,70,2023
Terrence Brooks,Texans,FS,70,2023
Travis Jones,Ravens,DT,70,2023
Tre Brown,Seahawks,CB,70,2023
Trent Taylor,Bengals,WR,70,2023
Troy Pride Jr,Panthers,CB,70,2023
Ty Johnson,Jets,HB,70,2023
Tyler Kroft,49ers,TE,70,2023
Tyler Smith,Cowboys,LG,70,2023
Tyron Johnson,Raiders,WR,70,2023
Zamir White,Raiders,HB,70,2023
Aaron Robinson,Giants,CB,69,2023
Adam Butler,Dolphins,RE,69,2023
Alohi Gilman,Chargers,SS,69,2023
Alontae Taylor,Saints,CB,69,2023
Alton Robinson,Seahawks,LOLB,69,2023
Amari Rodgers,Packers,WR,69,2023
Anthony Nelson,Buccaneers,LOLB,69,2023
Anthony Schwartz,Browns,WR,69,2023
Antoine Wesley,Cardinals,WR,69,2023
Austin Reiter,Chiefs,C,69,2023
Ben Powers,Ravens,LG,69,2023
Ben Banogu,Colts,LE,69,2023
Ben Mason,Ravens,FB,69,2023
Bobby Brown III,Rams,DT,69,2023
Caden Sterns,Broncos,FS,69,2023
Cameron Batson,Falcons,WR,69,2023
Camryn Bynum,Vikings,FS,69,2023
Cethan Carter,Dolphins,FB,69,2023
Chad Beebe,Texans,WR,69,2023
Chris Jackson,Titans,CB,69,2023
Dan Moore Jr,Steelers,LT,69,2023
Dane Cruikshank,Bears,SS,69,2023
Darrynton Evans,Bears,HB,69,2023
David Moore,Bears,WR,69,2023
David Mayo,Commanders,LOLB,69,2023
Davion Taylor,Eagles,ROLB,69,2023
Derrick Gore,Chiefs,HB,69,2023
DeShawn Williams,Broncos,RE,69,2023
Divine Deablo,Raiders,MLB,69,2023
Dontrell Hilliard,Titans,HB,69,2023
Drake Jackson,49ers,RE,69,2023
Drew Sample,Bengals,TE,69,2023
Ed Ingram,Vikings,RG,69,2023
Eno Benjamin,Cardinals,HB,69,2023
Freddie Swain,Seahawks,WR,69,2023
Genard Avery,Steelers,LOLB,69,2023
Geno Stone,Ravens,SS,69,2023
Geronimo Allison,Falcons,WR,69,2023
Harrison Bryant,Browns,TE,69,2023
Hassan Haskins,Titans,HB,69,2023
J.J. Taylor,Patriots,HB,69,2023
Jackson Carman,Bengals,LG,69,2023
Jake Kumerow,Bills,WR,69,2023
Jalen Mayfield,Falcons,LG,69,2023
Javon Wims,Browns,WR,69,2023
Jaylinn Hawkins,Falcons,SS,69,2023
Jelani Woods,Colts,TE,69,2023
John Simpson,Raiders,LG,69,2023
Jonas Griffith,Broncos,MLB,69,2023
Jordan Jenkins,Texans,RE,69,2023
Josh Paschal,Lions,LOLB,69,2023
Josh Jones,Seahawks,FS,69,2023
Josiah Scott,Eagles,CB,69,2023
Justyn Ross,Chiefs,WR,69,2023
Juwan Johnson,Saints,TE,69,2023
Kendall Hinton,Broncos,WR,69,2023
Kene Nwangwu,Vikings,HB,69,2023
Kentavius Street,Saints,DT,69,2023
KhaDarel Hodge,Falcons,WR,69,2023
Kyle Philips,Titans,WR,69,2023
Leo Chenal,Chiefs,MLB,69,2023
Levi Onwuzurike,Lions,LE,69,2023
Malik Willis,Titans,QB,69,2023
Marquez Stevenson,Bills,WR,69,2023
Martin Emerson,Browns,CB,69,2023
Matt Pryor,Colts,LT,69,2023
Michael Burton,Chiefs,FB,69,2023
Mike Danna,Chiefs,RE,69,2023
Mitchell Trubisky,Steelers,QB,69,2023
Montravius Adams,Steelers,DT,69,2023
Nate Hairston,Vikings,CB,69,2023
Nathan Shepherd,Jets,DT,69,2023
Nick Cross,Colts,SS,69,2023
Nik Bonitto,Broncos,LOLB,69,2023
Olasunkanmi Adeniyi,Titans,LOLB,69,2023
Pressley Harvin III,Steelers,P,69,2023
Raekwon McMillan,Patriots,MLB,69,2023
Rakeem Nunez-Roches,Buccaneers,DT,69,2023
Ricky Seals-Jones,Giants,TE,69,2023
Riley Patterson,Lions,K,69,2023
Ross Blacklock,Texans,DT,69,2023
Roy Lopez,Texans,DT,69,2023
Royce Newman,Packers,RG,69,2023
Royce Freeman,Texans,HB,69,2023
Ryan Griffin,Bears,TE,69,2023
Ryan Nall,Cowboys,FB,69,2023
Salvon Ahmed,Dolphins,HB,69,2023
Sean Rhyan,Packers,LG,69,2023
Shi Smith,Panthers,WR,69,2023
Sterling Hofrichter,Buccaneers,P,69,2023
Steven Sims,Steelers,WR,69,2023
Steven Means,Ravens,LOLB,69,2023
Tae Crowder,Giants,MLB,69,2023
Talanoa Hufanga,49ers,FS,69,2023
Tanoh Kpassagnon,Saints,LE,69,2023
Tarvarius Moore,49ers,FS,69,2023
Taylor Heinicke,Commanders,QB,69,2023
Terence Steele,Cowboys,RT,69,2023
Terrell Lewis,Rams,ROLB,69,2023
Tony Brown,Colts,CB,69,2023
Trenton Gill,Bears,P,69,2023
Trey Quinn,Broncos,WR,69,2023
Trinity Benson,Lions,WR,69,2023
Troy Andersen,Falcons,MLB,69,2023
Tylan Wallace,Ravens,WR,69,2023
Tyler Lancaster,Raiders,RE,69,2023
Tyquan Thornton,Patriots,WR,69,2023
Tyre Phillips,Ravens,LG,69,2023
Tyrod Taylor,Giants,QB,69,2023
Velus Jones Jr,Bears,WR,69,2023
Vernon Butler Jr,Raiders,LE,69,2023
Will Parks,Jets,SS,69,2023
Will Harris,Lions,SS,69,2023
Willie Gay,Chiefs,ROLB,69,2023
A.J. Green,Browns,CB,68,2023
Adam Shaheen,Dolphins,TE,68,2023
Akayleb Evans,Vikings,CB,68,2023
Andrew Beck,Broncos,FB,68,2023
Angelo Blackson,Bears,DT,68,2023
Antonio Gandy-Golden,Commanders,WR,68,2023
Antonio Williams,Giants,HB,68,2023
Ben Bartch,Jaguars,LG,68,2023
Ben Burr-Kirven,Seahawks,MLB,68,2023
Bernhard Raimann,Colts,LT,68,2023
Bo Melton,Seahawks,WR,68,2023
Boye Mafe,Seahawks,ROLB,68,2023
Brandin Echols,Jets,CB,68,2023
Brandon Parker,Raiders,RT,68,2023
Brian Johnson,Commanders,K,68,2023
Brian Asamoah II,Vikings,MLB,68,2023
Cam Jurgens,Eagles,C,68,2023
Cameron Erving,Panthers,RT,68,2023
Carl Granderson,Saints,LE,68,2023
Channing Tindall,Dolphins,MLB,68,2023
Chauncey Golston,Cowboys,LE,68,2023
Chris Claybrooks,Jaguars,CB,68,2023
Christian Harris,Texans,MLB,68,2023
Chuma Edoga,Jets,RT,68,2023
Coby Bryant,Seahawks,CB,68,2023
Cody Davis,Patriots,SS,68,2023
Corey Coleman,Chiefs,WR,68,2023
Corn Elder,Commanders,CB,68,2023
Damarri Mathis,Broncos,CB,68,2023
Dan Feeney,Jets,C,68,2023
Danny Johnson,Commanders,CB,68,2023
David Bell,Browns,WR,68,2023
DeMarcus Walker,Titans,RE,68,2023
DeMarvin Leal,Steelers,LE,68,2023
Deon Cain,Eagles,WR,68,2023
Derek Watt,Steelers,FB,68,2023
Derek Rivers,Texans,LE,68,2023
Durham Smythe,Dolphins,TE,68,2023
Elijah Wilkinson,Falcons,LT,68,2023
Equanimeous St. Brown,Bears,WR,68,2023
Gary Jennings,Chiefs,WR,68,2023
Greg Dortch,Cardinals,WR,68,2023
Harvey Langi,Patriots,LOLB,68,2023
Henry Black,Giants,FS,68,2023
Ifeatu Melifonwu,Lions,CB,68,2023
Ihmir Smith-Marsette,Vikings,WR,68,2023
Isaac Rochell,Browns,RE,68,2023
Jacob Hollister,Raiders,TE,68,2023
Jake Verity,Colts,K,68,2023
Jalen Reeves-Maybin,Texans,LOLB,68,2023
Jalyn Holmes,Giants,LE,68,2023
Jamar Johnson,Broncos,SS,68,2023
James Proche II,Ravens,WR,68,2023
Jaquan Johnson,Bills,FS,68,2023
Jeff Smith,Jets,WR,68,2023
Jeremy Ruckert,Jets,TE,68,2023
John Reid,Seahawks,CB,68,2023
John Hightower,Eagles,WR,68,2023
John Cominsky,Lions,LE,68,2023
Jonathan Bullard,Vikings,RE,68,2023
Jonathon Cooper,Broncos,LOLB,68,2023
Jordan Elliott,Browns,DT,68,2023
Jordan Wilkins,Titans,HB,68,2023
Josh Jones,Cardinals,RT,68,2023
Josiah Deguara,Packers,TE,68,2023
JT Woods,Chargers,FS,68,2023
Justin Ellis,Giants,DT,68,2023
Justin Bethel,Patriots,SS,68,2023
Ka'Dar Hollman,49ers,CB,68,2023
Kenny Pickett,Steelers,QB,68,2023
Kevin Pierre-Louis,Texans,LOLB,68,2023
Kris Boyd,Vikings,CB,68,2023
Leki Fotu,Cardinals,DT,68,2023
Liam Eichenberg,Dolphins,RT,68,2023
Luke Goedeke,Buccaneers,LG,68,2023
Marco Wilson,Cardinals,CB,68,2023
Marcus Jones,Patriots,CB,68,2023
Marlon Davidson,Falcons,LE,68,2023
Marquel Lee,Bills,LOLB,68,2023
Marvin Hall Jr,Jaguars,WR,68,2023
Mason Cole,Steelers,C,68,2023
Matt Corral,Panthers,QB,68,2023
Matt Haack,Bills,P,68,2023
Matthew Adams,Bears,LOLB,68,2023
Max Scharping,Texans,RG,68,2023
Micah Kiser,Raiders,MLB,68,2023
Mike Thomas,Bengals,WR,68,2023
Montrell Washington,Broncos,WR,68,2023
Mykal Walker,Falcons,MLB,68,2023
Neville Hewitt,Texans,ROLB,68,2023
Nick Gates,Giants,C,68,2023
Nick Foles,Colts,QB,68,2023
Noah Spence,Bengals,RE,68,2023
Pierre Strong Jr,Patriots,HB,68,2023
Reggie Gilliam,Bills,FB,68,2023
Roderic Teamer Jr,Raiders,SS,68,2023
Rudy Ford,Jaguars,FS,68,2023
Ryan Neal,Seahawks,SS,68,2023
Sam Williams,Cowboys,RE,68,2023
Solomon Kindley,Dolphins,RG,68,2023
Spencer Brown,Bills,RT,68,2023
Stanley Morgan Jr,Bengals,WR,68,2023
Tevaughn Campbell,Chargers,CB,68,2023
Thomas Graham Jr,Bears,CB,68,2023
Tommy Togiai,Browns,DT,68,2023
Travis Fulgham,Broncos,WR,68,2023
Trent Sherfield,Dolphins,WR,68,2023
Trenton Cannon,Titans,HB,68,2023
Tye Smith,Vikings,CB,68,2023
Tyler Badie,Ravens,HB,68,2023
Tyler Huntley,Ravens,QB,68,2023
Tyree Gillespie,Raiders,FS,68,2023
Vince Biegel,Ravens,LOLB,68,2023
Walker Little,Jaguars,LT,68,2023
Zack Baun,Saints,ROLB,68,2023
Zech McPhearson,Eagles,CB,68,2023
Aaron Banks,49ers,LG,67,2023
Aaron Stinnie,Buccaneers,LG,67,2023
Alex Armah Jr,Commanders,FB,67,2023
Amik Robertson,Raiders,CB,67,2023
Andrew Wylie,Chiefs,RG,67,2023
Anfernee Jennings,Patriots,ROLB,67,2023
Anthony McFarland,Steelers,HB,67,2023
Antonio Hamilton,Cardinals,CB,67,2023
Austin Jackson,Dolphins,LT,67,2023
Austin Proehl,Giants,WR,67,2023
Ben Niemann,Cardinals,MLB,67,2023
Brady Christensen,Panthers,LG,67,2023
Buddy Johnson,Steelers,MLB,67,2023
C.J. Goodwin,Cowboys,CB,67,2023
Cade Otton,Buccaneers,TE,67,2023
Carl Davis,Patriots,DT,67,2023
Carlos Watkins,Cowboys,DT,67,2023
Casey Toohill,Commanders,LE,67,2023
Charlie Kolar,Ravens,TE,67,2023
Chris Hubbard,Browns,RT,67,2023
Chris Evans,Bengals,HB,67,2023
Cody Core,Dolphins,WR,67,2023
Cordale Flott,Giants,CB,67,2023
Corey Ballentine,Falcons,CB,67,2023
Cornell Powell,Chiefs,WR,67,2023
Dane Jackson,Bills,CB,67,2023
Daniel Faalele,Ravens,RT,67,2023
Daniel Thomas,Jaguars,FS,67,2023
Darrick Forrest,Commanders,SS,67,2023
Darwin Thompson,Seahawks,HB,67,2023
Daurice Fountain,Chiefs,WR,67,2023
Dayo Odeyingbo,Colts,LE,67,2023
Dazz Newsome,Bears,WR,67,2023
De'Michael Harris,Colts,WR,67,2023
Deadrin Senat,Buccaneers,LE,67,2023
Deangelo Malone,Falcons,ROLB,67,2023
Deommodore Lenoir,49ers,CB,67,2023
Devin Funchess,Lions,TE,67,2023
Donald Parham Jr,Chargers,TE,67,2023
Dwayne Washington,Saints,HB,67,2023
Dylan Parham,Raiders,RG,67,2023
Dylan Cole,Titans,MLB,67,2023
Eric Tomlinson,Broncos,TE,67,2023
Eyioma Uwazurike,Broncos,DT,67,2023
Gardner Minshew II,Eagles,QB,67,2023
Geoff Swaim,Titans,TE,67,2023
Greg Stroman,Bears,CB,67,2023
Greg Little,Dolphins,LT,67,2023
Greg Van Roten,Bills,RG,67,2023
Gunner Olszewski,Steelers,WR,67,2023
Harrison Hand,Vikings,CB,67,2023
Hassan Ridgeway,49ers,DT,67,2023
Ike Boettger,Bills,LG,67,2023
Iman Lewis-Marshall,Ravens,CB,67,2023
Jabril Cox,Cowboys,MLB,67,2023
Jack Driscoll,Eagles,RT,67,2023
Jacob Phillips,Browns,MLB,67,2023
Jalen Nailor,Vikings,WR,67,2023
Jalyn Armour-Davis,Ravens,CB,67,2023
James Smith-Williams,Commanders,RE,67,2023
Jaret Patterson,Commanders,HB,67,2023
Jason Pinnock,Jets,SS,67,2023
Jay Tufele,Jaguars,LE,67,2023
Jermaine Eluemunor,Raiders,RG,67,2023
Jerome Ford,Browns,HB,67,2023
John Bates,Commanders,TE,67,2023
Jonathan Owens,Texans,FS,67,2023
Jonathan Garibay,Cowboys,K,67,2023
Joseph Ossai,Bengals,RE,67,2023
Joshua Ezeudu,Giants,LG,67,2023
Justin Watson,Chiefs,WR,67,2023
Juwann Winfree,Packers,WR,67,2023
Kamal Martin,Panthers,MLB,67,2023
Keelan Doss,Giants,WR,67,2023
Keith Taylor Jr,Panthers,CB,67,2023
Kerby Joseph,Lions,FS,67,2023
Kevin Givens,49ers,DT,67,2023
Kevin White,Saints,WR,67,2023
Kevon Seymour,Ravens,CB,67,2023
Khaleke Hudson,Commanders,MLB,67,2023
Khyiris Tonga,Bears,DT,67,2023
Kindle Vildor,Bears,CB,67,2023
Kylin Hill,Packers,HB,67,2023
L.J. Collier,Seahawks,ROLB,67,2023
Matt Peart,Giants,RT,67,2023
McTelvin Agim,Broncos,RE,67,2023
Mike Boone,Broncos,HB,67,2023
Miles Killebrew,Steelers,SS,67,2023
Myles Hartsfield,Panthers,FS,67,2023
Nick Harris,Browns,C,67,2023
Nick Vannett,Saints,TE,67,2023
Nsimba Webster,Bears,WR,67,2023
Pat Elflein,Panthers,C,67,2023
Perrion Winfrey,Browns,DT,67,2023
Quincy Wilson,Dolphins,SS,67,2023
Quincy Roche,Giants,LOLB,67,2023
Robert Rochell,Rams,CB,67,2023
Romeo Doubs,Packers,WR,67,2023
Ryan Connelly,Vikings,MLB,67,2023
Sam Howell,Commanders,QB,67,2023
Shane Lemieux,Giants,LG,67,2023
Sheldon Day,Browns,DT,67,2023
Shilique Calhoun,Chiefs,ROLB,67,2023
Siran Neal,Bills,CB,67,2023
T.J. Slaton Jr,Packers,DT,67,2023
Taylor Stallworth,Chiefs,DT,67,2023
Teez Tabor,Falcons,SS,67,2023
Terrel Bernard,Bills,LOLB,67,2023
Travis Homer,Seahawks,HB,67,2023
Troy Dye,Vikings,MLB,67,2023
Troy Reeder,Chargers,MLB,67,2023
Ty'Son Williams,Colts,HB,67,2023
Tyler Shelvin,Bengals,DT,67,2023
Tyler Allgeier,Falcons,HB,67,2023
Tyrell Adams,Jaguars,MLB,67,2023
Vyncint Smith,Buccaneers,WR,67,2023
Zach Tom,Packers,RT,67,2023
Abraham Lucas,Seahawks,RT,66,2023
Adetokunbo Ogundeji,Falcons,LOLB,66,2023
AJ Parker,Lions,CB,66,2023
Austin Mack,49ers,WR,66,2023
Austin Bryant,Lions,LOLB,66,2023
Ben Cleveland,Ravens,RG,66,2023
Bobby Evans Jr,Rams,RG,66,2023
Bradlee Anae,Jets,RE,66,2023
Brandon Smith,Panthers,ROLB,66,2023
Brandon Powell,Rams,WR,66,2023
Breon Borders,Cardinals,CB,66,2023
Cam Sample,Bengals,LE,66,2023
Cameron Thomas,Cardinals,LOLB,66,2023
Charlie Woerner,49ers,TE,66,2023
Chris Rumph II,Chargers,LOLB,66,2023
Chris Board,Lions,MLB,66,2023
Chris Reed,Vikings,LG,66,2023
Christian Wade,Bills,HB,66,2023
Cody Thompson,Seahawks,WR,66,2023
Connor McGovern,Cowboys,LG,66,2023
Corliss Waitman,Broncos,P,66,2023
Craig Reynolds,Lions,HB,66,2023
Curtis Weaver,Browns,RE,66,2023
Cyril Grayson Jr,Buccaneers,WR,66,2023
D.J. Davidson,Giants,DT,66,2023
Dalton Keene,Patriots,TE,66,2023
Damar Hamlin,Bills,SS,66,2023
Damarion Williams,Ravens,CB,66,2023
Dane Belton,Giants,SS,66,2023
Daniel Brunskill,49ers,RG,66,2023
Daniel Bellinger,Giants,TE,66,2023
Dare Ogunbowale,Texans,HB,66,2023
Daviyon Nixon,Panthers,DT,66,2023
Dax Milne,Commanders,WR,66,2023
Decobie Durant,Rams,CB,66,2023
DeeJay Dallas,Seahawks,HB,66,2023
Derrick Barnes,Lions,MLB,66,2023
Devante Bond,Cowboys,RE,66,2023
Dez Fitzpatrick,Titans,WR,66,2023
Dillon Radunz,Titans,RT,66,2023
Drew Lock,Seahawks,QB,66,2023
Duke Riley,Dolphins,MLB,66,2023
Erik Ezukanma,Dolphins,WR,66,2023
Essang Bassey,Broncos,CB,66,2023
Evan Brown,Lions,C,66,2023
Gabe Nabers,Chargers,FB,66,2023
Hamsah Nasirildeen,Jets,ROLB,66,2023
Hunter Long,Dolphins,TE,66,2023
Isaiah Coulter,Bears,WR,66,2023
Isaiah Likely,Ravens,TE,66,2023
Isaiah Dunn,Jets,CB,66,2023
J.J. Arcega-Whiteside,Eagles,TE,66,2023
Ja'Marcus Bradley,Browns,WR,66,2023
Jace Sternberger,Steelers,TE,66,2023
Jack Jones,Patriots,CB,66,2023
Jacob Tuioti-Mariner,Panthers,LOLB,66,2023
Jake Ferguson,Cowboys,TE,66,2023
Jake Funk,Rams,HB,66,2023
Jakob Johnson,Raiders,FB,66,2023
Jaleel Johnson,Saints,DT,66,2023
James Lynch,Vikings,DT,66,2023
JaMycal Hasty,49ers,HB,66,2023
JaQuan Hardy,Cowboys,HB,66,2023
Jashaun Corbin,Giants,HB,66,2023
Jeremiah Ledbetter,Jaguars,RE,66,2023
Jeremy Sprinkle,Cowboys,TE,66,2023
Jerry Jacobs,Lions,CB,66,2023
Jihad Ward,Giants,RE,66,2023
Joe Flacco,Jets,QB,66,2023
Joe Walker,Cardinals,MLB,66,2023
Joel Iyiegbuniwe,Seahawks,MLB,66,2023
John Ridgeway,Cowboys,DT,66,2023
Jonotthan Harrison,Falcons,C,66,2023
Jordan Miller,Saints,CB,66,2023
Jordan Matthews,49ers,TE,66,2023
Jordan Love,Packers,QB,66,2023
Jose Borregales,Buccaneers,K,66,2023
Josh Malone,Titans,WR,66,2023
Josh Metellus,Vikings,SS,66,2023
Josh Tupou,Bengals,DT,66,2023
Josh Oliver,Ravens,TE,66,2023
Joshua Williams,Chiefs,CB,66,2023
Justin Herron,Patriots,LT,66,2023
Justin Murray,Cardinals,LG,66,2023
Justin Hardee Sr,Jets,CB,66,2023
Juston Burris,Panthers,SS,66,2023
Kaden Elliss,Saints,LOLB,66,2023
Kai Nacua,Jets,FS,66,2023
Keith Kirkwood,Panthers,WR,66,2023
Kenny Robinson Jr,Panthers,FS,66,2023
Khalid Kareem,Bengals,LE,66,2023
La'Mical Perine,Jets,HB,66,2023
Lil'Jordan Humphrey,Patriots,WR,66,2023
Lucas Niang,Chiefs,RT,66,2023
Malcolm Roach,Saints,DT,66,2023
Malik Taylor,Packers,WR,66,2023
Marcell Harris,Jets,ROLB,66,2023
Markus Bailey,Bengals,MLB,66,2023
Marlon Tuipulotu,Eagles,DT,66,2023
Marvin Wilson,Eagles,DT,66,2023
Matthew Slater,Patriots,WR,66,2023
Max Mitchell,Jets,LT,66,2023
Micah McFadden,Giants,MLB,66,2023
Michael Dogbe,Cardinals,RE,66,2023
Micheal Clemons,Jets,LE,66,2023
Mike Jackson Sr,Seahawks,CB,66,2023
Monty Rice,Titans,MLB,66,2023
Myjai Sanders,Cardinals,ROLB,66,2023
Nicholas Petit-Frere,Titans,RT,66,2023
Olisaemeka Udoh,Vikings,RG,66,2023
Oren Burks,49ers,MLB,66,2023
Penny Hart,Seahawks,WR,66,2023
Percy Butler,Commanders,FS,66,2023
Pharaoh Brown,Texans,TE,66,2023
Phil Haynes,Seahawks,RG,66,2023
Quinton Bohanna,Cowboys,DT,66,2023
Reggie Robinson II,Browns,CB,66,2023
Renell Wren,Eagles,DT,66,2023
Rico Dowdle,Cowboys,HB,66,2023
Ryan Santoso,Jaguars,K,66,2023
Samori Toure,Packers,WR,66,2023
Sean Chandler,Panthers,FS,66,2023
Simi Fehoko,Cowboys,WR,66,2023
Snoop Conner,Jaguars,HB,66,2023
Stephen Anderson,Cardinals,TE,66,2023
Ta'Quon Graham,Falcons,RE,66,2023
Tanner Vallejo,Cardinals,MLB,66,2023
Tariq Woolen,Seahawks,CB,66,2023
Thomas Booker IV,Texans,DT,66,2023
Tom Kennedy,Lions,WR,66,2023
Tony Jones Jr,Saints,HB,66,2023
Trayveon Williams,Bengals,HB,66,2023
Tremon Smith,Texans,CB,66,2023
Ty Chandler,Vikings,HB,66,2023
Ty Summers,Packers,MLB,66,2023
Tyler Shatley,Jaguars,C,66,2023
Yosh Nijman,Packers,LT,66,2023
Zaire Franklin,Colts,ROLB,66,2023
Zyon McCollum,Buccaneers,CB,66,2023
Alex Wright,Browns,RE,65,2023
Alex Bachman,Giants,WR,65,2023
Amare Barno,Panthers,RE,65,2023
Andre Smith Jr,Bills,ROLB,65,2023
Andrew Mevis,Jaguars,K,65,2023
Andrew Brown,Chargers,DT,65,2023
Andrew Billings,Raiders,LE,65,2023
Arthur Maulet,Steelers,CB,65,2023
Austin Larkin,Panthers,LE,65,2023
Ben Bredeson,Giants,RG,65,2023
Blake Lynch,Vikings,MLB,65,2023
Brady Breeze,Lions,SS,65,2023
Brandon Zylstra,Panthers,WR,65,2023
Braxton Jones,Bears,LT,65,2023
Bryan Mone,Seahawks,DT,65,2023
Cameron McGrone,Patriots,ROLB,65,2023
Case Keenum,Bills,QB,65,2023
Chase Lucas,Lions,CB,65,2023
Chazz Surratt,Vikings,MLB,65,2023
Chigoziem Okonkwo,Titans,TE,65,2023
Christian Benford,Bills,CB,65,2023
Christian Holmes,Commanders,CB,65,2023
Colby Parkinson,Seahawks,TE,65,2023
Cole Turner,Commanders,TE,65,2023
D'Marco Jackson,Saints,ROLB,65,2023
Damone Clark,Cowboys,LOLB,65,2023
Danny Pinter,Colts,RG,65,2023
Dareke Young,Seahawks,WR,65,2023
Darian Kinnard,Chiefs,RT,65,2023
Darius Harris,Chiefs,ROLB,65,2023
DaRon Bland,Cowboys,CB,65,2023
Darren Hall,Falcons,CB,65,2023
David Sills V,Giants,WR,65,2023
Davion Davis,Texans,WR,65,2023
Deane Leonard,Chargers,CB,65,2023
Delarrin Turner-Yell,Broncos,FS,65,2023
Dennis Daley,Panthers,LT,65,2023
Deon Bush,Chiefs,FS,65,2023
Devin Asiasi,Patriots,TE,65,2023
Dominique Robinson,Bears,RE,65,2023
Eric Saubert,Broncos,TE,65,2023
Greg Mabin,Titans,CB,65,2023
Gregory Junior,Jaguars,CB,65,2023
J.R. Reed,Broncos,SS,65,2023
Ja'Sir Taylor,Chargers,CB,65,2023
Jamaree Salyer,Chargers,LG,65,2023
James Wiggins,Cardinals,FS,65,2023
James McCourt,Chargers,K,65,2023
Jason Cabinda,Lions,FB,65,2023
Jason Huntley,Eagles,HB,65,2023
Jeremy Reaves,Commanders,FS,65,2023
Jermar Jefferson,Lions,HB,65,2023
Jet Anderson,Texans,HB,65,2023
Joe Bachie Jr,Bengals,MLB,65,2023
John Kelly Jr,Browns,HB,65,2023
Jonah Williams,Rams,RE,65,2023
Jonathan Marshall,Jets,DT,65,2023
Jonathan Ward,Cardinals,HB,65,2023
Josh Wells,Buccaneers,RT,65,2023
Joshuah Bledsoe,Patriots,FS,65,2023
Julian Stanford,Panthers,MLB,65,2023
Jullian Taylor,Vikings,RE,65,2023
Justin Skule,49ers,RT,65,2023
Keaontay Ingram,Cardinals,HB,65,2023
Khalil Dorsey,Giants,CB,65,2023
Kylen Granson,Colts,TE,65,2023
Kyren Williams,Rams,HB,65,2023
Kyron Johnson,Eagles,LOLB,65,2023
Larry Borom,Bears,RT,65,2023
Larry Rountree III,Chargers,HB,65,2023
Logan Bruss,Rams,RG,65,2023
Luke Fortner,Jaguars,C,65,2023
Malcolm Rodriguez,Lions,MLB,65,2023
Marcus McKethan,Giants,RG,65,2023
Marcus Allen,Steelers,MLB,65,2023
Matt Henningsen,Broncos,LE,65,2023
Michael Jacquet III,Giants,CB,65,2023
Michael Hoecht,Rams,LE,65,2023
Nahshon Wright,Cowboys,CB,65,2023
Nate Meadors,Browns,CB,65,2023
Nazeeh Johnson,Chiefs,SS,65,2023
Nick Bawden,Jets,FB,65,2023
Nick Niemann,Chargers,MLB,65,2023
Noah Gray,Chiefs,TE,65,2023
Pooka Williams Jr,Bengals,WR,65,2023
Porter Gustin,Dolphins,ROLB,65,2023
Quentin Lake,Rams,SS,65,2023
Quinn Nordin,Patriots,K,65,2023
Rashard Lawrence,Cardinals,DT,65,2023
Richard Rodgers,Eagles,TE,65,2023
Richard LeCounte III,Browns,FS,65,2023
Rico Gafford,Packers,CB,65,2023
River Cracraft,Dolphins,WR,65,2023
Rodney Thomas II,Colts,CB,65,2023
Sam Mustipher,Bears,C,65,2023
Sam Franklin Jr,Panthers,SS,65,2023
Samuel Womack,49ers,CB,65,2023
Scott Quessenberry,Texans,C,65,2023
Seth Williams,Broncos,WR,65,2023
Shaquille Quarterman,Jaguars,MLB,65,2023
Shaun Wade,Patriots,CB,65,2023
Shawn Davis,Packers,SS,65,2023
Spencer Burford,49ers,LG,65,2023
Stantley Thomas-Oliver III,Panthers,CB,65,2023
Tae Davis,Texans,MLB,65,2023
Tariq Castro-Fields,49ers,CB,65,2023
Tay Gowan,Eagles,CB,65,2023
Theo Jackson,Titans,SS,65,2023
Tony Fields II,Browns,LOLB,65,2023
Travin Howard,Rams,MLB,65,2023
Tre Norwood,Steelers,FS,65,2023
Trestan Ebner,Bears,HB,65,2023
Troy Apke,Commanders,CB,65,2023
Tycen Anderson,Bengals,SS,65,2023
Tyler Matakevich,Bills,LOLB,65,2023
Tyler Larsen,Commanders,C,65,2023
Will Redmond,Colts,SS,65,2023
Xavier Crawford,Jaguars,CB,65,2023
Zach Gentry,Steelers,TE,65,2023
Zachary Carter,Bengals,RE,65,2023
Zander Horvath,Chargers,FB,65,2023
A.J. Moore Jr,Titans,FS,64,2023
Anthony Rush,Falcons,DT,64,2023
Armani Watts,Colts,FS,64,2023
Baylon Spector,Bills,MLB,64,2023
Ben DeLuca,Chargers,SS,64,2023
Blake Hance,Browns,LT,64,2023
Blake Bell,Chiefs,TE,64,2023
Brandin Bryant,Bills,DT,64,2023
Bravvion Roy,Panthers,DT,64,2023
Bryan Cox Jr,Colts,RE,64,2023
Brycen Hopkins,Rams,TE,64,2023
Cade Johnson,Seahawks,WR,64,2023
Calvin Throckmorton,Saints,RG,64,2023
Chance Campbell,Titans,MLB,64,2023
Charles Washington,Cardinals,SS,64,2023
Charlie Heck,Texans,LT,64,2023
Chasen Hines,Patriots,RG,64,2023
Chris Westry,Panthers,CB,64,2023
Chris Wilcox,Colts,CB,64,2023
Chris Garrett,Rams,LOLB,64,2023
Christian Matthew,Cardinals,CB,64,2023
Cody Hollister,Titans,WR,64,2023
Colby Gossett,Falcons,RG,64,2023
Cordell Volson,Bengals,RG,64,2023
Craig James,Eagles,CB,64,2023
Daniel Hardy,Rams,ROLB,64,2023
Darrell Daniels,Texans,TE,64,2023
Darrian Beavers,Giants,MLB,64,2023
Darryl Johnson Jr,Panthers,RE,64,2023
Derion Kendrick,Rams,CB,64,2023
Devin Harper,Cowboys,ROLB,64,2023
Dezmon Patmon,Colts,WR,64,2023
Dillon Stoner,Raiders,WR,64,2023
Dom Maggio,Falcons,P,64,2023
Drew Forbes,Browns,LG,64,2023
Earnest Brown IV,Rams,LE,64,2023
Elijah Hicks,Bears,FS,64,2023
Elijah Garcia,Rams,DT,64,2023
Elijah Lee,Chiefs,LOLB,64,2023
Emeke Egbule,Chargers,ROLB,64,2023
Eric Johnson II,Colts,DT,64,2023
Esezi Otomewo,Vikings,LE,64,2023
Faion Hicks,Broncos,CB,64,2023
Frank Darby,Falcons,WR,64,2023
Garret Wallow,Texans,LOLB,64,2023
Gary Brightwell,Giants,HB,64,2023
Godwin Igwebuike,Lions,HB,64,2023
Grant Calcaterra,Eagles,TE,64,2023
Grayland Arnold,Texans,SS,64,2023
Henry Mondeaux,Steelers,RE,64,2023
Isaiah Thomas,Browns,LE,64,2023
Isaiah Mack,Ravens,DT,64,2023
Isaiah Hodgins,Bills,WR,64,2023
Isiah Pacheco,Chiefs,HB,64,2023
Israel Mukuamu,Cowboys,SS,64,2023
J.J. Koski,Rams,WR,64,2023
Jamarco Jones,Titans,LG,64,2023
James Mitchell,Lions,TE,64,2023
Jamien Sherwood,Jets,MLB,64,2023
Janarius Robinson,Vikings,LOLB,64,2023
Javin White,Jets,CB,64,2023
Jaylen Watson,Chiefs,CB,64,2023
Jeffrey Gunter,Bengals,RE,64,2023
Jesse Davis,Vikings,RT,64,2023
Jody Fortson,Chiefs,TE,64,2023
Joe Giles-Harris,Bills,ROLB,64,2023
John FitzPatrick,Falcons,TE,64,2023
Johnny Mundt,Vikings,TE,64,2023
Jonathan Williams,Commanders,HB,64,2023
Jonathan Garvin,Packers,LOLB,64,2023
Jordan Jackson,Saints,DT,64,2023
Justin Strnad,Broncos,MLB,64,2023
Justin Hamilton,Commanders,DT,64,2023
Justin Shaffer,Falcons,LG,64,2023
Justin McCray,Texans,LG,64,2023
Kalia Davis,49ers,DT,64,2023
Kalon Barnes,Panthers,CB,64,2023
Kellen Mond,Vikings,QB,64,2023
Kingsley Enagbare,Packers,ROLB,64,2023
Lamont Gaillard,Bengals,C,64,2023
Larrell Murchison,Titans,LE,64,2023
Luke Gifford,Cowboys,LOLB,64,2023
Malcolm Koonce,Raiders,LOLB,64,2023
Mark Webb Jr,Chargers,FS,64,2023
Mark Robinson,Steelers,MLB,64,2023
Mason Kinsey,Titans,WR,64,2023
Matt Waletzko,Cowboys,LT,64,2023
Matthew Butler,Raiders,RE,64,2023
Michael Deiter,Dolphins,C,64,2023
Michael Woods II,Browns,WR,64,2023
Mike Love,Bills,RE,64,2023
Montaric Brown,Jaguars,CB,64,2023
Nate Herbig,Jets,RG,64,2023
Neil Farrell Jr.,Raiders,DT,64,2023
Nick Mullens,Raiders,QB,64,2023
Noah Dawkins,Bears,ROLB,64,2023
Qadree Ollison,Falcons,HB,64,2023
Racey McMath,Titans,WR,64,2023
Rashard Robinson,Buccaneers,CB,64,2023
Raymond Calais,Rams,HB,64,2023
Reggie Bonnafon,Commanders,HB,64,2023
RJ McIntosh,Colts,DT,64,2023
Ronnie Perkins,Patriots,LOLB,64,2023
Ross Dwelley,49ers,TE,64,2023
Russ Yeast,Rams,CB,64,2023
Shaka Toney,Commanders,LE,64,2023
Tanner Muse,Seahawks,MLB,64,2023
Tariq Carpenter,Packers,SS,64,2023
Tim Harris,Bills,CB,64,2023
Tipa Galeai,Packers,LOLB,64,2023
Tommy Sweeney,Bills,TE,64,2023
Tre Nixon,Patriots,WR,64,2023
Tre' McKitty,Chargers,TE,64,2023
Trevon Wesco,Jets,TE,64,2023
Trey Edmunds,Steelers,HB,64,2023
Trishton Jackson,Vikings,WR,64,2023
Tyreke Smith,Seahawks,LOLB,64,2023
Vincent Taylor,Falcons,RE,64,2023
Willie Harvey,Browns,ROLB,64,2023
Xavier Jones,Rams,HB,64,2023
Zachary Thomas,Bears,RG,64,2023
Aaron Brewer,Titans,LG,63,2023
Aaron Fuller,Seahawks,WR,63,2023
Andre Mintze,Vikings,ROLB,63,2023
Andrew Stueber,Patriots,RT,63,2023
Anthony Chesley,Colts,CB,63,2023
Bailey Zappe,Patriots,QB,63,2023
Benning Potoa'e,Buccaneers,LE,63,2023
Bobby Hart,Bills,RT,63,2023
Briley Moore,Titans,TE,63,2023
Broderick Washington Jr,Ravens,LE,63,2023
Bubba Bolden,Seahawks,FS,63,2023
Byron Cowart,Patriots,RE,63,2023
C.J. Moore,Lions,FS,63,2023
Cade Mays,Panthers,RG,63,2023
Cam Gill,Buccaneers,ROLB,63,2023
Cam Brown,Giants,LOLB,63,2023
Cam Lewis,Bills,CB,63,2023
Cameron Goode,Dolphins,LOLB,63,2023
Chapelle Russell,Jaguars,ROLB,63,2023
Chris Paul,Commanders,RG,63,2023
CJ Verdell,Colts,HB,63,2023
Clay Johnston,Bengals,LOLB,63,2023
Cornell Armstrong,Falcons,CB,63,2023
Cortez Broughton,Chiefs,DT,63,2023
Curtis Brooks,Colts,DT,63,2023
D.J. Turner,Raiders,WR,63,2023
Dakota Allen,Browns,MLB,63,2023
Dakota Dozier,Bears,LG,63,2023
Dallin Leavitt,Raiders,FS,63,2023
Dee Delaney,Buccaneers,CB,63,2023
Del'Shawn Phillips,Jets,LOLB,63,2023
Deonte Brown,Panthers,RG,63,2023
Devine Ozigbo,Saints,HB,63,2023
Doug Kramer,Bears,C,63,2023
E.J. Speed,Colts,LOLB,63,2023
Elijah Holyfield,Bengals,HB,63,2023
Elijah Riley,Jets,FS,63,2023
Gerri Green,Raiders,LOLB,63,2023
Hakeem Adeniji,Bengals,LG,63,2023
Isaiahh Loudermilk,Steelers,LE,63,2023
J.T. Gray,Saints,FS,63,2023
Ja'Tyre Carter,Bears,LG,63,2023
Jack Sanborn,Bears,ROLB,63,2023
Jacob Harris,Rams,TE,63,2023
Jairon McVea,Rams,FS,63,2023
Jalen Camp,Texans,WR,63,2023
Jalen Davis,Bengals,CB,63,2023
Jamal Davis II,Chargers,LOLB,63,2023
James Houston,Lions,LOLB,63,2023
Jason Moore Jr,Chargers,WR,63,2023
Jaylon Moore,Ravens,WR,63,2023
Jaylon Jones,Bears,SS,63,2023
Jesse Luketa,Cardinals,LOLB,63,2023
JoJo Domann,Colts,MLB,63,2023
Jon Rhattigan,Seahawks,MLB,63,2023
Jonathan Ford,Packers,DT,63,2023
Joseph Jones,Titans,MLB,63,2023
Josh Ball,Cowboys,RT,63,2023
Justin Lawler,Titans,LOLB,63,2023
K.J. Britt,Buccaneers,MLB,63,2023
Kary Vincent Jr,Eagles,CB,63,2023
Keandre Jones,Bengals,ROLB,63,2023
Keisean Nixon,Packers,CB,63,2023
Kenjon Barner,Buccaneers,HB,63,2023
Kennedy Brooks,Eagles,HB,63,2023
Kenny Yeboah,Jets,TE,63,2023
Khalil Davis,Steelers,DT,63,2023
Kristian Welch,Ravens,MLB,63,2023
Kyle Allen,Texans,QB,63,2023
Kyle Trask,Buccaneers,QB,63,2023
Lawrence Cager,Jets,WR,63,2023
Luke Wattenberg,Broncos,C,63,2023
Madre Harper,Panthers,CB,63,2023
Markquese Bell,Cowboys,SS,63,2023
Marquis Hayes,Cardinals,LG,63,2023
Marquiss Spencer,Broncos,RE,63,2023
Matt Dickerson,Cardinals,DT,63,2023
Maurice Ffrench,Chargers,WR,63,2023
Max Garcia,Giants,C,63,2023
Michael Dunn,Browns,LG,63,2023
Michael Jordan,Panthers,LG,63,2023
Mike Strachan,Colts,WR,63,2023
Mike Rose,Chiefs,MLB,63,2023
Naquan Jones,Titans,DT,63,2023
Nate Brooks,Cardinals,CB,63,2023
Nick Thurman,Falcons,DT,63,2023
Nick Allegretti,Chiefs,LG,63,2023
Nick Ralston,Cowboys,FB,63,2023
Nick Bellore,Seahawks,FB,63,2023
Nick Muse,Vikings,TE,63,2023
Niko Lalos,Giants,ROLB,63,2023
Otito Ogbonnia,Chargers,DT,63,2023
P.J. Locke,Broncos,SS,63,2023
Patrick Johnson,Eagles,LOLB,63,2023
Patrick Jones II,Vikings,ROLB,63,2023
Phil Hoskins,Panthers,DT,63,2023
Raleigh Texada,Packers,CB,63,2023
Rashad Weaver,Titans,ROLB,63,2023
Rasheed Walker,Packers,LT,63,2023
Robert Jones,Dolphins,LG,63,2023
Rodarius Williams,Giants,CB,63,2023
Saahdiq Charles,Commanders,LG,63,2023
Sam Roberts,Patriots,LE,63,2023
Sean McKeon,Cowboys,TE,63,2023
Shemar Jean-Charles,Packers,CB,63,2023
Shyheim Carter,Titans,FS,63,2023
Stephen Sullivan,Panthers,TE,63,2023
T.Y. McGill Jr,Vikings,DT,63,2023
Teagan Quitoriano,Texans,TE,63,2023
Tony Poljan,Ravens,TE,63,2023
Tory Carter,Titans,FB,63,2023
Trayvon Henderson,Bengals,SS,63,2023
Trenton Irwin,Bengals,WR,63,2023
Trey Hill,Bengals,C,63,2023
Trey Pipkins III,Chargers,RT,63,2023
Troy Fumagalli,49ers,TE,63,2023
Tyler Hall,Rams,CB,63,2023
Tyrel Dodson,Bills,MLB,63,2023
Ulysees Gilbert III,Steelers,MLB,63,2023
Verone McKinley III,Dolphins,FS,63,2023
William Bradley-King,Commanders,LE,63,2023
Wyatt Davis,Vikings,RG,63,2023
Yusuf Corker,Giants,FS,63,2023
Aaron Hansford,Cowboys,LOLB,62,2023
Albert Huggins Jr,Saints,DT,62,2023
Alex Barrett,49ers,LE,62,2023
Alex Bars,Raiders,LG,62,2023
Andre Anthony,Buccaneers,ROLB,62,2023
Andrew Dowell,Saints,LOLB,62,2023
Andrew Ogletree,Colts,TE,62,2023
Antony Auclair,Texans,TE,62,2023
Austin Deculus,Texans,RT,62,2023
Austin Edwards,Chiefs,RE,62,2023
Avery Williams,Falcons,HB,62,2023
Aviante Collins,Cowboys,RT,62,2023
Ben Skowronek,Rams,WR,62,2023
BoPete Keyes,Bears,CB,62,2023
Brandon Smith,Cowboys,WR,62,2023
Brandon Wilson,Bengals,FS,62,2023
Carlos Davis,Steelers,DT,62,2023
Carson Wells,Bengals,LOLB,62,2023
Carter Coughlin,Giants,MLB,62,2023
Charles Snowden,Bears,RE,62,2023
Colt McCoy,Cardinals,QB,62,2023
Connor Heyward,Steelers,TE,62,2023
D'Vonte Price,Colts,HB,62,2023
Daelin Hayes,Ravens,LOLB,62,2023
Dawson Deaton,Browns,C,62,2023
Demetrius Flannigan-Fowles,49ers,LOLB,62,2023
Demone Harris,Texans,RE,62,2023
Dicaprio Bootle,Chiefs,CB,62,2023
Dominique Dafney,Packers,TE,62,2023
Donnie Lewis Jr,Broncos,CB,62,2023
Donovan Stiner,Steelers,FS,62,2023
Drew Dalman,Falcons,C,62,2023
Dylan Soehner,Saints,TE,62,2023
Dylan Mabin,Saints,CB,62,2023
Elerson Smith,Giants,ROLB,62,2023
Eli Ankou,Bills,DT,62,2023
Garrett Griffin,Lions,TE,62,2023
Gerrid Doaks,Dolphins,HB,62,2023
Giovanni Ricci,Panthers,FB,62,2023
Grant Stuard,Buccaneers,MLB,62,2023
Hjalte Froholdt,Browns,RG,62,2023
Hroniss Grasu,Raiders,C,62,2023
Isaiah McDuffie,Packers,MLB,62,2023
Isaiah Prince,Bengals,RT,62,2023
J.P. Holtz,Saints,TE,62,2023
Jacob Eason,Seahawks,QB,62,2023
JaCoby Stevens,Eagles,ROLB,62,2023
James Skalski,Colts,MLB,62,2023
Jaylon Moore,49ers,LT,62,2023
Joe Haeg,Steelers,LT,62,2023
Joe Gaziano,Chargers,RE,62,2023
Johnny Stanton,Browns,FB,62,2023
Jonathan Ledbetter,Cardinals,RE,62,2023
Jordan Brailford,Falcons,LE,62,2023
Josh Thompson,Jaguars,CB,62,2023
Joshua Kaindoh,Chiefs,LE,62,2023
Josiah Bronson,Cowboys,DT,62,2023
Julie'n Davenport,Bears,LT,62,2023
Kawaan Baker,Saints,WR,62,2023
Kellen Diesch,Dolphins,LT,62,2023
Kemon Hall,Chargers,CB,62,2023
Ko Kieft,Buccaneers,TE,62,2023
Lamar Jackson,Bears,CB,62,2023
Lecitus Smith,Cardinals,RG,62,2023
Linden Stephens,Steelers,CB,62,2023
Logan Stenberg,Lions,LG,62,2023
Luke Farrell,Jaguars,TE,62,2023
Mac McCain III,Eagles,CB,62,2023
Mason Rudolph,Steelers,QB,62,2023
Michael Bandy,Chargers,WR,62,2023
Nathan Cottrell,Jaguars,HB,62,2023
Nick Zakelj,49ers,RT,62,2023
Nolan Turner,Buccaneers,SS,62,2023
P.J. Walker,Panthers,QB,62,2023
Parnell Motley,Browns,CB,62,2023
Pat O'Connor,Buccaneers,RE,62,2023
Prince Tega Wanogho,Chiefs,LT,62,2023
Rachad Wildgoose,Jets,CB,62,2023
Randy Ramsey,Packers,ROLB,62,2023
Robert Hainsey,Buccaneers,C,62,2023
Tarron Jackson,Eagles,RE,62,2023
Tashawn Bower,Raiders,ROLB,62,2023
Timmy Horne,Falcons,DT,62,2023
Tommy Doyle,Bills,LT,62,2023
Tommy Hudson,Titans,TE,62,2023
Trevor Denbow,Colts,SS,62,2023
Trill Williams,Dolphins,CB,62,2023
Troy Warner,Buccaneers,SS,62,2023
Tuzar Skipper,Steelers,LOLB,62,2023
Tyler Coyle,Cowboys,SS,62,2023
Tyler Clark,Commanders,DT,62,2023
Tyrie Cleveland,Broncos,WR,62,2023
Vederian Lowe,Vikings,LT,62,2023
Warren Jackson,Rams,WR,62,2023
Wes Martin,Jaguars,LG,62,2023
Will Richardson Jr,Jaguars,RT,62,2023
Wyatt Hubert,Bengals,RE,62,2023
Zayne Anderson,Chiefs,FS,62,2023
A.J. Arcuri,Rams,LT,61,2023
Aaron Patrick,Broncos,LOLB,61,2023
Adam Prentice,Saints,FB,61,2023
AJ Jackson,Rams,LT,61,2023
Alec Lindstrom,Cowboys,C,61,2023
Andre Chachere,Eagles,SS,61,2023
Ar'Darius Washington,Ravens,FS,61,2023
Ben Ellefson,Vikings,TE,61,2023
Binjimen Victor,Ravens,WR,61,2023
Brett Hundley,Ravens,QB,61,2023
Brian Hoyer,Patriots,QB,61,2023
Caleb Huntley,Falcons,HB,61,2023
Cedric Ogbuehi,Texans,LT,61,2023
Chad Henne,Chiefs,QB,61,2023
Chase Daniel,Chargers,QB,61,2023
Chris Lammons,Chiefs,CB,61,2023
Chris Williamson,Titans,CB,61,2023
Chris Williams,Colts,DT,61,2023
Cole Van Lanen,Packers,RG,61,2023
Colton McKivitz,49ers,RG,61,2023
Corey Levin,Titans,RG,61,2023
D'Ante Smith,Bengals,LT,61,2023
Daniel Wise,Commanders,RE,61,2023
Danny Isidora,Cardinals,RG,61,2023
Darius Bradwell,Panthers,HB,61,2023
Darius Hodge,Dolphins,ROLB,61,2023
Delonte Hood,Bengals,CB,61,2023
Dru Samia,Jets,LG,61,2023
Easop Winston Jr.,Saints,WR,61,2023
Frank Herron,Panthers,LE,61,2023
Greg Mancz,Bills,C,61,2023
Herb Miller,Browns,CB,61,2023
Innis Gaines,Packers,FS,61,2023
J.C. Hassenauer,Steelers,C,61,2023
Jace Whittaker,Cardinals,CB,61,2023
Jack Heflin,Packers,LE,61,2023
Jack Anderson,Eagles,RG,61,2023
Jaivon Heiligh,Bengals,WR,61,2023
James Hudson III,Browns,LT,61,2023
Jamil Douglas,Giants,LG,61,2023
Jared Hocker,Jaguars,RG,61,2023
Jarren Williams,Giants,CB,61,2023
Jason Spriggs,Colts,LG,61,2023
Jeremiah Hall,Giants,FB,61,2023
Jesper Horsted,Raiders,TE,61,2023
John Lovett,Dolphins,TE,61,2023
Keith Smith,Falcons,FB,61,2023
Keith Ismael,Commanders,C,61,2023
Kendal Vickers,Raiders,LE,61,2023
Kevin Strong,Titans,LE,61,2023
Kevin Harris,Patriots,HB,61,2023
Kevin Austin Jr,Jaguars,WR,61,2023
Kiondre Thomas,Packers,CB,61,2023
Kyler McMichael,Buccaneers,CB,61,2023
Kyron Brown,Cowboys,CB,61,2023
Luke Tenuta,Bills,LT,61,2023
Malik Davis,Cowboys,HB,61,2023
Mark Gilbert,Lions,CB,61,2023
Marquise Copeland,Rams,RE,61,2023
Matt Farniok,Cowboys,C,61,2023
Michael Griffin II,Titans,SS,61,2023
Nick Ford,Jaguars,C,61,2023
Rashad Smith,Falcons,MLB,61,2023
Robert Jackson,Ravens,CB,61,2023
Roderick Johnson,Chiefs,LT,61,2023
Shaun Bradley,Eagles,MLB,61,2023
Stanford Samuels III,Raiders,CB,61,2023
Sterling Weatherford,Colts,ROLB,61,2023
T.J. Vasher,Cowboys,WR,61,2023
Tanzel Smart,Jets,DT,61,2023
Thayer Munford,Raiders,LT,61,2023
Trevor Siemian,Bears,QB,61,2023
Tyler Davis,Packers,TE,61,2023
Vernon Scott,Packers,FS,61,2023
Victor Dimukeje,Cardinals,LOLB,61,2023
Yodny Cajuste,Patriots,RT,61,2023
Zach Davidson,Vikings,TE,61,2023
Blaine Gabbert,Buccaneers,QB,60,2023
Bobby Price,Lions,CB,60,2023
Breiden Fehoko,Chargers,LE,60,2023
Brenden Jaimes,Chargers,RG,60,2023
Brock Wright,Lions,TE,60,2023
Caleb Johnson,Bears,MLB,60,2023
Chris Jones,Raiders,CB,60,2023
Chris Slayton,Packers,LE,60,2023
Dan Chisena,Vikings,WR,60,2023
Daniel Ekuale,Patriots,RE,60,2023
Derrek Tuszka,Steelers,ROLB,60,2023
Devon Williams,Ravens,WR,60,2023
Dorian Etheridge,Falcons,MLB,60,2023
Easton Stick,Chargers,QB,60,2023
Elijah Campbell,Dolphins,CB,60,2023
Fred Johnson,Buccaneers,LT,60,2023
Geno Smith,Seahawks,QB,60,2023
Jack Stoll,Eagles,TE,60,2023
Jake Gervase,Rams,MLB,60,2023
Jared Mayden,Eagles,SS,60,2023
Jashon Cornell,Lions,LE,60,2023
Jaylen Twyman,Vikings,LE,60,2023
Jeff Driskel,Texans,QB,60,2023
JoJo Ozougwu,Buccaneers,ROLB,60,2023
Jonathan Harris,Broncos,LE,60,2023
Jordan Smith,Jaguars,LOLB,60,2023
Jordan Franks,Chiefs,TE,60,2023
Josh Andrews,Saints,LG,60,2023
Joshua Dobbs,Browns,QB,60,2023
Kendall Blanton,Rams,TE,60,2023
Kyle Peko,Raiders,RE,60,2023
Lakiem Williams,Seahawks,LOLB,60,2023
Matt Gotel,Seahawks,DT,60,2023
Nick McCloud,Bills,CB,60,2023
Noah Togiai,Eagles,TE,60,2023
Quinton Bell,Falcons,ROLB,60,2023
Raequan Williams,Jaguars,DT,60,2023
Rodney Clemons,Titans,FS,60,2023
Roger Carter,Rams,FB,60,2023
Storm Norton,Chargers,RT,60,2023
Thaddeus Moss,Bengals,TE,60,2023
William Sherman,Patriots,LG,60,2023
Wyatt Ray,Jaguars,LOLB,60,2023
Beau Benzschawel,Commanders,LG,59,2023
Benito Jones,Dolphins,DT,59,2023
Brandon Dillon,Saints,TE,59,2023
Brandon Walton,Buccaneers,LT,59,2023
Brittain Brown,Raiders,HB,59,2023
Brock Purdy,49ers,QB,59,2023
Bruce Hector,Lions,DT,59,2023
Bryce Thompson,Saints,CB,59,2023
Bunmi Rotimi,Commanders,RE,59,2023
C.J. Avery,Bears,MLB,59,2023
Calvin Munson,Dolphins,MLB,59,2023
Chris Cooper,Buccaneers,FS,59,2023
Chris Oladokun,Steelers,QB,59,2023
Christian Rozeboom,Rams,MLB,59,2023
Cody White,Steelers,WR,59,2023
Cole Christiansen,Chargers,MLB,59,2023
Colin Thompson,Panthers,TE,59,2023
Damarea Crockett,Broncos,HB,59,2023
David Wells,Cardinals,TE,59,2023
Devin Cochran,Bengals,LT,59,2023
Eric Banks,Lions,RE,59,2023
Feleipe Franks,Falcons,QB,59,2023
Haskell Garrett,Titans,DT,59,2023
Ian Book,Saints,QB,59,2023
Jake Hanson,Packers,C,59,2023
Jake Luton,Jaguars,QB,59,2023
Jerald Hawkins,Saints,RT,59,2023
Jimmy Morrissey,Texans,C,59,2023
Josh Woods,Lions,MLB,59,2023
Kyle Fuller,Seahawks,C,59,2023
Kyle Hinton,Vikings,LG,59,2023
La'Darius Hamilton,Packers,ROLB,59,2023
LaCale London,Bears,DT,59,2023
Lafayette Pitts,Falcons,CB,59,2023
Landen Akers,Rams,WR,59,2023
Landon Young,Saints,RT,59,2023
Michael Joseph,Bears,CB,59,2023
Myles Adams,Seahawks,LE,59,2023
Nick Leverett,Buccaneers,RG,59,2023
Patrick Taylor,Packers,HB,59,2023
Saivion Smith,Lions,CB,59,2023
Samson Nacua,Colts,WR,59,2023
Sean Harlow,Cardinals,C,59,2023
Shaq Calhoun,Commanders,RG,59,2023
Sua Opeta,Eagles,LG,59,2023
Tanner Gentry,Bills,WR,59,2023
Tyler Mabry,Seahawks,TE,59,2023
Tyler Goodson,Packers,HB,59,2023
Will Clapp,Chargers,C,59,2023
Austin Fort,Titans,TE,58,2023
Barrington Wade,Broncos,LOLB,58,2023
Bookie Radley-Hiles,Bengals,CB,58,2023
Brandon King,Colts,LOLB,58,2023
Braylon Jones,Cowboys,RG,58,2023
Brett Rypien,Broncos,QB,58,2023
Calvin Anderson,Broncos,RT,58,2023
Carson Green,Titans,RT,58,2023
Chris Myarick,Giants,TE,58,2023
Cooper Rush,Cowboys,QB,58,2023
Daniel Archibong,Steelers,RE,58,2023
Deon Yelder,Cardinals,TE,58,2023
Elijah Nkansah,Browns,RT,58,2023
Jared Pinkney,Rams,TE,58,2023
John Wolford,Rams,QB,58,2023
John Leglue,Steelers,RT,58,2023
John Brannon,Bengals,CB,58,2023
Kabion Ento,Packers,CB,58,2023
Kahlil McKenzie,Ravens,DT,58,2023
Keaton Sutherland,49ers,LG,58,2023
Matt Barkley,Bills,QB,58,2023
Mekhi Sargent,Jaguars,HB,58,2023
Miller Forristall,Browns,TE,58,2023
Nick Bowers,Raiders,TE,58,2023
Sam Ehlinger,Colts,QB,58,2023
Shon Coleman,Bears,RT,58,2023
Tariqious Tisdale,Bengals,LE,58,2023
Tommy Kraemer,Lions,RG,58,2023
Tremayne Anchrum Jr,Rams,RT,58,2023
Will Fries,Colts,RG,58,2023
Yasir Durant,Patriots,LG,58,2023
Alize Mack,Packers,TE,57,2023
Austin Schlottmann,Vikings,C,57,2023
C.J. Beathard,Jaguars,QB,57,2023
Chandler Brewer,Rams,RG,57,2023
Christian Kuntz,Steelers,MLB,57,2023
Codey McElroy,Buccaneers,TE,57,2023
Curtis Robinson,49ers,MLB,57,2023
David Bada,Commanders,DT,57,2023
Deon Jackson,Colts,HB,57,2023
Greg Senat,Jets,LT,57,2023
Hunter Kampmoyer,Chargers,TE,57,2023
Jake Curhan,Seahawks,RT,57,2023
Jarrett Stidham,Raiders,QB,57,2023
Jeremiah Moon,Ravens,MLB,57,2023
Jessie Lemonier,Cardinals,LOLB,57,2023
John Raine,Falcons,TE,57,2023
KC McDermott,Jaguars,LG,57,2023
Kevin Rader,Steelers,TE,57,2023
Lachavious Simmons,Bears,RT,57,2023
Larnel Coleman,Dolphins,RT,57,2023
Matt Gono,Giants,RT,57,2023
Michal Menet,Packers,C,57,2023
Sam Kamara,Bears,LE,57,2023
Sammis Reyes,Commanders,TE,57,2023
Skylar Thompson,Dolphins,QB,57,2023
Stone Forsythe,Seahawks,LT,57,2023
Tim Boyle,Lions,QB,57,2023
Trystan Colon-Castillo,Ravens,C,57,2023
Willie Wright,Bears,RG,57,2023
Conor McDermott,Jets,LT,56,2023
David Blough,Lions,QB,56,2023
E.J. Perry,Jaguars,QB,56,2023
Elijah Ponder,Buccaneers,LOLB,56,2023
Ezekiel Turner,Cardinals,MLB,56,2023
Forrest Merrill,Chargers,LE,56,2023
Jack Coan,Colts,QB,56,2023
Jake Brendel,49ers,C,56,2023
Jeremiah Kolone,Rams,LG,56,2023
Jordan Roos,Titans,LG,56,2023
Josh Johnson,Broncos,QB,56,2023
Le'Raven Clark,Eagles,RT,56,2023
Mike White,Jets,QB,56,2023
Mitchell Wilcox,Bengals,TE,56,2023
Nate Gilliam,Steelers,RG,56,2023
Olakunle Fatukasi,Buccaneers,MLB,56,2023
Rashod Berry,Jaguars,LOLB,56,2023
Tyree Jackson,Eagles,TE,56,2023
Wesley French,Colts,C,56,2023
Zack Bailey,Chargers,RG,56,2023
Aaron Donkor,Seahawks,ROLB,55,2023
Adrian Ealy,Rams,RT,55,2023
Amen Ogbongbemiga,Chargers,MLB,55,2023
Foster Sarell,Chargers,RT,55,2023
Ian Bunting,Cowboys,TE,55,2023
Jackson Barton,Raiders,LT,55,2023
John Molchon,Buccaneers,RG,55,2023
Joshua Miles,Cardinals,LT,55,2023
Justin Hilliard,Giants,MLB,55,2023
Koda Martin,Cardinals,LT,55,2023
Korey Cunningham,Giants,LT,55,2023
Matt Nelson,Lions,LT,55,2023
Nate Sudfeld,49ers,QB,55,2023
Rick Leonard,Falcons,RT,55,2023
Ryan Hunter,Chargers,LG,55,2023
Sam Tecklenburg,Panthers,C,55,2023
Trace McSorley,Cardinals,QB,55,2023
Will Grier,Cowboys,QB,55,2023
Adam Pankey,Dolphins,RT,54,2023
Badara Traore,Jaguars,RT,54,2023
Brandon Allen,Bengals,QB,54,2023
Bryce Perkins,Rams,QB,54,2023
Charley Hughlett,Browns,TE,54,2023
Christian DiLauro,Titans,LT,54,2023
Daniel Munyer,Titans,C,54,2023
Ethan Greenidge,Saints,LT,54,2023
Jimmy Murray,Ravens,C,54,2023
Milo Eifler,Commanders,MLB,54,2023
Ryan Griffin,Buccaneers,QB,54,2023
Willie Beavers,Commanders,RT,54,2023
Ben DiNucci,Cowboys,QB,53,2023
Brett Toth,Eagles,LT,53,2023
Chaz Green,Steelers,RT,53,2023
Coleman Shelton,Rams,C,53,2023
Dan Skipper,Lions,RT,53,2023
Jake Browning,Bengals,QB,53,2023
James Ferentz,Patriots,C,53,2023
Jaryd Jones-Smith,Ravens,LT,53,2023
Ben Braden,Broncos,RG,52,2023
Davis Webb,Giants,QB,52,2023
Eric Smith,Cardinals,RT,52,2023
Parker Hesse,Falcons,TE,52,2023
Sean Mannion,Vikings,QB,52,2023
Shane Buechele,Chiefs,QB,52,2023
Wyatt Miller,Panthers,RT,52,2023
Alex Taylor,Browns,RT,51,2023
Logan Woodside,Titans,QB,51,2023
Ryan McCollum,Lions,C,51,2023
Timon Parris,Vikings,RT,51,2023
Dakoda Shepley,Seahawks,C,50,2023
Reid Sinnett,Eagles,QB,50,2023
Jon Toth,Commanders,C,49,2023
Nathan Peterman,Bears,QB,49,2023
Andrew DePaola,Vikings,TE,48,2023
Danny Etling,Packers,QB,48,2023
Josh Harris,Chargers,TE,43,2023
Clark Harris,Bengals,TE,42,2023
J.J. Jansen,Panthers,TE,36,2023
Nick Moore,Ravens,TE,36,2023
Reid Ferguson,Bills,TE,35,2023
Thomas Fletcher,Panthers,TE,35,2023
Beau Brinkley,Falcons,TE,34,2023
Jack Coco,Packers,TE,34,2023
Jake McQuaide,Cowboys,TE,34,2023
Steven Wirtel,Packers,TE,34,2023
Tyler Ott,Seahawks,TE,34,2023
Camaron Cheeseman,Commanders,TE,33,2023
Trent Sieg,Raiders,TE,33,2023
Aaron Brewer,Cardinals,TE,32,2023
Jacob Bobenmoyer,Broncos,TE,32,2023
Casey Kreiter,Giants,TE,31,2023
James Winchester,Chiefs,TE,31,2023
Liam McCullough,Falcons,TE,31,2023
Patrick Scales,Bears,TE,31,2023
Rick Lovato,Eagles,TE,31,2023
Thomas Hennessy,Jets,TE,31,2023
Blake Ferguson,Dolphins,TE,29,2023
Morgan Cox,Titans,TE,29,2023
Scott Daly,Lions,TE,29,2023
Jon Weeks,Texans,TE,28,2023
Luke Rhodes,Colts,TE,27,2023
Taybor Pepper,49ers,TE,27,2023
Ross Matiscik,Jaguars,TE,26,2023
Zach Triner,Buccaneers,TE,26,2023
Joe Cardona,Patriots,TE,25,2023
Matthew Orzech,Rams,TE,25,2023
Zach Wood,Saints,TE,25,2023
Jake Brendel,49ers,C,74,2024
Jon Feliciano,49ers,C,72,2024
Keith Ismael,49ers,C,61,2024
Charvarius Ward,49ers,CB,87,2024
Isaiah Oliver,49ers,CB,76,2024
Deommodore Lenoir,49ers,CB,75,2024
Ambry Thomas,49ers,CB,71,2024
Samuel Womack III,49ers,CB,70,2024
Darrell Luter Jr.,49ers,CB,68,2024
AJ Parker,49ers,CB,65,2024
Javon Hargrave,49ers,DT,84,2024
Arik Armstead,49ers,DT,82,2024
Kevin Givens,49ers,DT,70,2024
Javon Kinlaw,49ers,DT,70,2024
Marlon Davidson,49ers,DT,69,2024
T.Y. McGill Jr,49ers,DT,65,2024
Kalia Davis,49ers,DT,64,2024
Kyle Juszczyk,49ers,FB,87,2024
Tashaun Gipson Sr,49ers,FS,79,2024
George Odum,49ers,FS,71,2024
Myles Hartsfield,49ers,FS,69,2024
Avery Young,49ers,FS,65,2024
Christian McCaffrey,49ers,HB,96,2024
Elijah Mitchell,49ers,HB,80,2024
Tyrion Davis-Price,49ers,HB,69,2024
Jordan Mason,49ers,HB,69,2024
Khalan Laborn,49ers,HB,64,2024
Jake Moody,49ers,K,75,2024
Zane Gonzalez,49ers,K,73,2024
Drake Jackson,49ers,LE,72,2024
Austin Bryant,49ers,LE,68,2024
Alex Barrett,49ers,LE,62,2024
Aaron Banks,49ers,LG,74,2024
Jason Poe,49ers,LG,62,2024
Oren Burks,49ers,LOLB,68,2024
Dee Winters,49ers,LOLB,65,2024
Trent Williams,49ers,LT,98,2024
Matt Pryor,49ers,LT,65,2024
Fred Warner,49ers,MLB,96,2024
Jalen Graham,49ers,MLB,64,2024
Curtis Robinson,49ers,MLB,58,2024
Mitch Wishnowsky,49ers,P,78,2024
Brock Purdy,49ers,QB,73,2024
Sam Darnold,49ers,QB,71,2024
Trey Lance,49ers,QB,71,2024
Brandon Allen,49ers,QB,54,2024
Nick Bosa,49ers,RE,98,2024
Clelin Ferrell,49ers,RE,74,2024
Kerry Hyder Jr,49ers,RE,72,2024
Robert Beal Jr.,49ers,RE,63,2024
Spencer Burford,49ers,RG,72,2024
Nick Zakelj,49ers,RG,63,2024
Dre Greenlaw,49ers,ROLB,86,2024
Demetrius Flannigan-Fowles,49ers,ROLB,63,2024
Colton McKivitz,49ers,RT,64,2024
Jaylon Moore,49ers,RT,62,2024
Talanoa Hufanga,49ers,SS,86,2024
Ji'Ayir Brown,49ers,SS,70,2024
George Kittle,49ers,TE,96,2024
Cameron Latu,49ers,TE,65,2024
Charlie Woerner,49ers,TE,65,2024
Ross Dwelley,49ers,TE,64,2024
Brayden Willis,49ers,TE,63,2024
Troy Fumagalli,49ers,TE,62,2024
Taybor Pepper,49ers,TE,27,2024
Deebo Samuel,49ers,WR,89,2024
Brandon Aiyuk,49ers,WR,86,2024
Jauan Jennings,49ers,WR,74,2024
Ray-Ray McCloud III,49ers,WR,73,2024
Willie Snead IV,49ers,WR,71,2024
Danny Gray,49ers,WR,70,2024
Chris Conley,49ers,WR,68,2024
Dazz Newsome,49ers,WR,66,2024
Ronnie Bell,49ers,WR,65,2024
Cody Whitehair,Bears,C,79,2024
Lucas Patrick,Bears,C,71,2024
Doug Kramer,Bears,C,62,2024
Jaylon Johnson,Bears,CB,81,2024
Kyler Gordon,Bears,CB,75,2024
Tyrique Stevenson,Bears,CB,72,2024
Michael Ojemudia,Bears,CB,70,2024
Kindle Vildor,Bears,CB,70,2024
Jaylon Jones,Bears,CB,68,2024
Terell Smith,Bears,CB,68,2024
Greg Stroman,Bears,CB,67,2024
Josh Blackwell,Bears,CB,65,2024
Justin Jones,Bears,DT,74,2024
Andrew Billings,Bears,DT,72,2024
Jalyn Holmes,Bears,DT,69,2024
Gervon Dexter,Bears,DT,68,2024
Zacch Pickens,Bears,DT,67,2024
Andrew Brown,Bears,DT,65,2024
Travis Bell,Bears,DT,64,2024
Donovan Jeter,Bears,DT,59,2024
Khari Blasingame,Bears,FB,72,2024
Eddie Jackson,Bears,FS,85,2024
Elijah Hicks,Bears,FS,65,2024
D'Onta Foreman,Bears,HB,77,2024
Khalil Herbert,Bears,HB,77,2024
Travis Homer,Bears,HB,70,2024
Roschon Johnson,Bears,HB,70,2024
Trestan Ebner,Bears,HB,65,2024
Cairo Santos,Bears,K,73,2024
Rasheem Green,Bears,LE,72,2024
DeMarcus Walker,Bears,LE,72,2024
Teven Jenkins,Bears,LG,78,2024
Ja'Tyre Carter,Bears,LG,63,2024
Jack Sanborn,Bears,LOLB,72,2024
Dylan Cole,Bears,LOLB,68,2024
Braxton Jones,Bears,LT,76,2024
Larry Borom,Bears,LT,67,2024
Kellen Diesch,Bears,LT,62,2024
Tremaine Edmunds,Bears,MLB,87,2024
Noah Sewell,Bears,MLB,66,2024
Terrell Lewis,Bears,MLB,63,2024
Trenton Gill,Bears,P,70,2024
Justin Fields,Bears,QB,76,2024
P.J. Walker,Bears,QB,66,2024
Tyson Bagent,Bears,QB,52,2024
Nathan Peterman,Bears,QB,49,2024
Trevis Gipson,Bears,RE,73,2024
Dominique Robinson,Bears,RE,71,2024
Nate Davis,Bears,RG,76,2024
Dieter Eiselen,Bears,RG,60,2024
T.J. Edwards,Bears,ROLB,82,2024
Sterling Weatherford,Bears,ROLB,62,2024
Darnell Wright,Bears,RT,74,2024
Alex Leatherwood,Bears,RT,65,2024
Jaquan Brisker,Bears,SS,78,2024
Adrian Colbert,Bears,SS,67,2024
Kendall Williamson,Bears,SS,64,2024
A.J. Thomas,Bears,SS,58,2024
Cole Kmet,Bears,TE,79,2024
Robert Tonyan,Bears,TE,77,2024
Chase Allen,Bears,TE,63,2024
Stephen Carlson,Bears,TE,61,2024
Jake Tonges,Bears,TE,59,2024
Patrick Scales,Bears,TE,31,2024
D.J. Moore,Bears,WR,86,2024
Darnell Mooney,Bears,WR,81,2024
Chase Claypool,Bears,WR,76,2024
Dante Pettis,Bears,WR,73,2024
Tyler Scott,Bears,WR,71,2024
Equanimeous St. Brown,Bears,WR,71,2024
Velus Jones Jr,Bears,WR,69,2024
Joe Reed,Bears,WR,67,2024
Nsimba Webster,Bears,WR,67,2024
Daurice Fountain,Bears,WR,66,2024
Ted Karras,Bengals,C,80,2024
Trey Hill,Bengals,C,63,2024
Ben Brown,Bengals,C,61,2024
Chidobe Awuzie,Bengals,CB,85,2024
Mike Hilton,Bengals,CB,82,2024
Cam Taylor-Britt,Bengals,CB,75,2024
DJ Turner,Bengals,CB,73,2024
Sidney Jones IV,Bengals,CB,72,2024
Marvell Tell III,Bengals,CB,65,2024
Allan George,Bengals,CB,64,2024
D.J. Ivey,Bengals,CB,64,2024
Jalen Davis,Bengals,CB,63,2024
D.J. Reader,Bengals,DT,87,2024
B.J. Hill,Bengals,DT,80,2024
Jay Tufele,Bengals,DT,68,2024
Josh Tupou,Bengals,DT,66,2024
Zachary Carter,Bengals,DT,64,2024
Daxton Hill,Bengals,FS,75,2024
Nick Scott,Bengals,FS,72,2024
Yusuf Corker,Bengals,FS,63,2024
Joe Mixon,Bengals,HB,87,2024
Chase Brown,Bengals,HB,68,2024
Chris Evans,Bengals,HB,68,2024
Trayveon Williams,Bengals,HB,66,2024
Evan McPherson,Bengals,K,79,2024
Sam Hubbard,Bengals,LE,78,2024
Myles Murphy,Bengals,LE,72,2024
Cam Sample,Bengals,LE,68,2024
Jeffrey Gunter,Bengals,LE,64,2024
Cordell Volson,Bengals,LG,72,2024
Cody Ford,Bengals,LG,69,2024
Akeem Davis-Gaither,Bengals,LOLB,75,2024
Orlando Brown,Bengals,LT,83,2024
Jonah Williams,Bengals,LT,75,2024
Jackson Carman,Bengals,LT,66,2024
Devin Cochran,Bengals,LT,59,2024
Germaine Pratt,Bengals,MLB,78,2024
Markus Bailey,Bengals,MLB,66,2024
Joe Bachie Jr,Bengals,MLB,65,2024
Brad Robbins,Bengals,P,71,2024
Drue Chrisman,Bengals,P,70,2024
Joe Burrow,Bengals,QB,95,2024
Trevor Siemian,Bengals,QB,57,2024
Jake Browning,Bengals,QB,52,2024
Trey Hendrickson,Bengals,RE,87,2024
Joseph Ossai,Bengals,RE,73,2024
Tarell Basham,Bengals,RE,72,2024
Alex Cappa,Bengals,RG,80,2024
Max Scharping,Bengals,RG,66,2024
Jaxson Kirkland,Bengals,RG,60,2024
Nate Gilliam,Bengals,RG,56,2024
Logan Wilson,Bengals,ROLB,84,2024
Keandre Jones,Bengals,ROLB,64,2024
La'el Collins,Bengals,RT,81,2024
Hakeem Adeniji,Bengals,RT,63,2024
D'Ante Smith,Bengals,RT,61,2024
Jordan Battle,Bengals,SS,71,2024
Michael Thomas,Bengals,SS,71,2024
Tycen Anderson,Bengals,SS,65,2024
Irv Smith Jr,Bengals,TE,75,2024
Drew Sample,Bengals,TE,69,2024
Devin Asiasi,Bengals,TE,63,2024
Tanner Hudson,Bengals,TE,61,2024
Nick Bowers,Bengals,TE,58,2024
Cal Adomitis,Bengals,TE,39,2024
Ja'Marr Chase,Bengals,WR,94,2024
Tee Higgins,Bengals,WR,87,2024
Tyler Boyd,Bengals,WR,82,2024
Trenton Irwin,Bengals,WR,71,2024
Charlie Jones,Bengals,WR,70,2024
Stanley Morgan Jr,Bengals,WR,67,2024
Andrei Iosivas,Bengals,WR,66,2024
Trent Taylor,Bengals,WR,66,2024
Kwamie Lassiter II,Bengals,WR,63,2024
Mitch Morse,Bills,C,79,2024
Greg Mancz,Bills,C,61,2024
Tre'Davious White,Bills,CB,90,2024
Taron Johnson,Bills,CB,83,2024
Kaiir Elam,Bills,CB,76,2024
Dane Jackson,Bills,CB,73,2024
Cameron Dantzler Sr,Bills,CB,71,2024
Christian Benford,Bills,CB,69,2024
Siran Neal,Bills,CB,67,2024
Alex Austin,Bills,CB,64,2024
Ed Oliver,Bills,DT,81,2024
Poona Ford,Bills,DT,76,2024
DaQuan Jones,Bills,DT,76,2024
Jordan Phillips,Bills,DT,74,2024
Tim Settle Jr,Bills,DT,71,2024
Cortez Broughton,Bills,DT,63,2024
Kendal Vickers,Bills,DT,59,2024
Reggie Gilliam,Bills,FB,76,2024
Micah Hyde,Bills,FS,89,2024
Dean Marlowe,Bills,FS,70,2024
Damar Hamlin,Bills,FS,66,2024
Cam Lewis,Bills,FS,66,2024
Zayne Anderson,Bills,FS,62,2024
Damien Harris,Bills,HB,79,2024
Latavius Murray,Bills,HB,76,2024
James Cook,Bills,HB,75,2024
Nyheim Hines,Bills,HB,75,2024
Tyler Bass,Bills,K,79,2024
Greg Rousseau,Bills,LE,84,2024
Leonard Floyd,Bills,LE,78,2024
Boogie Basham Jr,Bills,LE,75,2024
Kingsley Jonathan,Bills,LE,62,2024
Connor McGovern,Bills,LG,74,2024
Ike Boettger,Bills,LG,67,2024
Nick Broeker,Bills,LG,63,2024
Terrel Bernard,Bills,LOLB,68,2024
Tyler Matakevich,Bills,LOLB,65,2024
Dion Dawkins,Bills,LT,81,2024
Tommy Doyle,Bills,LT,62,2024
Dorian Williams,Bills,MLB,68,2024
Tyrel Dodson,Bills,MLB,65,2024
Baylon Spector,Bills,MLB,64,2024
Sam Martin,Bills,P,76,2024
Josh Allen,Bills,QB,94,2024
Kyle Allen,Bills,QB,61,2024
Matt Barkley,Bills,QB,56,2024
Von Miller,Bills,RE,94,2024
A.J. Epenesa,Bills,RE,73,2024
Shaq Lawson,Bills,RE,73,2024
Ryan Bates,Bills,RG,74,2024
David Edwards,Bills,RG,72,2024
O'Cyrus Torrence,Bills,RG,71,2024
Matt Milano,Bills,ROLB,88,2024
A.J. Klein,Bills,ROLB,69,2024
Travin Howard,Bills,ROLB,65,2024
Spencer Brown,Bills,RT,71,2024
Brandon Shell,Bills,RT,70,2024
David Quessenberry,Bills,RT,69,2024
Jordan Poyer,Bills,SS,90,2024
Taylor Rapp,Bills,SS,77,2024
Jared Mayden,Bills,SS,60,2024
Dawson Knox,Bills,TE,83,2024
Dalton Kincaid,Bills,TE,76,2024
Zach Davidson,Bills,TE,61,2024
Quintin Morris,Bills,TE,61,2024
Reid Ferguson,Bills,TE,37,2024
Stefon Diggs,Bills,WR,96,2024
Gabe Davis,Bills,WR,83,2024
Deonte Harty,Bills,WR,74,2024
Trent Sherfield,Bills,WR,73,2024
Khalil Shakir,Bills,WR,70,2024
KeeSean Johnson,Bills,WR,68,2024
Justin Shorter,Bills,WR,67,2024
Isaiah Coulter,Bills,WR,66,2024
Lloyd Cushenberry III,Broncos,C,72,2024
Alex Forsyth,Broncos,C,63,2024
Kyle Fuller,Broncos,C,59,2024
Patrick Surtain II,Broncos,CB,94,2024
K'Waun Williams,Broncos,CB,76,2024
Damarri Mathis,Broncos,CB,72,2024
Riley Moss,Broncos,CB,70,2024
Tremon Smith,Broncos,CB,69,2024
Essang Bassey,Broncos,CB,66,2024
Faion Hicks,Broncos,CB,64,2024
Delonte Hood,Broncos,CB,61,2024
D.J. Jones,Broncos,DT,78,2024
Mike Purcell,Broncos,DT,73,2024
Jordan Jackson,Broncos,DT,64,2024
Michael Burton,Broncos,FB,71,2024
Justin Simmons,Broncos,FS,92,2024
Caden Sterns,Broncos,FS,73,2024
Javonte Williams,Broncos,HB,82,2024
Samaje Perine,Broncos,HB,78,2024
Tyler Badie,Broncos,HB,68,2024
Tony Jones Jr,Broncos,HB,66,2024
Brett Maher,Broncos,K,74,2024
Elliott Fry,Broncos,K,64,2024
Matt Henningsen,Broncos,LE,66,2024
Eyioma Uwazurike,Broncos,LE,65,2024
Elijah Garcia,Broncos,LE,62,2024
Ben Powers,Broncos,LG,81,2024
William Sherman,Broncos,LG,60,2024
Randy Gregory,Broncos,LOLB,83,2024
Jonathon Cooper,Broncos,LOLB,72,2024
Thomas Incoom,Broncos,LOLB,62,2024
Aaron Patrick,Broncos,LOLB,61,2024
Garett Bolles,Broncos,LT,81,2024
Cameron Fleming,Broncos,LT,74,2024
Christian DiLauro,Broncos,LT,54,2024
Josey Jewell,Broncos,MLB,80,2024
Alex Singleton,Broncos,MLB,79,2024
Jonas Griffith,Broncos,MLB,72,2024
Drew Sanders,Broncos,MLB,72,2024
Justin Strnad,Broncos,MLB,64,2024
Riley Dixon,Broncos,P,75,2024
Russell Wilson,Broncos,QB,77,2024
Jarrett Stidham,Broncos,QB,62,2024
Ben DiNucci,Broncos,QB,54,2024
Zach Allen,Broncos,RE,79,2024
Jonathan Harris,Broncos,RE,60,2024
Quinn Meinerz,Broncos,RG,78,2024
Luke Wattenberg,Broncos,RG,63,2024
Frank Clark,Broncos,ROLB,76,2024
Baron Browning,Broncos,ROLB,75,2024
Nik Bonitto,Broncos,ROLB,70,2024
Mike McGlinchey,Broncos,RT,80,2024
Isaiah Prince,Broncos,RT,62,2024
Quinn Bailey,Broncos,RT,55,2024
Kareem Jackson,Broncos,SS,78,2024
P.J. Locke,Broncos,SS,68,2024
JL Skinner,Broncos,SS,66,2024
Delarrin Turner-Yell,Broncos,SS,65,2024
Greg Dulcich,Broncos,TE,74,2024
Adam Trautman,Broncos,TE,72,2024
Chris Manhertz,Broncos,TE,70,2024
Albert Okwuegbunam,Broncos,TE,69,2024
Mitchell Fraboni,Broncos,TE,32,2024
Jerry Jeudy,Broncos,WR,83,2024
Courtland Sutton,Broncos,WR,82,2024
Tim Patrick,Broncos,WR,80,2024
K.J. Hamler,Broncos,WR,75,2024
Marvin Mims Jr.,Broncos,WR,74,2024
Marquez Callaway,Broncos,WR,72,2024
Kendall Hinton,Broncos,WR,70,2024
Montrell Washington,Broncos,WR,68,2024
Lil'Jordan Humphrey,Broncos,WR,66,2024
Jalen Virgil,Broncos,WR,62,2024
Brandon Johnson,Broncos,WR,61,2024
Ethan Pocic,Browns,C,78,2024
Nick Harris,Browns,C,67,2024
Luke Wypler,Browns,C,65,2024
Denzel Ward,Browns,CB,88,2024
Greg Newsome II,Browns,CB,83,2024
Martin Emerson Jr,Browns,CB,78,2024
Mike Ford,Browns,CB,72,2024
Cameron Mitchell,Browns,CB,70,2024
Thomas Graham Jr,Browns,CB,69,2024
A.J. Green III,Browns,CB,68,2024
Chris Westry,Browns,CB,63,2024
BoPete Keyes,Browns,CB,62,2024
Dalvin Tomlinson,Browns,DT,80,2024
Maurice Hurst,Browns,DT,73,2024
Trysten Hill,Browns,DT,69,2024
Jordan Elliott,Browns,DT,68,2024
Tommy Togiai,Browns,DT,67,2024
Siaki Ika,Browns,DT,66,2024
Michael Dwumfour,Browns,DT,63,2024
Juan Thornhill,Browns,FS,78,2024
Bubba Bolden,Browns,FS,63,2024
Nick Chubb,Browns,HB,97,2024
Demetric Felton Jr,Browns,HB,70,2024
Jerome Ford,Browns,HB,67,2024
John Kelly Jr,Browns,HB,65,2024
Nate McCrary,Browns,HB,63,2024
Cade York,Browns,K,71,2024
Za'Darius Smith,Browns,LE,85,2024
Ogbonnia Okoronkwo,Browns,LE,78,2024
Isaiah McGuire,Browns,LE,66,2024
Sam Kamara,Browns,LE,60,2024
Joel Bitonio,Browns,LG,92,2024
Michael Dunn,Browns,LG,64,2024
Drew Forbes,Browns,LG,64,2024
Sione Takitaki,Browns,LOLB,76,2024
Matthew Adams,Browns,LOLB,70,2024
Jedrick Wills Jr,Browns,LT,78,2024
James Hudson III,Browns,LT,64,2024
Anthony Walker Jr,Browns,MLB,76,2024
Jacob Phillips,Browns,MLB,67,2024
Jordan Kunaszyk,Browns,MLB,63,2024
Corey Bojorquez,Browns,P,78,2024
Joseph Charlton,Browns,P,70,2024
Deshaun Watson,Browns,QB,78,2024
Joshua Dobbs,Browns,QB,63,2024
Kellen Mond,Browns,QB,62,2024
Dorian Thompson-Robinson,Browns,QB,61,2024
Myles Garrett,Browns,RE,98,2024
Isaiah Thomas,Browns,RE,66,2024
Alex Wright,Browns,RE,64,2024
Wyatt Teller,Browns,RG,86,2024
Colby Gossett,Browns,RG,64,2024
Wes Martin,Browns,RG,64,2024
Jeremiah Owusu-Koramoah,Browns,ROLB,79,2024
Tony Fields II,Browns,ROLB,67,2024
Jack Conklin,Browns,RT,80,2024
Dawand Jones,Browns,RT,68,2024
Grant Delpit,Browns,SS,78,2024
Rodney McLeod Jr,Browns,SS,78,2024
D'Anthony Bell,Browns,SS,60,2024
David Njoku,Browns,TE,84,2024
Jordan Akins,Browns,TE,73,2024
Harrison Bryant,Browns,TE,69,2024
Charley Hughlett,Browns,TE,53,2024
Amari Cooper,Browns,WR,91,2024
Elijah Moore,Browns,WR,79,2024
Donovan Peoples-Jones,Browns,WR,79,2024
Marquise Goodwin,Browns,WR,76,2024
Jakeem Grant Sr,Browns,WR,75,2024
David Bell,Browns,WR,69,2024
Jaelon Darden,Browns,WR,69,2024
Cedric Tillman,Browns,WR,69,2024
Anthony Schwartz,Browns,WR,68,2024
Michael Woods II,Browns,WR,64,2024
Ryan Jensen,Buccaneers,C,87,2024
Robert Hainsey,Buccaneers,C,72,2024
John Molchon,Buccaneers,C,55,2024
Jamel Dean,Buccaneers,CB,85,2024
Carlton Davis III,Buccaneers,CB,81,2024
Zyon McCollum,Buccaneers,CB,67,2024
Josh Hayes,Buccaneers,CB,66,2024
Anthony Chesley,Buccaneers,CB,65,2024
Duron Lowe,Buccaneers,CB,62,2024
Keenan Isaac,Buccaneers,CB,61,2024
Vita Vea,Buccaneers,DT,88,2024
Deadrin Senat,Buccaneers,DT,70,2024
Mike Greene,Buccaneers,DT,63,2024
Antoine Winfield Jr,Buccaneers,FS,87,2024
Dee Delaney,Buccaneers,FS,63,2024
Kaevon Merriweather,Buccaneers,FS,63,2024
Rachaad White,Buccaneers,HB,75,2024
Chase Edmonds,Buccaneers,HB,73,2024
Ke'Shawn Vaughn,Buccaneers,HB,70,2024
Patrick Laird,Buccaneers,HB,68,2024
Sean Tucker,Buccaneers,HB,62,2024
Chase McLaughlin,Buccaneers,K,75,2024
Rodrigo Blankenship,Buccaneers,K,72,2024
Calijah Kancey,Buccaneers,LE,73,2024
Logan Hall,Buccaneers,LE,70,2024
Pat O'Connor,Buccaneers,LE,62,2024
Cody Mauch,Buccaneers,LG,70,2024
Nick Leverett,Buccaneers,LG,68,2024
Aaron Stinnie,Buccaneers,LG,67,2024
Shaquil Barrett,Buccaneers,LOLB,80,2024
Anthony Nelson,Buccaneers,LOLB,69,2024
YaYa Diaby,Buccaneers,LOLB,67,2024
Tristan Wirfs,Buccaneers,LT,92,2024
Lavonte David,Buccaneers,MLB,91,2024
Devin White,Buccaneers,MLB,79,2024
SirVocea Dennis,Buccaneers,MLB,67,2024
K.J. Britt,Buccaneers,MLB,63,2024
Ulysees Gilbert III,Buccaneers,MLB,63,2024
Jeremy Banks,Buccaneers,MLB,60,2024
J.J. Russell,Buccaneers,MLB,60,2024
Jake Camarda,Buccaneers,P,76,2024
Baker Mayfield,Buccaneers,QB,72,2024
John Wolford,Buccaneers,QB,60,2024
Kyle Trask,Buccaneers,QB,59,2024
Greg Gaines,Buccaneers,RE,73,2024
Willington Previlon,Buccaneers,RE,60,2024
C.J. Brewer,Buccaneers,RE,59,2024
Matt Feiler,Buccaneers,RG,75,2024
Brandon Walton,Buccaneers,RG,64,2024
Joe Tryon-Shoyinka,Buccaneers,ROLB,74,2024
Jose Ramirez,Buccaneers,ROLB,64,2024
Cam Gill,Buccaneers,ROLB,63,2024
Charles Snowden,Buccaneers,ROLB,62,2024
Luke Goedeke,Buccaneers,RT,66,2024
Justin Skule,Buccaneers,RT,64,2024
Grant Hermanns,Buccaneers,RT,59,2024
Ryan Neal,Buccaneers,SS,81,2024
Christian Izien,Buccaneers,SS,64,2024
Nolan Turner,Buccaneers,SS,62,2024
Cade Otton,Buccaneers,TE,73,2024
Ko Kieft,Buccaneers,TE,65,2024
Payne Durham,Buccaneers,TE,63,2024
Dominique Dafney,Buccaneers,TE,62,2024
David Wells,Buccaneers,TE,57,2024
Zach Triner,Buccaneers,TE,26,2024
Mike Evans,Buccaneers,WR,90,2024
Chris Godwin,Buccaneers,WR,86,2024
Russell Gage Jr,Buccaneers,WR,76,2024
David Moore,Buccaneers,WR,68,2024
Trey Palmer,Buccaneers,WR,68,2024
Rakim Jarrett,Buccaneers,WR,65,2024
Kaylon Geiger,Buccaneers,WR,64,2024
Kade Warner,Buccaneers,WR,63,2024
Deven Thompkins,Buccaneers,WR,62,2024
Hjalte Froholdt,Cardinals,C,65,2024
Lecitus Smith,Cardinals,C,59,2024
Marco Wilson,Cardinals,CB,74,2024
Antonio Hamilton,Cardinals,CB,72,2024
Rashad Fenton,Cardinals,CB,70,2024
Christian Matthew,Cardinals,CB,70,2024
Garrett Williams,Cardinals,CB,70,2024
Kris Boyd,Cardinals,CB,68,2024
Kei'Trel Clark,Cardinals,CB,67,2024
Nate Hairston,Cardinals,CB,67,2024
Dylan Mabin,Cardinals,CB,62,2024
Kyler McMichael,Cardinals,CB,61,2024
Bobby Price,Cardinals,CB,60,2024
Leki Fotu,Cardinals,DT,69,2024
Carlos Watkins,Cardinals,DT,68,2024
Jacob Slade,Cardinals,DT,61,2024
Jalen Thompson,Cardinals,FS,79,2024
Andre Chachere,Cardinals,FS,61,2024
James Conner,Cardinals,HB,77,2024
Corey Clement,Cardinals,HB,70,2024
Ty'Son Williams,Cardinals,HB,67,2024
Keaontay Ingram,Cardinals,HB,66,2024
Matt Prater,Cardinals,K,79,2024
L.J. Collier,Cardinals,LE,67,2024
Jonathan Ledbetter,Cardinals,LE,65,2024
Eric Banks,Cardinals,LE,59,2024
Elijah Wilkinson,Cardinals,LG,71,2024
Jon Gaines II,Cardinals,LG,67,2024
Hayden Howerton,Cardinals,LG,61,2024
BJ Ojulari,Cardinals,LOLB,71,2024
Myjai Sanders,Cardinals,LOLB,71,2024
Jesse Luketa,Cardinals,LOLB,63,2024
D.J. Humphries,Cardinals,LT,79,2024
Josh Jones,Cardinals,LT,73,2024
Jackson Barton,Cardinals,LT,57,2024
Zaven Collins,Cardinals,MLB,76,2024
Kyzir White,Cardinals,MLB,75,2024
Krys Barnes,Cardinals,MLB,73,2024
Owen Pappoe,Cardinals,MLB,66,2024
Josh Woods,Cardinals,MLB,59,2024
Ezekiel Turner,Cardinals,MLB,57,2024
Matt Haack,Cardinals,P,70,2024
Kyler Murray,Cardinals,QB,79,2024
Colt McCoy,Cardinals,QB,63,2024
Jeff Driskel,Cardinals,QB,62,2024
Clayton Tune,Cardinals,QB,62,2024
David Blough,Cardinals,QB,58,2024
Rashard Lawrence,Cardinals,RE,67,2024
Dante Stills,Cardinals,RE,64,2024
Kevin Strong,Cardinals,RE,64,2024
Will Hernandez,Cardinals,RG,76,2024
Marquis Hayes,Cardinals,RG,63,2024
Cameron Thomas,Cardinals,ROLB,71,2024
Dennis Gardeck,Cardinals,ROLB,70,2024
Victor Dimukeje,Cardinals,ROLB,65,2024
Paris Johnson Jr.,Cardinals,RT,77,2024
Kelvin Beachum Jr,Cardinals,RT,76,2024
Dennis Daley,Cardinals,RT,64,2024
Lachavious Simmons,Cardinals,RT,58,2024
Badara Traore,Cardinals,RT,54,2024
Budda Baker,Cardinals,SS,90,2024
Isaiah Simmons,Cardinals,SS,81,2024
JuJu Hughes,Cardinals,SS,64,2024
Zach Ertz,Cardinals,TE,83,2024
Trey McBride,Cardinals,TE,74,2024
Noah Togiai,Cardinals,TE,60,2024
Aaron Brewer,Cardinals,TE,32,2024
Marquise Brown,Cardinals,WR,84,2024
Rondale Moore,Cardinals,WR,80,2024
Zach Pascal,Cardinals,WR,74,2024
Greg Dortch,Cardinals,WR,73,2024
Michael Wilson,Cardinals,WR,69,2024
Brandon Smith,Cardinals,WR,62,2024
Andre Baccellia,Cardinals,WR,61,2024
Corey Linsley,Chargers,C,88,2024
Will Clapp,Chargers,C,62,2024
Isaac Weaver,Chargers,C,59,2024
JC Jackson,Chargers,CB,82,2024
Asante Samuel Jr,Chargers,CB,82,2024
Michael Davis,Chargers,CB,80,2024
Ja'Sir Taylor,Chargers,CB,66,2024
Michael Jacquet III,Chargers,CB,65,2024
Deane Leonard,Chargers,CB,65,2024
Tiawan Mullen,Chargers,CB,63,2024
Cam Brown,Chargers,CB,62,2024
Kemon Hall,Chargers,CB,62,2024
Austin Johnson,Chargers,DT,72,2024
Otito Ogbonnia,Chargers,DT,64,2024
Jerrod Clark,Chargers,DT,63,2024
Zander Horvath,Chargers,FB,67,2024
Alohi Gilman,Chargers,FS,71,2024
JT Woods,Chargers,FS,68,2024
AJ Finley,Chargers,FS,63,2024
Austin Ekeler,Chargers,HB,89,2024
Isaiah Spiller,Chargers,HB,74,2024
Joshua Kelley,Chargers,HB,70,2024
Larry Rountree III,Chargers,HB,65,2024
Elijah Dotson,Chargers,HB,60,2024
Tyler Hoosman,Chargers,HB,59,2024
Cameron Dicker,Chargers,K,73,2024
Dustin Hopkins,Chargers,K,72,2024
Sebastian Joseph-Day,Chargers,LE,75,2024
Nick Williams,Chargers,LE,68,2024
Christopher Hinton,Chargers,LE,59,2024
Jordan McFadden,Chargers,LG,65,2024
Zack Bailey,Chargers,LG,56,2024
Joey Bosa,Chargers,LOLB,91,2024
Tuli Tuipulotu,Chargers,LOLB,68,2024
Rashawn Slater,Chargers,LT,85,2024
Jamaree Salyer,Chargers,LT,72,2024
Eric Kendricks,Chargers,MLB,85,2024
Kenneth Murray Jr,Chargers,MLB,74,2024
Daiyan Henley,Chargers,MLB,70,2024
Nick Niemann,Chargers,MLB,65,2024
Amen Ogbongbemiga,Chargers,MLB,55,2024
J.K. Scott,Chargers,P,75,2024
Justin Herbert,Chargers,QB,87,2024
Max Duggan,Chargers,QB,61,2024
Easton Stick,Chargers,QB,60,2024
Morgan Fox,Chargers,RE,74,2024
Scott Matlock,Chargers,RE,65,2024
Carlo Kemp,Chargers,RE,61,2024
Zion Johnson,Chargers,RG,74,2024
Brenden Jaimes,Chargers,RG,60,2024
Khalil Mack,Chargers,ROLB,85,2024
Chris Rumph II,Chargers,ROLB,66,2024
Trey Pipkins III,Chargers,RT,67,2024
Andrew Trainer,Chargers,RT,61,2024
Foster Sarell,Chargers,RT,55,2024
Derwin James Jr,Chargers,SS,95,2024
Mark Webb Jr,Chargers,SS,64,2024
Raheem Layne,Chargers,SS,61,2024
Gerald Everett,Chargers,TE,82,2024
Donald Parham Jr,Chargers,TE,69,2024
Tre' McKitty,Chargers,TE,64,2024
Michael Ezeike,Chargers,TE,61,2024
Stone Smartt,Chargers,TE,58,2024
Hunter Kampmoyer,Chargers,TE,57,2024
Josh Harris,Chargers,TE,43,2024
Keenan Allen,Chargers,WR,89,2024
Mike Williams,Chargers,WR,88,2024
Joshua Palmer,Chargers,WR,78,2024
Quentin Johnston,Chargers,WR,74,2024
Jalen Guyton,Chargers,WR,70,2024
Derius Davis,Chargers,WR,69,2024
John Hightower,Chargers,WR,68,2024
Keelan Doss,Chargers,WR,67,2024
Pokey Wilson,Chargers,WR,64,2024
Creed Humphrey,Chiefs,C,90,2024
Austin Reiter,Chiefs,C,68,2024
L'Jarius Sneed,Chiefs,CB,84,2024
Trent McDuffie,Chiefs,CB,80,2024
Jaylen Watson,Chiefs,CB,73,2024
Joshua Williams,Chiefs,CB,71,2024
Nic Jones,Chiefs,CB,64,2024
Dicaprio Bootle,Chiefs,CB,62,2024
Lamar Jackson,Chiefs,CB,62,2024
Chris Jones,Chiefs,DT,96,2024
Derrick Nnadi,Chiefs,DT,73,2024
Tershawn Wharton,Chiefs,DT,69,2024
Danny Shelton,Chiefs,DT,67,2024
Keondre Coburn,Chiefs,DT,65,2024
Phil Hoskins,Chiefs,DT,65,2024
Daniel Wise,Chiefs,DT,62,2024
Justin Reid,Chiefs,FS,81,2024
Chamarri Conner,Chiefs,FS,69,2024
Deon Bush,Chiefs,FS,66,2024
Isiah Pacheco,Chiefs,HB,80,2024
Jerick McKinnon,Chiefs,HB,78,2024
Clyde Edwards-Helaire,Chiefs,HB,76,2024
La'Mical Perine,Chiefs,HB,63,2024
Harrison Butker,Chiefs,K,78,2024
George Karlaftis,Chiefs,LE,76,2024
Mike Danna,Chiefs,LE,74,2024
BJ Thompson,Chiefs,LE,64,2024
Matt Dickerson,Chiefs,LE,63,2024
Joshua Kaindoh,Chiefs,LE,62,2024
Joe Thuney,Chiefs,LG,89,2024
Nick Allegretti,Chiefs,LG,63,2024
Drue Tranquill,Chiefs,LOLB,76,2024
Truman Jones,Chiefs,LOLB,63,2024
Donovan Smith,Chiefs,LT,73,2024
Wanya Morris,Chiefs,LT,67,2024
Prince Tega Wanogho,Chiefs,LT,61,2024
Nick Bolton,Chiefs,MLB,87,2024
Leo Chenal,Chiefs,MLB,69,2024
Cole Christiansen,Chiefs,MLB,59,2024
Tommy Townsend,Chiefs,P,83,2024
Patrick Mahomes,Chiefs,QB,99,2024
Blaine Gabbert,Chiefs,QB,58,2024
Chris Oladokun,Chiefs,QB,56,2024
Shane Buechele,Chiefs,QB,51,2024
Charles Omenihu,Chiefs,RE,76,2024
Felix Anudike-Uzomah,Chiefs,RE,71,2024
Malik Herring,Chiefs,RE,63,2024
Trey Smith,Chiefs,RG,82,2024
Mike Caliendo,Chiefs,RG,61,2024
Willie Gay,Chiefs,ROLB,75,2024
Jack Cochrane,Chiefs,ROLB,62,2024
Jawaan Taylor,Chiefs,RT,78,2024
Lucas Niang,Chiefs,RT,66,2024
Darian Kinnard,Chiefs,RT,65,2024
Mike Edwards,Chiefs,SS,75,2024
Bryan Cook,Chiefs,SS,70,2024
Nazeeh Johnson,Chiefs,SS,65,2024
Travis Kelce,Chiefs,TE,99,2024
Jody Fortson,Chiefs,TE,69,2024
Noah Gray,Chiefs,TE,69,2024
Blake Bell,Chiefs,TE,64,2024
Matt Bushman,Chiefs,TE,62,2024
Kendall Blanton,Chiefs,TE,60,2024
James Winchester,Chiefs,TE,31,2024
Kadarius Toney,Chiefs,WR,81,2024
Marquez Valdes-Scantling,Chiefs,WR,78,2024
Richie James Jr,Chiefs,WR,76,2024
Skyy Moore,Chiefs,WR,73,2024
Rashee Rice,Chiefs,WR,73,2024
Justin Watson,Chiefs,WR,71,2024
Justyn Ross,Chiefs,WR,69,2024
John Ross III,Chiefs,WR,69,2024
Cornell Powell,Chiefs,WR,67,2024
Ihmir Smith-Marsette,Chiefs,WR,67,2024
Ryan Kelly,Colts,C,77,2024
Wesley French,Colts,C,56,2024
Dakoda Shepley,Colts,C,50,2024
Kenny Moore II,Colts,CB,84,2024
Julius Brents,Colts,CB,74,2024
Tony Brown,Colts,CB,69,2024
Darius Rush,Colts,CB,69,2024
Kevin Toliver II,Colts,CB,67,2024
Jaylon Jones,Colts,CB,65,2024
Darrell Baker Jr,Colts,CB,63,2024
Dallis Flowers,Colts,CB,62,2024
DeForest Buckner,Colts,DT,86,2024
Grover Stewart,Colts,DT,85,2024
Taven Bryan,Colts,DT,70,2024
McTelvin Agim,Colts,DT,66,2024
Eric Johnson II,Colts,DT,64,2024
Julian Blackmon,Colts,FS,75,2024
Rodney Thomas II,Colts,FS,70,2024
Henry Black,Colts,FS,68,2024
Jonathan Taylor,Colts,HB,89,2024
Zack Moss,Colts,HB,72,2024
Evan Hull,Colts,HB,66,2024
Jake Funk,Colts,HB,65,2024
Deon Jackson,Colts,HB,64,2024
Matt Gay,Colts,K,80,2024
Kwity Paye,Colts,LE,77,2024
Tyquan Lewis,Colts,LE,72,2024
Dayo Odeyingbo,Colts,LE,72,2024
Genard Avery,Colts,LE,70,2024
Quenton Nelson,Colts,LG,92,2024
Arlington Hambright,Colts,LG,59,2024
Shaquille Leonard,Colts,LOLB,86,2024
Cameron McGrone,Colts,LOLB,65,2024
Bernhard Raimann,Colts,LT,74,2024
Jake Witt,Colts,LT,61,2024
E.J. Speed,Colts,MLB,69,2024
JoJo Domann,Colts,MLB,63,2024
Segun Olubi,Colts,MLB,61,2024
Rigoberto Sanchez,Colts,P,76,2024
Anthony Richardson,Colts,QB,70,2024
Gardner Minshew II,Colts,QB,67,2024
Sam Ehlinger,Colts,QB,56,2024
Samson Ebukam,Colts,RE,76,2024
Al-Quadin Muhammad,Colts,RE,70,2024
Khalid Kareem,Colts,RE,67,2024
Adetomiwa Adebawore,Colts,RE,66,2024
Titus Leo,Colts,RE,65,2024
Will Fries,Colts,RG,65,2024
Danny Pinter,Colts,RG,65,2024
Emil Ekiyor Jr.,Colts,RG,62,2024
Zaire Franklin,Colts,ROLB,73,2024
Grant Stuard,Colts,ROLB,64,2024
Braden Smith,Colts,RT,82,2024
Blake Freeland,Colts,RT,69,2024
Nick Cross,Colts,SS,71,2024
Daniel Scott,Colts,SS,68,2024
Trevor Denbow,Colts,SS,62,2024
Mo Alie-Cox,Colts,TE,73,2024
Pharaoh Brown,Colts,TE,70,2024
Jelani Woods,Colts,TE,70,2024
Kylen Granson,Colts,TE,68,2024
Will Mallory,Colts,TE,63,2024
Andrew Ogletree,Colts,TE,62,2024
Luke Rhodes,Colts,TE,31,2024
Michael Pittman Jr,Colts,WR,85,2024
Isaiah McKenzie,Colts,WR,77,2024
Alec Pierce,Colts,WR,74,2024
Ashton Dulin,Colts,WR,72,2024
Josh Downs,Colts,WR,71,2024
Breshad Perriman,Colts,WR,70,2024
Malik Turner,Colts,WR,68,2024
Vyncint Smith,Colts,WR,67,2024
Juwann Winfree,Colts,WR,67,2024
Mike Strachan,Colts,WR,65,2024
Nick Gates,Commanders,C,69,2024
Ricky Stromberg,Commanders,C,69,2024
Tyler Larsen,Commanders,C,66,2024
Kendall Fuller,Commanders,CB,87,2024
Emmanuel Forbes,Commanders,CB,76,2024
Benjamin St-Juste,Commanders,CB,74,2024
Danny Johnson,Commanders,CB,70,2024
Tariq Castro-Fields,Commanders,CB,65,2024
Christian Holmes,Commanders,CB,65,2024
Troy Apke,Commanders,CB,64,2024
Rachad Wildgoose,Commanders,CB,64,2024
Jonathan Allen,Commanders,DT,92,2024
Da'Ron Payne,Commanders,DT,83,2024
Phidarian Mathis,Commanders,DT,71,2024
Abdullah Anderson,Commanders,DT,68,2024
John Ridgeway,Commanders,DT,66,2024
Benning Potoa'e,Commanders,DT,61,2024
David Bada,Commanders,DT,57,2024
Alex Armah Jr,Commanders,FB,66,2024
Darrick Forrest,Commanders,FS,82,2024
Jartavius Martin,Commanders,FS,73,2024
Terrell Burgess,Commanders,FS,72,2024
Percy Butler,Commanders,FS,66,2024
Brian Robinson Jr,Commanders,HB,79,2024
Antonio Gibson,Commanders,HB,77,2024
Jaret Patterson,Commanders,HB,66,2024
Jonathan Williams,Commanders,HB,65,2024
Chris Rodriguez Jr.,Commanders,HB,64,2024
Joey Slye,Commanders,K,72,2024
Chase Young,Commanders,LE,85,2024
James Smith-Williams,Commanders,LE,70,2024
Casey Toohill,Commanders,LE,67,2024
Andre Jones,Commanders,LE,63,2024
Saahdiq Charles,Commanders,LG,66,2024
Keaton Sutherland,Commanders,LG,58,2024
David Mayo,Commanders,LOLB,68,2024
Charles Leno Jr,Commanders,LT,82,2024
Cornelius Lucas III,Commanders,LT,70,2024
Trent Scott,Commanders,LT,57,2024
Jaryd Jones-Smith,Commanders,LT,53,2024
Cody Barton,Commanders,MLB,77,2024
De'Jon Harris,Commanders,MLB,60,2024
Tress Way,Commanders,P,79,2024
Jacoby Brissett,Commanders,QB,72,2024
Sam Howell,Commanders,QB,66,2024
Jake Fromm,Commanders,QB,58,2024
Montez Sweat,Commanders,RE,82,2024
Efe Obada,Commanders,RE,72,2024
K.J. Henry,Commanders,RE,65,2024
Shaka Toney,Commanders,RE,64,2024
William Bradley-King,Commanders,RE,63,2024
Braeden Daniels,Commanders,RG,68,2024
Chris Paul,Commanders,RG,62,2024
Jamin Davis,Commanders,ROLB,76,2024
Khaleke Hudson,Commanders,ROLB,67,2024
Milo Eifler,Commanders,ROLB,61,2024
Sam Cosmi,Commanders,RT,75,2024
Andrew Wylie,Commanders,RT,73,2024
Kamren Curl,Commanders,SS,83,2024
Jeremy Reaves,Commanders,SS,69,2024
Xavier Henderson,Commanders,SS,61,2024
Logan Thomas,Commanders,TE,72,2024
John Bates,Commanders,TE,66,2024
Cole Turner,Commanders,TE,64,2024
Brandon Dillon,Commanders,TE,58,2024
Armani Rogers,Commanders,TE,58,2024
Camaron Cheeseman,Commanders,TE,33,2024
Terry McLaurin,Commanders,WR,92,2024
Curtis Samuel,Commanders,WR,82,2024
Jahan Dotson,Commanders,WR,77,2024
Dyami Brown,Commanders,WR,71,2024
Dax Milne,Commanders,WR,67,2024
Marcus Kemp,Commanders,WR,63,2024
Kyric McGowan,Commanders,WR,62,2024
Tyler Biadasz,Cowboys,C,74,2024
Alec Lindstrom,Cowboys,C,61,2024
Brock Hoffman,Cowboys,C,59,2024
Stephon Gilmore,Cowboys,CB,91,2024
Trevon Diggs,Cowboys,CB,87,2024
Jourdan Lewis,Cowboys,CB,77,2024
DaRon Bland,Cowboys,CB,75,2024
Kelvin Joseph,Cowboys,CB,70,2024
C.J. Goodwin,Cowboys,CB,67,2024
Eric Scott Jr.,Cowboys,CB,67,2024
Nahshon Wright,Cowboys,CB,67,2024
Osa Odighizuwa,Cowboys,DT,77,2024
Johnathan Hankins,Cowboys,DT,74,2024
Mazi Smith,Cowboys,DT,73,2024
Neville Gallimore,Cowboys,DT,68,2024
Quinton Bohanna,Cowboys,DT,66,2024
Hunter Luepke,Cowboys,FB,63,2024
Malik Hooker,Cowboys,FS,82,2024
Sheldrick Redwine,Cowboys,FS,68,2024
Markquese Bell,Cowboys,FS,63,2024
Tony Pollard,Cowboys,HB,88,2024
Ronald Jones II,Cowboys,HB,73,2024
Deuce Vaughn,Cowboys,HB,68,2024
Malik Davis,Cowboys,HB,67,2024
Rico Dowdle,Cowboys,HB,67,2024
Brandon Aubrey,Cowboys,K,71,2024
DeMarcus Lawrence,Cowboys,LE,90,2024
Dante Fowler Jr,Cowboys,LE,75,2024
Chauncey Golston,Cowboys,LE,69,2024
Viliami Fehoko,Cowboys,LE,66,2024
Chuma Edoga,Cowboys,LG,69,2024
Asim Richards,Cowboys,LG,66,2024
Jabril Cox,Cowboys,LOLB,67,2024
Devin Harper,Cowboys,LOLB,64,2024
Tyron Smith,Cowboys,LT,89,2024
Tyler Smith,Cowboys,LT,79,2024
Matt Waletzko,Cowboys,LT,64,2024
Leighton Vander Esch,Cowboys,MLB,82,2024
DeMarvion Overshown,Cowboys,MLB,69,2024
Malik Jefferson,Cowboys,MLB,64,2024
Bryan Anger,Cowboys,P,80,2024
Dak Prescott,Cowboys,QB,87,2024
Cooper Rush,Cowboys,QB,65,2024
Will Grier,Cowboys,QB,55,2024
Micah Parsons,Cowboys,RE,97,2024
Dorance Armstrong,Cowboys,RE,74,2024
Sam Williams,Cowboys,RE,73,2024
Ben Banogu,Cowboys,RE,68,2024
Isaiah Land,Cowboys,RE,63,2024
Zack Martin,Cowboys,RG,99,2024
T.J. Bass,Cowboys,RG,62,2024
Matt Farniok,Cowboys,RG,62,2024
Damone Clark,Cowboys,ROLB,73,2024
Terence Steele,Cowboys,RT,79,2024
Josh Ball,Cowboys,RT,63,2024
Jayron Kearse,Cowboys,SS,81,2024
Donovan Wilson,Cowboys,SS,81,2024
Israel Mukuamu,Cowboys,SS,69,2024
Juanyeh Thomas,Cowboys,SS,63,2024
Tyler Coyle,Cowboys,SS,62,2024
Jake Ferguson,Cowboys,TE,71,2024
Luke Schoonmaker,Cowboys,TE,68,2024
Peyton Hendershot,Cowboys,TE,67,2024
Sean McKeon,Cowboys,TE,64,2024
Trent Sieg,Cowboys,TE,32,2024
CeeDee Lamb,Cowboys,WR,90,2024
Brandin Cooks,Cowboys,WR,83,2024
Michael Gallup,Cowboys,WR,80,2024
Jalen Tolbert,Cowboys,WR,70,2024
KaVontae Turpin,Cowboys,WR,69,2024
Simi Fehoko,Cowboys,WR,68,2024
Jalen Moreno-Cropper,Cowboys,WR,68,2024
Dennis Houston,Cowboys,WR,66,2024
Jalen Brooks,Cowboys,WR,65,2024
Connor Williams,Dolphins,C,80,2024
Dan Feeney,Dolphins,C,67,2024
Alama Uluave,Dolphins,C,57,2024
Jalen Ramsey,Dolphins,CB,97,2024
Xavien Howard,Dolphins,CB,84,2024
Kader Kohou,Dolphins,CB,76,2024
Nik Needham,Dolphins,CB,74,2024
Cam Smith,Dolphins,CB,72,2024
Keion Crossen,Dolphins,CB,71,2024
Noah Igbinoghene,Dolphins,CB,71,2024
Justin Bethel,Dolphins,CB,68,2024
Trill Williams,Dolphins,CB,62,2024
Bryce Thompson,Dolphins,CB,59,2024
Raekwon Davis,Dolphins,DT,71,2024
Josiah Bronson,Dolphins,DT,62,2024
Brandon Pili,Dolphins,DT,60,2024
Alec Ingold,Dolphins,FB,77,2024
John Lovett,Dolphins,FB,66,2024
Jevon Holland,Dolphins,FS,84,2024
Verone McKinley III,Dolphins,FS,65,2024
Keidron Smith,Dolphins,FS,64,2024
Raheem Mostert,Dolphins,HB,79,2024
De'Von Achane,Dolphins,HB,76,2024
Jeff Wilson Jr,Dolphins,HB,76,2024
Myles Gaskin,Dolphins,HB,72,2024
Salvon Ahmed,Dolphins,HB,69,2024
Jason Sanders,Dolphins,K,72,2024
Emmanuel Ogbah,Dolphins,LE,79,2024
Zach Sieler,Dolphins,LE,79,2024
Liam Eichenberg,Dolphins,LG,66,2024
Robert Jones,Dolphins,LG,65,2024
Bradley Chubb,Dolphins,LOLB,79,2024
Cameron Goode,Dolphins,LOLB,63,2024
Terron Armstead,Dolphins,LT,91,2024
Isaiah Wynn,Dolphins,LT,77,2024
Geron Christian Sr,Dolphins,LT,70,2024
Ryan Hayes,Dolphins,LT,63,2024
Jerome Baker,Dolphins,MLB,80,2024
David Long Jr,Dolphins,MLB,78,2024
Duke Riley,Dolphins,MLB,67,2024
Channing Tindall,Dolphins,MLB,67,2024
Aubrey Miller,Dolphins,MLB,63,2024
Jake Bailey,Dolphins,P,75,2024
Michael Turk,Dolphins,P,68,2024
Tua Tagovailoa,Dolphins,QB,83,2024
Mike White,Dolphins,QB,67,2024
Skylar Thompson,Dolphins,QB,65,2024
Christian Wilkins,Dolphins,RE,86,2024
Jaylen Twyman,Dolphins,RE,60,2024
Robert Hunt,Dolphins,RG,79,2024
Lester Cotton Sr,Dolphins,RG,65,2024
Jaelan Phillips,Dolphins,ROLB,83,2024
Andrew Van Ginkel,Dolphins,ROLB,76,2024
Malik Reed,Dolphins,ROLB,72,2024
Austin Jackson,Dolphins,RT,67,2024
Kendall Lamm,Dolphins,RT,65,2024
Cedric Ogbuehi,Dolphins,RT,65,2024
DeShon Elliott,Dolphins,SS,79,2024
Brandon Jones,Dolphins,SS,76,2024
Elijah Campbell,Dolphins,SS,62,2024
Tyler Kroft,Dolphins,TE,69,2024
Eric Saubert,Dolphins,TE,68,2024
Durham Smythe,Dolphins,TE,68,2024
Elijah Higgins,Dolphins,TE,66,2024
Tanner Conner,Dolphins,TE,54,2024
Blake Ferguson,Dolphins,TE,30,2024
Tyreek Hill,Dolphins,WR,98,2024
Jaylen Waddle,Dolphins,WR,88,2024
Robbie Chosen,Dolphins,WR,75,2024
Cedrick Wilson Jr,Dolphins,WR,75,2024
Braxton Berrios,Dolphins,WR,73,2024
River Cracraft,Dolphins,WR,68,2024
Freddie Swain,Dolphins,WR,68,2024
Erik Ezukanma,Dolphins,WR,65,2024
Jason Kelce,Eagles,C,92,2024
Cameron Tom,Eagles,C,57,2024
Darius Slay Jr,Eagles,CB,92,2024
James Bradberry IV,Eagles,CB,85,2024
Avonte Maddox,Eagles,CB,79,2024
Greedy Williams,Eagles,CB,73,2024
Kelee Ringo,Eagles,CB,72,2024
Josiah Scott,Eagles,CB,71,2024
Zech McPhearson,Eagles,CB,68,2024
Josh Jobe,Eagles,CB,63,2024
Fletcher Cox,Eagles,DT,81,2024
Jalen Carter,Eagles,DT,79,2024
Jordan Davis,Eagles,DT,79,2024
Milton Williams,Eagles,DT,75,2024
Kentavius Street,Eagles,DT,69,2024
Marlon Tuipulotu,Eagles,DT,67,2024
Moro Ojomo,Eagles,DT,64,2024
Reed Blankenship,Eagles,FS,73,2024
K'Von Wallace,Eagles,FS,72,2024
Tristin McCollum,Eagles,FS,61,2024
D'Andre Swift,Eagles,HB,81,2024
Rashaad Penny,Eagles,HB,79,2024
Kenneth Gainwell,Eagles,HB,76,2024
Boston Scott,Eagles,HB,74,2024
Trey Sermon,Eagles,HB,67,2024
Jake Elliott,Eagles,K,81,2024
Brandon Graham,Eagles,LE,80,2024
Kyron Johnson,Eagles,LE,68,2024
Tarron Jackson,Eagles,LE,62,2024
Landon Dickerson,Eagles,LG,82,2024
Sua Opeta,Eagles,LG,63,2024
Josh Sills,Eagles,LG,60,2024
Haason Reddick,Eagles,LOLB,90,2024
Nolan Smith Jr,Eagles,LOLB,73,2024
Patrick Johnson,Eagles,LOLB,64,2024
Jordan Mailata,Eagles,LT,87,2024
Roderick Johnson,Eagles,LT,63,2024
Brett Toth,Eagles,LT,53,2024
Nakobe Dean,Eagles,MLB,72,2024
Shaun Bradley,Eagles,MLB,61,2024
Arryn Siposs,Eagles,P,71,2024
Jalen Hurts,Eagles,QB,88,2024
Marcus Mariota,Eagles,QB,69,2024
Tanner McKee,Eagles,QB,58,2024
Ian Book,Eagles,QB,55,2024
Josh Sweat,Eagles,RE,84,2024
Derek Barnett,Eagles,RE,72,2024
Janarius Robinson,Eagles,RE,66,2024
Cam Jurgens,Eagles,RG,71,2024
Nicholas Morrow,Eagles,ROLB,71,2024
Davion Taylor,Eagles,ROLB,67,2024
Christian Elliss,Eagles,ROLB,58,2024
Lane Johnson,Eagles,RT,98,2024
Tyler Steen,Eagles,RT,68,2024
Jack Driscoll,Eagles,RT,67,2024
Fred Johnson,Eagles,RT,61,2024
Terrell Edmunds,Eagles,SS,78,2024
Justin Evans,Eagles,SS,73,2024
Sydney Brown,Eagles,SS,72,2024
Dallas Goedert,Eagles,TE,89,2024
Dan Arnold,Eagles,TE,70,2024
Grant Calcaterra,Eagles,TE,66,2024
Dalton Keene,Eagles,TE,65,2024
Jack Stoll,Eagles,TE,63,2024
Tyree Jackson,Eagles,TE,56,2024
Rick Lovato,Eagles,TE,32,2024
A.J. Brown,Eagles,WR,91,2024
DeVonta Smith,Eagles,WR,87,2024
Quez Watkins,Eagles,WR,75,2024
Olamide Zaccheaus,Eagles,WR,72,2024
Greg Ward Jr,Eagles,WR,70,2024
Tyrie Cleveland,Eagles,WR,64,2024
Britain Covey,Eagles,WR,63,2024
Devon Allen,Eagles,WR,60,2024
Drew Dalman,Falcons,C,73,2024
Jonotthan Harrison,Falcons,C,65,2024
Ryan Neuzil,Falcons,C,57,2024
A.J. Terrell Jr,Falcons,CB,87,2024
Mike Hughes,Falcons,CB,77,2024
Jeff Okudah,Falcons,CB,77,2024
Tre Flowers,Falcons,CB,74,2024
Clark Phillips III,Falcons,CB,71,2024
Darren Hall,Falcons,CB,68,2024
Dee Alford,Falcons,CB,66,2024
Cornell Armstrong,Falcons,CB,66,2024
Eddie Goldman,Falcons,DT,75,2024
Carlos Davis,Falcons,DT,63,2024
Keith Smith II,Falcons,FB,63,2024
Jessie Bates III,Falcons,FS,91,2024
Micah Abernathy,Falcons,FS,62,2024
Lukas Denis,Falcons,FS,59,2024
Cordarrelle Patterson,Falcons,HB,85,2024
Bijan Robinson,Falcons,HB,81,2024
Tyler Allgeier,Falcons,HB,78,2024
Caleb Huntley,Falcons,HB,64,2024
Avery Williams,Falcons,HB,62,2024
Younghoe Koo,Falcons,K,80,2024
David Onyemata,Falcons,LE,75,2024
Timmy Horne,Falcons,LE,62,2024
LaCale London,Falcons,LE,61,2024
Matthew Bergeron,Falcons,LG,71,2024
Matt Hennessy,Falcons,LG,70,2024
Justin Shaffer,Falcons,LG,64,2024
Kyle Hinton,Falcons,LG,59,2024
Bud Dupree,Falcons,LOLB,73,2024
Arnold Ebiketie,Falcons,LOLB,71,2024
Adetokunbo Ogundeji,Falcons,LOLB,65,2024
Jake Matthews,Falcons,LT,82,2024
Ethan Greenidge,Falcons,LT,54,2024
Kaden Elliss,Falcons,MLB,73,2024
Mykal Walker,Falcons,MLB,73,2024
Troy Andersen,Falcons,MLB,66,2024
Tae Davis,Falcons,MLB,65,2024
Nate Landman,Falcons,MLB,63,2024
Andre Smith Jr,Falcons,MLB,63,2024
Dorian Etheridge,Falcons,MLB,60,2024
Bradley Pinion,Falcons,P,76,2024
Desmond Ridder,Falcons,QB,70,2024
Taylor Heinicke,Falcons,QB,68,2024
Feleipe Franks,Falcons,QB,60,2024
Logan Woodside,Falcons,QB,52,2024
Grady Jarrett,Falcons,RE,86,2024
Calais Campbell,Falcons,RE,85,2024
Ta'Quon Graham,Falcons,RE,69,2024
Joe Gaziano,Falcons,RE,62,2024
Chris Lindstrom,Falcons,RG,93,2024
Jalen Mayfield,Falcons,RG,68,2024
Jovaughn Gwyn,Falcons,RG,64,2024
Lorenzo Carter,Falcons,ROLB,77,2024
Zach Harrison,Falcons,ROLB,68,2024
Deangelo Malone,Falcons,ROLB,67,2024
Kaleb McGary,Falcons,RT,78,2024
Joshua Miles,Falcons,RT,55,2024
Richie Grant,Falcons,SS,77,2024
Jaylinn Hawkins,Falcons,SS,72,2024
DeMarcco Hellams,Falcons,SS,65,2024
Kyle Pitts,Falcons,TE,87,2024
Jonnu Smith,Falcons,TE,74,2024
J.J. Arcega-Whiteside,Falcons,TE,64,2024
John FitzPatrick,Falcons,TE,64,2024
Parker Hesse,Falcons,TE,59,2024
Liam McCullough,Falcons,TE,32,2024
Drake London,Falcons,WR,80,2024
Mack Hollins,Falcons,WR,74,2024
Scotty Miller,Falcons,WR,73,2024
KhaDarel Hodge,Falcons,WR,71,2024
Penny Hart,Falcons,WR,66,2024
Frank Darby,Falcons,WR,64,2024
John Michael Schmitz,Giants,C,71,2024
Ben Bredeson,Giants,C,66,2024
J.C. Hassenauer,Giants,C,62,2024
Adoree' Jackson,Giants,CB,81,2024
Deonte Banks,Giants,CB,76,2024
Amani Oruwariye,Giants,CB,74,2024
Cordale Flott,Giants,CB,72,2024
Darnay Holmes,Giants,CB,71,2024
Aaron Robinson,Giants,CB,71,2024
Tre Hawkins III,Giants,CB,66,2024
Rodarius Williams,Giants,CB,65,2024
Dexter Lawrence II,Giants,DT,94,2024
Rakeem Nunez-Roches,Giants,DT,69,2024
Xavier McKinney,Giants,FS,80,2024
Jason Pinnock,Giants,FS,68,2024
Trenton Thompson,Giants,FS,61,2024
Saquon Barkley,Giants,HB,93,2024
James Robinson,Giants,HB,75,2024
Matt Breida,Giants,HB,73,2024
Eric Gray,Giants,HB,69,2024
Gary Brightwell,Giants,HB,65,2024
Graham Gano,Giants,K,83,2024
A'Shawn Robinson,Giants,LE,74,2024
Vernon Butler Jr,Giants,LE,67,2024
Ryder Anderson,Giants,LE,62,2024
Joshua Ezeudu,Giants,LG,67,2024
Shane Lemieux,Giants,LG,65,2024
Jack Anderson,Giants,LG,63,2024
Azeez Ojulari,Giants,LOLB,76,2024
Oshane Ximines,Giants,LOLB,72,2024
Tomon Fox,Giants,LOLB,62,2024
Elerson Smith,Giants,LOLB,62,2024
Andrew Thomas,Giants,LT,92,2024
Tyre Phillips,Giants,LT,67,2024
Korey Cunningham,Giants,LT,55,2024
Bobby Okereke,Giants,MLB,81,2024
Jarrad Davis,Giants,MLB,70,2024
Micah McFadden,Giants,MLB,68,2024
Darrian Beavers,Giants,MLB,64,2024
Carter Coughlin,Giants,MLB,62,2024
Jamie Gillan,Giants,P,75,2024
Daniel Jones,Giants,QB,75,2024
Tyrod Taylor,Giants,QB,66,2024
Leonard Williams,Giants,RE,82,2024
D.J. Davidson,Giants,RE,63,2024
Jordon Riley,Giants,RE,62,2024
Mark Glowinski,Giants,RG,74,2024
Marcus McKethan,Giants,RG,65,2024
Wyatt Davis,Giants,RG,63,2024
Kayvon Thibodeaux,Giants,ROLB,80,2024
Jihad Ward,Giants,ROLB,68,2024
Cam Brown,Giants,ROLB,63,2024
Evan Neal,Giants,RT,73,2024
Matt Peart,Giants,RT,67,2024
Devery Hamilton,Giants,RT,57,2024
Bobby McCain,Giants,SS,77,2024
Dane Belton,Giants,SS,68,2024
Gervarrius Owens,Giants,SS,64,2024
Darren Waller,Giants,TE,86,2024
Daniel Bellinger,Giants,TE,70,2024
Lawrence Cager,Giants,TE,67,2024
Tommy Sweeney,Giants,TE,64,2024
Casey Kreiter,Giants,TE,30,2024
Sterling Shepard,Giants,WR,81,2024
Parris Campbell,Giants,WR,77,2024
Isaiah Hodgins,Giants,WR,77,2024
Darius Slayton,Giants,WR,77,2024
Cole Beasley,Giants,WR,75,2024
Jamison Crowder,Giants,WR,75,2024
Wan'Dale Robinson,Giants,WR,74,2024
Jaydon Mickens,Giants,WR,71,2024
Jalin Hyatt,Giants,WR,70,2024
Collin Johnson,Giants,WR,69,2024
Jeff Smith,Giants,WR,68,2024
Luke Fortner,Jaguars,C,70,2024
Darryl Williams,Jaguars,C,56,2024
Tyson Campbell,Jaguars,CB,85,2024
Darious Williams,Jaguars,CB,79,2024
Tre Herndon,Jaguars,CB,72,2024
Tevaughn Campbell,Jaguars,CB,68,2024
Chris Claybrooks,Jaguars,CB,68,2024
Christian Braswell,Jaguars,CB,65,2024
Gregory Junior,Jaguars,CB,65,2024
Montaric Brown,Jaguars,CB,64,2024
DaVon Hamilton,Jaguars,DT,78,2024
Michael Dogbe,Jaguars,DT,66,2024
Raymond Vohasek,Jaguars,DT,65,2024
Derek Parish,Jaguars,FB,61,2024
Andre Cisco,Jaguars,FS,79,2024
Andrew Wingard,Jaguars,FS,74,2024
Erick Hallett II,Jaguars,FS,66,2024
Travis Etienne Jr,Jaguars,HB,84,2024
D'Ernest Johnson,Jaguars,HB,73,2024
Tank Bigsby,Jaguars,HB,71,2024
JaMycal Hasty,Jaguars,HB,71,2024
Snoop Conner,Jaguars,HB,66,2024
Qadree Ollison,Jaguars,HB,64,2024
Brandon McManus,Jaguars,K,76,2024
Folorunso Fatukasi,Jaguars,LE,73,2024
Dawuane Smoot,Jaguars,LE,73,2024
Tyler Lacy,Jaguars,LE,66,2024
Jeremiah Ledbetter,Jaguars,LE,66,2024
Tyler Shatley,Jaguars,LG,71,2024
Ben Bartch,Jaguars,LG,68,2024
Blake Hance,Jaguars,LG,65,2024
Cooper Hodges,Jaguars,LG,64,2024
Josh Allen,Jaguars,LOLB,85,2024
Yasir Abdullah,Jaguars,LOLB,68,2024
Jordan Smith,Jaguars,LOLB,60,2024
Cam Robinson,Jaguars,LT,78,2024
Anton Harrison,Jaguars,LT,71,2024
Coy Cronk,Jaguars,LT,58,2024
Foyesade Oluokun,Jaguars,MLB,84,2024
Devin Lloyd,Jaguars,MLB,76,2024
Chad Muma,Jaguars,MLB,70,2024
Ventrell Miller,Jaguars,MLB,67,2024
Shaquille Quarterman,Jaguars,MLB,65,2024
Logan Cooke,Jaguars,P,81,2024
Trevor Lawrence,Jaguars,QB,82,2024
C.J. Beathard,Jaguars,QB,57,2024
Roy Robertson-Harris,Jaguars,RE,72,2024
Adam Gotsis,Jaguars,RE,70,2024
Henry Mondeaux,Jaguars,RE,64,2024
Brandon Scherff,Jaguars,RG,83,2024
Cole Van Lanen,Jaguars,RG,61,2024
Chandler Brewer,Jaguars,RG,58,2024
Travon Walker,Jaguars,ROLB,78,2024
K'Lavon Chaisson,Jaguars,ROLB,70,2024
De'Shaan Dixon,Jaguars,ROLB,58,2024
Walker Little,Jaguars,RT,68,2024
Josh Wells,Jaguars,RT,66,2024
Rayshawn Jenkins,Jaguars,SS,76,2024
Antonio Johnson,Jaguars,SS,67,2024
Daniel Thomas,Jaguars,SS,67,2024
Evan Engram,Jaguars,TE,84,2024
Brenton Strange,Jaguars,TE,68,2024
Luke Farrell,Jaguars,TE,62,2024
Gerrit Prince,Jaguars,TE,61,2024
Ross Matiscik,Jaguars,TE,26,2024
Christian Kirk,Jaguars,WR,85,2024
Calvin Ridley,Jaguars,WR,85,2024
Zay Jones,Jaguars,WR,81,2024
Jamal Agnew,Jaguars,WR,76,2024
Parker Washington,Jaguars,WR,69,2024
Tim Jones,Jaguars,WR,63,2024
Kendric Pryor,Jaguars,WR,63,2024
Seth Williams,Jaguars,WR,63,2024
Kevin Austin Jr,Jaguars,WR,61,2024
Connor McGovern,Jets,C,77,2024
Joe Tippmann,Jets,C,71,2024
Trystan Colon-Castillo,Jets,C,59,2024
Sauce Gardner,Jets,CB,93,2024
D.J. Reed Jr,Jets,CB,83,2024
Bryce Hall,Jets,CB,78,2024
Michael Carter II,Jets,CB,75,2024
Jimmy Moreland,Jets,CB,69,2024
Brandin Echols,Jets,CB,68,2024
Javelin Guidry,Jets,CB,67,2024
Jarrick Bernard-Converse,Jets,CB,66,2024
Justin Hardee Sr,Jets,CB,66,2024
Craig James,Jets,CB,64,2024
Quinnen Williams,Jets,DT,93,2024
Al Woods,Jets,DT,77,2024
Quinton Jefferson,Jets,DT,73,2024
Solomon Thomas,Jets,DT,71,2024
Isaiah Mack,Jets,DT,64,2024
Tanzel Smart,Jets,DT,61,2024
Nick Bawden,Jets,FB,65,2024
Jordan Whitehead,Jets,FS,79,2024
Ashtyn Davis,Jets,FS,74,2024
Tony Adams,Jets,FS,61,2024
Breece Hall,Jets,HB,82,2024
Michael Carter,Jets,HB,75,2024
Zonovan Knight,Jets,HB,71,2024
Israel Abanikanda,Jets,HB,69,2024
Travis Dye,Jets,HB,62,2024
Greg Zuerlein,Jets,K,76,2024
John Franklin-Myers,Jets,LE,83,2024
Bryce Huff,Jets,LE,77,2024
Jermaine Johnson II,Jets,LE,73,2024
Laken Tomlinson,Jets,LG,79,2024
Jamien Sherwood,Jets,LOLB,66,2024
Chazz Surratt,Jets,LOLB,65,2024
Duane Brown,Jets,LT,76,2024
Yodny Cajuste,Jets,LT,63,2024
C.J. Mosley,Jets,MLB,85,2024
Zaire Barnes,Jets,MLB,66,2024
Thomas Morstead,Jets,P,79,2024
Aaron Rodgers,Jets,QB,86,2024
Zach Wilson,Jets,QB,69,2024
Chris Streveler,Jets,QB,59,2024
Tim Boyle,Jets,QB,57,2024
Carl Lawson,Jets,RE,80,2024
Will McDonald IV,Jets,RE,74,2024
Micheal Clemons,Jets,RE,70,2024
Ifeadi Odenigbo,Jets,RE,69,2024
Bradlee Anae,Jets,RE,66,2024
Marquiss Spencer,Jets,RE,63,2024
Alijah Vera-Tucker,Jets,RG,79,2024
Wes Schweitzer,Jets,RG,70,2024
Quincy Williams,Jets,ROLB,71,2024
Hamsah Nasirildeen,Jets,ROLB,66,2024
Mekhi Becton,Jets,RT,75,2024
Billy Turner,Jets,RT,69,2024
Max Mitchell,Jets,RT,67,2024
Carter Warren,Jets,RT,66,2024
Adrian Amos,Jets,SS,83,2024
Chuck Clark,Jets,SS,79,2024
Trey Dean III,Jets,SS,63,2024
Tyler Conklin,Jets,TE,78,2024
C.J. Uzomah,Jets,TE,76,2024
Jeremy Ruckert,Jets,TE,67,2024
Kenny Yeboah,Jets,TE,63,2024
Zack Kuntz,Jets,TE,62,2024
Thomas Hennessy,Jets,TE,30,2024
Garrett Wilson,Jets,WR,84,2024
Mecole Hardman,Jets,WR,79,2024
Corey Davis,Jets,WR,78,2024
Allen Lazard,Jets,WR,78,2024
Randall Cobb,Jets,WR,76,2024
Alex Erickson,Jets,WR,71,2024
Malik Taylor,Jets,WR,66,2024
Frank Ragnow,Lions,C,88,2024
Ross Pierschbacher,Lions,C,62,2024
Emmanuel Moseley,Lions,CB,77,2024
Cameron Sutton,Lions,CB,77,2024
Will Harris,Lions,CB,72,2024
Jerry Jacobs,Lions,CB,67,2024
Khalil Dorsey,Lions,CB,65,2024
Chase Lucas,Lions,CB,65,2024
Jarren Williams,Lions,CB,61,2024
Saivion Smith,Lions,CB,59,2024
Alim McNeill,Lions,DT,72,2024
Levi Onwuzurike,Lions,DT,71,2024
Isaiah Buggs,Lions,DT,70,2024
Christian Covington,Lions,DT,69,2024
Brodric Martin,Lions,DT,67,2024
Benito Jones,Lions,DT,62,2024
Jason Cabinda,Lions,FB,65,2024
Kerby Joseph,Lions,FS,76,2024
Tracy Walker III,Lions,FS,76,2024
Ifeatu Melifonwu,Lions,FS,67,2024
Brandon Joseph,Lions,FS,64,2024
David Montgomery,Lions,HB,82,2024
Jahmyr Gibbs,Lions,HB,77,2024
Justin Jackson,Lions,HB,73,2024
Craig Reynolds,Lions,HB,68,2024
Jermar Jefferson,Lions,HB,65,2024
Riley Patterson,Lions,K,74,2024
Aidan Hutchinson,Lions,LE,81,2024
Charles Harris,Lions,LE,71,2024
James Houston IV,Lions,LE,71,2024
Julian Okwara,Lions,LE,71,2024
Jonah Jackson,Lions,LG,76,2024
Graham Glasgow,Lions,LG,74,2024
Logan Stenberg,Lions,LG,63,2024
Jalen Reeves-Maybin,Lions,LOLB,66,2024
Anthony Pittman,Lions,LOLB,62,2024
Taylor Decker,Lions,LT,83,2024
Connor Galvin,Lions,LT,61,2024
Matt Nelson,Lions,LT,55,2024
Jack Campbell,Lions,MLB,75,2024
Derrick Barnes,Lions,MLB,69,2024
Jack Fox,Lions,P,73,2024
Jared Goff,Lions,QB,80,2024
Hendon Hooker,Lions,QB,68,2024
Nate Sudfeld,Lions,QB,55,2024
Romeo Okwara,Lions,RE,74,2024
John Cominsky,Lions,RE,70,2024
Josh Paschal,Lions,RE,69,2024
Halapoulivaati Vaitai,Lions,RG,70,2024
Kayode Awosika,Lions,RG,61,2024
Alex Anzalone,Lions,ROLB,73,2024
Malcolm Rodriguez,Lions,ROLB,73,2024
Penei Sewell,Lions,RT,86,2024
Germain Ifedi,Lions,RT,69,2024
Colby Sorsdal,Lions,RT,65,2024
Darrin Paulo,Lions,RT,56,2024
C.J. Gardner-Johnson,Lions,SS,84,2024
Brian Branch,Lions,SS,75,2024
Brady Breeze,Lions,SS,65,2024
Sam LaPorta,Lions,TE,70,2024
Brock Wright,Lions,TE,66,2024
Shane Zylstra,Lions,TE,66,2024
James Mitchell,Lions,TE,64,2024
Jake McQuaide,Lions,TE,33,2024
Scott Daly,Lions,TE,29,2024
Amon-Ra St. Brown,Lions,WR,87,2024
Jameson Williams,Lions,WR,79,2024
Marvin Jones Jr,Lions,WR,78,2024
Kalif Raymond,Lions,WR,75,2024
Josh Reynolds,Lions,WR,75,2024
Denzel Mims,Lions,WR,70,2024
Tom Kennedy,Lions,WR,69,2024
Trinity Benson,Lions,WR,67,2024
Antoine Green,Lions,WR,66,2024
Josh Myers,Packers,C,73,2024
Jake Hanson,Packers,C,58,2024
Jaire Alexander,Packers,CB,95,2024
Rasul Douglas,Packers,CB,81,2024
Eric Stokes,Packers,CB,76,2024
Keisean Nixon,Packers,CB,68,2024
Corey Ballentine,Packers,CB,67,2024
Carrington Valentine,Packers,CB,65,2024
Shemar Jean-Charles,Packers,CB,63,2024
Kiondre Thomas,Packers,CB,61,2024
Kenny Clark,Packers,DT,86,2024
Jonathan Ford,Packers,DT,63,2024
Henry Pearson,Packers,FB,59,2024
Rudy Ford,Packers,FS,74,2024
Tarvarius Moore,Packers,FS,69,2024
Tariq Carpenter,Packers,FS,64,2024
Dallin Leavitt,Packers,FS,63,2024
Innis Gaines,Packers,FS,62,2024
Aaron Jones,Packers,HB,88,2024
A.J. Dillon,Packers,HB,78,2024
Lew Nichols III,Packers,HB,63,2024
Tyler Goodson,Packers,HB,62,2024
Patrick Taylor,Packers,HB,60,2024
Anders Carlson,Packers,K,69,2024
T.J. Slaton Jr,Packers,LE,66,2024
Karl Brooks,Packers,LE,64,2024
Antonio Moultrie,Packers,LE,62,2024
Chris Slayton,Packers,LE,60,2024
Elgton Jenkins,Packers,LG,87,2024
Sean Rhyan,Packers,LG,69,2024
Rashan Gary,Packers,LOLB,88,2024
Lukas Van Ness,Packers,LOLB,73,2024
Jonathan Garvin,Packers,LOLB,65,2024
David Bakhtiari,Packers,LT,90,2024
Zach Tom,Packers,LT,72,2024
Rasheed Walker,Packers,LT,63,2024
Kadeem Telfort,Packers,LT,61,2024
De'Vondre Campbell,Packers,MLB,85,2024
Quay Walker,Packers,MLB,78,2024
Eric Wilson,Packers,MLB,68,2024
Isaiah McDuffie,Packers,MLB,65,2024
Pat O'Donnell,Packers,P,70,2024
Daniel Whelan,Packers,P,66,2024
Jordan Love,Packers,QB,70,2024
Sean Clifford,Packers,QB,59,2024
Danny Etling,Packers,QB,48,2024
Devonte Wyatt,Packers,RE,70,2024
Colby Wooden,Packers,RE,66,2024
Jon Runyan,Packers,RG,77,2024
Royce Newman,Packers,RG,70,2024
Preston Smith,Packers,ROLB,76,2024
Justin Hollins,Packers,ROLB,71,2024
Kingsley Enagbare,Packers,ROLB,69,2024
Brenton Cox Jr.,Packers,ROLB,61,2024
La'Darius Hamilton,Packers,ROLB,59,2024
Yosh Nijman,Packers,RT,71,2024
Luke Tenuta,Packers,RT,61,2024
Caleb Jones,Packers,RT,60,2024
Darnell Savage,Packers,SS,76,2024
Jonathan Owens,Packers,SS,72,2024
Anthony Johnson Jr,Packers,SS,65,2024
Josiah Deguara,Packers,TE,68,2024
Tucker Kraft,Packers,TE,66,2024
Luke Musgrave,Packers,TE,66,2024
Tyler Davis,Packers,TE,60,2024
Matthew Orzech,Packers,TE,26,2024
Christian Watson,Packers,WR,77,2024
Romeo Doubs,Packers,WR,74,2024
Jayden Reed,Packers,WR,73,2024
Bo Melton,Packers,WR,68,2024
Dontayvion Wicks,Packers,WR,68,2024
Samori Toure,Packers,WR,67,2024
Grant DuBose,Packers,WR,64,2024
Jeff Cotton Jr.,Packers,WR,63,2024
Bradley Bozeman,Panthers,C,72,2024
Sam Tecklenburg,Panthers,C,55,2024
Jaycee Horn,Panthers,CB,83,2024
Donte Jackson,Panthers,CB,80,2024
C.J. Henderson,Panthers,CB,73,2024
Keith Taylor Jr,Panthers,CB,66,2024
Stantley Thomas-Oliver III,Panthers,CB,65,2024
Rejzohn Wright,Panthers,CB,65,2024
Herb Miller,Panthers,CB,61,2024
Henry Anderson,Panthers,DT,74,2024
John Penisini,Panthers,DT,66,2024
Marquan McCall,Panthers,DT,62,2024
Raequan Williams,Panthers,DT,60,2024
Giovanni Ricci,Panthers,FB,62,2024
Jeremy Chinn,Panthers,FS,81,2024
Xavier Woods,Panthers,FS,78,2024
Josh Thomas,Panthers,FS,63,2024
Miles Sanders,Panthers,HB,86,2024
Chuba Hubbard,Panthers,HB,75,2024
Raheem Blackshear,Panthers,HB,68,2024
Spencer Brown,Panthers,HB,61,2024
Camerun Peoples,Panthers,HB,60,2024
Eddy Pineiro,Panthers,K,77,2024
Shy Tuttle,Panthers,LE,70,2024
Bravvion Roy,Panthers,LE,65,2024
Taylor Stallworth,Panthers,LE,64,2024
Brady Christensen,Panthers,LG,73,2024
Justin McCray,Panthers,LG,64,2024
Michael Jordan,Panthers,LG,63,2024
Brian Burns,Panthers,LOLB,87,2024
Frankie Luvu,Panthers,LOLB,80,2024
Marquis Haynes Sr,Panthers,LOLB,71,2024
Ikem Ekwonu,Panthers,LT,79,2024
Cameron Erving,Panthers,LT,68,2024
Shaq Thompson,Panthers,MLB,84,2024
Kamu Grugier-Hill,Panthers,MLB,69,2024
Brandon Smith,Panthers,MLB,66,2024
Bumper Pool,Panthers,MLB,63,2024
Jordan Thomas,Panthers,MLB,58,2024
Chandler Wooten,Panthers,MLB,55,2024
Johnny Hekker,Panthers,P,81,2024
Bryce Young,Panthers,QB,74,2024
Andy Dalton,Panthers,QB,72,2024
Matt Corral,Panthers,QB,64,2024
Derrick Brown,Panthers,RE,84,2024
DeShawn Williams,Panthers,RE,68,2024
Jalen Redmond,Panthers,RE,64,2024
Austin Corbett,Panthers,RG,80,2024
Chandler Zavala,Panthers,RG,67,2024
Deonte Brown,Panthers,RG,63,2024
Cade Mays,Panthers,RG,63,2024
Yetur Gross-Matos,Panthers,ROLB,72,2024
DJ Johnson,Panthers,ROLB,69,2024
Amare Barno,Panthers,ROLB,64,2024
Taylor Moton,Panthers,RT,84,2024
Larnel Coleman,Panthers,RT,57,2024
Vonn Bell,Panthers,SS,83,2024
Eric Rowe,Panthers,SS,77,2024
Jammie Robinson,Panthers,SS,68,2024
Sam Franklin Jr,Panthers,SS,67,2024
Hayden Hurst,Panthers,TE,80,2024
Ian Thomas,Panthers,TE,72,2024
Tommy Tremble,Panthers,TE,71,2024
Stephen Sullivan,Panthers,TE,64,2024
J.J. Jansen,Panthers,TE,36,2024
Adam Thielen,Panthers,WR,83,2024
D.J. Chark Jr,Panthers,WR,77,2024
Laviska Shenault Jr,Panthers,WR,75,2024
Terrace Marshall Jr,Panthers,WR,73,2024
Damiere Byrd,Panthers,WR,72,2024
Jonathan Mingo,Panthers,WR,72,2024
Shi Smith,Panthers,WR,70,2024
Marquez Stevenson,Panthers,WR,69,2024
Gary Jennings,Panthers,WR,67,2024
David Andrews,Patriots,C,83,2024
Jake Andrews,Patriots,C,66,2024
James Ferentz,Patriots,C,59,2024
Jonathan Jones,Patriots,CB,83,2024
Christian Gonzalez,Patriots,CB,77,2024
Marcus Jones,Patriots,CB,75,2024
Jack Jones,Patriots,CB,74,2024
Jalen Mills,Patriots,CB,74,2024
Myles Bryant,Patriots,CB,71,2024
Ameer Speed,Patriots,CB,65,2024
Shaun Wade,Patriots,CB,65,2024
Isaiah Bolden,Patriots,CB,64,2024
Davon Godchaux,Patriots,DT,75,2024
Carl Davis,Patriots,DT,67,2024
Jabrill Peppers,Patriots,FS,83,2024
Joshuah Bledsoe,Patriots,FS,65,2024
Brad Hawkins,Patriots,FS,63,2024
Rhamondre Stevenson,Patriots,HB,80,2024
Ty Montgomery II,Patriots,HB,74,2024
Pierre Strong Jr,Patriots,HB,69,2024
J.J. Taylor,Patriots,HB,68,2024
Kevin Harris,Patriots,HB,62,2024
Nick Folk,Patriots,K,77,2024
Chad Ryland,Patriots,K,72,2024
Lawrence Guy,Patriots,LE,76,2024
Christian Barmore,Patriots,LE,75,2024
Daniel Ekuale,Patriots,LE,62,2024
Cole Strange,Patriots,LG,76,2024
Sidy Sow,Patriots,LG,68,2024
Atonio Mafi,Patriots,LG,67,2024
Matthew Judon,Patriots,LOLB,89,2024
Anfernee Jennings,Patriots,LOLB,68,2024
Ronnie Perkins,Patriots,LOLB,64,2024
Trent Brown,Patriots,LT,83,2024
Calvin Anderson,Patriots,LT,63,2024
Ja'Whaun Bentley,Patriots,MLB,84,2024
Jahlani Tavai,Patriots,MLB,77,2024
Marte Mapu,Patriots,MLB,70,2024
Raekwon McMillan,Patriots,MLB,69,2024
Mack Wilson Sr,Patriots,MLB,69,2024
Chris Board,Patriots,MLB,66,2024
Terez Hall,Patriots,MLB,63,2024
Bryce Baringer,Patriots,P,72,2024
Corliss Waitman,Patriots,P,69,2024
Mac Jones,Patriots,QB,74,2024
Bailey Zappe,Patriots,QB,63,2024
Malik Cunningham,Patriots,QB,61,2024
Trace McSorley,Patriots,QB,56,2024
Deatrich Wise Jr,Patriots,RE,81,2024
Keion White,Patriots,RE,69,2024
Sam Roberts,Patriots,RE,63,2024
Mike Onwenu,Patriots,RG,85,2024
Chasen Hines,Patriots,RG,64,2024
Josh Uche,Patriots,ROLB,81,2024
DaMarcus Mitchell,Patriots,ROLB,62,2024
Riley Reiff,Patriots,RT,72,2024
Andrew Stueber,Patriots,RT,63,2024
Conor McDermott,Patriots,RT,60,2024
Kyle Dugger,Patriots,SS,86,2024
Adrian Phillips,Patriots,SS,81,2024
Cody Davis,Patriots,SS,68,2024
Brenden Schooler,Patriots,SS,62,2024
Mike Gesicki,Patriots,TE,81,2024
Hunter Henry,Patriots,TE,81,2024
Anthony Firkser,Patriots,TE,67,2024
Joe Cardona,Patriots,TE,26,2024
JuJu Smith-Schuster,Patriots,WR,82,2024
DeVante Parker,Patriots,WR,80,2024
Kendrick Bourne,Patriots,WR,78,2024
Tyquan Thornton,Patriots,WR,70,2024
Demario Douglas,Patriots,WR,67,2024
Kayshon Boutte,Patriots,WR,66,2024
Tre Nixon,Patriots,WR,66,2024
Matthew Slater,Patriots,WR,66,2024
Andre James,Raiders,C,72,2024
Hroniss Grasu,Raiders,C,62,2024
Marcus Peters,Raiders,CB,83,2024
Nate Hobbs,Raiders,CB,79,2024
David Long Jr,Raiders,CB,74,2024
Duke Shelley,Raiders,CB,74,2024
Amik Robertson,Raiders,CB,72,2024
Jakorian Bennett,Raiders,CB,71,2024
Brandon Facyson,Raiders,CB,71,2024
Tyler Hall,Raiders,CB,68,2024
Sam Webb,Raiders,CB,66,2024
Isiah Brown,Raiders,CB,64,2024
John Jenkins,Raiders,DT,70,2024
Neil Farrell Jr.,Raiders,DT,64,2024
Jakob Johnson,Raiders,FB,68,2024
Marcus Epps,Raiders,FS,77,2024
Christopher Smith II,Raiders,FS,67,2024
Isaiah Pola-Mao,Raiders,FS,60,2024
Josh Jacobs,Raiders,HB,95,2024
Ameer Abdullah,Raiders,HB,73,2024
Zamir White,Raiders,HB,70,2024
Brandon Bolden,Raiders,HB,69,2024
Austin Walter,Raiders,HB,61,2024
Brittain Brown,Raiders,HB,59,2024
Daniel Carlson,Raiders,K,83,2024
Jerry Tillery,Raiders,LE,70,2024
Adam Butler,Raiders,LE,69,2024
Byron Young,Raiders,LE,67,2024
Dylan Parham,Raiders,LG,73,2024
Netane Muti,Raiders,LG,71,2024
Justin Murray,Raiders,LG,66,2024
Maxx Crosby,Raiders,LOLB,94,2024
Jordan Willis,Raiders,LOLB,68,2024
Malcolm Koonce,Raiders,LOLB,64,2024
Kolton Miller,Raiders,LT,87,2024
Brandon Parker,Raiders,LT,68,2024
Robert Spillane,Raiders,MLB,74,2024
Divine Deablo,Raiders,MLB,73,2024
Amari Burney,Raiders,MLB,64,2024
Curtis Bolton,Raiders,MLB,62,2024
Luke Masterson,Raiders,MLB,61,2024
Darien Butler,Raiders,MLB,60,2024
A.J. Cole III,Raiders,P,83,2024
Jimmy Garoppolo,Raiders,QB,77,2024
Brian Hoyer,Raiders,QB,61,2024
Aidan O'Connell,Raiders,QB,59,2024
Bilal Nichols,Raiders,RE,73,2024
Isaac Rochell,Raiders,RE,68,2024
Matthew Butler,Raiders,RE,66,2024
Nesta Jade Silvera,Raiders,RE,63,2024
Greg Van Roten,Raiders,RG,66,2024
Alex Bars,Raiders,RG,64,2024
Chandler Jones,Raiders,ROLB,82,2024
Tyree Wilson,Raiders,ROLB,75,2024
Jermaine Eluemunor,Raiders,RT,74,2024
Thayer Munford,Raiders,RT,66,2024
Justin Herron,Raiders,RT,65,2024
Tre'von Moehrig,Raiders,SS,76,2024
Jaquan Johnson,Raiders,SS,67,2024
Roderic Teamer Jr,Raiders,SS,67,2024
Michael Mayer,Raiders,TE,75,2024
Austin Hooper,Raiders,TE,73,2024
O.J. Howard,Raiders,TE,71,2024
Jesper Horsted,Raiders,TE,61,2024
Jacob Bobenmoyer,Raiders,TE,31,2024
Davante Adams,Raiders,WR,97,2024
Jakobi Meyers,Raiders,WR,81,2024
Hunter Renfrow,Raiders,WR,81,2024
DeAndre Carter,Raiders,WR,76,2024
Keelan Cole Sr,Raiders,WR,73,2024
Phillip Dorsett II,Raiders,WR,72,2024
Cam Sims,Raiders,WR,70,2024
Tre Tucker,Raiders,WR,70,2024
Kristian Wilkerson,Raiders,WR,67,2024
Brian Allen,Rams,C,73,2024
Sean Maginn,Rams,C,58,2024
Ahkello Witherspoon,Rams,CB,75,2024
Cobie Durant,Rams,CB,73,2024
Robert Rochell,Rams,CB,69,2024
Tre'Vius Hodges-Tomlinson,Rams,CB,67,2024
Derion Kendrick,Rams,CB,67,2024
Vincent Gray,Rams,CB,65,2024
Timarcus Davis,Rams,CB,64,2024
Tyon Davis,Rams,CB,64,2024
Bobby Brown III,Rams,DT,69,2024
Jonah Williams,Rams,DT,67,2024
Desjuan Johnson,Rams,DT,62,2024
Russ Yeast,Rams,FS,67,2024
Jason Taylor II,Rams,FS,65,2024
Rashad Torrence II,Rams,FS,64,2024
Richard LeCounte III,Rams,FS,63,2024
Cam Akers,Rams,HB,81,2024
Sony Michel,Rams,HB,72,2024
Zach Evans,Rams,HB,67,2024
Kyren Williams,Rams,HB,65,2024
Ronnie Rivers,Rams,HB,63,2024
Tanner Brown,Rams,K,68,2024
Marquise Copeland,Rams,LE,68,2024
Earnest Brown IV,Rams,LE,64,2024
Steve Avila,Rams,LG,71,2024
Tremayne Anchrum Jr,Rams,LG,60,2024
Byron Young,Rams,LOLB,68,2024
Daniel Hardy,Rams,LOLB,64,2024
Ochaun Mathis,Rams,LOLB,64,2024
Zach VanValkenburg,Rams,LOLB,59,2024
Joseph Noteboom,Rams,LT,72,2024
AJ Jackson,Rams,LT,66,2024
A.J. Arcuri,Rams,LT,61,2024
Ernest Jones,Rams,MLB,75,2024
Christian Rozeboom,Rams,MLB,63,2024
Jake Hummel,Rams,MLB,62,2024
DeAndre Square,Rams,MLB,61,2024
Jaiden Woodbey,Rams,MLB,61,2024
Ethan Evans,Rams,P,68,2024
Matthew Stafford,Rams,QB,75,2024
Stetson Bennett IV,Rams,QB,62,2024
Brett Rypien,Rams,QB,57,2024
Dresser Winn,Rams,QB,50,2024
Aaron Donald,Rams,RE,99,2024
Kobie Turner,Rams,RE,68,2024
Larrell Murchison,Rams,RE,65,2024
Coleman Shelton,Rams,RG,67,2024
Logan Bruss,Rams,RG,65,2024
Zachary Thomas,Rams,RG,64,2024
Michael Hoecht,Rams,ROLB,69,2024
Nick Hampton,Rams,ROLB,67,2024
Keir Thomas,Rams,ROLB,60,2024
Rob Havenstein,Rams,RT,82,2024
Warren McClendon,Rams,RT,65,2024
Jordan Fuller,Rams,SS,75,2024
Quentin Lake,Rams,SS,66,2024
Quindell Johnson,Rams,SS,63,2024
Tyler Higbee,Rams,TE,80,2024
Brycen Hopkins,Rams,TE,65,2024
Hunter Long,Rams,TE,65,2024
Davis Allen,Rams,TE,64,2024
Alex Ward,Rams,TE,26,2024
Cooper Kupp,Rams,WR,96,2024
Van Jefferson,Rams,WR,76,2024
Demarcus Robinson,Rams,WR,75,2024
Tutu Atwell,Rams,WR,71,2024
Tyler Johnson,Rams,WR,71,2024
Ben Skowronek,Rams,WR,70,2024
Puka Nacua,Rams,WR,67,2024
Lance McCutcheon,Rams,WR,64,2024
Xavier Smith,Rams,WR,63,2024
Austin Trammell,Rams,WR,63,2024
Braxton Burmeister,Rams,WR,61,2024
Tyler Linderbaum,Ravens,C,80,2024
Sam Mustipher,Ravens,C,69,2024
Marlon Humphrey,Ravens,CB,93,2024
Rock Ya-Sin,Ravens,CB,78,2024
Trayvon Mullen Jr,Ravens,CB,72,2024
Brandon Stephens,Ravens,CB,70,2024
Daryl Worley,Ravens,CB,70,2024
Kyu Blu Kelly,Ravens,CB,69,2024
Kevon Seymour,Ravens,CB,67,2024
Jalyn Armour-Davis,Ravens,CB,66,2024
Damarion Williams,Ravens,CB,66,2024
Michael Pierce,Ravens,DT,83,2024
Travis Jones,Ravens,DT,71,2024
Kaieem Caesar,Ravens,DT,61,2024
Rayshad Nichols,Ravens,DT,58,2024
Patrick Ricard,Ravens,FB,81,2024
Ben Mason,Ravens,FB,67,2024
Marcus Williams,Ravens,FS,88,2024
Geno Stone,Ravens,FS,72,2024
J.K. Dobbins,Ravens,HB,78,2024
Gus Edwards,Ravens,HB,77,2024
Justice Hill,Ravens,HB,73,2024
Melvin Gordon III,Ravens,HB,72,2024
Keaton Mitchell,Ravens,HB,64,2024
Justin Tucker,Ravens,K,91,2024
Justin Madubuike,Ravens,LE,78,2024
Angelo Blackson,Ravens,LE,67,2024
Andrew Vorhees,Ravens,LG,67,2024
John Simpson,Ravens,LG,66,2024
Tyus Bowser,Ravens,LOLB,75,2024
Odafe Oweh,Ravens,LOLB,75,2024
Ronnie Stanley,Ravens,LT,90,2024
Patrick Mekari,Ravens,LT,72,2024
Brandon Kipper,Ravens,LT,61,2024
David Sharpe,Ravens,LT,60,2024
Roquan Smith,Ravens,MLB,92,2024
Patrick Queen,Ravens,MLB,80,2024
Malik Harrison,Ravens,MLB,72,2024
Trenton Simpson,Ravens,MLB,70,2024
Kristian Welch,Ravens,MLB,63,2024
Del'Shawn Phillips,Ravens,MLB,61,2024
Jordan Stout,Ravens,P,72,2024
Lamar Jackson,Ravens,QB,91,2024
Tyler Huntley,Ravens,QB,68,2024
Josh Johnson,Ravens,QB,59,2024
Anthony Brown,Ravens,QB,57,2024
Brent Urban,Ravens,RE,74,2024
Broderick Washington Jr,Ravens,RE,71,2024
Kevin Zeitler,Ravens,RG,85,2024
Ben Cleveland,Ravens,RG,66,2024
David Ojabo,Ravens,ROLB,71,2024
Tavius Robinson,Ravens,ROLB,65,2024
Jeremiah Moon,Ravens,ROLB,64,2024
Morgan Moses,Ravens,RT,79,2024
Daniel Faalele,Ravens,RT,67,2024
Malaesala Aumavae-Laulu,Ravens,RT,65,2024
Kyle Hamilton,Ravens,SS,82,2024
Jaquan Amos,Ravens,SS,63,2024
Ar'Darius Washington,Ravens,SS,63,2024
Mark Andrews,Ravens,TE,95,2024
Isaiah Likely,Ravens,TE,72,2024
Charlie Kolar,Ravens,TE,66,2024
Travis Vokolek,Ravens,TE,61,2024
Nick Moore,Ravens,TE,37,2024
Odell Beckham Jr,Ravens,WR,85,2024
Nelson Agholor,Ravens,WR,79,2024
Rashod Bateman,Ravens,WR,79,2024
Zay Flowers,Ravens,WR,77,2024
Devin Duvernay,Ravens,WR,76,2024
James Proche II,Ravens,WR,70,2024
Andy Isabella,Ravens,WR,69,2024
Tylan Wallace,Ravens,WR,69,2024
Mike Thomas,Ravens,WR,68,2024
Laquon Treadwell,Ravens,WR,68,2024
Erik McCoy,Saints,C,79,2024
Alex Pihlstrom,Saints,C,58,2024
Marshon Lattimore,Saints,CB,90,2024
Bradley Roby,Saints,CB,74,2024
Paulson Adebo,Saints,CB,73,2024
Alontae Taylor,Saints,CB,73,2024
Isaac Yiadom,Saints,CB,71,2024
Ugo Amadi,Saints,CB,70,2024
Troy Pride Jr,Saints,CB,69,2024
Nathan Shepherd,Saints,DT,72,2024
Bryan Bresee,Saints,DT,71,2024
Khalen Saunders,Saints,DT,70,2024
Malcolm Roach,Saints,DT,67,2024
Jack Heflin,Saints,DT,64,2024
Adam Prentice,Saints,FB,62,2024
Tyrann Mathieu,Saints,FS,91,2024
Lonnie Johnson Jr,Saints,FS,69,2024
Jordan Howden,Saints,FS,68,2024
Alvin Kamara,Saints,HB,86,2024
Jamaal Williams,Saints,HB,85,2024
Eno Benjamin,Saints,HB,71,2024
Kendre Miller,Saints,HB,69,2024
Wil Lutz,Saints,K,75,2024
Cameron Jordan,Saints,LE,87,2024
Tanoh Kpassagnon,Saints,LE,69,2024
Jabari Zuniga,Saints,LE,69,2024
Andrus Peat,Saints,LG,73,2024
Nick Saldiveri,Saints,LG,67,2024
Mark Evans II,Saints,LG,61,2024
Zack Baun,Saints,LOLB,68,2024
Ty Summers,Saints,LOLB,66,2024
Anfernee Orji,Saints,LOLB,64,2024
James Hurst,Saints,LT,73,2024
Trevor Penning,Saints,LT,73,2024
Landon Young,Saints,LT,58,2024
Demario Davis,Saints,MLB,90,2024
D'Marco Jackson,Saints,MLB,64,2024
Nephi Sewell,Saints,MLB,62,2024
Blake Gillikin,Saints,P,78,2024
Derek Carr,Saints,QB,78,2024
Jameis Winston,Saints,QB,70,2024
Jake Haener,Saints,QB,63,2024
Carl Granderson,Saints,RE,73,2024
Isaiah Foskey,Saints,RE,71,2024
Payton Turner,Saints,RE,71,2024
Niko Lalos,Saints,RE,63,2024
Cesar Ruiz,Saints,RG,75,2024
Calvin Throckmorton,Saints,RG,65,2024
Pete Werner,Saints,ROLB,77,2024
Ryan Connelly,Saints,ROLB,65,2024
Andrew Dowell,Saints,ROLB,65,2024
Ryan Ramczyk,Saints,RT,89,2024
Storm Norton,Saints,RT,59,2024
Lewis Kidd,Saints,RT,57,2024
Marcus Maye,Saints,SS,83,2024
Johnathan Abram,Saints,SS,71,2024
Smoke Monday,Saints,SS,64,2024
J.T. Gray,Saints,SS,63,2024
Juwan Johnson,Saints,TE,75,2024
Foster Moreau,Saints,TE,74,2024
Taysom Hill,Saints,TE,73,2024
Jesse James,Saints,TE,65,2024
Miller Forristall,Saints,TE,58,2024
Zach Wood,Saints,TE,26,2024
Chris Olave,Saints,WR,84,2024
Michael Thomas,Saints,WR,84,2024
Tre'Quan Smith,Saints,WR,75,2024
Rashid Shaheed,Saints,WR,74,2024
Bryan Edwards,Saints,WR,72,2024
James Washington,Saints,WR,72,2024
Keke Coutee,Saints,WR,71,2024
A.T. Perry,Saints,WR,68,2024
Keith Kirkwood,Saints,WR,66,2024
Kawaan Baker,Saints,WR,62,2024
Evan Brown,Seahawks,C,70,2024
Olusegun Oluwatimi,Seahawks,C,66,2024
Joey Hunt,Seahawks,C,61,2024
Tariq Woolen,Seahawks,CB,83,2024
Devon Witherspoon,Seahawks,CB,78,2024
Mike Jackson Sr,Seahawks,CB,74,2024
Coby Bryant,Seahawks,CB,73,2024
Tre Brown,Seahawks,CB,69,2024
Artie Burns,Seahawks,CB,69,2024
Isaiah Dunn,Seahawks,CB,66,2024
Arquon Bush,Seahawks,CB,64,2024
Lance Boykin,Seahawks,CB,63,2024
Bryan Mone,Seahawks,DT,68,2024
Cameron Young,Seahawks,DT,67,2024
Austin Faoliu,Seahawks,DT,62,2024
Quandre Diggs,Seahawks,FS,87,2024
Jerrick Reed II,Seahawks,FS,65,2024
Mo Osling III,Seahawks,FS,63,2024
Joey Blount,Seahawks,FS,62,2024
Kenneth Walker III,Seahawks,HB,87,2024
Zach Charbonnet,Seahawks,HB,74,2024
DeeJay Dallas,Seahawks,HB,68,2024
Kenny McIntosh,Seahawks,HB,64,2024
Jason Myers,Seahawks,K,80,2024
Dre'Mont Jones,Seahawks,LE,77,2024
Mario Edwards Jr,Seahawks,LE,71,2024
Mike Morris,Seahawks,LE,66,2024
Damien Lewis,Seahawks,LG,77,2024
Kendall Randolph,Seahawks,LG,60,2024
Greg Eiland,Seahawks,LG,55,2024
Darrell Taylor,Seahawks,LOLB,73,2024
Derick Hall,Seahawks,LOLB,70,2024
Tyreke Smith,Seahawks,LOLB,64,2024
Charles Cross,Seahawks,LT,77,2024
Stone Forsythe,Seahawks,LT,57,2024
Bobby Wagner,Seahawks,MLB,89,2024
Jordyn Brooks,Seahawks,MLB,80,2024
Devin Bush,Seahawks,MLB,77,2024
Nick Bellore,Seahawks,MLB,67,2024
Jon Rhattigan,Seahawks,MLB,63,2024
Cam Bright,Seahawks,MLB,61,2024
Vi Jones,Seahawks,MLB,57,2024
Michael Dickson,Seahawks,P,77,2024
Geno Smith,Seahawks,QB,81,2024
Drew Lock,Seahawks,QB,64,2024
Holton Ahlers,Seahawks,QB,54,2024
Jarran Reed,Seahawks,RE,74,2024
Myles Adams,Seahawks,RE,63,2024
Jonah Tavai,Seahawks,RE,62,2024
Phil Haynes,Seahawks,RG,69,2024
Anthony Bradford,Seahawks,RG,68,2024
Uchenna Nwosu,Seahawks,ROLB,79,2024
Boye Mafe,Seahawks,ROLB,70,2024
Alton Robinson,Seahawks,ROLB,69,2024
Joshua Onujiogu,Seahawks,ROLB,60,2024
Abraham Lucas,Seahawks,RT,77,2024
Jake Curhan,Seahawks,RT,60,2024
Jamal Adams,Seahawks,SS,88,2024
Julian Love,Seahawks,SS,80,2024
Noah Fant,Seahawks,TE,78,2024
Will Dissly,Seahawks,TE,77,2024
Colby Parkinson,Seahawks,TE,70,2024
Tyler Mabry,Seahawks,TE,60,2024
Chris Stoll,Seahawks,TE,33,2024
Tyler Lockett,Seahawks,WR,89,2024
D.K. Metcalf,Seahawks,WR,88,2024
Jaxon Smith-Njigba,Seahawks,WR,78,2024
D'Wayne Eskridge,Seahawks,WR,72,2024
Cody Thompson,Seahawks,WR,66,2024
Matt Landers,Seahawks,WR,65,2024
Dareke Young,Seahawks,WR,65,2024
Cade Johnson,Seahawks,WR,64,2024
Jake Bobo,Seahawks,WR,63,2024
Easop Winston Jr,Seahawks,WR,61,2024
Mason Cole,Steelers,C,72,2024
Ryan McCollum,Steelers,C,51,2024
Patrick Peterson,Steelers,CB,85,2024
Levi Wallace,Steelers,CB,79,2024
Joey Porter Jr.,Steelers,CB,75,2024
Chandon Sullivan,Steelers,CB,73,2024
James Pierre,Steelers,CB,71,2024
Cory Trice Jr,Steelers,CB,67,2024
Luq Barcoo,Steelers,CB,65,2024
Chris Wilcox,Steelers,CB,64,2024
Madre Harper,Steelers,CB,63,2024
Montravius Adams,Steelers,DT,71,2024
Keeanu Benton,Steelers,DT,70,2024
Breiden Fehoko,Steelers,DT,66,2024
Renell Wren,Steelers,DT,65,2024
Minkah Fitzpatrick,Steelers,FS,93,2024
Kenny Robinson Jr,Steelers,FS,66,2024
Tre Norwood,Steelers,FS,65,2024
Najee Harris,Steelers,HB,83,2024
Jaylen Warren,Steelers,HB,74,2024
Anthony McFarland,Steelers,HB,67,2024
Jason Huntley,Steelers,HB,64,2024
Chris Boswell,Steelers,K,77,2024
Larry Ogunjobi,Steelers,LE,74,2024
Armon Watts,Steelers,LE,67,2024
Jonathan Marshall,Steelers,LE,64,2024
Isaac Seumalo,Steelers,LG,78,2024
Kevin Dotson,Steelers,LG,76,2024
Kendrick Green,Steelers,LG,71,2024
T.J. Watt,Steelers,LOLB,94,2024
Markus Golden,Steelers,LOLB,73,2024
Quincy Roche,Steelers,LOLB,67,2024
Broderick Jones,Steelers,LT,73,2024
Dan Moore Jr,Steelers,LT,72,2024
Cole Holcomb,Steelers,MLB,80,2024
Nick Kwiatkoski,Steelers,MLB,73,2024
Elandon Roberts,Steelers,MLB,73,2024
Tanner Muse,Steelers,MLB,66,2024
Mark Robinson,Steelers,MLB,63,2024
Christian Kuntz,Steelers,MLB,56,2024
Braden Mann,Steelers,P,77,2024
Pressley Harvin III,Steelers,P,72,2024
Kenny Pickett,Steelers,QB,73,2024
Mitchell Trubisky,Steelers,QB,67,2024
Mason Rudolph,Steelers,QB,60,2024
Cameron Heyward,Steelers,RE,93,2024
DeMarvin Leal,Steelers,RE,66,2024
Isaiahh Loudermilk,Steelers,RE,63,2024
Manny Jones,Steelers,RE,62,2024
James Daniels,Steelers,RG,80,2024
Nate Herbig,Steelers,RG,65,2024
Spencer Anderson,Steelers,RG,62,2024
Alex Highsmith,Steelers,ROLB,82,2024
Nick Herbig,Steelers,ROLB,67,2024
Chapelle Russell,Steelers,ROLB,63,2024
Chukwuma Okorafor,Steelers,RT,70,2024
Damontae Kazee,Steelers,SS,77,2024
Keanu Neal,Steelers,SS,75,2024
Duke Dawson Jr,Steelers,SS,68,2024
Miles Killebrew,Steelers,SS,67,2024
Pat Freiermuth,Steelers,TE,85,2024
Darnell Washington,Steelers,TE,69,2024
Zach Gentry,Steelers,TE,65,2024
Connor Heyward,Steelers,TE,62,2024
Diontae Johnson,Steelers,WR,82,2024
George Pickens,Steelers,WR,80,2024
Allen Robinson II,Steelers,WR,79,2024
Miles Boykin,Steelers,WR,71,2024
Calvin Austin III,Steelers,WR,70,2024
Gunner Olszewski,Steelers,WR,67,2024
Ja'Marcus Bradley,Steelers,WR,66,2024
Dez Fitzpatrick,Steelers,WR,66,2024
Hakeem Butler,Steelers,WR,65,2024
Cody White,Steelers,WR,59,2024
Juice Scruggs,Texans,C,67,2024
Scott Quessenberry,Texans,C,63,2024
Michael Deiter,Texans,C,61,2024
Shaquill Griffin,Texans,CB,79,2024
Desmond King II,Texans,CB,79,2024
Steven Nelson,Texans,CB,78,2024
Derek Stingley Jr,Texans,CB,77,2024
Darius Phillips,Texans,CB,73,2024
Tavierre Thomas,Texans,CB,73,2024
Kendall Sheffield,Texans,CB,72,2024
Ka'Dar Hollman,Texans,CB,68,2024
Sheldon Rankins,Texans,DT,76,2024
Maliek Collins,Texans,DT,74,2024
Roy Lopez,Texans,DT,70,2024
Hassan Ridgeway,Texans,DT,68,2024
Thomas Booker IV,Texans,DT,66,2024
Byron Cowart,Texans,DT,65,2024
Kurt Hinish,Texans,DT,61,2024
Andrew Beck,Texans,FB,70,2024
Troy Hairston,Texans,FB,62,2024
Jimmie Ward,Texans,FS,87,2024
M.J. Stewart Jr,Texans,FS,70,2024
Brandon Hill,Texans,FS,65,2024
Dameon Pierce,Texans,HB,83,2024
Devin Singletary,Texans,HB,80,2024
Mike Boone,Texans,HB,67,2024
Dare Ogunbowale,Texans,HB,67,2024
Ka'imi Fairbairn,Texans,K,79,2024
Will Anderson Jr.,Texans,LE,78,2024
Jerry Hughes Jr,Texans,LE,75,2024
Dylan Horton,Texans,LE,66,2024
Kenyon Green,Texans,LG,69,2024
Jimmy Morrissey,Texans,LG,61,2024
Cory Littleton,Texans,LOLB,70,2024
Neville Hewitt,Texans,LOLB,68,2024
Laremy Tunsil,Texans,LT,95,2024
Greg Little,Texans,LT,65,2024
Charlie Heck,Texans,LT,64,2024
Christian Kirksey,Texans,MLB,74,2024
Henry To'oTo'o,Texans,MLB,66,2024
Jake Hansen,Texans,MLB,63,2024
Garret Wallow,Texans,MLB,62,2024
Cameron Johnston,Texans,P,75,2024
C.J. Stroud,Texans,QB,73,2024
Davis Mills,Texans,QB,67,2024
Case Keenum,Texans,QB,64,2024
Jonathan Greenard,Texans,RE,73,2024
Chase Winovich,Texans,RE,71,2024
Derek Rivers,Texans,RE,68,2024
Jacob Martin,Texans,RE,45,2024
Shaq Mason,Texans,RG,84,2024
Jarrett Patterson,Texans,RG,63,2024
Denzel Perryman,Texans,ROLB,81,2024
Blake Cashman,Texans,ROLB,69,2024
Christian Harris,Texans,ROLB,68,2024
Tytus Howard,Texans,RT,75,2024
Austin Deculus,Texans,RT,62,2024
Jalen Pitre,Texans,SS,77,2024
Eric Murray,Texans,SS,71,2024
Grayland Arnold,Texans,SS,64,2024
Dalton Schultz,Texans,TE,82,2024
Brevin Jordan,Texans,TE,68,2024
Teagan Quitoriano,Texans,TE,63,2024
Mason Schreck,Texans,TE,60,2024
Jon Weeks,Texans,TE,28,2024
Robert Woods,Texans,WR,77,2024
Noah Brown,Texans,WR,74,2024
John Metchie III,Texans,WR,74,2024
Nico Collins,Texans,WR,72,2024
Tank Dell,Texans,WR,72,2024
Amari Rodgers,Texans,WR,69,2024
Steven Sims,Texans,WR,69,2024
Xavier Hutchinson,Texans,WR,67,2024
Jalen Camp,Texans,WR,63,2024
Aaron Brewer,Titans,C,68,2024
Corey Levin,Titans,C,63,2024
James Empey,Titans,C,60,2024
Sean Murphy-Bunting,Titans,CB,78,2024
Kristian Fulton,Titans,CB,76,2024
Roger McCreary,Titans,CB,75,2024
Caleb Farley,Titans,CB,74,2024
Elijah Molden,Titans,CB,71,2024
Chris Jackson,Titans,CB,69,2024
Eric Garror,Titans,CB,63,2024
Tre Avery,Titans,CB,62,2024
Teair Tart,Titans,DT,78,2024
Tyler Shelvin,Titans,DT,66,2024
Curtis Brooks,Titans,DT,63,2024
Jayden Peevy,Titans,DT,61,2024
Kevin Byard,Titans,FS,92,2024
Mike Brown,Titans,FS,63,2024
Tyreque Jones,Titans,FS,62,2024
Derrick Henry,Titans,HB,94,2024
Tyjae Spears,Titans,HB,73,2024
Hassan Haskins,Titans,HB,69,2024
Julius Chestnut,Titans,HB,66,2024
Jonathan Ward,Titans,HB,65,2024
Caleb Shudak,Titans,K,65,2024
Trey Wolff,Titans,K,63,2024
Denico Autry,Titans,LE,81,2024
Naquan Jones,Titans,LE,62,2024
Peter Skoronski,Titans,LG,76,2024
Dillon Radunz,Titans,LG,68,2024
John Leglue,Titans,LG,59,2024
Arden Key,Titans,LOLB,74,2024
Rashad Weaver,Titans,LOLB,67,2024
Zach McCloud,Titans,LOLB,61,2024
Andre Dillard,Titans,LT,72,2024
Jaelyn Duncan,Titans,LT,65,2024
Azeez Al-Shaair,Titans,MLB,77,2024
Ben Niemann,Titans,MLB,71,2024
Monty Rice,Titans,MLB,69,2024
Chance Campbell,Titans,MLB,64,2024
Jack Gibbens,Titans,MLB,64,2024
Luke Gifford,Titans,MLB,61,2024
Ryan Stonehouse,Titans,P,82,2024
Ryan Tannehill,Titans,QB,76,2024
Will Levis,Titans,QB,69,2024
Malik Willis,Titans,QB,66,2024
Jeffery Simmons,Titans,RE,89,2024
Jaleel Johnson,Titans,RE,64,2024
Daniel Brunskill,Titans,RG,69,2024
Jamarco Jones,Titans,RG,64,2024
Jordan Roos,Titans,RG,56,2024
Harold Landry III,Titans,ROLB,81,2024
Sam Okuayinonu,Titans,ROLB,59,2024
Nicholas Petit-Frere,Titans,RT,70,2024
John Ojukwu,Titans,RT,61,2024
Andrew Rupcich,Titans,RT,61,2024
Amani Hooker,Titans,SS,79,2024
Josh Thompson,Titans,SS,64,2024
Shyheim Carter,Titans,SS,63,2024
Matthew Jackson,Titans,SS,62,2024
Chigoziem Okonkwo,Titans,TE,71,2024
Trevon Wesco,Titans,TE,65,2024
Josh Whyle,Titans,TE,65,2024
Alize Mack,Titans,TE,57,2024
Kevin Rader,Titans,TE,57,2024
Morgan Cox,Titans,TE,28,2024
DeAndre Hopkins,Titans,WR,93,2024
Treylon Burks,Titans,WR,75,2024
Chris Moore,Titans,WR,73,2024
Kyle Philips,Titans,WR,71,2024
Nick Westbrook-Ikhine,Titans,WR,70,2024
Colton Dowell,Titans,WR,66,2024
Mason Kinsey,Titans,WR,64,2024
Racey McMath,Titans,WR,64,2024
Reggie Roberson Jr,Titans,WR,62,2024
Garrett Bradbury,Vikings,C,76,2024
Austin Schlottmann,Vikings,C,59,2024
Byron Murphy Jr,Vikings,CB,82,2024
Andrew Booth Jr,Vikings,CB,72,2024
Joejuan Williams,Vikings,CB,72,2024
Mekhi Blackmon,Vikings,CB,71,2024
Akayleb Evans,Vikings,CB,68,2024
Tay Gowan,Vikings,CB,65,2024
Kalon Barnes,Vikings,CB,64,2024
Khyiris Tonga,Vikings,DT,71,2024
Sheldon Day,Vikings,DT,67,2024
Jaquelin Roy,Vikings,DT,65,2024
C.J. Ham,Vikings,FB,75,2024
Lewis Cine,Vikings,FS,75,2024
Camryn Bynum,Vikings,FS,74,2024
Jay Ward,Vikings,FS,69,2024
Alexander Mattison,Vikings,HB,76,2024
Kene Nwangwu,Vikings,HB,69,2024
DeWayne McBride,Vikings,HB,67,2024
Ty Chandler,Vikings,HB,66,2024
Greg Joseph,Vikings,K,72,2024
Jack Podlesny,Vikings,K,66,2024
Dean Lowry,Vikings,LE,74,2024
Ross Blacklock,Vikings,LE,67,2024
Esezi Otomewo,Vikings,LE,64,2024
T.J. Smith Jr,Vikings,LE,61,2024
Ezra Cleveland,Vikings,LG,74,2024
Chris Reed,Vikings,LG,66,2024
Alan Ali,Vikings,LG,60,2024
Danielle Hunter,Vikings,LOLB,87,2024
Patrick Jones II,Vikings,LOLB,69,2024
Luiji Vilain,Vikings,LOLB,59,2024
Benton Whitley,Vikings,LOLB,59,2024
Christian Darrisaw,Vikings,LT,85,2024
Vederian Lowe,Vikings,LT,62,2024
Jordan Hicks,Vikings,MLB,77,2024
Brian Asamoah II,Vikings,MLB,71,2024
Troy Dye,Vikings,MLB,67,2024
Troy Reeder,Vikings,MLB,67,2024
Ivan Pace Jr.,Vikings,MLB,62,2024
William Kwenkeu,Vikings,MLB,55,2024
Ryan Wright,Vikings,P,74,2024
Kirk Cousins,Vikings,QB,84,2024
Nick Mullens,Vikings,QB,58,2024
Jaren Hall,Vikings,QB,57,2024
Harrison Phillips,Vikings,RE,79,2024
Jonathan Bullard,Vikings,RE,69,2024
James Lynch,Vikings,RE,66,2024
Ed Ingram,Vikings,RG,70,2024
Olisaemeka Udoh,Vikings,RG,68,2024
Marcus Davenport,Vikings,ROLB,76,2024
D.J. Wonnum,Vikings,ROLB,72,2024
Curtis Weaver,Vikings,ROLB,64,2024
Andre Carter II,Vikings,ROLB,63,2024
Brian O'Neill,Vikings,RT,86,2024
Blake Brandel,Vikings,RT,64,2024
Harrison Smith,Vikings,SS,90,2024
Josh Metellus,Vikings,SS,71,2024
Theo Jackson,Vikings,SS,65,2024
T.J. Hockenson,Vikings,TE,90,2024
Josh Oliver,Vikings,TE,72,2024
Johnny Mundt,Vikings,TE,66,2024
Nick Muse,Vikings,TE,63,2024
Ben Sims,Vikings,TE,62,2024
Colin Thompson,Vikings,TE,58,2024
Andrew DePaola,Vikings,TE,49,2024
Justin Jefferson,Vikings,WR,99,2024
K.J. Osborn,Vikings,WR,77,2024
Jordan Addison,Vikings,WR,76,2024
Jalen Reagor,Vikings,WR,71,2024
Brandon Powell,Vikings,WR,70,2024
Jalen Nailor,Vikings,WR,69,2024
Trishton Jackson,Vikings,WR,64,2024
Blake Proehl,Vikings,WR,63,2024
