firstName,lastName,Team,Position,college,age,overallRating,birthdate,height,weight,handedness,jerseyNum,yearsPro,Archetype,stats/acceleration/value,stats/acceleration/diff,stats/agility/value,stats/agility/diff,stats/jumping/value,stats/jumping/diff,stats/stamina/value,stats/stamina/diff,stats/strength/value,stats/strength/diff,stats/awareness/value,stats/awareness/diff,stats/bCVision/value,stats/bCVision/diff,stats/blockShedding/value,stats/blockShedding/diff,stats/breakSack/value,stats/breakSack/diff,stats/breakTackle/value,stats/breakTackle/diff,stats/carrying/value,stats/carrying/diff,stats/catchInTraffic/value,stats/catchInTraffic/diff,stats/catching/value,stats/catching/diff,stats/changeOfDirection/value,stats/changeOfDirection/diff,stats/deepRouteRunning/value,stats/deepRouteRunning/diff,stats/finesseMoves/value,stats/finesseMoves/diff,stats/hitPower/value,stats/hitPower/diff,stats/impactBlocking/value,stats/impactBlocking/diff,stats/injury/value,stats/injury/diff,stats/jukeMove/value,stats/jukeMove/diff,stats/kickAccuracy/value,stats/kickAccuracy/diff,stats/kickPower/value,stats/kickPower/diff,stats/kickReturn/value,stats/kickReturn/diff,stats/leadBlock/value,stats/leadBlock/diff,stats/manCoverage/value,stats/manCoverage/diff,stats/mediumRouteRunning/value,stats/mediumRouteRunning/diff,stats/overall/value,stats/overall/diff,stats/passBlock/value,stats/passBlock/diff,stats/passBlockFinesse/value,stats/passBlockFinesse/diff,stats/passBlockPower/value,stats/passBlockPower/diff,stats/playAction/value,stats/playAction/diff,stats/playRecognition/value,stats/playRecognition/diff,stats/powerMoves/value,stats/powerMoves/diff,stats/press/value,stats/press/diff,stats/pursuit/value,stats/pursuit/diff,stats/release/value,stats/release/diff,stats/runBlock/value,stats/runBlock/diff,stats/runBlockFinesse/value,stats/runBlockFinesse/diff,stats/runBlockPower/value,stats/runBlockPower/diff,stats/runningStyle/value,stats/runningStyle/diff,stats/shortRouteRunning/value,stats/shortRouteRunning/diff,stats/spectacularCatch/value,stats/spectacularCatch/diff,stats/speed/value,stats/speed/diff,stats/spinMove/value,stats/spinMove/diff,stats/stiffArm/value,stats/stiffArm/diff,stats/tackle/value,stats/tackle/diff,stats/throwAccuracyDeep/value,stats/throwAccuracyDeep/diff,stats/throwAccuracyMid/value,stats/throwAccuracyMid/diff,stats/throwAccuracyShort/value,stats/throwAccuracyShort/diff,stats/throwOnTheRun/value,stats/throwOnTheRun/diff,stats/throwPower/value,stats/throwPower/diff,stats/throwUnderPressure/value,stats/throwUnderPressure/diff,stats/toughness/value,stats/toughness/diff,stats/trucking/value,stats/trucking/diff,stats/zoneCoverage/value,stats/zoneCoverage/diff
Ja'Marr,Chase,Cincinnati Bengals,WR,LSU,25,99,3/1/00,72,201,1,1,4,Deep Threat - WR,94,0,92,0,98,0,96,0,73,0,99,0,98,0,37,0,29,0,88,0,71,0,95,0,98,0,97,0,98,0,10,0,27,0,46,0,92,0,90,0,17,0,24,0,60,0,27,0,13,0,96,0,99,0,37,0,20,0,26,0,10,0,17,0,10,0,15,0,36,0,97,0,56,0,30,0,34,0,Default,0,96,0,97,0,95,0,83,0,76,0,34,0,10,0,15,0,20,0,19,0,33,0,22,0,88,0,71,0,17,0
Josh,Allen,Buffalo Bills,QB,Wyoming,29,99,5/21/96,77,237,1,17,7,Improviser - QB,91,0,85,0,92,0,98,0,81,0,96,0,97,0,23,0,97,0,86,0,61,0,20,0,40,0,82,0,13,0,9,0,11,0,26,0,99,0,81,0,14,0,22,0,13,0,17,0,12,0,15,0,99,0,14,0,10,0,15,0,97,0,15,0,9,0,9,0,33,0,18,0,17,0,10,0,10,0,Default Stride Bread Loaf,0,22,0,23,0,88,0,78,0,83,0,32,0,92,0,89,0,94,0,98,0,98,0,95,0,98,0,76,0,18,0
Justin,Jefferson,Minnesota Vikings,WR,LSU,26,99,6/16/99,73,195,1,18,5,Deep Threat - WR,92,0,95,0,97,0,98,0,64,0,99,0,94,0,24,0,23,0,81,0,73,0,98,0,96,0,98,0,97,0,24,0,43,0,52,0,94,0,93,0,12,0,18,0,61,0,34,0,18,0,98,0,99,0,25,0,13,0,18,0,24,0,19,0,18,0,18,0,41,0,99,0,51,0,27,0,29,0,Long Stride Loose,0,98,0,99,0,91,0,81,0,75,0,36,0,24,0,30,0,35,0,33,0,43,0,29,0,87,0,65,0,26,0
Lamar,Jackson,Baltimore Ravens,QB,Louisville,28,99,1/7/97,74,210,1,8,7,Improviser - QB,95,0,94,0,91,0,93,0,63,0,97,0,98,0,16,0,98,0,82,0,70,0,17,0,64,0,95,0,13,0,10,0,27,0,29,0,92,0,91,0,19,0,12,0,10,0,21,0,12,0,15,0,99,0,13,0,13,0,13,0,98,0,10,0,12,0,10,0,38,0,17,0,14,0,14,0,14,0,Short Stride Default,0,20,0,15,0,96,0,83,0,80,0,35,0,85,0,96,0,97,0,99,0,93,0,98,0,96,0,39,0,12,0
Lane,Johnson,Philadelphia Eagles,RT,Oklahoma,35,99,5/8/90,78,325,1,65,12,Power - OT,78,0,75,0,82,0,88,0,93,0,99,0,60,0,56,0,39,0,30,0,67,0,58,0,64,0,58,0,25,0,60,0,60,0,95,0,84,0,54,0,22,0,25,0,10,0,96,0,12,0,33,0,99,0,98,0,94,0,98,0,39,0,29,0,53,0,10,0,55,0,45,0,97,0,96,0,98,0,Default,0,46,0,57,0,77,0,50,0,55,0,60,0,50,0,54,0,59,0,52,0,65,0,41,0,91,0,65,0,20,0
Myles,Garrett,Cleveland Browns,RE,Texas AM,29,99,12/29/95,76,272,1,95,8,Power Rusher - DE,90,0,86,0,94,0,89,0,96,0,97,0,39,0,96,0,12,0,34,0,55,0,21,0,52,0,71,0,4,0,92,0,84,0,90,0,92,0,36,0,20,0,20,0,10,0,17,0,51,0,8,0,99,0,45,0,45,0,45,0,10,0,94,0,98,0,44,0,97,0,31,0,45,0,45,0,45,0,Long Stride Default,0,15,0,25,0,87,0,40,0,48,0,92,0,27,0,30,0,31,0,23,0,55,0,16,0,87,0,36,0,51,0
Saquon,Barkley,Philadelphia Eagles,HB,Penn State,28,99,2/9/97,72,227,1,26,7,Elusive Back - HB,94,0,95,0,96,0,94,0,81,0,99,0,87,0,24,0,31,0,93,0,97,0,62,0,74,0,94,0,65,0,25,0,17,0,37,0,91,0,97,0,14,0,19,0,81,0,34,0,15,0,67,0,99,0,60,0,33,0,38,0,18,0,21,0,17,0,10,0,36,0,69,0,36,0,31,0,35,0,Default,0,75,0,73,0,95,0,95,0,88,0,28,0,29,0,34,0,41,0,36,0,41,0,18,0,90,0,84,0,13,0
Derrick,Henry,Baltimore Ravens,HB,Alabama,31,98,1/4/94,75,247,1,22,9,Power Back - HB,87,0,83,0,88,0,92,0,87,0,97,0,98,0,36,0,29,0,96,0,96,0,47,0,66,0,78,0,41,0,12,0,33,0,47,0,96,0,86,0,20,0,21,0,36,0,49,0,14,0,49,0,98,0,68,0,38,0,43,0,15,0,20,0,11,0,16,0,41,0,47,0,42,0,31,0,35,0,None,0,56,0,55,0,93,0,75,0,99,0,44,0,23,0,29,0,40,0,32,0,42,0,26,0,97,0,93,0,19,0
George,Kittle,San Francisco 49ers,TE,Iowa,31,98,10/9/93,76,250,1,85,8,Possession - TE,87,0,83,0,90,0,94,0,82,0,97,0,92,0,31,0,18,0,81,0,75,0,89,0,95,0,77,0,77,0,18,0,38,0,78,0,88,0,82,0,22,0,19,0,31,0,65,0,15,0,81,0,98,0,62,0,58,0,62,0,10,0,35,0,20,0,20,0,36,0,83,0,77,0,71,0,76,0,Default Stride Loose,0,84,0,89,0,87,0,64,0,83,0,34,0,10,0,15,0,20,0,10,0,30,0,14,0,98,0,84,0,24,0
Micah,Parsons,Dallas Cowboys,LE,Penn State,26,98,5/26/99,75,245,1,11,4,Smaller Speed Rusher - DE,95,0,90,0,85,0,90,0,89,0,97,0,71,0,81,0,12,0,57,0,69,0,44,0,62,0,77,0,31,0,97,0,84,0,84,0,93,0,71,0,20,0,20,0,60,0,20,0,61,0,36,0,98,0,45,0,45,0,45,0,6,0,95,0,90,0,57,0,94,0,36,0,45,0,45,0,45,0,Default Stride Loose,0,40,0,47,0,90,0,61,0,58,0,89,0,6,0,6,0,6,0,6,0,30,0,15,0,87,0,62,0,64,0
Chris,Jones,Kansas City Chiefs,DT,Mississippi St.,31,97,7/3/94,78,310,1,95,9,Power Rusher - DT,79,0,74,0,63,0,88,0,96,0,99,0,27,0,95,0,12,0,10,0,29,0,14,0,29,0,62,0,3,0,90,0,86,0,95,0,93,0,31,0,17,0,17,0,9,0,19,0,23,0,6,0,97,0,44,0,45,0,44,0,6,0,95,0,98,0,13,0,92,0,15,0,44,0,45,0,46,0,Default Stride High and Tight,0,13,0,16,0,73,0,21,0,29,0,91,0,6,0,6,0,6,0,6,0,23,0,16,0,93,0,33,0,29,0
Dexter,Lawrence II,NY Giants,DT,Clemson,27,97,11/12/97,76,342,1,97,6,,79,0,70,0,74,0,89,0,99,0,96,0,26,0,97,0,12,0,17,0,42,0,23,0,36,0,56,0,12,0,79,0,82,0,96,0,93,0,23,0,15,0,15,0,40,0,43,0,13,0,14,0,97,0,45,0,45,0,45,0,6,0,96,0,94,0,14,0,91,0,12,0,45,0,45,0,45,0,Long Stride Loose,0,18,0,22,0,76,0,19,0,31,0,94,0,6,0,6,0,6,0,6,0,19,0,10,0,91,0,46,0,24,0
Fred,Warner,San Francisco 49ers,MLB,BYU,28,97,11/19/96,75,230,0,54,7,Field General - MLB,91,0,83,0,94,0,97,0,80,0,99,0,56,0,79,0,12,0,21,0,63,0,60,0,78,0,82,0,5,0,62,0,85,0,81,0,96,0,59,0,10,0,13,0,10,0,23,0,77,0,5,0,97,0,45,0,45,0,45,0,6,0,99,0,52,0,58,0,99,0,20,0,45,0,45,0,45,0,Short Stride Bread Loaf,0,15,0,60,0,88,0,53,0,34,0,91,0,6,0,6,0,6,0,6,0,14,0,10,0,93,0,46,0,86,0
Joe,Burrow,Cincinnati Bengals,QB,LSU,28,97,12/10/96,76,215,1,9,5,Field General - QB,86,0,83,0,74,0,97,0,68,0,99,0,86,0,30,0,91,0,69,0,62,0,19,0,40,0,79,0,15,0,10,0,29,0,29,0,92,0,64,0,17,0,21,0,10,0,20,0,29,0,19,0,97,0,15,0,15,0,25,0,86,0,27,0,10,0,25,0,38,0,18,0,15,0,20,0,30,0,Long Stride Default,0,28,0,26,0,84,0,68,0,50,0,36,0,96,0,97,0,99,0,91,0,88,0,96,0,97,0,57,0,33,0
Patrick,Surtain II,Denver Broncos,CB,Alabama,25,97,4/14/00,74,202,1,2,4,Manto Man - CB,92,0,90,0,92,0,96,0,63,0,98,0,75,0,54,0,15,0,55,0,64,0,63,0,76,0,91,0,20,0,48,0,67,0,55,0,92,0,73,0,11,0,19,0,55,0,19,0,98,0,24,0,97,0,35,0,35,0,35,0,6,0,98,0,36,0,95,0,81,0,31,0,35,0,35,0,35,0,Long Stride Loose,0,30,0,72,0,94,0,62,0,46,0,75,0,6,0,6,0,6,0,6,0,28,0,13,0,86,0,32,0,97,0
Trent,Williams,San Francisco 49ers,LT,Oklahoma,37,97,7/19/88,77,320,1,71,15,Power - OT,74,0,71,0,83,0,91,0,95,0,98,0,10,0,32,0,12,0,7,0,40,0,15,0,20,0,57,0,5,0,10,0,60,0,99,0,88,0,10,0,10,0,11,0,10,0,99,0,10,0,5,0,97,0,92,0,90,0,95,0,6,0,19,0,10,0,10,0,33,0,15,0,97,0,98,0,97,0,Default Stride Awkward,0,15,0,51,0,77,0,10,0,10,0,39,0,6,0,6,0,6,0,6,0,12,0,14,0,98,0,10,0,14,0
Amon-Ra,St. Brown,Detroit Lions,WR,USC,25,96,10/24/99,72,195,1,14,4,Slot - WR,91,0,92,0,91,0,93,0,67,0,98,0,92,0,33,0,27,0,78,0,76,0,94,0,99,0,88,0,88,0,10,0,23,0,48,0,90,0,87,0,14,0,20,0,74,0,26,0,12,0,97,0,96,0,30,0,23,0,27,0,24,0,19,0,10,0,20,0,36,0,90,0,47,0,28,0,36,0,Default,0,97,0,90,0,90,0,79,0,62,0,34,0,25,0,34,0,40,0,35,0,48,0,32,0,85,0,57,0,19,0
Jordan,Mailata,Philadelphia Eagles,LT,No College,28,96,3/31/97,80,365,1,68,7,Power - OT,69,0,68,0,75,0,94,0,97,0,97,0,62,0,36,0,12,0,44,0,64,0,55,0,57,0,57,0,20,0,15,0,60,0,93,0,90,0,51,0,13,0,18,0,10,0,98,0,12,0,25,0,96,0,93,0,91,0,94,0,6,0,16,0,15,0,10,0,57,0,20,0,97,0,98,0,95,0,Default,0,30,0,48,0,74,0,37,0,57,0,52,0,6,0,6,0,6,0,6,0,39,0,15,0,93,0,74,0,17,0
Maxx,Crosby,Las Vegas Raiders,LE,Eastern Michigan,28,96,8/22/97,77,255,1,98,6,Smaller Speed Rusher - DE,88,0,83,0,85,0,98,0,85,0,96,0,41,0,89,0,12,0,27,0,41,0,29,0,41,0,71,0,16,0,96,0,88,0,86,0,94,0,34,0,12,0,17,0,20,0,20,0,40,0,20,0,96,0,45,0,45,0,44,0,6,0,94,0,88,0,25,0,98,0,25,0,45,0,45,0,46,0,Long Stride Loose,0,25,0,31,0,86,0,30,0,39,0,96,0,6,0,6,0,6,0,6,0,22,0,10,0,86,0,34,0,48,0
Penei,Sewell,Detroit Lions,RT,Oregon,24,96,10/9/00,78,325,1,58,4,Power - OT,74,0,60,0,70,0,95,0,97,0,97,0,20,0,35,0,13,0,15,0,35,0,17,0,44,0,58,0,5,0,16,0,33,0,96,0,94,0,10,0,20,0,23,0,10,0,97,0,12,0,17,0,96,0,88,0,84,0,92,0,6,0,19,0,24,0,10,0,37,0,15,0,98,0,98,0,97,0,Default Stride Awkward,0,28,0,15,0,73,0,10,0,25,0,32,0,6,0,6,0,6,0,6,0,18,0,14,0,91,0,30,0,12,0
T.J.,Watt,Pittsburgh Steelers,LE,Wisconsin,30,96,10/11/94,76,252,1,90,8,Run Stopper - DE,87,0,84,0,88,0,88,0,86,0,98,0,49,0,93,0,12,0,23,0,53,0,52,0,72,0,70,0,7,0,95,0,87,0,79,0,91,0,46,0,50,0,57,0,6,0,16,0,59,0,14,0,96,0,45,0,45,0,45,0,6,0,98,0,87,0,43,0,98,0,22,0,45,0,45,0,45,0,Long Stride Loose,0,24,0,57,0,83,0,37,0,54,0,96,0,6,0,6,0,6,0,6,0,25,0,16,0,95,0,52,0,65,0
Tristan,Wirfs,Tampa Bay Buccaneers,LT,Iowa,26,96,1/24/99,77,320,1,78,5,Pass Protector - OT,78,0,65,0,87,0,93,0,94,0,97,0,22,0,25,0,12,0,20,0,37,0,15,0,37,0,58,0,5,0,10,0,38,0,95,0,95,0,16,0,12,0,15,0,10,0,92,0,12,0,5,0,96,0,95,0,96,0,95,0,6,0,17,0,10,0,10,0,30,0,15,0,89,0,91,0,87,0,Long Stride Loose,0,15,0,15,0,77,0,13,0,34,0,38,0,6,0,6,0,6,0,6,0,11,0,10,0,93,0,36,0,13,0
CeeDee,Lamb,Dallas Cowboys,WR,Oklahoma,26,95,4/8/99,74,200,1,88,5,Deep Threat - WR,91,0,94,0,96,0,93,0,70,0,95,0,97,0,30,0,35,0,86,0,76,0,93,0,95,0,93,0,95,0,10,0,29,0,46,0,93,0,92,0,33,0,48,0,80,0,33,0,18,0,94,0,95,0,39,0,25,0,27,0,21,0,16,0,10,0,17,0,31,0,98,0,54,0,22,0,27,0,Short Stride High and Tight,0,94,0,98,0,90,0,86,0,81,0,38,0,21,0,26,0,31,0,32,0,37,0,25,0,91,0,71,0,25,0
Christian,Gonzalez,New England Patriots,CB,Oregon,23,95,6/28/02,74,201,1,0,2,Manto Man - CB,93,0,92,0,95,0,90,0,59,0,96,0,75,0,51,0,10,0,67,0,60,0,62,0,74,0,91,0,20,0,37,0,49,0,48,0,90,0,74,0,42,0,46,0,55,0,15,0,96,0,27,0,95,0,30,0,24,0,25,0,6,0,97,0,28,0,84,0,72,0,40,0,32,0,27,0,32,0,Default Stride Loose,0,37,0,73,0,96,0,66,0,57,0,62,0,6,0,10,0,15,0,10,0,35,0,10,0,78,0,42,0,88,0
Derrick,Brown,Carolina Panthers,DT,Auburn,27,95,4/15/98,77,320,1,95,5,,76,0,70,0,68,0,87,0,98,0,97,0,53,0,94,0,33,0,38,0,56,0,47,0,53,0,58,0,33,0,65,0,84,0,93,0,95,0,52,0,14,0,22,0,30,0,42,0,24,0,38,0,95,0,48,0,44,0,48,0,25,0,95,0,83,0,23,0,85,0,39,0,50,0,46,0,50,0,Long Stride Default,0,42,0,49,0,73,0,50,0,52,0,94,0,27,0,30,0,35,0,36,0,41,0,31,0,95,0,60,0,30,0
Jahmyr,Gibbs,Detroit Lions,HB,Alabama,23,95,3/20/02,69,199,1,0,2,Elusive Back - HB,94,0,93,0,81,0,85,0,72,0,89,0,90,0,30,0,25,0,83,0,96,0,64,0,74,0,92,0,61,0,10,0,28,0,32,0,90,0,95,0,10,0,14,0,80,0,29,0,12,0,65,0,95,0,52,0,29,0,34,0,10,0,16,0,10,0,16,0,37,0,62,0,30,0,24,0,16,0,Default,0,71,0,64,0,95,0,92,0,72,0,30,0,13,0,17,0,21,0,15,0,26,0,14,0,84,0,82,0,15,0
Jessie,Bates III,Atlanta Falcons,FS,Wake Forest,28,95,2/26/97,73,200,1,3,7,Zone - S,91,0,88,0,85,0,97,0,59,0,97,0,77,0,56,0,10,0,48,0,69,0,65,0,83,0,84,0,10,0,37,0,85,0,61,0,92,0,78,0,12,0,18,0,78,0,20,0,86,0,15,0,95,0,35,0,35,0,35,0,10,0,96,0,25,0,66,0,93,0,13,0,35,0,35,0,35,0,Default,0,20,0,70,0,90,0,69,0,36,0,80,0,10,0,10,0,10,0,10,0,25,0,23,0,88,0,41,0,95,0
Nick,Bosa,San Francisco 49ers,LE,Ohio State,27,95,10/23/97,76,266,1,97,6,Smaller Speed Rusher - DE,91,0,87,0,81,0,87,0,94,0,95,0,30,0,91,0,12,0,21,0,38,0,27,0,45,0,73,0,6,0,98,0,84,0,87,0,87,0,38,0,17,0,17,0,10,0,18,0,30,0,10,0,95,0,45,0,45,0,44,0,6,0,93,0,94,0,31,0,96,0,16,0,45,0,45,0,45,0,Long Stride Loose,0,17,0,23,0,80,0,32,0,34,0,89,0,6,0,6,0,6,0,6,0,25,0,14,0,90,0,31,0,42,0
Patrick,Mahomes,Kansas City Chiefs,QB,Texas Tech,29,95,9/17/95,74,225,1,15,8,Improviser - QB,87,0,86,0,74,0,98,0,70,0,92,0,92,0,24,0,92,0,76,0,66,0,32,0,59,0,86,0,15,0,10,0,18,0,27,0,96,0,76,0,10,0,20,0,10,0,23,0,17,0,17,0,95,0,10,0,10,0,10,0,96,0,22,0,10,0,10,0,37,0,22,0,23,0,10,0,10,0,Default,0,27,0,30,0,85,0,71,0,57,0,26,0,83,0,94,0,98,0,97,0,97,0,97,0,99,0,72,0,19,0
Quinn,Meinerz,Denver Broncos,RG,Wisc-Whitewater,26,95,11/15/98,75,320,1,77,4,Power - G,79,0,66,0,78,0,85,0,95,0,95,0,18,0,33,0,12,0,33,0,22,0,10,0,25,0,55,0,3,0,27,0,41,0,87,0,90,0,18,0,13,0,19,0,10,0,95,0,12,0,7,0,95,0,89,0,87,0,90,0,6,0,26,0,30,0,10,0,27,0,15,0,97,0,99,0,95,0,Default Stride Awkward,0,15,0,12,0,76,0,20,0,31,0,32,0,6,0,6,0,6,0,6,0,21,0,15,0,92,0,35,0,17,0
Tyreek,Hill,Miami Dolphins,WR,West Alabama,31,95,3/1/94,70,191,0,10,9,,98,0,97,0,95,0,92,0,64,0,91,0,93,0,21,0,28,0,84,0,77,0,87,0,91,0,96,0,94,0,10,0,25,0,40,0,92,0,95,0,15,0,13,0,92,0,20,0,10,0,95,0,95,0,33,0,19,0,19,0,19,0,26,0,10,0,30,0,33,0,92,0,59,0,12,0,17,0,None,0,95,0,90,0,98,0,81,0,45,0,27,0,23,0,28,0,31,0,28,0,41,0,24,0,93,0,37,0,20,0
Cameron,Heyward,Pittsburgh Steelers,DT,Ohio State,36,94,5/6/89,77,295,1,97,14,,73,0,67,0,74,0,87,0,94,0,94,0,29,0,96,0,12,0,11,0,39,0,10,0,48,0,59,0,2,0,73,0,92,0,94,0,92,0,10,0,11,0,12,0,10,0,17,0,22,0,3,0,94,0,45,0,45,0,45,0,6,0,95,0,87,0,10,0,89,0,12,0,45,0,45,0,45,0,Long Stride Loose,0,10,0,22,0,75,0,10,0,46,0,94,0,6,0,6,0,6,0,6,0,21,0,18,0,95,0,36,0,32,0
Chris,Lindstrom,Atlanta Falcons,RG,Boston College,28,94,2/28/97,75,307,1,63,6,Power - G,80,0,68,0,75,0,91,0,92,0,98,0,14,0,15,0,12,0,8,0,19,0,18,0,26,0,58,0,5,0,10,0,28,0,91,0,94,0,14,0,25,0,25,0,10,0,99,0,12,0,6,0,94,0,84,0,81,0,87,0,6,0,10,0,10,0,10,0,23,0,12,0,98,0,97,0,92,0,Default Stride Awkward,0,16,0,14,0,76,0,10,0,27,0,32,0,6,0,6,0,6,0,6,0,23,0,10,0,92,0,31,0,12,0
Christian,McCaffrey,San Francisco 49ers,HB,Stanford,29,94,6/7/96,71,205,1,23,8,Receiving Back - HB,93,0,94,0,90,0,93,0,74,0,94,0,94,0,32,0,38,0,89,0,92,0,72,0,83,0,93,0,67,0,10,0,27,0,45,0,83,0,90,0,23,0,29,0,88,0,47,0,12,0,76,0,94,0,65,0,32,0,36,0,31,0,27,0,10,0,15,0,44,0,76,0,38,0,22,0,22,0,None,0,82,0,75,0,90,0,82,0,80,0,36,0,33,0,41,0,45,0,47,0,52,0,37,0,94,0,65,0,17,0
Creed,Humphrey,Kansas City Chiefs,C,Oklahoma,27,94,6/28/98,76,302,0,52,4,Power - C,79,0,67,0,80,0,94,0,90,0,97,0,10,0,26,0,12,0,8,0,34,0,15,0,25,0,58,0,6,0,10,0,25,0,93,0,93,0,10,0,11,0,14,0,10,0,93,0,7,0,8,0,94,0,91,0,88,0,94,0,6,0,25,0,10,0,10,0,30,0,21,0,94,0,96,0,91,0,Default Stride Awkward,0,15,0,21,0,74,0,10,0,10,0,39,0,6,0,6,0,6,0,6,0,24,0,14,0,98,0,18,0,11,0
Jalen,Ramsey,Pittsburgh Steelers,CB,Florida State,30,94,10/24/94,73,208,1,5,9,Manto Man - CB,93,0,90,0,94,0,94,0,71,0,96,0,72,0,50,0,34,0,68,0,71,0,55,0,83,0,89,0,12,0,41,0,82,0,65,0,90,0,78,0,17,0,18,0,80,0,22,0,91,0,24,0,94,0,21,0,34,0,33,0,16,0,94,0,35,0,98,0,79,0,27,0,34,0,34,0,33,0,Short Stride Default,0,36,0,72,0,94,0,69,0,57,0,71,0,21,0,26,0,33,0,24,0,27,0,17,0,90,0,42,0,90,0
Laremy,Tunsil,Washington Commanders,LT,Ole Miss,31,94,8/2/94,77,313,1,78,9,Pass Protector - OT,68,0,67,0,71,0,90,0,92,0,94,0,18,0,27,0,12,0,12,0,31,0,22,0,26,0,53,0,6,0,14,0,26,0,94,0,92,0,17,0,17,0,20,0,9,0,85,0,11,0,9,0,94,0,94,0,93,0,95,0,6,0,18,0,18,0,9,0,29,0,22,0,82,0,83,0,82,0,Default Stride Awkward,0,19,0,20,0,72,0,13,0,26,0,35,0,6,0,6,0,6,0,6,0,22,0,14,0,89,0,32,0,13,0
Roquan,Smith,Baltimore Ravens,MLB,Georgia,28,94,4/8/97,73,232,1,0,7,Field General - MLB,89,0,87,0,81,0,98,0,80,0,91,0,41,0,78,0,12,0,36,0,54,0,40,0,72,0,82,0,11,0,60,0,88,0,87,0,95,0,47,0,22,0,14,0,10,0,22,0,69,0,12,0,94,0,45,0,45,0,45,0,10,0,93,0,68,0,56,0,98,0,22,0,45,0,45,0,45,0,Default Stride Loose,0,13,0,39,0,86,0,31,0,35,0,99,0,6,0,8,0,10,0,13,0,25,0,10,0,95,0,39,0,75,0
Sauce,Gardner,NY Jets,CB,Cincinnati,25,94,8/31/00,75,200,1,1,3,Manto Man - CB,94,0,91,0,92,0,98,0,65,0,93,0,72,0,55,0,20,0,61,0,64,0,64,0,76,0,91,0,18,0,52,0,69,0,55,0,96,0,75,0,16,0,17,0,40,0,21,0,96,0,22,0,94,0,35,0,35,0,35,0,6,0,95,0,38,0,96,0,78,0,35,0,35,0,35,0,35,0,Long Stride Default,0,32,0,65,0,93,0,67,0,41,0,54,0,6,0,6,0,6,0,6,0,27,0,10,0,92,0,36,0,95,0
Terry,McLaurin,Washington Commanders,WR,Ohio State,29,94,9/15/95,72,210,1,17,6,Deep Threat - WR,91,0,86,0,88,0,96,0,67,0,97,0,88,0,41,0,22,0,82,0,76,0,94,0,98,0,87,0,92,0,11,0,34,0,45,0,93,0,88,0,14,0,16,0,40,0,22,0,16,0,91,0,94,0,37,0,11,0,15,0,6,0,19,0,11,0,16,0,53,0,95,0,50,0,18,0,23,0,Short Stride Default,0,90,0,93,0,96,0,78,0,56,0,41,0,6,0,10,0,15,0,10,0,32,0,18,0,95,0,50,0,24,0
Trent,McDuffie,Kansas City Chiefs,CB,Washington,24,94,9/13/00,71,193,1,22,3,Manto Man - CB,94,0,94,0,91,0,91,0,61,0,95,0,63,0,55,0,15,0,53,0,59,0,52,0,69,0,91,0,11,0,38,0,67,0,46,0,91,0,73,0,21,0,22,0,68,0,15,0,95,0,16,0,94,0,33,0,34,0,33,0,6,0,97,0,29,0,88,0,83,0,17,0,34,0,34,0,33,0,Short Stride Loose,0,26,0,61,0,92,0,66,0,23,0,68,0,6,0,6,0,6,0,6,0,27,0,10,0,86,0,26,0,92,0
A.J.,Brown,Philadelphia Eagles,WR,Ole Miss,28,93,6/30/97,73,226,1,11,6,Physical - WR,92,0,86,0,95,0,92,0,79,0,89,0,92,0,26,0,40,0,87,0,73,0,96,0,97,0,88,0,86,0,10,0,17,0,53,0,86,0,90,0,16,0,17,0,72,0,33,0,18,0,91,0,93,0,41,0,19,0,24,0,16,0,15,0,10,0,16,0,33,0,93,0,57,0,31,0,37,0,Default Stride Loose,0,93,0,96,0,91,0,82,0,87,0,23,0,25,0,29,0,34,0,40,0,41,0,30,0,90,0,77,0,27,0
Aidan,Hutchinson,Detroit Lions,LE,Michigan,25,93,8/9/00,78,265,0,97,3,Smaller Speed Rusher - DE,89,0,85,0,85,0,87,0,87,0,96,0,46,0,82,0,12,0,33,0,59,0,56,0,64,0,70,0,38,0,96,0,85,0,89,0,91,0,52,0,12,0,14,0,10,0,30,0,43,0,44,0,93,0,45,0,45,0,45,0,6,0,94,0,89,0,31,0,95,0,52,0,45,0,45,0,45,0,Long Stride Default,0,50,0,62,0,82,0,46,0,50,0,88,0,6,0,8,0,10,0,6,0,24,0,18,0,92,0,48,0,53,0
Derek,Stingley Jr,Houston Texans,CB,LSU,24,93,6/20/01,72,190,1,24,3,Zone - CB,93,0,94,0,93,0,96,0,63,0,95,0,78,0,49,0,25,0,65,0,63,0,71,0,83,0,92,0,30,0,44,0,69,0,47,0,87,0,84,0,19,0,20,0,72,0,18,0,93,0,35,0,93,0,25,0,34,0,33,0,10,0,95,0,36,0,84,0,75,0,44,0,25,0,34,0,33,0,Default Stride Loose,0,45,0,80,0,93,0,74,0,40,0,60,0,18,0,21,0,26,0,22,0,36,0,12,0,75,0,45,0,95,0
Derwin,James Jr,Los Angeles Chargers,SS,Florida State,29,93,8/3/96,74,215,0,3,7,Run Support - S,91,0,88,0,93,0,95,0,80,0,93,0,73,0,66,0,24,0,59,0,72,0,56,0,78,0,86,0,17,0,67,0,92,0,73,0,89,0,77,0,15,0,19,0,78,0,20,0,84,0,22,0,93,0,35,0,35,0,35,0,15,0,92,0,69,0,83,0,91,0,24,0,35,0,35,0,35,0,Default Stride Loose,0,27,0,67,0,90,0,67,0,47,0,80,0,10,0,13,0,18,0,22,0,34,0,10,0,91,0,46,0,84,0
Joe,Thuney,Chicago Bears,LG,N.C. State,32,93,11/18/92,77,304,1,62,9,Pass Protector - G,76,0,68,0,71,0,93,0,88,0,96,0,18,0,33,0,12,0,8,0,33,0,15,0,26,0,57,0,5,0,10,0,48,0,90,0,97,0,14,0,11,0,11,0,10,0,79,0,12,0,5,0,93,0,92,0,92,0,92,0,6,0,10,0,10,0,10,0,35,0,15,0,82,0,84,0,80,0,Default Stride Awkward,0,15,0,15,0,73,0,10,0,19,0,29,0,6,0,6,0,6,0,6,0,25,0,16,0,94,0,31,0,12,0
Mike,Evans,Tampa Bay Buccaneers,WR,Texas AM,32,93,8/21/93,77,231,1,13,11,Physical - WR,89,0,81,0,97,0,93,0,78,0,93,0,89,0,35,0,22,0,82,0,80,0,97,0,95,0,82,0,87,0,10,0,15,0,63,0,92,0,83,0,24,0,25,0,55,0,49,0,40,0,89,0,93,0,45,0,23,0,25,0,10,0,15,0,10,0,20,0,25,0,96,0,60,0,35,0,38,0,Default Stride Loose,0,88,0,97,0,92,0,75,0,84,0,39,0,15,0,20,0,25,0,15,0,35,0,20,0,94,0,72,0,27,0
Nnamdi,Madubuike,Baltimore Ravens,DT,Texas AM,27,93,11/17/97,75,293,1,92,5,,83,0,74,0,70,0,83,0,95,0,93,0,17,0,89,0,12,0,10,0,30,0,25,0,44,0,64,0,3,0,87,0,85,0,85,0,91,0,25,0,12,0,15,0,10,0,27,0,22,0,7,0,93,0,45,0,45,0,45,0,6,0,92,0,76,0,20,0,88,0,15,0,45,0,45,0,45,0,Default Stride Loose,0,15,0,28,0,81,0,30,0,25,0,96,0,6,0,6,0,6,0,6,0,16,0,10,0,88,0,34,0,26,0
Rashawn,Slater,Los Angeles Chargers,LT,Northwestern,26,93,3/26/99,76,315,1,70,4,Pass Protector - OT,81,0,68,0,80,0,89,0,93,0,88,0,12,0,25,0,12,0,12,0,24,0,15,0,25,0,60,0,5,0,24,0,21,0,94,0,90,0,10,0,15,0,11,0,10,0,82,0,12,0,10,0,93,0,95,0,92,0,97,0,6,0,24,0,30,0,10,0,29,0,12,0,84,0,87,0,80,0,Default Stride Awkward,0,12,0,15,0,75,0,10,0,15,0,35,0,6,0,6,0,6,0,6,0,10,0,15,0,88,0,25,0,9,0
Travis,Kelce,Kansas City Chiefs,TE,Cincinnati,35,93,10/5/89,77,250,1,87,12,Vertical Threat - TE,84,0,85,0,89,0,96,0,79,0,96,0,88,0,40,0,40,0,75,0,72,0,90,0,95,0,75,0,71,0,20,0,15,0,70,0,97,0,78,0,32,0,35,0,6,0,59,0,12,0,79,0,93,0,64,0,61,0,62,0,29,0,15,0,20,0,10,0,42,0,78,0,65,0,63,0,62,0,Long Stride High and Tight,0,86,0,93,0,82,0,69,0,84,0,45,0,49,0,53,0,64,0,47,0,70,0,33,0,94,0,76,0,14,0
Vita,Vea,Tampa Bay Buccaneers,DT,Washington,30,93,2/5/95,76,347,1,50,7,,73,0,71,0,70,0,84,0,98,0,90,0,55,0,93,0,18,0,49,0,68,0,24,0,40,0,60,0,16,0,72,0,89,0,97,0,92,0,59,0,16,0,15,0,10,0,42,0,28,0,17,0,93,0,45,0,45,0,45,0,10,0,92,0,85,0,22,0,83,0,15,0,52,0,48,0,52,0,Long Stride Default,0,26,0,18,0,74,0,43,0,54,0,93,0,13,0,16,0,20,0,13,0,24,0,12,0,97,0,68,0,35,0
Xavier,McKinney,Green Bay Packers,SS,Alabama,26,93,8/9/99,72,201,1,29,5,Run Support - S,90,0,87,0,86,0,94,0,67,0,94,0,62,0,62,0,15,0,38,0,62,0,50,0,79,0,85,0,10,0,54,0,84,0,64,0,88,0,71,0,12,0,15,0,40,0,14,0,80,0,10,0,93,0,35,0,35,0,35,0,6,0,96,0,46,0,77,0,88,0,20,0,35,0,35,0,35,0,Default Stride Loose,0,10,0,72,0,88,0,62,0,47,0,83,0,6,0,6,0,6,0,6,0,25,0,10,0,91,0,37,0,90,0
Bijan,Robinson,Atlanta Falcons,HB,Texas,23,92,1/30/02,71,215,0,7,2,Elusive Back - HB,92,0,89,0,90,0,87,0,81,0,88,0,89,0,32,0,37,0,90,0,95,0,63,0,71,0,91,0,58,0,10,0,34,0,51,0,93,0,96,0,19,0,23,0,71,0,49,0,13,0,63,0,92,0,55,0,39,0,46,0,20,0,22,0,10,0,18,0,37,0,64,0,46,0,39,0,40,0,Default,0,71,0,58,0,91,0,93,0,82,0,36,0,23,0,31,0,36,0,30,0,37,0,22,0,90,0,84,0,15,0
Budda,Baker,Arizona Cardinals,SS,Washington,29,92,1/10/96,70,195,1,3,8,Run Support - S,91,0,90,0,86,0,96,0,72,0,93,0,76,0,62,0,27,0,57,0,72,0,71,0,75,0,89,0,36,0,49,0,89,0,68,0,91,0,81,0,20,0,20,0,66,0,23,0,81,0,41,0,92,0,35,0,35,0,35,0,15,0,92,0,40,0,77,0,92,0,47,0,35,0,35,0,35,0,Short Stride Loose,0,51,0,75,0,90,0,72,0,36,0,81,0,10,0,10,0,15,0,15,0,25,0,17,0,93,0,36,0,84,0
Christian,Darrisaw,Minnesota Vikings,LT,Virginia Tech,26,92,6/2/99,77,315,1,71,4,Pass Protector - OT,73,0,67,0,70,0,90,0,92,0,92,0,15,0,34,0,12,0,8,0,25,0,25,0,26,0,54,0,5,0,16,0,33,0,97,0,87,0,10,0,13,0,17,0,10,0,88,0,12,0,5,0,92,0,93,0,90,0,95,0,6,0,15,0,21,0,10,0,25,0,15,0,86,0,88,0,84,0,Default Stride Awkward,0,15,0,15,0,73,0,10,0,20,0,29,0,6,0,6,0,6,0,6,0,13,0,10,0,85,0,33,0,13,0
Jeffery,Simmons,Tennessee Titans,DT,Mississippi St.,28,92,7/28/97,76,305,1,98,6,,82,0,75,0,78,0,87,0,97,0,91,0,23,0,92,0,12,0,16,0,29,0,21,0,27,0,63,0,6,0,80,0,89,0,87,0,90,0,32,0,16,0,15,0,48,0,20,0,29,0,10,0,92,0,45,0,45,0,45,0,6,0,90,0,84,0,17,0,90,0,15,0,45,0,45,0,45,0,Long Stride Loose,0,18,0,19,0,78,0,28,0,23,0,86,0,6,0,6,0,6,0,6,0,20,0,10,0,89,0,26,0,39,0
Marlon,Humphrey,Baltimore Ravens,CB,Alabama,29,92,7/8/96,72,205,1,44,8,Manto Man - CB,92,0,85,0,85,0,97,0,74,0,94,0,68,0,60,0,16,0,56,0,62,0,56,0,78,0,88,0,10,0,51,0,78,0,62,0,88,0,76,0,25,0,30,0,62,0,20,0,93,0,11,0,92,0,35,0,35,0,35,0,6,0,95,0,37,0,96,0,79,0,15,0,35,0,35,0,35,0,Short Stride Default,0,15,0,68,0,91,0,61,0,36,0,72,0,6,0,6,0,6,0,6,0,22,0,10,0,79,0,29,0,90,0
Minkah,Fitzpatrick,Miami Dolphins,FS,Alabama,28,92,11/17/96,73,207,0,29,7,Zone - S,92,0,91,0,90,0,93,0,64,0,91,0,81,0,60,0,18,0,58,0,66,0,59,0,79,0,86,0,18,0,50,0,85,0,63,0,94,0,79,0,13,0,15,0,68,0,18,0,82,0,23,0,92,0,35,0,35,0,35,0,6,0,92,0,38,0,77,0,85,0,29,0,35,0,35,0,35,0,Short Stride Loose,0,28,0,62,0,91,0,69,0,55,0,78,0,6,0,6,0,6,0,6,0,15,0,16,0,88,0,47,0,93,0
Quenton,Nelson,Indianapolis Colts,LG,Notre Dame,29,92,3/19/96,77,330,0,56,7,Agile - G,67,0,67,0,67,0,90,0,95,0,99,0,16,0,27,0,12,0,11,0,35,0,10,0,19,0,57,0,10,0,10,0,28,0,95,0,95,0,12,0,15,0,21,0,10,0,94,0,9,0,10,0,92,0,89,0,91,0,87,0,6,0,18,0,10,0,10,0,36,0,12,0,90,0,89,0,91,0,Long Stride Awkward,0,10,0,12,0,70,0,10,0,10,0,34,0,6,0,6,0,6,0,6,0,27,0,15,0,91,0,37,0,10,0
Trey,Hendrickson,Cincinnati Bengals,RE,FAU,30,92,12/5/94,76,270,1,91,8,Smaller Speed Rusher - DE,87,0,81,0,81,0,88,0,82,0,97,0,45,0,78,0,12,0,28,0,41,0,30,0,44,0,65,0,6,0,96,0,84,0,83,0,92,0,39,0,17,0,17,0,10,0,18,0,36,0,10,0,92,0,45,0,45,0,44,0,6,0,98,0,84,0,37,0,93,0,16,0,45,0,45,0,45,0,Long Stride High and Tight,0,17,0,27,0,84,0,28,0,42,0,86,0,6,0,6,0,6,0,6,0,23,0,14,0,84,0,43,0,41,0
Trey,McBride,Arizona Cardinals,TE,Colorado St.,25,92,11/22/99,76,246,1,85,3,Vertical Threat - TE,90,0,76,0,94,0,88,0,73,0,95,0,81,0,45,0,17,0,72,0,75,0,88,0,98,0,72,0,76,0,29,0,32,0,67,0,92,0,71,0,20,0,22,0,35,0,52,0,15,0,80,0,92,0,60,0,61,0,59,0,6,0,32,0,25,0,10,0,41,0,80,0,60,0,59,0,56,0,Long Stride Default,0,85,0,88,0,87,0,64,0,68,0,38,0,6,0,10,0,15,0,10,0,33,0,10,0,87,0,68,0,20,0
Antoine,Winfield Jr,Tampa Bay Buccaneers,FS,Minnesota,27,91,8/16/98,69,203,1,31,5,Run Support - S,92,0,88,0,89,0,94,0,59,0,94,0,82,0,63,0,21,0,72,0,67,0,71,0,77,0,86,0,15,0,57,0,86,0,64,0,88,0,83,0,20,0,20,0,83,0,18,0,80,0,20,0,91,0,35,0,35,0,35,0,6,0,95,0,46,0,68,0,90,0,33,0,35,0,35,0,35,0,Short Stride Default,0,30,0,73,0,90,0,73,0,53,0,77,0,6,0,6,0,6,0,6,0,35,0,13,0,87,0,52,0,87,0
Bobby,Wagner,Washington Commanders,MLB,Utah State,35,91,6/27/90,72,242,1,54,13,Run Stopper - MLB,84,0,80,0,89,0,94,0,78,0,97,0,48,0,82,0,12,0,23,0,61,0,15,0,75,0,70,0,5,0,65,0,92,0,91,0,97,0,42,0,20,0,20,0,10,0,28,0,58,0,5,0,91,0,45,0,45,0,45,0,6,0,96,0,73,0,42,0,93,0,12,0,45,0,45,0,45,0,Default Stride Awkward,0,15,0,48,0,84,0,24,0,53,0,98,0,6,0,6,0,6,0,6,0,25,0,10,0,74,0,41,0,65,0
Danielle,Hunter,Houston Texans,RE,LSU,30,91,10/29/94,77,263,1,55,10,Smaller Speed Rusher - DE,88,0,83,0,88,0,86,0,82,0,95,0,35,0,83,0,12,0,24,0,46,0,10,0,36,0,71,0,2,0,93,0,77,0,87,0,86,0,40,0,11,0,15,0,10,0,14,0,38,0,3,0,91,0,45,0,45,0,45,0,6,0,90,0,84,0,30,0,90,0,12,0,45,0,45,0,45,0,Default Stride Loose,0,10,0,12,0,88,0,55,0,28,0,87,0,6,0,6,0,6,0,6,0,15,0,12,0,81,0,44,0,50,0
Dion,Dawkins,Buffalo Bills,LT,Temple,31,91,4/26/94,77,320,1,73,8,Pass Protector - OT,71,0,70,0,66,0,91,0,92,0,97,0,17,0,27,0,12,0,8,0,28,0,10,0,41,0,52,0,10,0,10,0,40,0,91,0,95,0,22,0,22,0,24,0,10,0,90,0,12,0,14,0,91,0,91,0,89,0,93,0,6,0,13,0,10,0,10,0,24,0,19,0,84,0,82,0,87,0,Default Stride Awkward,0,25,0,12,0,75,0,11,0,27,0,31,0,6,0,6,0,6,0,6,0,23,0,14,0,86,0,33,0,15,0
Drake,London,Atlanta Falcons,WR,USC,24,91,7/24/01,76,213,0,5,3,Physical - WR,92,0,88,0,97,0,89,0,77,0,94,0,84,0,23,0,21,0,83,0,73,0,93,0,97,0,88,0,78,0,10,0,25,0,48,0,89,0,82,0,17,0,14,0,38,0,29,0,11,0,86,0,91,0,33,0,20,0,25,0,10,0,15,0,10,0,14,0,29,0,91,0,50,0,24,0,27,0,Long Stride Default,0,87,0,95,0,88,0,76,0,73,0,42,0,10,0,15,0,20,0,12,0,25,0,14,0,88,0,76,0,18,0
Jaire,Alexander,Baltimore Ravens,CB,Louisville,28,91,2/9/97,70,196,1,23,7,Manto Man - CB,93,0,92,0,85,0,93,0,60,0,88,0,71,0,53,0,22,0,64,0,62,0,56,0,78,0,94,0,13,0,36,0,66,0,57,0,86,0,85,0,13,0,22,0,81,0,13,0,95,0,15,0,91,0,35,0,35,0,35,0,6,0,87,0,24,0,91,0,76,0,14,0,35,0,35,0,35,0,Short Stride Loose,0,20,0,66,0,91,0,77,0,26,0,52,0,6,0,6,0,6,0,6,0,26,0,13,0,64,0,25,0,94,0
Joe,Mixon,Houston Texans,HB,Oklahoma,29,91,7/24/96,73,220,1,28,8,Elusive Back - HB,91,0,89,0,84,0,94,0,82,0,91,0,95,0,34,0,22,0,88,0,98,0,64,0,75,0,88,0,56,0,14,0,38,0,43,0,91,0,91,0,16,0,24,0,76,0,46,0,10,0,58,0,91,0,55,0,26,0,31,0,28,0,15,0,11,0,12,0,38,0,52,0,58,0,35,0,36,0,Default,0,65,0,72,0,92,0,81,0,88,0,37,0,29,0,33,0,38,0,36,0,46,0,17,0,91,0,85,0,20,0
Kevin,Zeitler,Tennessee Titans,RG,Wisconsin,35,91,3/8/90,76,339,1,70,13,Pass Protector - G,67,0,56,0,72,0,94,0,91,0,98,0,10,0,15,0,12,0,6,0,40,0,15,0,15,0,52,0,5,0,10,0,20,0,92,0,95,0,10,0,16,0,18,0,10,0,88,0,13,0,5,0,91,0,90,0,87,0,92,0,6,0,13,0,10,0,10,0,21,0,15,0,81,0,78,0,83,0,Default Stride Awkward,0,15,0,15,0,73,0,10,0,10,0,25,0,6,0,6,0,6,0,6,0,12,0,14,0,96,0,20,0,15,0
Mark,Andrews,Baltimore Ravens,TE,Oklahoma,29,91,9/6/95,77,247,1,89,7,Vertical Threat - TE,90,0,79,0,93,0,94,0,81,0,91,0,86,0,28,0,16,0,73,0,73,0,91,0,90,0,75,0,75,0,10,0,25,0,67,0,92,0,80,0,10,0,12,0,10,0,49,0,12,0,78,0,91,0,54,0,54,0,50,0,5,0,15,0,10,0,10,0,32,0,84,0,68,0,66,0,63,0,Long Stride Default,0,81,0,91,0,87,0,68,0,82,0,27,0,5,0,10,0,15,0,10,0,25,0,15,0,89,0,73,0,15,0
Quinnen,Williams,NY Jets,DT,Alabama,27,91,12/20/97,75,303,1,95,6,,83,0,79,0,75,0,81,0,92,0,92,0,26,0,91,0,12,0,16,0,39,0,22,0,34,0,62,0,5,0,80,0,85,0,91,0,91,0,29,0,17,0,17,0,9,0,39,0,18,0,8,0,91,0,44,0,45,0,44,0,6,0,91,0,87,0,14,0,88,0,15,0,45,0,45,0,46,0,Long Stride Loose,0,13,0,21,0,84,0,24,0,44,0,88,0,6,0,6,0,6,0,6,0,23,0,12,0,90,0,41,0,30,0
Brock,Bowers,Las Vegas Raiders,TE,Georgia,22,90,12/13/02,75,243,1,89,1,Vertical Threat - TE,91,0,86,0,84,0,92,0,75,0,92,0,83,0,46,0,12,0,74,0,74,0,85,0,96,0,82,0,72,0,31,0,51,0,66,0,91,0,77,0,16,0,23,0,35,0,58,0,23,0,77,0,90,0,57,0,57,0,53,0,6,0,18,0,29,0,26,0,55,0,77,0,61,0,60,0,55,0,Long Stride Default,0,83,0,88,0,89,0,67,0,74,0,49,0,6,0,10,0,15,0,10,0,36,0,15,0,94,0,74,0,29,0
Davante,Adams,Los Angeles Rams,WR,Fresno State,32,90,12/24/92,73,215,1,17,11,,89,0,94,0,95,0,97,0,63,0,92,0,94,0,52,0,22,0,85,0,76,0,91,0,88,0,94,0,91,0,10,0,15,0,45,0,97,0,90,0,30,0,25,0,45,0,25,0,18,0,92,0,90,0,38,0,17,0,13,0,6,0,26,0,10,0,25,0,43,0,94,0,48,0,12,0,20,0,Default Stride Loose,0,92,0,94,0,89,0,83,0,75,0,42,0,6,0,10,0,15,0,10,0,45,0,20,0,88,0,63,0,24,0
Demario,Davis,New Orleans Saints,MLB,Arkansas St.,36,90,1/11/89,74,248,1,56,13,Field General - MLB,87,0,78,0,86,0,96,0,85,0,96,0,20,0,77,0,12,0,25,0,62,0,15,0,63,0,72,0,5,0,64,0,90,0,89,0,98,0,25,0,20,0,26,0,10,0,24,0,68,0,5,0,90,0,45,0,45,0,45,0,6,0,95,0,57,0,40,0,92,0,12,0,45,0,45,0,45,0,Long Stride Default,0,15,0,15,0,88,0,15,0,45,0,91,0,6,0,6,0,6,0,6,0,25,0,16,0,93,0,45,0,76,0
Denzel,Ward,Cleveland Browns,CB,Ohio State,28,90,4/28/97,71,190,1,21,7,Manto Man - CB,94,0,94,0,92,0,92,0,61,0,89,0,66,0,50,0,18,0,60,0,66,0,48,0,78,0,95,0,20,0,33,0,72,0,51,0,88,0,80,0,13,0,18,0,67,0,17,0,92,0,26,0,90,0,35,0,35,0,35,0,6,0,88,0,26,0,86,0,72,0,26,0,35,0,35,0,35,0,Short Stride Loose,0,30,0,66,0,93,0,66,0,28,0,49,0,8,0,10,0,15,0,6,0,31,0,15,0,86,0,19,0,88,0
Jalen,Carter,Philadelphia Eagles,DT,Georgia,24,90,4/4/01,75,314,1,98,2,Power Rusher - DT,88,0,78,0,80,0,86,0,94,0,89,0,46,0,82,0,12,0,25,0,48,0,44,0,50,0,69,0,29,0,75,0,90,0,90,0,88,0,44,0,43,0,51,0,10,0,58,0,22,0,34,0,90,0,45,0,45,0,45,0,6,0,91,0,90,0,25,0,85,0,38,0,55,0,51,0,56,0,Default Stride Loose,0,37,0,40,0,82,0,40,0,48,0,86,0,6,0,6,0,6,0,6,0,21,0,17,0,89,0,51,0,28,0
Josh,Hines-Allen,Jacksonville Jaguars,RE,Kentucky,28,90,7/13/97,77,255,1,41,6,Smaller Speed Rusher - DE,88,0,84,0,92,0,88,0,83,0,95,0,53,0,81,0,12,0,37,0,67,0,61,0,74,0,73,0,36,0,90,0,82,0,88,0,92,0,55,0,17,0,15,0,20,0,12,0,52,0,40,0,90,0,45,0,45,0,45,0,6,0,93,0,83,0,58,0,90,0,44,0,45,0,45,0,45,0,Default Stride Loose,0,48,0,60,0,88,0,48,0,52,0,86,0,6,0,6,0,6,0,6,0,24,0,10,0,91,0,51,0,62,0
Josh,Jacobs,Green Bay Packers,HB,Alabama,27,90,2/11/98,70,220,1,8,6,Power Back - HB,90,0,86,0,84,0,92,0,83,0,92,0,93,0,28,0,39,0,95,0,87,0,53,0,72,0,83,0,41,0,10,0,25,0,54,0,93,0,91,0,10,0,15,0,77,0,38,0,22,0,55,0,90,0,59,0,36,0,40,0,19,0,20,0,10,0,20,0,36,0,51,0,39,0,27,0,33,0,Default,0,62,0,55,0,90,0,80,0,92,0,34,0,23,0,31,0,37,0,27,0,36,0,19,0,95,0,92,0,30,0
Kerby,Joseph,Detroit Lions,FS,Illinois,24,90,11/14/00,73,200,1,31,3,Zone - S,91,0,86,0,91,0,93,0,64,0,90,0,74,0,52,0,15,0,65,0,63,0,63,0,84,0,84,0,29,0,29,0,77,0,49,0,90,0,77,0,20,0,21,0,44,0,23,0,78,0,31,0,90,0,25,0,25,0,25,0,6,0,92,0,23,0,65,0,86,0,27,0,24,0,24,0,24,0,Default Stride Loose,0,33,0,70,0,88,0,65,0,42,0,78,0,6,0,6,0,6,0,6,0,25,0,9,0,70,0,50,0,91,0
Kyle,Hamilton,Baltimore Ravens,SS,Notre Dame,24,90,3/16/01,76,221,1,14,3,Run Support - S,91,0,87,0,91,0,91,0,72,0,88,0,70,0,68,0,35,0,57,0,68,0,68,0,78,0,79,0,32,0,68,0,88,0,67,0,89,0,73,0,21,0,22,0,35,0,34,0,85,0,34,0,90,0,35,0,35,0,35,0,15,0,91,0,52,0,88,0,94,0,44,0,35,0,35,0,35,0,Long Stride Default,0,37,0,72,0,88,0,65,0,55,0,77,0,20,0,24,0,28,0,33,0,36,0,20,0,87,0,55,0,82,0
Ronnie,Stanley,Baltimore Ravens,LT,Notre Dame,31,90,3/18/94,78,315,1,79,9,Pass Protector - OT,67,0,68,0,71,0,87,0,92,0,97,0,15,0,27,0,12,0,8,0,32,0,22,0,24,0,56,0,6,0,14,0,42,0,89,0,79,0,22,0,17,0,20,0,9,0,86,0,11,0,9,0,90,0,91,0,91,0,89,0,6,0,18,0,18,0,9,0,29,0,22,0,85,0,83,0,87,0,Default Stride Awkward,0,19,0,20,0,71,0,13,0,19,0,31,0,6,0,6,0,6,0,6,0,22,0,16,0,76,0,27,0,13,0
Trey,Smith,Kansas City Chiefs,RG,Tennessee,26,90,6/16/99,78,321,1,65,4,Power - G,75,0,69,0,76,0,90,0,95,0,88,0,10,0,25,0,12,0,5,0,32,0,10,0,24,0,53,0,5,0,10,0,31,0,96,0,92,0,10,0,22,0,24,0,10,0,95,0,10,0,5,0,90,0,79,0,73,0,85,0,6,0,10,0,28,0,10,0,24,0,12,0,92,0,94,0,90,0,Default Stride Awkward,0,10,0,12,0,71,0,10,0,25,0,32,0,6,0,6,0,6,0,6,0,25,0,14,0,92,0,31,0,11,0
Brian,Branch,Detroit Lions,SS,Alabama,23,89,10/22/01,72,190,1,32,2,Run Support - S,92,0,85,0,89,0,91,0,60,0,90,0,78,0,63,0,20,0,65,0,67,0,63,0,77,0,83,0,37,0,55,0,87,0,65,0,92,0,72,0,17,0,18,0,76,0,22,0,87,0,41,0,89,0,30,0,34,0,33,0,16,0,91,0,44,0,74,0,95,0,45,0,35,0,34,0,33,0,Default Stride Loose,0,46,0,66,0,88,0,65,0,42,0,73,0,16,0,21,0,25,0,15,0,27,0,15,0,91,0,45,0,88,0
David,Njoku,Cleveland Browns,TE,Miami,29,89,7/10/96,76,246,1,85,8,Vertical Threat - TE,89,0,82,0,95,0,88,0,72,0,89,0,87,0,42,0,12,0,80,0,77,0,87,0,88,0,73,0,73,0,10,0,15,0,65,0,87,0,79,0,19,0,15,0,40,0,50,0,26,0,76,0,89,0,65,0,58,0,63,0,6,0,13,0,10,0,10,0,37,0,82,0,63,0,63,0,57,0,Long Stride High and Tight,0,80,0,87,0,86,0,74,0,80,0,36,0,6,0,10,0,15,0,10,0,13,0,10,0,78,0,72,0,23,0
DeVonta,Smith,Philadelphia Eagles,WR,Alabama,26,89,11/14/98,72,170,1,6,4,Slot - WR,94,0,92,0,89,0,92,0,49,0,92,0,91,0,38,0,19,0,73,0,72,0,86,0,93,0,93,0,90,0,14,0,31,0,38,0,89,0,83,0,15,0,18,0,82,0,24,0,29,0,87,0,89,0,31,0,19,0,21,0,19,0,24,0,11,0,19,0,52,0,83,0,45,0,28,0,22,0,Default,0,91,0,89,0,92,0,77,0,58,0,36,0,14,0,19,0,25,0,17,0,31,0,19,0,87,0,46,0,36,0
Erik,McCoy,New Orleans Saints,C,Texas AM,28,89,8/27/97,76,303,1,78,6,Agile - C,77,0,62,0,76,0,88,0,89,0,95,0,10,0,23,0,12,0,9,0,30,0,10,0,30,0,58,0,5,0,12,0,22,0,86,0,87,0,10,0,21,0,22,0,10,0,91,0,11,0,5,0,89,0,83,0,84,0,82,0,6,0,28,0,15,0,10,0,25,0,12,0,93,0,95,0,91,0,Default Stride Awkward,0,10,0,12,0,74,0,10,0,10,0,35,0,6,0,6,0,6,0,6,0,22,0,15,0,88,0,20,0,13,0
Garett,Bolles,Denver Broncos,LT,Utah,33,89,5/27/92,77,300,1,72,8,Pass Protector - OT,76,0,72,0,70,0,88,0,87,0,93,0,28,0,34,0,12,0,17,0,29,0,30,0,36,0,56,0,8,0,27,0,42,0,86,0,84,0,19,0,20,0,22,0,10,0,82,0,12,0,16,0,89,0,90,0,92,0,88,0,6,0,26,0,33,0,10,0,39,0,22,0,81,0,84,0,78,0,Default Stride Awkward,0,26,0,25,0,75,0,15,0,26,0,38,0,6,0,6,0,6,0,6,0,25,0,14,0,88,0,37,0,15,0
James,Cook,Buffalo Bills,HB,Georgia,25,89,9/25/99,71,190,1,4,3,Elusive Back - HB,93,0,94,0,81,0,85,0,67,0,90,0,87,0,35,0,20,0,85,0,91,0,52,0,70,0,92,0,57,0,10,0,37,0,38,0,88,0,91,0,14,0,19,0,74,0,43,0,24,0,65,0,89,0,50,0,26,0,21,0,10,0,31,0,10,0,17,0,47,0,62,0,42,0,29,0,24,0,Default,0,69,0,54,0,92,0,78,0,71,0,40,0,10,0,14,0,20,0,10,0,27,0,17,0,84,0,64,0,34,0
Jaylon,Johnson,Chicago Bears,CB,Utah,26,89,4/19/99,72,196,1,1,5,Zone - CB,91,0,86,0,88,0,92,0,67,0,93,0,68,0,51,0,13,0,60,0,60,0,57,0,74,0,92,0,11,0,35,0,65,0,57,0,87,0,74,0,14,0,15,0,40,0,12,0,90,0,16,0,89,0,35,0,35,0,35,0,6,0,93,0,27,0,89,0,74,0,31,0,41,0,35,0,35,0,Long Stride Loose,0,26,0,65,0,90,0,68,0,46,0,53,0,6,0,6,0,6,0,6,0,27,0,13,0,95,0,40,0,95,0
Nico,Collins,Houston Texans,WR,Michigan,26,89,3/19/99,76,215,1,12,4,Deep Threat - WR,92,0,89,0,93,0,86,0,67,0,93,0,90,0,30,0,28,0,87,0,77,0,87,0,96,0,82,0,86,0,10,0,20,0,46,0,90,0,79,0,15,0,22,0,40,0,28,0,13,0,88,0,89,0,35,0,27,0,30,0,25,0,16,0,10,0,19,0,32,0,91,0,49,0,29,0,33,0,Long Stride Loose,0,86,0,88,0,94,0,74,0,73,0,26,0,20,0,25,0,30,0,33,0,39,0,26,0,83,0,64,0,19,0
Will,Anderson Jr,Houston Texans,LE,Alabama,23,89,9/2/01,76,263,1,51,2,Smaller Speed Rusher - DE,90,0,85,0,81,0,87,0,86,0,90,0,57,0,85,0,17,0,32,0,50,0,48,0,59,0,75,0,10,0,91,0,88,0,80,0,93,0,57,0,12,0,15,0,10,0,35,0,31,0,15,0,89,0,35,0,35,0,35,0,6,0,91,0,79,0,44,0,88,0,21,0,45,0,45,0,45,0,Default Stride Loose,0,20,0,55,0,87,0,55,0,55,0,85,0,6,0,6,0,6,0,6,0,21,0,12,0,91,0,48,0,40,0
A.J.,Terrell Jr,Atlanta Falcons,CB,Clemson,26,88,9/23/98,73,195,1,24,5,Zone - CB,91,0,89,0,85,0,92,0,60,0,91,0,67,0,49,0,15,0,58,0,58,0,55,0,70,0,90,0,20,0,43,0,56,0,50,0,91,0,75,0,12,0,19,0,40,0,19,0,88,0,26,0,88,0,35,0,35,0,35,0,6,0,92,0,28,0,95,0,76,0,38,0,35,0,35,0,35,0,Default Stride Loose,0,31,0,62,0,91,0,66,0,47,0,51,0,6,0,6,0,6,0,6,0,22,0,13,0,83,0,35,0,93,0
Alex,Highsmith,Pittsburgh Steelers,RE,Charlotte,28,88,8/7/97,76,242,1,56,5,Smaller Speed Rusher - DE,87,0,82,0,81,0,91,0,85,0,90,0,31,0,86,0,12,0,16,0,46,0,24,0,56,0,74,0,5,0,89,0,80,0,83,0,92,0,32,0,10,0,14,0,10,0,12,0,55,0,5,0,88,0,45,0,45,0,45,0,6,0,89,0,78,0,45,0,89,0,14,0,45,0,45,0,45,0,Long Stride Loose,0,10,0,27,0,85,0,27,0,32,0,88,0,6,0,6,0,6,0,6,0,24,0,10,0,88,0,32,0,63,0
Andrew,Thomas,NY Giants,LT,Georgia,26,88,1/22/99,77,315,1,78,5,Pass Protector - OT,65,0,64,0,78,0,91,0,90,0,85,0,17,0,27,0,12,0,8,0,33,0,20,0,46,0,57,0,10,0,10,0,30,0,93,0,83,0,22,0,22,0,24,0,10,0,86,0,12,0,14,0,88,0,91,0,90,0,93,0,6,0,13,0,10,0,10,0,24,0,19,0,81,0,82,0,80,0,Default Stride Awkward,0,29,0,42,0,69,0,11,0,27,0,31,0,6,0,6,0,6,0,6,0,23,0,14,0,86,0,33,0,15,0
DeForest,Buckner,Indianapolis Colts,DT,Oregon,31,88,3/17/94,79,295,1,99,9,,77,0,80,0,80,0,88,0,90,0,89,0,38,0,89,0,12,0,13,0,44,0,18,0,40,0,65,0,3,0,85,0,87,0,90,0,95,0,28,0,19,0,20,0,11,0,38,0,33,0,6,0,88,0,46,0,44,0,46,0,6,0,88,0,76,0,22,0,89,0,17,0,45,0,45,0,44,0,Long Stride Loose,0,14,0,21,0,76,0,23,0,33,0,90,0,6,0,6,0,6,0,6,0,22,0,17,0,92,0,45,0,42,0
Devon,Witherspoon,Seattle Seahawks,CB,Illinois,24,88,12/11/00,72,180,0,21,2,Slot - CB,93,0,91,0,89,0,93,0,60,0,85,0,72,0,54,0,12,0,62,0,59,0,68,0,75,0,91,0,12,0,46,0,83,0,49,0,91,0,75,0,17,0,20,0,62,0,11,0,89,0,15,0,88,0,28,0,22,0,22,0,6,0,87,0,32,0,82,0,87,0,22,0,34,0,35,0,34,0,Default Stride Loose,0,25,0,67,0,91,0,67,0,34,0,73,0,6,0,10,0,15,0,10,0,35,0,10,0,97,0,25,0,84,0
Greg,Rousseau,Buffalo Bills,LE,Miami,25,88,4/5/00,78,266,1,50,4,Power Rusher - DE,90,0,82,0,83,0,89,0,83,0,95,0,49,0,87,0,12,0,29,0,48,0,40,0,51,0,68,0,21,0,83,0,83,0,83,0,90,0,42,0,19,0,20,0,9,0,29,0,35,0,26,0,88,0,44,0,44,0,46,0,6,0,92,0,87,0,31,0,91,0,31,0,44,0,45,0,44,0,Long Stride Loose,0,30,0,44,0,86,0,35,0,44,0,85,0,6,0,6,0,6,0,6,0,22,0,17,0,83,0,32,0,44,0
Harrison,Smith,Minnesota Vikings,FS,Notre Dame,36,88,2/2/89,74,211,0,22,13,Run Support - S,86,0,87,0,85,0,95,0,73,0,93,0,60,0,71,0,10,0,39,0,66,0,59,0,82,0,82,0,10,0,50,0,91,0,70,0,95,0,54,0,20,0,25,0,10,0,23,0,71,0,13,0,88,0,35,0,35,0,35,0,10,0,91,0,64,0,77,0,85,0,12,0,35,0,35,0,35,0,Default,0,15,0,73,0,87,0,61,0,35,0,78,0,10,0,10,0,10,0,10,0,25,0,23,0,84,0,61,0,85,0
Jonathan,Taylor,Indianapolis Colts,HB,Wisconsin,26,88,1/19/99,70,226,1,28,5,Power Back - HB,92,0,86,0,84,0,96,0,82,0,96,0,90,0,25,0,28,0,87,0,89,0,54,0,71,0,86,0,48,0,10,0,25,0,37,0,90,0,88,0,15,0,17,0,45,0,32,0,12,0,55,0,88,0,51,0,24,0,29,0,14,0,13,0,10,0,14,0,33,0,51,0,34,0,24,0,27,0,Default,0,62,0,56,0,92,0,80,0,90,0,27,0,15,0,20,0,25,0,17,0,29,0,15,0,92,0,87,0,19,0
Jonathan,Allen,Minnesota Vikings,DT,Alabama,30,88,1/16/95,75,300,1,93,8,Power Rusher - DT,76,0,69,0,74,0,81,0,93,0,88,0,25,0,84,0,12,0,10,0,40,0,25,0,35,0,52,0,2,0,74,0,81,0,91,0,92,0,28,0,8,0,9,0,10,0,18,0,24,0,3,0,88,0,45,0,45,0,45,0,6,0,88,0,88,0,16,0,86,0,12,0,45,0,45,0,45,0,Long Stride Default,0,10,0,30,0,73,0,30,0,34,0,95,0,6,0,6,0,6,0,6,0,21,0,17,0,85,0,28,0,29,0
Kenneth,Walker III,Seattle Seahawks,HB,Michigan St.,24,88,10/20/00,69,211,1,9,3,Elusive Back - HB,94,0,92,0,83,0,90,0,81,0,84,0,88,0,33,0,28,0,91,0,94,0,46,0,67,0,90,0,41,0,10,0,32,0,35,0,84,0,87,0,12,0,15,0,73,0,31,0,12,0,47,0,88,0,54,0,30,0,34,0,22,0,15,0,10,0,15,0,38,0,48,0,33,0,30,0,23,0,Short Stride Default,0,54,0,45,0,94,0,76,0,80,0,36,0,11,0,15,0,20,0,18,0,27,0,11,0,92,0,88,0,18,0
Kenny,Moore II,Indianapolis Colts,CB,Valdosta St.,30,88,8/23/95,69,190,1,23,8,Slot - CB,91,0,88,0,94,0,93,0,61,0,92,0,48,0,57,0,11,0,51,0,53,0,61,0,78,0,89,0,21,0,56,0,64,0,61,0,91,0,75,0,24,0,21,0,72,0,18,0,88,0,28,0,88,0,25,0,35,0,35,0,6,0,92,0,43,0,76,0,79,0,40,0,25,0,35,0,35,0,Short Stride Default,0,38,0,78,0,91,0,71,0,48,0,69,0,6,0,6,0,6,0,6,0,17,0,10,0,77,0,53,0,89,0
Kyle,Juszczyk,San Francisco 49ers,FB,Harvard,34,88,4/23/91,74,235,1,44,12,Utility - FB,85,0,81,0,88,0,91,0,79,0,86,0,83,0,33,0,33,0,66,0,76,0,71,0,77,0,77,0,62,0,35,0,45,0,72,0,94,0,76,0,19,0,19,0,45,0,93,0,15,0,68,0,88,0,73,0,42,0,46,0,10,0,20,0,30,0,20,0,48,0,72,0,71,0,58,0,61,0,Default,0,76,0,73,0,86,0,72,0,85,0,45,0,10,0,15,0,20,0,10,0,35,0,25,0,87,0,85,0,20,0
Landon,Dickerson,Philadelphia Eagles,LG,Alabama,26,88,9/30/98,78,332,1,69,4,Power - G,65,0,67,0,68,0,88,0,93,0,88,0,15,0,39,0,12,0,7,0,28,0,14,0,31,0,47,0,7,0,10,0,40,0,91,0,85,0,11,0,12,0,12,0,10,0,87,0,6,0,6,0,88,0,85,0,81,0,88,0,6,0,32,0,10,0,10,0,21,0,16,0,87,0,84,0,90,0,Default Stride Awkward,0,12,0,17,0,67,0,10,0,24,0,36,0,6,0,6,0,6,0,6,0,24,0,11,0,94,0,27,0,10,0
Lavonte,David,Tampa Bay Buccaneers,MLB,Nebraska,35,88,1/23/90,73,233,1,54,13,Field General - MLB,86,0,83,0,87,0,95,0,76,0,97,0,35,0,79,0,12,0,10,0,60,0,15,0,76,0,76,0,5,0,61,0,85,0,88,0,93,0,35,0,12,0,14,0,10,0,28,0,67,0,5,0,88,0,45,0,45,0,45,0,6,0,94,0,55,0,59,0,91,0,25,0,45,0,45,0,45,0,Default Stride Awkward,0,15,0,50,0,86,0,25,0,39,0,89,0,6,0,6,0,6,0,6,0,15,0,14,0,89,0,26,0,74,0
Matthew,Stafford,Los Angeles Rams,QB,Georgia,37,88,2/7/88,75,220,1,9,16,Field General - QB,70,0,71,0,75,0,91,0,66,0,91,0,72,0,26,0,73,0,52,0,62,0,15,0,26,0,66,0,12,0,10,0,12,0,27,0,87,0,55,0,25,0,28,0,10,0,17,0,10,0,14,0,88,0,25,0,22,0,24,0,85,0,17,0,10,0,10,0,29,0,15,0,22,0,19,0,17,0,Default,0,15,0,15,0,78,0,39,0,36,0,28,0,89,0,88,0,92,0,86,0,94,0,83,0,98,0,47,0,22,0
Puka,Nacua,Los Angeles Rams,WR,BYU,24,88,5/29/01,73,206,1,12,2,Slot - WR,92,0,88,0,93,0,98,0,65,0,90,0,91,0,20,0,21,0,81,0,74,0,88,0,93,0,91,0,85,0,10,0,21,0,55,0,83,0,85,0,25,0,29,0,35,0,35,0,10,0,90,0,88,0,30,0,20,0,25,0,29,0,15,0,10,0,15,0,29,0,84,0,59,0,33,0,36,0,Default,0,90,0,92,0,93,0,77,0,66,0,28,0,6,0,10,0,15,0,33,0,25,0,29,0,80,0,53,0,16,0
Stefon,Diggs,New England Patriots,WR,Maryland,31,88,11/29/93,72,191,1,8,10,Slot - WR,93,0,91,0,91,0,95,0,62,0,86,0,90,0,34,0,27,0,82,0,72,0,88,0,92,0,93,0,85,0,10,0,12,0,49,0,88,0,90,0,30,0,30,0,85,0,29,0,33,0,90,0,88,0,39,0,22,0,20,0,18,0,20,0,10,0,27,0,35,0,89,0,53,0,33,0,36,0,Default Stride Loose,0,91,0,91,0,91,0,88,0,64,0,27,0,18,0,23,0,27,0,27,0,46,0,20,0,92,0,42,0,38,0
T.J.,Hockenson,Minnesota Vikings,TE,Iowa,28,88,7/3/97,77,248,1,87,6,Vertical Threat - TE,86,0,82,0,89,0,90,0,80,0,93,0,80,0,47,0,17,0,71,0,79,0,87,0,94,0,79,0,70,0,46,0,51,0,66,0,87,0,70,0,34,0,38,0,10,0,57,0,27,0,75,0,88,0,59,0,55,0,57,0,10,0,34,0,37,0,26,0,56,0,81,0,64,0,63,0,61,0,Long Stride Default,0,79,0,90,0,83,0,69,0,77,0,46,0,10,0,15,0,20,0,10,0,28,0,15,0,89,0,68,0,36,0
Tyler,Smith,Dallas Cowboys,LG,Tulsa,24,88,4/3/01,78,332,1,73,3,Power - G,80,0,59,0,69,0,90,0,97,0,85,0,15,0,20,0,10,0,9,0,39,0,15,0,35,0,59,0,5,0,10,0,32,0,90,0,94,0,10,0,18,0,20,0,10,0,88,0,10,0,10,0,88,0,87,0,85,0,89,0,6,0,20,0,10,0,10,0,25,0,12,0,87,0,87,0,87,0,Default Stride Awkward,0,15,0,15,0,72,0,10,0,30,0,30,0,6,0,6,0,6,0,8,0,24,0,6,0,89,0,25,0,12,0
Tyler,Linderbaum,Baltimore Ravens,C,Iowa,25,88,4/7/00,74,305,1,64,3,Agile - C,82,0,69,0,72,0,89,0,85,0,89,0,20,0,44,0,14,0,18,0,35,0,14,0,28,0,59,0,5,0,36,0,33,0,86,0,92,0,10,0,21,0,23,0,10,0,95,0,10,0,10,0,88,0,87,0,89,0,84,0,6,0,36,0,39,0,10,0,42,0,15,0,89,0,91,0,86,0,Default Stride Awkward,0,15,0,15,0,77,0,10,0,28,0,41,0,6,0,6,0,6,0,6,0,21,0,10,0,93,0,25,0,10,0
Zack,Baun,Philadelphia Eagles,ROLB,Wisconsin,28,88,12/30/96,74,225,1,53,5,Pass Coverage - OLB,87,0,83,0,79,0,93,0,80,0,87,0,58,0,76,0,52,0,46,0,61,0,43,0,66,0,74,0,16,0,75,0,86,0,87,0,93,0,68,0,19,0,21,0,10,0,19,0,73,0,22,0,88,0,45,0,44,0,43,0,41,0,87,0,62,0,56,0,91,0,18,0,45,0,44,0,44,0,Default Stride Loose,0,30,0,54,0,87,0,58,0,41,0,94,0,33,0,40,0,46,0,45,0,47,0,40,0,90,0,34,0,82,0
Brandon,Aubrey,Dallas Cowboys,K,Notre Dame,30,87,3/14/95,75,200,1,17,3,Accurate - KP,77,0,74,0,72,0,82,0,49,0,71,0,31,0,15,0,15,0,15,0,28,0,15,0,30,0,62,0,12,0,10,0,29,0,21,0,88,0,34,0,98,0,99,0,10,0,17,0,15,0,14,0,87,0,17,0,13,0,14,0,15,0,13,0,10,0,10,0,40,0,15,0,15,0,12,0,12,0,Default Stride Awkward,0,15,0,15,0,82,0,30,0,10,0,28,0,21,0,26,0,31,0,21,0,37,0,16,0,76,0,10,0,18,0
Brandon,Aiyuk,San Francisco 49ers,WR,Arizona St.,27,87,3/17/98,72,200,1,11,5,Slot - WR,92,0,92,0,95,0,89,0,65,0,87,0,89,0,50,0,28,0,81,0,72,0,88,0,90,0,89,0,83,0,34,0,50,0,45,0,92,0,86,0,13,0,19,0,79,0,29,0,48,0,89,0,87,0,36,0,14,0,19,0,10,0,38,0,29,0,43,0,58,0,85,0,48,0,32,0,28,0,Default Stride Loose,0,89,0,89,0,91,0,82,0,70,0,49,0,15,0,20,0,25,0,24,0,33,0,23,0,87,0,62,0,53,0
Bucky,Irving,Tampa Bay Buccaneers,HB,Oregon,23,87,8/19/02,70,195,1,7,1,Elusive Back - HB,91,0,87,0,79,0,86,0,65,0,85,0,86,0,26,0,24,0,86,0,92,0,55,0,70,0,88,0,58,0,10,0,20,0,31,0,89,0,94,0,25,0,25,0,76,0,31,0,15,0,64,0,87,0,44,0,30,0,34,0,15,0,15,0,10,0,20,0,31,0,61,0,28,0,23,0,17,0,Default,0,69,0,59,0,89,0,91,0,70,0,31,0,15,0,20,0,31,0,25,0,39,0,24,0,91,0,68,0,20,0
Charvarius,Ward,Indianapolis Colts,CB,Mid Tenn St.,29,87,5/16/96,73,196,1,7,7,Zone - CB,86,0,85,0,87,0,92,0,65,0,93,0,66,0,46,0,33,0,63,0,61,0,55,0,73,0,84,0,21,0,47,0,54,0,56,0,88,0,79,0,12,0,15,0,42,0,16,0,85,0,28,0,87,0,23,0,35,0,35,0,21,0,92,0,41,0,92,0,78,0,39,0,35,0,35,0,35,0,Short Stride Loose,0,31,0,60,0,90,0,72,0,54,0,74,0,7,0,11,0,16,0,22,0,21,0,14,0,81,0,63,0,91,0
Dallas,Goedert,Philadelphia Eagles,TE,S. Dakota St.,30,87,1/3/95,77,256,1,88,7,Vertical Threat - TE,86,0,82,0,85,0,90,0,78,0,88,0,81,0,30,0,15,0,77,0,73,0,84,0,88,0,73,0,69,0,10,0,28,0,61,0,88,0,76,0,15,0,19,0,20,0,50,0,10,0,73,0,87,0,61,0,60,0,58,0,5,0,15,0,10,0,10,0,35,0,76,0,74,0,73,0,68,0,Long Stride Loose,0,78,0,85,0,86,0,73,0,81,0,37,0,5,0,10,0,15,0,10,0,27,0,15,0,85,0,76,0,17,0
DaRon,Bland,Dallas Cowboys,CB,Fresno State,26,87,7/12/99,72,197,1,26,3,Zone - CB,92,0,84,0,86,0,91,0,60,0,86,0,81,0,54,0,16,0,62,0,58,0,54,0,85,0,86,0,10,0,40,0,57,0,58,0,91,0,82,0,19,0,18,0,40,0,15,0,85,0,11,0,87,0,35,0,35,0,35,0,6,0,87,0,33,0,84,0,75,0,15,0,35,0,35,0,35,0,Long Stride Loose,0,15,0,59,0,90,0,69,0,36,0,67,0,6,0,6,0,6,0,6,0,22,0,10,0,86,0,26,0,94,0
DeMarcus,Lawrence,Seattle Seahawks,LE,Boise State,33,87,4/28/92,75,265,1,0,11,Run Stopper - DE,83,0,78,0,83,0,84,0,87,0,88,0,43,0,88,0,12,0,25,0,42,0,24,0,33,0,67,0,4,0,84,0,84,0,88,0,84,0,42,0,19,0,19,0,10,0,13,0,39,0,8,0,87,0,45,0,45,0,45,0,6,0,90,0,80,0,44,0,88,0,20,0,45,0,45,0,45,0,Default,0,15,0,25,0,83,0,32,0,42,0,88,0,6,0,6,0,6,0,6,0,25,0,14,0,95,0,45,0,50,0
Elgton,Jenkins,Green Bay Packers,C,Mississippi St.,29,87,12/26/95,77,311,1,74,6,Pass Protector - C,73,0,63,0,70,0,89,0,89,0,90,0,15,0,39,0,12,0,11,0,25,0,15,0,26,0,55,0,5,0,25,0,42,0,86,0,87,0,20,0,14,0,19,0,10,0,76,0,12,0,5,0,87,0,87,0,87,0,88,0,6,0,23,0,30,0,10,0,40,0,20,0,75,0,76,0,74,0,Default Stride Awkward,0,10,0,15,0,74,0,22,0,15,0,38,0,6,0,6,0,6,0,6,0,24,0,10,0,87,0,29,0,15,0
Foyesade,Oluokun,Jacksonville Jaguars,MLB,Yale,30,87,8/2/95,74,230,1,23,7,Field General - MLB,87,0,84,0,88,0,94,0,70,0,92,0,41,0,74,0,15,0,26,0,62,0,49,0,73,0,78,0,10,0,49,0,87,0,81,0,89,0,42,0,14,0,20,0,40,0,17,0,66,0,10,0,87,0,35,0,35,0,35,0,6,0,91,0,56,0,63,0,94,0,15,0,35,0,35,0,35,0,Default Stride Loose,0,20,0,47,0,87,0,32,0,36,0,94,0,10,0,10,0,15,0,6,0,28,0,10,0,86,0,34,0,72,0
Jared,Goff,Detroit Lions,QB,California,30,87,10/14/94,76,223,1,16,9,Field General - QB,80,0,73,0,68,0,89,0,64,0,90,0,61,0,21,0,75,0,51,0,58,0,21,0,43,0,70,0,15,0,9,0,17,0,21,0,96,0,48,0,20,0,21,0,11,0,19,0,12,0,17,0,87,0,17,0,18,0,14,0,95,0,21,0,9,0,9,0,28,0,19,0,16,0,10,0,10,0,Default,0,27,0,24,0,74,0,44,0,34,0,27,0,82,0,91,0,96,0,86,0,90,0,87,0,93,0,34,0,18,0
Justin,Reid,New Orleans Saints,FS,Stanford,28,87,2/15/97,73,207,1,21,7,Run Support - S,91,0,90,0,87,0,93,0,66,0,87,0,57,0,62,0,13,0,24,0,63,0,63,0,73,0,86,0,10,0,46,0,85,0,66,0,90,0,71,0,78,0,93,0,55,0,20,0,77,0,10,0,87,0,35,0,35,0,35,0,15,0,87,0,39,0,71,0,87,0,22,0,35,0,35,0,35,0,Short Stride Loose,0,20,0,61,0,91,0,61,0,47,0,78,0,10,0,10,0,15,0,15,0,26,0,16,0,87,0,31,0,82,0
Khalil,Mack,Los Angeles Chargers,RE,Buffalo,34,87,2/22/91,75,269,1,52,11,Run Stopper - DE,86,0,85,0,94,0,87,0,87,0,87,0,55,0,90,0,12,0,31,0,61,0,54,0,62,0,70,0,5,0,86,0,88,0,93,0,92,0,54,0,22,0,24,0,10,0,28,0,50,0,5,0,87,0,45,0,45,0,45,0,6,0,86,0,88,0,48,0,87,0,28,0,45,0,45,0,45,0,Default Stride Loose,0,15,0,53,0,85,0,60,0,51,0,86,0,6,0,6,0,6,0,6,0,32,0,12,0,92,0,55,0,59,0
Kolton,Miller,Las Vegas Raiders,LT,UCLA,29,87,10/9/95,80,325,1,74,7,Pass Protector - OT,79,0,71,0,77,0,93,0,88,0,94,0,12,0,31,0,12,0,13,0,30,0,15,0,22,0,57,0,10,0,10,0,30,0,88,0,90,0,10,0,12,0,10,0,10,0,84,0,12,0,12,0,87,0,88,0,87,0,89,0,6,0,13,0,10,0,10,0,27,0,14,0,82,0,80,0,84,0,Long Stride Default,0,15,0,15,0,74,0,10,0,10,0,31,0,6,0,6,0,6,0,6,0,12,0,14,0,86,0,23,0,16,0
Leonard,Williams,Seattle Seahawks,DT,USC,31,87,6/20/94,77,302,1,99,10,,76,0,70,0,73,0,84,0,90,0,94,0,38,0,88,0,12,0,15,0,58,0,29,0,42,0,58,0,4,0,70,0,82,0,90,0,93,0,44,0,17,0,18,0,10,0,18,0,25,0,8,0,87,0,45,0,45,0,45,0,6,0,92,0,85,0,20,0,83,0,15,0,45,0,45,0,45,0,Default Stride Awkward,0,15,0,25,0,78,0,34,0,50,0,86,0,6,0,6,0,6,0,6,0,35,0,14,0,85,0,49,0,33,0
Malik,Nabers,NY Giants,WR,LSU,22,87,7/28/03,72,199,1,1,1,,92,0,92,0,96,0,93,0,63,0,88,0,92,0,27,0,27,0,81,0,76,0,85,0,87,0,94,0,87,0,11,0,20,0,42,0,92,0,89,0,25,0,28,0,72,0,20,0,12,0,85,0,87,0,23,0,10,0,10,0,6,0,19,0,11,0,15,0,31,0,76,0,41,0,17,0,22,0,Short Stride Default,0,85,0,92,0,96,0,82,0,60,0,30,0,6,0,10,0,15,0,10,0,31,0,15,0,88,0,52,0,18,0
Nick,Chubb,Houston Texans,HB,Georgia,29,87,12/27/95,71,227,1,21,7,Power Back - HB,88,0,82,0,92,0,93,0,86,0,81,0,92,0,29,0,28,0,91,0,96,0,53,0,68,0,80,0,41,0,12,0,35,0,35,0,86,0,87,0,12,0,17,0,35,0,37,0,12,0,48,0,87,0,66,0,25,0,39,0,15,0,18,0,18,0,13,0,35,0,48,0,37,0,30,0,34,0,Default Stride High and Tight,0,56,0,54,0,88,0,74,0,89,0,29,0,15,0,20,0,25,0,17,0,26,0,15,0,92,0,90,0,16,0
Sam,Cosmi,Washington Commanders,RG,Texas,26,87,2/16/99,78,309,1,76,4,Agile - G,81,0,72,0,74,0,90,0,87,0,88,0,19,0,21,0,12,0,9,0,52,0,55,0,54,0,57,0,10,0,19,0,33,0,84,0,88,0,11,0,19,0,18,0,9,0,95,0,11,0,12,0,87,0,82,0,84,0,80,0,6,0,25,0,20,0,10,0,31,0,39,0,90,0,93,0,86,0,Default Stride Awkward,0,38,0,50,0,77,0,12,0,18,0,35,0,6,0,6,0,6,0,6,0,22,0,15,0,84,0,22,0,14,0
Taylor,Decker,Detroit Lions,LT,Ohio State,31,87,8/23/94,79,318,1,68,9,Pass Protector - OT,65,0,57,0,72,0,88,0,90,0,95,0,12,0,26,0,12,0,6,0,28,0,15,0,44,0,51,0,5,0,14,0,70,0,89,0,89,0,11,0,19,0,18,0,9,0,83,0,11,0,5,0,87,0,89,0,86,0,91,0,6,0,19,0,15,0,10,0,29,0,16,0,83,0,83,0,83,0,Default Stride Awkward,0,25,0,15,0,69,0,12,0,15,0,34,0,6,0,6,0,6,0,6,0,22,0,15,0,92,0,20,0,14,0
Tee,Higgins,Cincinnati Bengals,WR,Clemson,26,87,1/18/99,76,219,1,5,5,Physical - WR,88,0,85,0,97,0,89,0,71,0,90,0,83,0,34,0,27,0,78,0,76,0,88,0,97,0,82,0,80,0,10,0,26,0,44,0,85,0,79,0,13,0,17,0,65,0,31,0,19,0,82,0,87,0,34,0,18,0,20,0,15,0,16,0,10,0,16,0,40,0,90,0,48,0,34,0,33,0,Long Stride Default,0,84,0,95,0,91,0,74,0,77,0,33,0,27,0,31,0,37,0,25,0,28,0,22,0,84,0,62,0,27,0
Zach,Tom,Green Bay Packers,RT,Wake Forest,26,87,3/26/99,76,304,1,50,3,Agile - OT,84,0,74,0,80,0,87,0,81,0,90,0,24,0,28,0,13,0,20,0,24,0,19,0,26,0,60,0,5,0,10,0,24,0,82,0,92,0,10,0,14,0,13,0,10,0,85,0,9,0,10,0,87,0,88,0,93,0,79,0,6,0,25,0,12,0,10,0,27,0,15,0,86,0,90,0,78,0,Default Stride Awkward,0,15,0,23,0,74,0,10,0,21,0,28,0,6,0,6,0,6,0,6,0,19,0,11,0,75,0,23,0,9,0
Bobby,Okereke,NY Giants,MLB,Stanford,29,86,7/29/96,73,235,1,58,6,Field General - MLB,88,0,81,0,81,0,94,0,73,0,88,0,31,0,73,0,12,0,19,0,47,0,25,0,70,0,76,0,5,0,56,0,81,0,75,0,91,0,44,0,14,0,17,0,10,0,13,0,74,0,5,0,86,0,45,0,45,0,45,0,6,0,89,0,62,0,50,0,93,0,20,0,45,0,45,0,45,0,Default Stride Loose,0,15,0,41,0,88,0,39,0,33,0,89,0,6,0,6,0,6,0,6,0,25,0,15,0,85,0,37,0,75,0
Brian,O'Neill,Minnesota Vikings,RT,Pittsburgh,29,86,9/15/95,79,310,1,75,7,Pass Protector - OT,76,0,75,0,73,0,92,0,86,0,96,0,26,0,27,0,12,0,18,0,51,0,18,0,37,0,57,0,10,0,10,0,28,0,85,0,91,0,31,0,13,0,19,0,11,0,86,0,12,0,14,0,86,0,87,0,86,0,87,0,6,0,10,0,10,0,10,0,28,0,16,0,87,0,88,0,85,0,Long Stride Loose,0,18,0,15,0,76,0,24,0,32,0,29,0,6,0,6,0,6,0,6,0,18,0,16,0,93,0,36,0,13,0
Brian,Burns,NY Giants,RE,Florida State,27,86,4/23/98,77,250,1,0,6,Smaller Speed Rusher - DE,90,0,86,0,85,0,84,0,76,0,87,0,33,0,78,0,12,0,21,0,41,0,28,0,48,0,71,0,5,0,87,0,79,0,78,0,93,0,42,0,17,0,15,0,10,0,13,0,45,0,10,0,86,0,45,0,45,0,45,0,6,0,84,0,73,0,22,0,87,0,17,0,45,0,45,0,45,0,Long Stride Default,0,15,0,34,0,87,0,39,0,32,0,85,0,6,0,6,0,6,0,6,0,24,0,10,0,87,0,28,0,56,0
Chris,Olave,New Orleans Saints,WR,Ohio State,25,86,6/27/00,72,187,1,12,3,Deep Threat - WR,95,0,91,0,82,0,87,0,59,0,82,0,79,0,20,0,22,0,68,0,69,0,85,0,94,0,92,0,89,0,10,0,16,0,39,0,86,0,75,0,19,0,19,0,75,0,21,0,21,0,87,0,86,0,28,0,18,0,13,0,6,0,29,0,10,0,20,0,38,0,83,0,40,0,24,0,18,0,Default Stride Loose,0,86,0,86,0,93,0,72,0,42,0,17,0,6,0,10,0,15,0,10,0,25,0,19,0,85,0,32,0,29,0
Cooper,Kupp,Seattle Seahawks,WR,Eastern Wash.,32,86,6/15/93,74,208,1,10,8,Slot - WR,91,0,92,0,82,0,96,0,66,0,86,0,95,0,28,0,22,0,84,0,76,0,87,0,95,0,91,0,84,0,10,0,26,0,56,0,89,0,89,0,20,0,22,0,84,0,34,0,15,0,86,0,86,0,46,0,34,0,39,0,37,0,22,0,10,0,10,0,31,0,88,0,63,0,28,0,32,0,Default,0,86,0,86,0,89,0,87,0,79,0,31,0,31,0,36,0,42,0,41,0,60,0,29,0,88,0,55,0,26,0
DJ,Moore,Chicago Bears,WR,Maryland,28,86,4/14/97,72,210,1,2,7,,92,0,93,0,95,0,93,0,66,0,84,0,96,0,22,0,23,0,86,0,73,0,90,0,91,0,88,0,82,0,10,0,18,0,41,0,95,0,94,0,13,0,18,0,80,0,20,0,18,0,81,0,86,0,30,0,25,0,22,0,15,0,22,0,10,0,29,0,36,0,88,0,56,0,24,0,30,0,Short Stride Loose,0,81,0,91,0,91,0,82,0,82,0,30,0,20,0,27,0,33,0,23,0,43,0,22,0,92,0,70,0,24,0
Dre,Greenlaw,Denver Broncos,MLB,Arkansas,28,86,5/25/97,72,230,0,57,6,Field General - MLB,87,0,81,0,80,0,89,0,72,0,91,0,53,0,71,0,12,0,37,0,55,0,35,0,71,0,74,0,20,0,61,0,89,0,77,0,86,0,51,0,12,0,18,0,10,0,27,0,74,0,25,0,86,0,45,0,45,0,45,0,6,0,90,0,55,0,47,0,93,0,28,0,45,0,45,0,45,0,Default Stride Awkward,0,33,0,55,0,85,0,47,0,30,0,90,0,6,0,6,0,6,0,6,0,20,0,15,0,84,0,46,0,78,0
Garrett,Wilson,NY Jets,WR,Ohio State,25,86,7/22/00,72,192,1,5,3,,93,0,93,0,88,0,92,0,56,0,80,0,91,0,20,0,19,0,82,0,72,0,85,0,92,0,93,0,86,0,10,0,19,0,41,0,94,0,91,0,13,0,17,0,78,0,23,0,14,0,84,0,86,0,30,0,21,0,18,0,6,0,17,0,10,0,14,0,30,0,78,0,47,0,26,0,22,0,Default,0,84,0,91,0,92,0,85,0,64,0,22,0,12,0,15,0,19,0,22,0,26,0,15,0,81,0,38,0,21,0
Jabrill,Peppers,New England Patriots,FS,Michigan,29,86,10/4/95,71,215,1,5,8,Run Support - S,90,0,86,0,86,0,88,0,73,0,85,0,83,0,62,0,35,0,77,0,67,0,63,0,78,0,81,0,36,0,46,0,91,0,71,0,84,0,84,0,18,0,22,0,84,0,18,0,76,0,41,0,86,0,35,0,35,0,35,0,27,0,86,0,37,0,75,0,82,0,48,0,35,0,35,0,35,0,Short Stride Loose,0,51,0,66,0,88,0,77,0,52,0,80,0,22,0,26,0,30,0,37,0,33,0,29,0,82,0,42,0,84,0
Jake,Matthews,Atlanta Falcons,LT,Texas AM,33,86,2/11/92,77,309,1,70,11,Pass Protector - OT,72,0,67,0,75,0,94,0,86,0,91,0,28,0,40,0,12,0,23,0,45,0,35,0,40,0,56,0,10,0,30,0,40,0,85,0,98,0,10,0,20,0,22,0,10,0,80,0,12,0,18,0,86,0,89,0,86,0,91,0,6,0,30,0,35,0,10,0,50,0,35,0,77,0,79,0,75,0,Default Stride Awkward,0,28,0,25,0,71,0,15,0,20,0,45,0,6,0,6,0,6,0,6,0,25,0,13,0,87,0,37,0,15,0
Jalen,Hurts,Philadelphia Eagles,QB,Oklahoma,27,86,8/7/98,73,223,1,1,5,Improviser - QB,91,0,90,0,86,0,96,0,76,0,86,0,95,0,28,0,93,0,79,0,63,0,50,0,66,0,90,0,17,0,10,0,30,0,36,0,91,0,88,0,23,0,23,0,22,0,27,0,16,0,31,0,86,0,22,0,20,0,18,0,93,0,20,0,10,0,14,0,36,0,27,0,33,0,15,0,19,0,Short Stride Default,0,40,0,54,0,89,0,79,0,74,0,37,0,90,0,87,0,92,0,93,0,86,0,86,0,93,0,74,0,22,0
Jamel,Dean,Tampa Bay Buccaneers,CB,Auburn,28,86,10/15/96,73,206,1,35,6,Manto Man - CB,91,0,85,0,90,0,91,0,66,0,86,0,71,0,52,0,13,0,53,0,59,0,59,0,70,0,85,0,22,0,39,0,68,0,54,0,85,0,71,0,28,0,33,0,65,0,19,0,86,0,25,0,86,0,35,0,35,0,35,0,6,0,85,0,30,0,88,0,78,0,26,0,35,0,35,0,35,0,Default,0,34,0,68,0,92,0,66,0,46,0,76,0,6,0,6,0,6,0,6,0,14,0,13,0,88,0,42,0,86,0
Jared,Verse,Los Angeles Rams,LE,Florida State,24,86,11/4/00,76,254,1,8,1,Power Rusher - DE,90,0,82,0,84,0,84,0,90,0,88,0,38,0,81,0,17,0,37,0,62,0,60,0,67,0,70,0,32,0,80,0,83,0,85,0,90,0,38,0,17,0,18,0,10,0,24,0,45,0,39,0,86,0,45,0,45,0,45,0,6,0,85,0,87,0,33,0,87,0,39,0,45,0,45,0,45,0,Default Stride Loose,0,44,0,61,0,89,0,32,0,36,0,80,0,5,0,6,0,7,0,6,0,17,0,14,0,86,0,42,0,49,0
Jaxon,Smith-Njigba,Seattle Seahawks,WR,Ohio State,23,86,2/14/02,73,200,1,11,2,Slot - WR,92,0,94,0,86,0,85,0,63,0,91,0,87,0,25,0,18,0,78,0,72,0,84,0,96,0,92,0,81,0,10,0,20,0,48,0,87,0,79,0,11,0,16,0,70,0,31,0,16,0,85,0,86,0,31,0,22,0,24,0,6,0,17,0,10,0,10,0,27,0,77,0,53,0,27,0,30,0,Default,0,83,0,86,0,91,0,72,0,61,0,24,0,6,0,10,0,15,0,10,0,29,0,16,0,82,0,45,0,14,0
Jaycee,Horn,Carolina Panthers,CB,South Carolina,25,86,11/26/99,73,200,1,8,4,Manto Man - CB,93,0,88,0,94,0,90,0,65,0,81,0,71,0,48,0,17,0,54,0,65,0,63,0,76,0,89,0,17,0,41,0,68,0,50,0,84,0,74,0,14,0,23,0,55,0,19,0,87,0,24,0,86,0,35,0,35,0,35,0,6,0,83,0,30,0,87,0,75,0,27,0,35,0,35,0,35,0,Long Stride Loose,0,34,0,70,0,92,0,67,0,47,0,67,0,8,0,12,0,18,0,29,0,30,0,17,0,85,0,36,0,83,0
Julian,Love,Seattle Seahawks,FS,Notre Dame,27,86,3/19/98,71,195,1,20,6,Zone - S,88,0,88,0,86,0,94,0,62,0,89,0,73,0,56,0,14,0,60,0,65,0,58,0,77,0,86,0,22,0,33,0,71,0,48,0,93,0,77,0,14,0,19,0,70,0,17,0,76,0,30,0,86,0,35,0,35,0,35,0,6,0,89,0,29,0,73,0,85,0,37,0,35,0,35,0,35,0,Default,0,38,0,63,0,90,0,68,0,32,0,81,0,6,0,6,0,6,0,6,0,29,0,12,0,85,0,32,0,83,0
Justin,Herbert,Los Angeles Chargers,QB,Oregon,27,86,3/10/98,78,236,1,10,5,Field General - QB,88,0,80,0,84,0,93,0,71,0,88,0,80,0,26,0,81,0,59,0,68,0,12,0,39,0,72,0,10,0,10,0,33,0,23,0,92,0,67,0,16,0,20,0,12,0,18,0,11,0,13,0,86,0,17,0,17,0,12,0,88,0,16,0,10,0,14,0,41,0,14,0,24,0,13,0,19,0,Default,0,17,0,18,0,86,0,58,0,63,0,36,0,84,0,86,0,90,0,90,0,96,0,87,0,95,0,58,0,18,0
Kyren,Williams,Los Angeles Rams,HB,Notre Dame,25,86,8/26/00,69,194,1,23,3,Power Back - HB,90,0,83,0,78,0,89,0,79,0,89,0,88,0,36,0,28,0,92,0,90,0,60,0,69,0,85,0,55,0,10,0,36,0,47,0,86,0,89,0,15,0,19,0,79,0,45,0,22,0,63,0,86,0,59,0,41,0,37,0,26,0,27,0,10,0,22,0,45,0,60,0,47,0,38,0,32,0,Default,0,69,0,59,0,86,0,77,0,89,0,42,0,27,0,33,0,38,0,34,0,44,0,29,0,85,0,94,0,30,0
Marshon,Lattimore,Washington Commanders,CB,Ohio State,29,86,5/20/96,72,192,1,2,8,Manto Man - CB,92,0,89,0,91,0,89,0,72,0,87,0,74,0,52,0,17,0,67,0,61,0,60,0,75,0,89,0,17,0,43,0,69,0,55,0,82,0,79,0,25,0,30,0,70,0,15,0,84,0,24,0,86,0,35,0,35,0,35,0,6,0,88,0,32,0,94,0,72,0,20,0,35,0,35,0,35,0,Default,0,34,0,72,0,90,0,73,0,33,0,73,0,6,0,6,0,6,0,6,0,22,0,10,0,82,0,23,0,86,0
Sam,LaPorta,Detroit Lions,TE,Iowa,24,86,1/12/01,75,245,1,87,2,Vertical Threat - TE,88,0,85,0,84,0,87,0,74,0,86,0,76,0,57,0,25,0,72,0,74,0,86,0,92,0,77,0,68,0,43,0,61,0,65,0,89,0,77,0,12,0,17,0,37,0,53,0,31,0,74,0,86,0,60,0,56,0,59,0,23,0,43,0,48,0,29,0,61,0,77,0,62,0,57,0,62,0,Long Stride Default,0,82,0,84,0,86,0,71,0,76,0,59,0,17,0,22,0,25,0,21,0,31,0,22,0,90,0,72,0,36,0
Tariq,Woolen,Seattle Seahawks,CB,UTSA,26,86,5/2/99,76,210,1,27,3,Zone - CB,96,0,87,0,94,0,92,0,60,0,83,0,62,0,50,0,16,0,53,0,62,0,62,0,82,0,84,0,40,0,34,0,61,0,53,0,89,0,71,0,18,0,24,0,45,0,15,0,76,0,42,0,86,0,35,0,35,0,35,0,6,0,82,0,29,0,85,0,71,0,44,0,35,0,35,0,35,0,Long Stride Loose,0,44,0,71,0,95,0,63,0,33,0,57,0,6,0,10,0,15,0,17,0,27,0,9,0,75,0,39,0,88,0
Taylor,Moton,Carolina Panthers,RT,W. Michigan,31,86,8/18/94,77,325,1,72,8,Pass Protector - OT,65,0,62,0,75,0,96,0,88,0,95,0,23,0,34,0,12,0,10,0,23,0,15,0,28,0,56,0,5,0,10,0,36,0,90,0,99,0,15,0,21,0,22,0,10,0,82,0,12,0,5,0,86,0,88,0,85,0,91,0,6,0,10,0,10,0,10,0,28,0,12,0,80,0,82,0,78,0,Default Stride Awkward,0,13,0,29,0,69,0,10,0,14,0,31,0,6,0,13,0,18,0,12,0,20,0,7,0,96,0,29,0,12,0
Tony,Pollard,Tennessee Titans,HB,Memphis,28,86,4/30/97,72,209,1,20,6,Elusive Back - HB,94,0,85,0,85,0,85,0,69,0,85,0,88,0,30,0,26,0,85,0,93,0,62,0,74,0,85,0,62,0,15,0,30,0,34,0,89,0,90,0,10,0,14,0,87,0,30,0,40,0,63,0,86,0,63,0,32,0,31,0,10,0,29,0,12,0,24,0,42,0,64,0,32,0,29,0,24,0,Short Stride High and Tight,0,67,0,61,0,92,0,87,0,71,0,38,0,12,0,15,0,21,0,14,0,25,0,12,0,84,0,73,0,36,0
Zach,Allen,Denver Broncos,DT,Boston College,28,86,8/20/97,77,285,1,99,6,Power Rusher - DT,79,0,74,0,78,0,92,0,94,0,93,0,46,0,83,0,12,0,36,0,42,0,49,0,50,0,65,0,20,0,73,0,83,0,84,0,89,0,40,0,12,0,15,0,10,0,34,0,35,0,25,0,86,0,49,0,45,0,45,0,6,0,95,0,84,0,20,0,82,0,28,0,50,0,45,0,45,0,Long Stride Default,0,30,0,46,0,76,0,32,0,46,0,85,0,6,0,6,0,6,0,6,0,22,0,10,0,87,0,47,0,47,0
A.J.,Cole,Las Vegas Raiders,P,N.C. State,29,85,11/27/95,76,220,1,6,6,Power - KP,71,0,63,0,61,0,83,0,47,0,72,0,22,0,10,0,17,0,10,0,45,0,37,0,43,0,51,0,24,0,10,0,35,0,23,0,90,0,15,0,93,0,97,0,10,0,20,0,16,0,31,0,85,0,19,0,16,0,16,0,20,0,19,0,10,0,10,0,26,0,22,0,20,0,18,0,19,0,Default Stride Awkward,0,38,0,41,0,72,0,12,0,14,0,37,0,25,0,28,0,30,0,20,0,29,0,19,0,73,0,10,0,24,0
Aaron,Jones,Minnesota Vikings,HB,UTEP,30,85,12/2/94,69,208,1,33,8,Elusive Back - HB,92,0,91,0,89,0,90,0,71,0,86,0,91,0,23,0,18,0,85,0,86,0,61,0,73,0,88,0,61,0,10,0,24,0,42,0,87,0,89,0,20,0,21,0,55,0,44,0,15,0,65,0,85,0,61,0,32,0,36,0,15,0,18,0,10,0,20,0,35,0,64,0,25,0,15,0,15,0,Default,0,70,0,63,0,89,0,83,0,85,0,27,0,20,0,30,0,35,0,15,0,30,0,12,0,91,0,83,0,20,0
Baker,Mayfield,Tampa Bay Buccaneers,QB,Oklahoma,30,85,4/14/95,73,215,1,6,7,Field General - QB,85,0,82,0,73,0,96,0,69,0,85,0,83,0,28,0,78,0,76,0,61,0,23,0,64,0,78,0,13,0,10,0,25,0,32,0,95,0,67,0,16,0,20,0,10,0,26,0,10,0,17,0,85,0,16,0,10,0,12,0,87,0,15,0,10,0,10,0,33,0,15,0,29,0,10,0,15,0,Default Stride Loose,0,28,0,61,0,86,0,67,0,69,0,32,0,84,0,86,0,93,0,86,0,94,0,83,0,98,0,71,0,12,0
Bernhard,Raimann,Indianapolis Colts,LT,Central Michigan,27,85,9/23/97,78,303,1,79,3,Pass Protector - OT,80,0,72,0,75,0,87,0,91,0,86,0,46,0,27,0,17,0,33,0,50,0,45,0,46,0,60,0,21,0,10,0,23,0,91,0,90,0,29,0,31,0,33,0,10,0,85,0,14,0,26,0,85,0,88,0,84,0,91,0,6,0,15,0,10,0,10,0,34,0,33,0,83,0,85,0,81,0,Long Stride Awkward,0,32,0,43,0,71,0,24,0,37,0,33,0,9,0,10,0,12,0,15,0,22,0,12,0,83,0,34,0,16,0
Byron,Murphy Jr,Minnesota Vikings,CB,Washington,27,85,1/18/98,71,190,1,7,6,Zone - CB,93,0,89,0,87,0,92,0,60,0,86,0,67,0,47,0,10,0,56,0,61,0,63,0,78,0,92,0,26,0,32,0,76,0,54,0,91,0,75,0,11,0,10,0,70,0,15,0,80,0,33,0,85,0,10,0,35,0,35,0,6,0,87,0,26,0,81,0,79,0,39,0,18,0,35,0,35,0,Short Stride Loose,0,43,0,66,0,92,0,65,0,34,0,54,0,6,0,6,0,6,0,6,0,25,0,10,0,81,0,30,0,88,0
Carlton,Davis III,New England Patriots,CB,Auburn,28,85,12/31/96,73,206,1,7,7,Manto Man - CB,90,0,81,0,82,0,89,0,65,0,89,0,56,0,52,0,15,0,48,0,65,0,62,0,72,0,81,0,10,0,35,0,68,0,55,0,86,0,67,0,15,0,19,0,40,0,19,0,87,0,15,0,85,0,35,0,35,0,35,0,6,0,90,0,24,0,93,0,75,0,23,0,35,0,35,0,35,0,Default Stride Loose,0,20,0,64,0,90,0,58,0,27,0,64,0,6,0,6,0,6,0,6,0,26,0,13,0,88,0,29,0,86,0
Chris,Boswell,Pittsburgh Steelers,K,Rice,34,85,3/16/91,74,185,1,9,11,Accurate - KP,72,0,62,0,65,0,84,0,44,0,74,0,10,0,10,0,12,0,12,0,45,0,10,0,29,0,53,0,10,0,10,0,15,0,10,0,89,0,10,0,93,0,95,0,10,0,10,0,12,0,10,0,85,0,16,0,10,0,10,0,10,0,10,0,10,0,10,0,10,0,12,0,24,0,10,0,10,0,Default,0,10,0,12,0,73,0,10,0,10,0,35,0,27,0,33,0,37,0,10,0,29,0,20,0,49,0,15,0,12,0
Chris,Godwin Jr,Tampa Bay Buccaneers,WR,Penn State,29,85,2/27/96,73,208,1,14,8,Slot - WR,89,0,85,0,88,0,94,0,72,0,87,0,87,0,28,0,22,0,79,0,70,0,90,0,95,0,84,0,83,0,10,0,33,0,43,0,85,0,82,0,21,0,25,0,48,0,23,0,15,0,86,0,85,0,57,0,20,0,20,0,6,0,20,0,10,0,18,0,32,0,85,0,55,0,16,0,23,0,Default Stride High and Tight,0,89,0,88,0,88,0,74,0,76,0,27,0,10,0,15,0,20,0,15,0,33,0,24,0,93,0,74,0,25,0
Christian,Benford,Buffalo Bills,CB,Villanova,24,85,9/21/00,73,205,1,47,3,Zone - CB,92,0,82,0,87,0,90,0,65,0,87,0,57,0,49,0,15,0,52,0,61,0,60,0,75,0,81,0,24,0,41,0,57,0,52,0,90,0,70,0,12,0,18,0,45,0,17,0,82,0,27,0,85,0,35,0,35,0,35,0,6,0,88,0,35,0,86,0,75,0,38,0,35,0,35,0,35,0,Default,0,32,0,66,0,88,0,63,0,40,0,72,0,6,0,6,0,6,0,6,0,30,0,10,0,84,0,37,0,89,0
Chuba,Hubbard,Carolina Panthers,HB,Oklahoma St.,26,85,6/11/99,73,210,1,30,4,Elusive Back - HB,92,0,88,0,86,0,88,0,73,0,86,0,89,0,27,0,40,0,86,0,90,0,57,0,73,0,86,0,48,0,11,0,23,0,41,0,90,0,90,0,17,0,22,0,76,0,39,0,11,0,58,0,85,0,54,0,32,0,37,0,18,0,19,0,11,0,16,0,36,0,47,0,42,0,33,0,29,0,Default,0,64,0,55,0,92,0,79,0,78,0,32,0,15,0,20,0,25,0,16,0,31,0,14,0,83,0,76,0,18,0
Courtland,Sutton,Denver Broncos,WR,SMU,29,85,10/10/95,76,216,1,14,7,Physical - WR,91,0,90,0,94,0,89,0,75,0,86,0,82,0,31,0,48,0,80,0,72,0,92,0,85,0,84,0,78,0,10,0,22,0,63,0,86,0,83,0,15,0,19,0,33,0,20,0,23,0,80,0,85,0,38,0,20,0,25,0,34,0,22,0,10,0,15,0,36,0,85,0,62,0,33,0,38,0,Long Stride Default,0,82,0,96,0,90,0,73,0,82,0,33,0,50,0,53,0,59,0,41,0,62,0,37,0,87,0,72,0,30,0
D.J.,Reader,Detroit Lions,DT,Clemson,31,85,7/1/94,75,335,1,98,9,,62,0,58,0,73,0,82,0,95,0,92,0,18,0,85,0,12,0,10,0,30,0,14,0,29,0,54,0,3,0,63,0,80,0,88,0,82,0,16,0,17,0,17,0,9,0,35,0,18,0,5,0,85,0,44,0,45,0,44,0,6,0,94,0,76,0,13,0,87,0,15,0,45,0,45,0,46,0,Default Stride Loose,0,13,0,16,0,70,0,17,0,25,0,86,0,6,0,6,0,6,0,6,0,24,0,18,0,84,0,29,0,26,0
D.K.,Metcalf,Pittsburgh Steelers,WR,Ole Miss,27,85,12/14/97,76,235,1,4,6,Physical - WR,93,0,83,0,94,0,88,0,79,0,81,0,86,0,38,0,29,0,85,0,69,0,87,0,91,0,82,0,84,0,10,0,30,0,48,0,94,0,82,0,13,0,18,0,40,0,27,0,15,0,83,0,85,0,42,0,18,0,23,0,10,0,19,0,10,0,15,0,34,0,87,0,52,0,30,0,34,0,Long Stride Default,0,83,0,94,0,94,0,71,0,86,0,33,0,10,0,13,0,18,0,10,0,34,0,19,0,96,0,80,0,29,0
Devin,Lloyd,Jacksonville Jaguars,ROLB,Utah,26,85,9/30/98,75,235,1,0,3,Run Stopper - OLB,91,0,79,0,84,0,91,0,78,0,84,0,65,0,78,0,18,0,49,0,65,0,58,0,73,0,75,0,28,0,64,0,86,0,86,0,92,0,52,0,38,0,41,0,10,0,24,0,60,0,30,0,85,0,45,0,45,0,45,0,6,0,86,0,54,0,48,0,93,0,33,0,45,0,45,0,45,0,Long Stride Default,0,32,0,70,0,84,0,44,0,46,0,93,0,10,0,12,0,16,0,15,0,28,0,10,0,88,0,45,0,64,0
Evan,Engram,Denver Broncos,TE,Ole Miss,30,85,9/2/94,75,240,1,1,8,Vertical Threat - TE,89,0,87,0,89,0,90,0,66,0,83,0,85,0,32,0,14,0,76,0,74,0,81,0,92,0,79,0,69,0,28,0,28,0,69,0,88,0,79,0,16,0,22,0,59,0,50,0,24,0,72,0,85,0,63,0,56,0,62,0,18,0,26,0,20,0,22,0,37,0,73,0,62,0,59,0,62,0,Long Stride Loose,0,75,0,86,0,87,0,68,0,73,0,42,0,14,0,18,0,23,0,27,0,28,0,11,0,76,0,75,0,31,0
Grover,Stewart,Indianapolis Colts,DT,Albany St.,31,85,10/20/93,76,315,1,90,8,,72,0,58,0,66,0,82,0,91,0,86,0,25,0,91,0,12,0,12,0,26,0,22,0,30,0,49,0,3,0,62,0,75,0,88,0,93,0,20,0,15,0,15,0,10,0,36,0,22,0,5,0,85,0,45,0,45,0,45,0,6,0,89,0,76,0,10,0,84,0,12,0,45,0,45,0,45,0,Default Stride Awkward,0,13,0,17,0,73,0,16,0,29,0,87,0,6,0,6,0,6,0,6,0,19,0,10,0,92,0,34,0,35,0
James,Conner,Arizona Cardinals,HB,Pittsburgh,30,85,5/5/95,73,233,1,6,8,Power Back - HB,87,0,81,0,76,0,90,0,83,0,90,0,89,0,28,0,20,0,90,0,89,0,54,0,68,0,79,0,53,0,49,0,37,0,49,0,84,0,84,0,16,0,18,0,55,0,52,0,10,0,60,0,85,0,67,0,39,0,45,0,10,0,17,0,30,0,15,0,35,0,65,0,53,0,41,0,40,0,Default,0,67,0,69,0,89,0,80,0,87,0,33,0,10,0,14,0,18,0,20,0,23,0,11,0,92,0,91,0,15,0
Jayden,Daniels,Washington Commanders,QB,LSU,24,85,12/18/00,76,210,1,5,1,Scrambler - QB,91,0,91,0,86,0,91,0,59,0,82,0,93,0,16,0,90,0,75,0,62,0,19,0,37,0,88,0,11,0,10,0,12,0,15,0,90,0,82,0,19,0,10,0,10,0,18,0,15,0,13,0,85,0,10,0,10,0,10,0,76,0,21,0,10,0,10,0,29,0,14,0,16,0,12,0,12,0,Default,0,16,0,23,0,90,0,74,0,32,0,19,0,83,0,90,0,91,0,88,0,92,0,85,0,93,0,28,0,14,0
Jaylen,Waddle,Miami Dolphins,WR,Alabama,26,85,11/25/98,70,182,1,17,4,,97,0,97,0,90,0,89,0,57,0,84,0,89,0,27,0,28,0,77,0,75,0,82,0,82,0,96,0,82,0,10,0,19,0,48,0,88,0,86,0,16,0,19,0,84,0,22,0,14,0,83,0,85,0,32,0,19,0,22,0,20,0,16,0,10,0,10,0,34,0,80,0,52,0,32,0,23,0,Default Stride Loose,0,81,0,83,0,97,0,80,0,55,0,29,0,19,0,23,0,29,0,29,0,34,0,25,0,85,0,41,0,19,0
Joel,Bitonio,Cleveland Browns,LG,Nevada,33,85,10/11/91,76,320,1,75,11,Power - G,72,0,70,0,78,0,91,0,88,0,92,0,25,0,10,0,12,0,12,0,40,0,15,0,28,0,54,0,5,0,10,0,31,0,89,0,97,0,10,0,21,0,24,0,10,0,86,0,12,0,5,0,85,0,84,0,81,0,87,0,6,0,28,0,10,0,10,0,19,0,15,0,84,0,85,0,83,0,Long Stride High and Tight,0,15,0,15,0,73,0,10,0,10,0,30,0,6,0,6,0,6,0,6,0,16,0,16,0,95,0,28,0,20,0
Joey,Bosa,Buffalo Bills,RE,Ohio State,30,85,7/11/95,77,280,1,97,9,Run Stopper - DE,83,0,83,0,78,0,90,0,87,0,86,0,39,0,87,0,12,0,22,0,43,0,26,0,47,0,68,0,3,0,86,0,82,0,93,0,87,0,33,0,19,0,26,0,9,0,20,0,26,0,6,0,85,0,45,0,44,0,45,0,6,0,86,0,80,0,22,0,88,0,17,0,45,0,45,0,44,0,Default Stride Loose,0,13,0,29,0,79,0,28,0,43,0,88,0,6,0,6,0,6,0,6,0,28,0,14,0,87,0,36,0,37,0
Josh,Sweat,Arizona Cardinals,RE,Florida State,28,85,3/29/97,77,265,1,10,7,Smaller Speed Rusher - DE,89,0,83,0,90,0,81,0,81,0,86,0,35,0,80,0,12,0,25,0,47,0,28,0,50,0,70,0,4,0,86,0,78,0,89,0,91,0,35,0,12,0,19,0,10,0,18,0,37,0,8,0,85,0,45,0,45,0,45,0,6,0,84,0,78,0,28,0,84,0,16,0,45,0,45,0,45,0,Long Stride Loose,0,15,0,30,0,85,0,26,0,42,0,88,0,6,0,6,0,6,0,6,0,20,0,18,0,84,0,27,0,49,0
Kevin,Dotson,Los Angeles Rams,RG,UL Lafayette,28,85,9/18/96,76,321,1,69,5,Power - G,69,0,59,0,78,0,85,0,90,0,88,0,15,0,30,0,12,0,9,0,28,0,15,0,30,0,51,0,5,0,10,0,25,0,87,0,87,0,10,0,11,0,11,0,10,0,92,0,12,0,5,0,85,0,75,0,72,0,79,0,6,0,22,0,10,0,10,0,28,0,15,0,90,0,88,0,92,0,Default Stride Awkward,0,15,0,15,0,70,0,10,0,10,0,34,0,6,0,6,0,6,0,6,0,25,0,11,0,92,0,25,0,12,0
Kobie,Turner,Los Angeles Rams,DT,Wake Forest,26,85,4/26/99,74,288,1,91,2,,82,0,80,0,72,0,84,0,89,0,87,0,46,0,88,0,12,0,35,0,34,0,24,0,33,0,64,0,5,0,71,0,87,0,77,0,90,0,37,0,15,0,15,0,10,0,55,0,27,0,9,0,85,0,49,0,45,0,52,0,7,0,89,0,79,0,15,0,80,0,15,0,55,0,50,0,50,0,Default Stride Awkward,0,17,0,31,0,74,0,33,0,35,0,84,0,6,0,7,0,8,0,7,0,24,0,10,0,91,0,44,0,34,0
Milton,Williams,New England Patriots,DT,LA. Tech,26,85,4/6/99,75,290,1,97,4,Power Rusher - DT,86,0,82,0,89,0,77,0,92,0,88,0,18,0,78,0,12,0,15,0,28,0,24,0,29,0,67,0,5,0,75,0,76,0,83,0,91,0,23,0,13,0,14,0,10,0,31,0,17,0,9,0,85,0,45,0,45,0,45,0,6,0,86,0,84,0,15,0,82,0,15,0,45,0,45,0,45,0,Long Stride Awkward,0,17,0,18,0,83,0,20,0,25,0,86,0,6,0,6,0,6,0,6,0,22,0,10,0,87,0,26,0,25,0
Quinyon,Mitchell,Philadelphia Eagles,CB,Toledo,24,85,7/18/01,72,195,1,27,1,Manto Man - CB,94,0,90,0,90,0,91,0,66,0,84,0,77,0,49,0,28,0,66,0,75,0,72,0,79,0,89,0,23,0,30,0,70,0,55,0,92,0,75,0,19,0,21,0,66,0,29,0,83,0,26,0,85,0,26,0,14,0,13,0,19,0,83,0,25,0,80,0,75,0,44,0,25,0,19,0,21,0,Default Stride Loose,0,28,0,74,0,94,0,74,0,47,0,69,0,11,0,21,0,23,0,28,0,31,0,16,0,87,0,45,0,85,0
Spencer,Brown,Buffalo Bills,RT,Northern Iowa,27,85,2/28/98,80,311,1,79,4,Power - OT,80,0,75,0,77,0,86,0,91,0,85,0,27,0,34,0,12,0,24,0,50,0,49,0,55,0,57,0,5,0,38,0,45,0,91,0,89,0,10,0,25,0,25,0,10,0,89,0,12,0,14,0,85,0,83,0,81,0,86,0,6,0,33,0,49,0,10,0,51,0,23,0,86,0,85,0,87,0,Long Stride Awkward,0,33,0,49,0,74,0,10,0,30,0,42,0,6,0,6,0,6,0,6,0,23,0,10,0,85,0,35,0,15,0
Trent,Brown,Houston Texans,RT,Florida,32,85,4/13/93,80,370,1,77,10,Power - OT,59,0,53,0,70,0,87,0,91,0,86,0,15,0,31,0,12,0,5,0,32,0,12,0,35,0,51,0,5,0,10,0,20,0,89,0,83,0,10,0,20,0,20,0,10,0,81,0,12,0,5,0,85,0,84,0,77,0,90,0,6,0,15,0,10,0,10,0,12,0,12,0,85,0,80,0,89,0,Default Stride Awkward,0,12,0,12,0,69,0,10,0,25,0,40,0,6,0,6,0,6,0,6,0,25,0,15,0,75,0,35,0,15,0
Zay,Flowers,Baltimore Ravens,WR,Boston College,24,85,9/11/00,69,182,1,4,2,,92,0,93,0,85,0,92,0,55,0,81,0,93,0,34,0,30,0,80,0,72,0,83,0,87,0,92,0,84,0,20,0,30,0,44,0,92,0,92,0,15,0,20,0,72,0,26,0,27,0,87,0,85,0,28,0,15,0,13,0,28,0,27,0,15,0,27,0,40,0,79,0,50,0,32,0,28,0,Short Stride Default,0,85,0,84,0,93,0,81,0,44,0,36,0,30,0,35,0,39,0,38,0,51,0,31,0,89,0,38,0,37,0
Alijah,Vera-Tucker,NY Jets,RG,USC,26,84,6/17/99,77,308,1,75,4,Agile - G,74,0,61,0,78,0,88,0,91,0,85,0,10,0,25,0,12,0,5,0,35,0,10,0,25,0,56,0,5,0,10,0,24,0,93,0,85,0,10,0,20,0,20,0,10,0,91,0,12,0,5,0,84,0,83,0,81,0,85,0,6,0,10,0,10,0,10,0,30,0,12,0,85,0,88,0,81,0,Default Stride Awkward,0,10,0,12,0,75,0,10,0,10,0,36,0,6,0,6,0,6,0,6,0,25,0,16,0,90,0,15,0,12,0
Alvin,Kamara,New Orleans Saints,HB,Tennessee,30,84,7/25/95,70,215,1,41,8,Receiving Back - HB,92,0,90,0,92,0,93,0,77,0,87,0,85,0,29,0,24,0,84,0,92,0,74,0,76,0,87,0,68,0,48,0,33,0,39,0,91,0,87,0,16,0,21,0,83,0,41,0,18,0,75,0,84,0,53,0,23,0,27,0,26,0,18,0,34,0,17,0,34,0,78,0,41,0,28,0,29,0,Default,0,79,0,74,0,88,0,81,0,86,0,29,0,23,0,31,0,34,0,33,0,41,0,15,0,85,0,85,0,24,0
Breece,Hall,NY Jets,HB,Iowa State,24,84,5/31/01,71,220,1,20,3,Elusive Back - HB,92,0,90,0,92,0,90,0,76,0,81,0,85,0,29,0,31,0,84,0,84,0,59,0,69,0,91,0,50,0,10,0,24,0,44,0,89,0,92,0,15,0,18,0,42,0,45,0,13,0,57,0,84,0,57,0,33,0,37,0,19,0,17,0,10,0,16,0,33,0,58,0,43,0,35,0,32,0,Default,0,66,0,59,0,93,0,86,0,80,0,29,0,12,0,15,0,20,0,24,0,32,0,19,0,90,0,80,0,17,0
Brian,Thomas Jr,Jacksonville Jaguars,WR,LSU,22,84,10/8/02,75,209,1,7,1,,95,0,88,0,92,0,90,0,59,0,85,0,88,0,26,0,22,0,76,0,76,0,81,0,88,0,91,0,86,0,10,0,15,0,43,0,93,0,87,0,13,0,18,0,50,0,22,0,15,0,84,0,84,0,26,0,10,0,10,0,6,0,18,0,10,0,15,0,30,0,77,0,47,0,27,0,22,0,Long Stride Default,0,82,0,84,0,97,0,80,0,54,0,28,0,6,0,10,0,15,0,10,0,24,0,19,0,87,0,43,0,19,0
Brock,Purdy,San Francisco 49ers,QB,Iowa State,25,84,12/27/99,73,220,1,13,3,Field General - QB,90,0,81,0,70,0,89,0,63,0,83,0,81,0,18,0,77,0,66,0,64,0,12,0,24,0,77,0,10,0,10,0,13,0,24,0,89,0,66,0,21,0,22,0,10,0,18,0,10,0,11,0,84,0,13,0,14,0,10,0,87,0,14,0,10,0,10,0,28,0,13,0,19,0,16,0,12,0,Default,0,12,0,15,0,78,0,65,0,30,0,25,0,87,0,93,0,93,0,88,0,86,0,92,0,85,0,51,0,12,0
C.J.,Gardner-Johnson,Houston Texans,SS,Florida,27,84,12/20/97,71,208,1,23,6,Zone - S,90,0,84,0,86,0,91,0,68,0,87,0,68,0,53,0,12,0,53,0,64,0,61,0,84,0,85,0,15,0,48,0,76,0,61,0,87,0,74,0,50,0,65,0,64,0,19,0,83,0,21,0,84,0,35,0,35,0,35,0,15,0,84,0,31,0,77,0,77,0,26,0,35,0,35,0,35,0,Default Stride Loose,0,28,0,66,0,90,0,65,0,25,0,67,0,10,0,10,0,15,0,15,0,25,0,20,0,83,0,38,0,86,0
Dak,Prescott,Dallas Cowboys,QB,Mississippi St.,32,84,7/29/93,74,238,1,4,9,Improviser - QB,83,0,82,0,79,0,95,0,75,0,79,0,86,0,29,0,85,0,74,0,68,0,20,0,42,0,80,0,15,0,9,0,40,0,39,0,89,0,71,0,22,0,26,0,13,0,29,0,12,0,17,0,84,0,21,0,18,0,14,0,88,0,21,0,9,0,9,0,33,0,19,0,39,0,35,0,38,0,Default,0,18,0,20,0,84,0,51,0,67,0,42,0,91,0,84,0,89,0,92,0,91,0,89,0,97,0,73,0,18,0
Darius,Slay Jr,Pittsburgh Steelers,CB,Mississippi St.,34,84,1/1/91,72,190,1,23,12,Zone - CB,91,0,86,0,88,0,93,0,60,0,90,0,83,0,54,0,17,0,75,0,64,0,65,0,82,0,88,0,23,0,49,0,76,0,56,0,87,0,81,0,21,0,25,0,72,0,16,0,80,0,30,0,84,0,35,0,35,0,35,0,6,0,89,0,40,0,83,0,73,0,40,0,35,0,35,0,35,0,Short Stride Loose,0,40,0,81,0,90,0,79,0,43,0,61,0,6,0,6,0,6,0,6,0,36,0,12,0,83,0,39,0,85,0
David,Montgomery,Detroit Lions,HB,Iowa State,28,84,6/7/97,70,222,1,5,6,Power Back - HB,88,0,84,0,75,0,90,0,77,0,92,0,93,0,24,0,29,0,88,0,93,0,56,0,74,0,86,0,49,0,10,0,27,0,41,0,88,0,85,0,12,0,17,0,45,0,43,0,12,0,59,0,84,0,61,0,35,0,38,0,22,0,16,0,10,0,15,0,25,0,60,0,46,0,26,0,31,0,Default,0,66,0,54,0,88,0,78,0,77,0,30,0,27,0,36,0,42,0,31,0,47,0,21,0,91,0,91,0,13,0
Drue,Tranquill,Kansas City Chiefs,ROLB,Notre Dame,30,84,8/15/95,74,228,1,23,6,Pass Coverage - OLB,89,0,83,0,89,0,94,0,77,0,93,0,55,0,73,0,12,0,47,0,63,0,33,0,59,0,78,0,14,0,60,0,83,0,78,0,83,0,56,0,20,0,16,0,10,0,21,0,66,0,24,0,84,0,45,0,45,0,45,0,6,0,91,0,53,0,56,0,88,0,12,0,45,0,45,0,45,0,Default Stride Loose,0,31,0,35,0,88,0,44,0,42,0,86,0,6,0,6,0,6,0,6,0,22,0,15,0,93,0,25,0,71,0
George,Karlaftis,Kansas City Chiefs,LE,Purdue,24,84,4/3/01,76,263,1,56,3,Power Rusher - DE,86,0,80,0,86,0,84,0,85,0,89,0,35,0,79,0,12,0,22,0,42,0,28,0,47,0,68,0,3,0,75,0,83,0,86,0,93,0,33,0,14,0,18,0,10,0,16,0,17,0,5,0,84,0,45,0,45,0,45,0,6,0,91,0,85,0,17,0,87,0,14,0,45,0,45,0,45,0,Long Stride Default,0,13,0,34,0,80,0,29,0,40,0,87,0,6,0,6,0,6,0,6,0,20,0,10,0,91,0,38,0,23,0
Jack,Campbell,Detroit Lions,MLB,Iowa,25,84,8/22/00,77,249,1,46,2,Run Stopper - MLB,90,0,87,0,89,0,90,0,76,0,85,0,57,0,78,0,12,0,52,0,58,0,64,0,69,0,77,0,7,0,49,0,87,0,76,0,92,0,46,0,18,0,16,0,14,0,35,0,64,0,12,0,84,0,45,0,45,0,45,0,6,0,85,0,57,0,66,0,89,0,19,0,45,0,45,0,45,0,Long Stride High and Tight,0,19,0,66,0,85,0,40,0,64,0,90,0,6,0,6,0,6,0,6,0,25,0,16,0,96,0,54,0,68,0
Jerry,Jeudy,Cleveland Browns,WR,Alabama,26,84,4/24/99,73,193,1,3,5,,93,0,92,0,85,0,90,0,64,0,85,0,87,0,28,0,25,0,77,0,75,0,81,0,87,0,92,0,84,0,10,0,26,0,43,0,87,0,91,0,17,0,19,0,69,0,28,0,23,0,85,0,84,0,35,0,13,0,18,0,10,0,24,0,10,0,26,0,38,0,80,0,45,0,22,0,27,0,Short Stride Loose,0,84,0,85,0,91,0,81,0,75,0,33,0,10,0,15,0,20,0,23,0,27,0,21,0,88,0,56,0,31,0
Jordan,Addison,Minnesota Vikings,WR,USC,23,84,1/27/02,71,175,1,3,2,Slot - WR,92,0,88,0,84,0,88,0,52,0,89,0,89,0,30,0,42,0,74,0,78,0,86,0,91,0,91,0,88,0,22,0,31,0,36,0,90,0,89,0,17,0,23,0,76,0,18,0,28,0,85,0,84,0,27,0,15,0,13,0,40,0,27,0,14,0,29,0,47,0,74,0,42,0,26,0,19,0,Short Stride Default,0,84,0,88,0,90,0,79,0,46,0,37,0,32,0,39,0,47,0,47,0,58,0,38,0,84,0,30,0,34,0
L'Jarius,Sneed,Tennessee Titans,CB,LA. Tech,28,84,1/21/97,73,192,1,38,5,Zone - CB,93,0,87,0,93,0,95,0,60,0,84,0,78,0,58,0,14,0,60,0,68,0,58,0,77,0,86,0,33,0,46,0,76,0,59,0,89,0,82,0,24,0,22,0,70,0,19,0,75,0,26,0,84,0,25,0,35,0,35,0,6,0,84,0,35,0,93,0,77,0,22,0,18,0,35,0,35,0,Default Stride Loose,0,30,0,70,0,94,0,80,0,48,0,60,0,6,0,6,0,6,0,6,0,27,0,15,0,82,0,50,0,84,0
Ladd,McConkey,Los Angeles Chargers,WR,Georgia,23,84,11/11/01,72,186,1,15,1,Slot - WR,94,0,91,0,87,0,88,0,57,0,84,0,85,0,33,0,25,0,72,0,71,0,84,0,89,0,93,0,81,0,10,0,31,0,43,0,89,0,84,0,12,0,18,0,78,0,20,0,12,0,88,0,84,0,31,0,16,0,20,0,6,0,14,0,10,0,16,0,39,0,69,0,45,0,32,0,25,0,Short Stride Default,0,88,0,82,0,92,0,71,0,48,0,34,0,6,0,10,0,15,0,16,0,25,0,16,0,82,0,39,0,17,0
Leo,Chenal,Kansas City Chiefs,LOLB,Wisconsin,24,84,10/26/00,75,250,1,54,3,Run Stopper - OLB,93,0,82,0,94,0,85,0,82,0,83,0,72,0,82,0,25,0,67,0,68,0,44,0,52,0,75,0,19,0,54,0,89,0,90,0,91,0,62,0,21,0,24,0,25,0,34,0,63,0,24,0,84,0,45,0,45,0,45,0,15,0,81,0,63,0,53,0,88,0,32,0,45,0,45,0,45,0,Default,0,28,0,45,0,88,0,54,0,63,0,86,0,15,0,18,0,21,0,21,0,25,0,18,0,90,0,55,0,70,0
Matt,Milano,Buffalo Bills,ROLB,Boston College,31,84,7/28/94,72,223,1,58,8,Pass Coverage - OLB,85,0,73,0,84,0,94,0,78,0,91,0,61,0,76,0,12,0,29,0,52,0,54,0,70,0,71,0,6,0,60,0,82,0,85,0,83,0,51,0,20,0,20,0,10,0,23,0,71,0,12,0,84,0,45,0,45,0,45,0,6,0,90,0,48,0,50,0,95,0,14,0,45,0,45,0,45,0,Default Stride Loose,0,22,0,64,0,86,0,38,0,54,0,81,0,6,0,6,0,6,0,6,0,25,0,13,0,86,0,39,0,79,0
Nik,Bonitto,Denver Broncos,RE,Oklahoma,25,84,9/26/99,75,240,1,15,3,Smaller Speed Rusher - DE,92,0,82,0,85,0,72,0,82,0,89,0,44,0,78,0,41,0,26,0,49,0,37,0,60,0,75,0,5,0,86,0,78,0,70,0,90,0,44,0,12,0,14,0,10,0,21,0,38,0,5,0,84,0,45,0,45,0,45,0,26,0,87,0,75,0,34,0,85,0,14,0,45,0,45,0,45,0,Default Stride Loose,0,10,0,39,0,88,0,45,0,32,0,77,0,25,0,30,0,32,0,35,0,39,0,28,0,74,0,32,0,52,0
Paris,Johnson Jr,Arizona Cardinals,LT,Ohio State,24,84,7/3/01,78,313,1,70,2,Pass Protector - OT,80,0,75,0,79,0,87,0,89,0,85,0,15,0,46,0,12,0,15,0,35,0,26,0,32,0,58,0,10,0,40,0,41,0,89,0,93,0,10,0,26,0,30,0,10,0,88,0,10,0,12,0,84,0,87,0,86,0,87,0,6,0,35,0,44,0,10,0,35,0,13,0,82,0,85,0,79,0,Long Stride Awkward,0,21,0,23,0,73,0,10,0,21,0,40,0,6,0,6,0,6,0,6,0,22,0,10,0,87,0,25,0,12,0
Pat,Freiermuth,Pittsburgh Steelers,TE,Penn State,26,84,10/25/98,77,258,1,88,4,Possession - TE,83,0,77,0,88,0,89,0,78,0,94,0,75,0,55,0,19,0,67,0,78,0,85,0,91,0,72,0,65,0,44,0,58,0,72,0,91,0,65,0,62,0,72,0,30,0,58,0,32,0,69,0,84,0,63,0,60,0,63,0,6,0,41,0,49,0,26,0,59,0,78,0,61,0,57,0,60,0,Long Stride Default,0,77,0,84,0,83,0,61,0,74,0,58,0,10,0,15,0,50,0,12,0,30,0,13,0,86,0,77,0,41,0
Rob,Havenstein,Los Angeles Rams,RT,Wisconsin,33,84,5/13/92,80,330,1,79,10,Power - OT,63,0,53,0,71,0,87,0,86,0,95,0,10,0,25,0,12,0,5,0,40,0,15,0,27,0,47,0,5,0,10,0,20,0,87,0,92,0,10,0,12,0,15,0,10,0,86,0,12,0,5,0,84,0,81,0,76,0,85,0,6,0,28,0,10,0,10,0,30,0,15,0,89,0,91,0,87,0,Default Stride Awkward,0,15,0,15,0,68,0,10,0,10,0,35,0,6,0,6,0,6,0,6,0,11,0,15,0,90,0,21,0,13,0
Talanoa,Hufanga,Denver Broncos,SS,USC,25,84,2/1/00,72,200,1,9,4,Run Support - S,87,0,85,0,85,0,90,0,58,0,85,0,67,0,62,0,36,0,46,0,61,0,63,0,76,0,79,0,26,0,52,0,89,0,63,0,84,0,67,0,18,0,21,0,44,0,33,0,72,0,31,0,84,0,35,0,35,0,35,0,35,0,87,0,45,0,67,0,89,0,39,0,35,0,35,0,35,0,Default Stride Loose,0,35,0,65,0,89,0,63,0,43,0,76,0,30,0,32,0,35,0,29,0,38,0,34,0,85,0,44,0,83,0
Taron,Johnson,Buffalo Bills,CB,Weber State,29,84,7/27/96,71,192,1,7,7,Zone - CB,93,0,83,0,81,0,95,0,63,0,89,0,63,0,62,0,10,0,50,0,58,0,62,0,73,0,84,0,24,0,36,0,48,0,49,0,90,0,73,0,11,0,10,0,38,0,15,0,81,0,31,0,84,0,10,0,35,0,40,0,6,0,90,0,29,0,85,0,78,0,28,0,40,0,35,0,35,0,Short Stride Loose,0,38,0,62,0,90,0,65,0,31,0,63,0,6,0,6,0,6,0,6,0,25,0,11,0,80,0,22,0,85,0
Travis,Hunter,Jacksonville Jaguars,CB,Colorado,22,84,5/18/03,73,188,1,12,0,Manto Man - CB,94,0,95,0,96,0,99,0,61,0,78,0,86,0,55,0,33,0,76,0,70,0,82,0,85,0,96,0,83,0,44,0,71,0,58,0,88,0,86,0,23,0,26,0,78,0,32,0,82,0,82,0,84,0,35,0,35,0,35,0,21,0,76,0,35,0,80,0,77,0,80,0,43,0,31,0,33,0,Default,0,84,0,86,0,93,0,82,0,59,0,68,0,24,0,26,0,31,0,31,0,41,0,24,0,93,0,50,0,84,0
Trevon,Diggs,Dallas Cowboys,CB,Alabama,27,84,9/20/97,74,195,1,7,5,Zone - CB,89,0,86,0,95,0,97,0,69,0,91,0,70,0,56,0,12,0,53,0,74,0,78,0,86,0,86,0,54,0,42,0,67,0,53,0,86,0,72,0,20,0,20,0,78,0,16,0,76,0,56,0,84,0,35,0,35,0,35,0,6,0,86,0,30,0,82,0,75,0,58,0,42,0,35,0,35,0,Long Stride Loose,0,60,0,82,0,91,0,65,0,49,0,58,0,6,0,6,0,6,0,6,0,35,0,10,0,80,0,41,0,87,0
Zach,Frazier,Pittsburgh Steelers,C,West Virginia,24,84,8/29/01,75,310,1,54,1,Agile - C,69,0,56,0,71,0,87,0,88,0,88,0,17,0,23,0,5,0,9,0,30,0,13,0,30,0,54,0,5,0,12,0,33,0,86,0,88,0,10,0,14,0,22,0,10,0,92,0,8,0,9,0,84,0,84,0,84,0,83,0,6,0,32,0,15,0,8,0,27,0,12,0,88,0,89,0,86,0,Default Stride Awkward,0,10,0,11,0,64,0,10,0,22,0,31,0,5,0,6,0,7,0,5,0,22,0,15,0,97,0,30,0,9,0
Zach,Sieler,Miami Dolphins,DT,Ferris State,29,84,9/7/95,78,305,1,92,7,,74,0,73,0,72,0,82,0,89,0,88,0,25,0,86,0,12,0,23,0,29,0,20,0,36,0,58,0,4,0,83,0,83,0,86,0,89,0,33,0,12,0,15,0,10,0,18,0,18,0,8,0,84,0,45,0,45,0,45,0,6,0,90,0,73,0,20,0,83,0,15,0,45,0,45,0,45,0,Long Stride Loose,0,15,0,26,0,78,0,27,0,38,0,84,0,6,0,6,0,6,0,6,0,22,0,16,0,88,0,39,0,29,0
Alim,McNeill,Detroit Lions,DT,N.C. State,25,83,5/11/00,74,315,1,54,4,Power Rusher - DT,81,0,64,0,75,0,80,0,93,0,89,0,43,0,83,0,12,0,33,0,46,0,30,0,48,0,55,0,17,0,73,0,79,0,86,0,90,0,36,0,19,0,23,0,15,0,38,0,19,0,22,0,83,0,47,0,45,0,45,0,6,0,89,0,82,0,19,0,80,0,29,0,50,0,49,0,47,0,Long Stride Loose,0,27,0,33,0,75,0,32,0,50,0,83,0,6,0,6,0,6,0,6,0,21,0,10,0,88,0,56,0,27,0
Andrew,Van Ginkel,Minnesota Vikings,RE,Wisconsin,30,83,7/1/95,76,242,1,43,6,Smaller Speed Rusher - DE,88,0,82,0,90,0,86,0,74,0,89,0,46,0,77,0,12,0,12,0,58,0,37,0,70,0,73,0,5,0,83,0,79,0,77,0,89,0,30,0,19,0,15,0,13,0,18,0,64,0,5,0,83,0,45,0,45,0,45,0,6,0,87,0,72,0,46,0,85,0,33,0,45,0,45,0,45,0,Default Stride Loose,0,15,0,43,0,87,0,37,0,51,0,83,0,6,0,6,0,6,0,6,0,25,0,10,0,93,0,51,0,72,0
Ashton,Jeanty,Las Vegas Raiders,HB,Boise State,21,83,12/2/03,69,211,1,2,0,Elusive Back - HB,92,0,91,0,93,0,90,0,80,0,77,0,87,0,39,0,29,0,87,0,92,0,60,0,70,0,91,0,55,0,30,0,33,0,48,0,91,0,84,0,25,0,24,0,74,0,42,0,32,0,59,0,83,0,53,0,35,0,42,0,26,0,42,0,27,0,28,0,41,0,58,0,41,0,30,0,32,0,Default,0,65,0,61,0,90,0,79,0,86,0,37,0,18,0,21,0,24,0,21,0,31,0,27,0,93,0,86,0,35,0
Blake,Cashman,Minnesota Vikings,MLB,Minnesota,29,83,5/10/96,73,237,1,51,6,Field General - MLB,90,0,83,0,89,0,85,0,70,0,85,0,20,0,75,0,12,0,12,0,52,0,30,0,50,0,76,0,5,0,63,0,83,0,82,0,74,0,29,0,14,0,19,0,10,0,20,0,69,0,5,0,83,0,45,0,45,0,45,0,6,0,84,0,58,0,48,0,87,0,18,0,45,0,45,0,45,0,Default,0,15,0,27,0,88,0,27,0,24,0,89,0,6,0,6,0,6,0,6,0,25,0,10,0,82,0,25,0,75,0
Braden,Smith,Indianapolis Colts,RT,Auburn,29,83,3/25/96,78,315,0,72,7,Power - OT,69,0,58,0,81,0,90,0,92,0,91,0,17,0,20,0,12,0,8,0,29,0,10,0,19,0,52,0,5,0,10,0,62,0,84,0,87,0,10,0,14,0,14,0,15,0,88,0,10,0,5,0,83,0,77,0,75,0,80,0,6,0,22,0,20,0,10,0,27,0,15,0,90,0,92,0,88,0,Long Stride Awkward,0,10,0,12,0,67,0,10,0,15,0,55,0,6,0,6,0,6,0,6,0,22,0,15,0,93,0,29,0,17,0
Brandon,Jones,Denver Broncos,FS,Texas,27,83,4/2/98,73,191,1,22,5,Run Support - S,92,0,87,0,88,0,90,0,58,0,84,0,60,0,60,0,12,0,46,0,60,0,52,0,72,0,84,0,10,0,46,0,81,0,60,0,89,0,71,0,20,0,20,0,45,0,19,0,73,0,13,0,83,0,35,0,35,0,35,0,15,0,85,0,39,0,71,0,86,0,20,0,40,0,35,0,35,0,Default,0,15,0,63,0,89,0,62,0,47,0,77,0,10,0,10,0,15,0,15,0,25,0,20,0,93,0,20,0,79,0
Charles,Cross,Seattle Seahawks,LT,Mississippi St.,24,83,11/25/00,77,311,1,67,3,Pass Protector - OT,75,0,56,0,75,0,88,0,84,0,88,0,12,0,22,0,14,0,18,0,25,0,14,0,20,0,60,0,5,0,10,0,30,0,82,0,91,0,10,0,14,0,19,0,10,0,83,0,10,0,10,0,83,0,87,0,90,0,83,0,6,0,21,0,10,0,10,0,28,0,12,0,79,0,82,0,75,0,Default Stride Awkward,0,15,0,15,0,74,0,10,0,20,0,25,0,6,0,6,0,6,0,6,0,23,0,9,0,81,0,15,0,10,0
Chidobe,Awuzie,Baltimore Ravens,CB,Colorado,30,83,5/24/95,72,202,1,3,8,Zone - CB,93,0,86,0,91,0,91,0,69,0,86,0,67,0,54,0,14,0,54,0,68,0,57,0,72,0,85,0,16,0,51,0,79,0,47,0,87,0,78,0,22,0,26,0,69,0,17,0,82,0,23,0,83,0,35,0,35,0,35,0,6,0,86,0,36,0,78,0,77,0,27,0,35,0,35,0,35,0,Short Stride Default,0,34,0,71,0,90,0,68,0,42,0,65,0,6,0,6,0,6,0,6,0,32,0,12,0,84,0,32,0,84,0
Cooper,DeJean,Philadelphia Eagles,CB,Iowa,22,83,2/9/03,72,202,1,33,1,Zone - CB,91,0,90,0,91,0,92,0,65,0,85,0,82,0,61,0,59,0,73,0,70,0,70,0,80,0,86,0,53,0,36,0,74,0,58,0,91,0,74,0,26,0,25,0,80,0,35,0,76,0,56,0,83,0,35,0,33,0,35,0,44,0,84,0,31,0,79,0,79,0,58,0,44,0,35,0,35,0,Default Stride Loose,0,57,0,71,0,92,0,71,0,55,0,72,0,47,0,53,0,57,0,58,0,55,0,38,0,88,0,58,0,84,0
D.J.,Reed Jr,Detroit Lions,CB,Kansas State,28,83,11/11/96,69,188,1,4,7,Zone - CB,91,0,87,0,87,0,95,0,52,0,85,0,72,0,53,0,17,0,61,0,57,0,65,0,74,0,89,0,11,0,37,0,53,0,47,0,88,0,76,0,10,0,14,0,82,0,13,0,79,0,15,0,83,0,35,0,35,0,35,0,6,0,83,0,29,0,87,0,76,0,14,0,35,0,35,0,35,0,Long Stride Loose,0,21,0,64,0,90,0,70,0,42,0,68,0,5,0,10,0,15,0,6,0,22,0,12,0,75,0,29,0,86,0
Da'Ron,Payne,Washington Commanders,DT,Alabama,28,83,5/27/97,75,320,1,94,7,,81,0,63,0,71,0,83,0,95,0,84,0,37,0,86,0,12,0,32,0,46,0,23,0,46,0,55,0,3,0,73,0,77,0,90,0,97,0,27,0,14,0,17,0,10,0,34,0,23,0,7,0,83,0,45,0,45,0,45,0,6,0,86,0,78,0,13,0,82,0,25,0,45,0,45,0,45,0,Long Stride Loose,0,15,0,20,0,77,0,23,0,39,0,80,0,6,0,6,0,6,0,6,0,26,0,17,0,92,0,43,0,29,0
Daiyan,Henley,Los Angeles Chargers,ROLB,Wash. St.,25,83,11/18/99,73,225,1,0,2,Pass Coverage - OLB,91,0,82,0,89,0,91,0,65,0,84,0,75,0,70,0,12,0,62,0,64,0,68,0,72,0,78,0,45,0,59,0,79,0,68,0,90,0,71,0,44,0,51,0,60,0,26,0,73,0,51,0,83,0,40,0,40,0,40,0,6,0,85,0,49,0,72,0,87,0,62,0,45,0,45,0,45,0,Default Stride Loose,0,53,0,71,0,88,0,64,0,61,0,89,0,6,0,6,0,6,0,6,0,24,0,10,0,85,0,60,0,76,0
Damien,Lewis,Carolina Panthers,LG,LSU,28,83,3/21/97,74,327,1,68,5,Power - G,65,0,55,0,74,0,87,0,89,0,88,0,15,0,38,0,12,0,5,0,30,0,15,0,26,0,47,0,5,0,27,0,47,0,88,0,91,0,10,0,25,0,25,0,10,0,82,0,12,0,5,0,83,0,79,0,74,0,84,0,6,0,30,0,40,0,10,0,35,0,15,0,85,0,82,0,87,0,Default Stride Awkward,0,15,0,15,0,68,0,15,0,35,0,42,0,6,0,6,0,6,0,6,0,26,0,12,0,94,0,40,0,15,0
De'Von,Achane,Miami Dolphins,HB,Texas AM,23,83,10/13/01,69,188,1,28,2,Elusive Back - HB,94,0,91,0,82,0,84,0,68,0,78,0,84,0,28,0,33,0,78,0,93,0,54,0,76,0,90,0,57,0,10,0,23,0,37,0,90,0,83,0,13,0,18,0,81,0,33,0,13,0,61,0,83,0,45,0,24,0,30,0,28,0,20,0,10,0,14,0,39,0,56,0,32,0,29,0,23,0,Default,0,68,0,54,0,96,0,76,0,69,0,30,0,30,0,35,0,40,0,34,0,44,0,27,0,87,0,69,0,19,0
Deebo,Samuel Sr,Washington Commanders,WR,South Carolina,29,83,1/15/96,72,215,1,1,6,,90,0,89,0,94,0,95,0,80,0,81,0,94,0,43,0,30,0,85,0,71,0,86,0,86,0,89,0,79,0,11,0,39,0,46,0,88,0,91,0,12,0,15,0,85,0,25,0,21,0,82,0,83,0,38,0,16,0,21,0,23,0,34,0,11,0,16,0,48,0,82,0,53,0,21,0,26,0,Default,0,83,0,90,0,91,0,84,0,88,0,46,0,21,0,27,0,32,0,34,0,44,0,25,0,90,0,83,0,29,0
Dominick,Puni,San Francisco 49ers,RG,Kansas,25,83,2/24/00,77,320,1,77,1,Power - G,64,0,68,0,74,0,85,0,91,0,82,0,32,0,42,0,19,0,31,0,43,0,22,0,44,0,63,0,15,0,31,0,53,0,84,0,91,0,24,0,21,0,19,0,5,0,91,0,9,0,21,0,83,0,77,0,73,0,81,0,13,0,38,0,33,0,7,0,39,0,19,0,88,0,88,0,89,0,Default Stride Awkward,0,22,0,21,0,61,0,23,0,34,0,46,0,13,0,21,0,22,0,12,0,24,0,11,0,88,0,33,0,9,0
George,Pickens,Dallas Cowboys,WR,Georgia,24,83,3/4/01,75,200,1,3,3,Slot - WR,94,0,92,0,96,0,88,0,61,0,83,0,84,0,22,0,20,0,73,0,72,0,91,0,86,0,91,0,83,0,11,0,18,0,49,0,85,0,80,0,16,0,19,0,74,0,29,0,12,0,83,0,83,0,32,0,25,0,21,0,6,0,15,0,11,0,16,0,31,0,76,0,53,0,38,0,34,0,Default,0,84,0,98,0,91,0,78,0,46,0,24,0,6,0,10,0,15,0,10,0,28,0,15,0,79,0,37,0,17,0
Hunter,Henry,New England Patriots,TE,Arkansas,30,83,12/7/94,77,250,1,85,9,Possession - TE,84,0,76,0,84,0,89,0,75,0,91,0,78,0,46,0,15,0,56,0,75,0,86,0,93,0,71,0,64,0,17,0,27,0,73,0,88,0,69,0,19,0,21,0,18,0,58,0,14,0,68,0,83,0,60,0,58,0,59,0,6,0,22,0,17,0,17,0,43,0,74,0,66,0,61,0,65,0,Default,0,71,0,85,0,83,0,54,0,69,0,42,0,6,0,10,0,15,0,10,0,28,0,10,0,93,0,78,0,21,0
Isiah,Pacheco,Kansas City Chiefs,HB,Rutgers,25,83,3/2/00,70,216,1,10,3,Elusive Back - HB,95,0,86,0,84,0,91,0,80,0,83,0,86,0,37,0,32,0,83,0,95,0,47,0,72,0,83,0,49,0,18,0,42,0,42,0,88,0,84,0,14,0,22,0,80,0,30,0,19,0,56,0,83,0,54,0,33,0,38,0,24,0,26,0,13,0,23,0,40,0,50,0,34,0,27,0,20,0,None,0,63,0,46,0,93,0,78,0,78,0,37,0,22,0,27,0,34,0,33,0,38,0,26,0,89,0,86,0,32,0
Jakobi,Meyers,Las Vegas Raiders,WR,N.C. State,28,83,11/8/96,74,200,1,16,6,Slot - WR,91,0,87,0,87,0,90,0,62,0,82,0,81,0,35,0,38,0,73,0,73,0,92,0,94,0,84,0,78,0,10,0,28,0,47,0,91,0,82,0,31,0,45,0,65,0,30,0,24,0,84,0,83,0,37,0,29,0,30,0,43,0,32,0,10,0,23,0,43,0,72,0,51,0,30,0,35,0,Default Stride Loose,0,83,0,87,0,89,0,71,0,47,0,39,0,48,0,52,0,57,0,58,0,75,0,50,0,84,0,50,0,32,0
Jalen,Pitre,Houston Texans,FS,Baylor,26,83,6/3/99,71,198,1,5,3,Zone - S,93,0,91,0,84,0,92,0,62,0,83,0,72,0,52,0,15,0,52,0,63,0,58,0,75,0,89,0,20,0,48,0,77,0,55,0,90,0,72,0,32,0,34,0,45,0,25,0,78,0,25,0,83,0,35,0,35,0,35,0,11,0,86,0,38,0,66,0,84,0,24,0,35,0,35,0,35,0,Default,0,30,0,63,0,90,0,66,0,40,0,62,0,11,0,12,0,15,0,14,0,23,0,12,0,82,0,35,0,84,0
Jaquan,Brisker,Chicago Bears,SS,Penn State,26,83,4/20/99,73,200,1,9,3,Run Support - S,91,0,86,0,91,0,92,0,68,0,83,0,69,0,64,0,19,0,58,0,60,0,53,0,71,0,84,0,26,0,45,0,88,0,67,0,87,0,74,0,17,0,19,0,68,0,23,0,69,0,29,0,83,0,35,0,35,0,35,0,6,0,82,0,40,0,64,0,87,0,31,0,35,0,35,0,35,0,Long Stride Default,0,34,0,68,0,89,0,65,0,47,0,80,0,6,0,6,0,6,0,6,0,29,0,11,0,89,0,44,0,74,0
Jeremiah,Owusu-Koramoah,Cleveland Browns,ROLB,Notre Dame,25,83,11/4/99,74,221,1,6,4,Pass Coverage - OLB,91,0,88,0,87,0,88,0,65,0,85,0,61,0,69,0,41,0,48,0,57,0,53,0,72,0,79,0,23,0,65,0,85,0,76,0,88,0,55,0,17,0,18,0,35,0,18,0,70,0,29,0,83,0,45,0,45,0,45,0,29,0,85,0,51,0,48,0,93,0,31,0,45,0,45,0,45,0,Default Stride Loose,0,34,0,56,0,88,0,53,0,40,0,83,0,30,0,36,0,40,0,47,0,43,0,32,0,88,0,38,0,75,0
Jeremy,Chinn,Las Vegas Raiders,SS,S. Illinois,27,83,2/26/98,75,220,1,11,5,Run Support - S,91,0,86,0,92,0,90,0,70,0,85,0,62,0,56,0,15,0,43,0,68,0,58,0,70,0,85,0,10,0,56,0,86,0,57,0,89,0,70,0,11,0,14,0,48,0,20,0,71,0,22,0,83,0,35,0,35,0,35,0,6,0,81,0,46,0,75,0,85,0,20,0,35,0,35,0,35,0,Long Stride Default,0,30,0,67,0,91,0,56,0,43,0,77,0,6,0,6,0,6,0,6,0,23,0,18,0,93,0,48,0,76,0
Jevon,Holland,NY Giants,FS,Oregon,25,83,3/3/00,73,210,1,8,4,Zone - S,93,0,84,0,87,0,93,0,65,0,85,0,75,0,59,0,10,0,43,0,67,0,69,0,79,0,86,0,40,0,48,0,82,0,64,0,92,0,77,0,15,0,11,0,71,0,24,0,82,0,41,0,83,0,35,0,35,0,35,0,15,0,82,0,40,0,69,0,81,0,46,0,35,0,35,0,35,0,Default Stride Loose,0,44,0,75,0,91,0,64,0,34,0,71,0,10,0,10,0,15,0,15,0,23,0,11,0,84,0,33,0,83,0
Jimmie,Ward,Houston Texans,SS,N. Illinois,34,83,7/18/91,71,195,1,20,11,Zone - S,88,0,84,0,90,0,92,0,54,0,86,0,62,0,48,0,10,0,34,0,65,0,55,0,74,0,80,0,10,0,59,0,86,0,54,0,85,0,64,0,19,0,23,0,35,0,11,0,74,0,13,0,83,0,35,0,35,0,35,0,6,0,84,0,51,0,82,0,85,0,15,0,35,0,35,0,35,0,Default Stride Loose,0,15,0,61,0,89,0,60,0,47,0,80,0,6,0,6,0,6,0,6,0,28,0,16,0,85,0,61,0,81,0
Jonathan,Greenard,Minnesota Vikings,LE,Florida,28,83,5/25/97,75,263,1,58,5,Smaller Speed Rusher - DE,85,0,82,0,75,0,80,0,81,0,89,0,48,0,83,0,16,0,24,0,56,0,47,0,63,0,73,0,19,0,85,0,81,0,86,0,85,0,47,0,18,0,21,0,20,0,27,0,42,0,21,0,83,0,45,0,45,0,45,0,6,0,88,0,74,0,44,0,85,0,29,0,45,0,45,0,45,0,Long Stride Bread Loaf,0,31,0,47,0,83,0,43,0,44,0,83,0,6,0,6,0,6,0,6,0,23,0,11,0,82,0,32,0,52,0
Jordan,Love,Green Bay Packers,QB,Utah State,26,83,11/2/98,76,219,1,10,5,Field General - QB,86,0,77,0,85,0,89,0,62,0,84,0,77,0,26,0,77,0,53,0,67,0,15,0,21,0,71,0,13,0,10,0,23,0,21,0,89,0,65,0,27,0,42,0,12,0,16,0,16,0,14,0,83,0,18,0,17,0,15,0,83,0,16,0,10,0,12,0,31,0,14,0,19,0,15,0,18,0,Long Stride Loose,0,15,0,16,0,84,0,49,0,61,0,26,0,86,0,85,0,91,0,89,0,92,0,90,0,89,0,51,0,20,0
Kenny,Clark,Green Bay Packers,DT,UCLA,29,83,10/4/95,75,314,1,97,9,,75,0,62,0,71,0,85,0,91,0,86,0,27,0,83,0,12,0,14,0,34,0,22,0,24,0,57,0,3,0,66,0,82,0,90,0,91,0,24,0,17,0,17,0,9,0,36,0,33,0,5,0,83,0,44,0,45,0,44,0,6,0,87,0,75,0,13,0,84,0,15,0,45,0,45,0,46,0,Long Stride Loose,0,13,0,24,0,72,0,17,0,27,0,87,0,6,0,6,0,6,0,6,0,23,0,18,0,92,0,35,0,38,0
Logan,Cooke,Jacksonville Jaguars,P,Mississippi St.,30,83,7/28/95,77,230,1,9,7,Power - KP,67,0,50,0,61,0,86,0,56,0,70,0,16,0,26,0,25,0,20,0,41,0,15,0,39,0,45,0,15,0,10,0,25,0,24,0,87,0,14,0,91,0,95,0,10,0,17,0,13,0,15,0,83,0,21,0,21,0,21,0,17,0,16,0,10,0,10,0,40,0,17,0,21,0,21,0,21,0,Default Stride Loose,0,15,0,15,0,72,0,10,0,19,0,33,0,16,0,20,0,26,0,19,0,43,0,18,0,71,0,17,0,16,0
Michael,Dickson,Seattle Seahawks,P,Texas,29,83,1/4/96,74,208,1,4,7,Power - KP,74,0,65,0,31,0,86,0,47,0,71,0,19,0,28,0,15,0,12,0,38,0,15,0,26,0,54,0,15,0,10,0,17,0,16,0,90,0,24,0,90,0,96,0,10,0,16,0,11,0,15,0,83,0,17,0,17,0,17,0,18,0,17,0,10,0,10,0,38,0,15,0,16,0,16,0,16,0,Default Stride Loose,0,15,0,15,0,77,0,16,0,10,0,30,0,18,0,24,0,29,0,22,0,36,0,20,0,72,0,12,0,16,0
Nick,Bolton,Kansas City Chiefs,MLB,Missouri,25,83,3/10/00,71,237,1,32,4,Run Stopper - MLB,84,0,74,0,78,0,95,0,74,0,89,0,32,0,77,0,17,0,21,0,54,0,34,0,64,0,72,0,6,0,49,0,87,0,81,0,94,0,42,0,11,0,20,0,10,0,17,0,65,0,10,0,83,0,45,0,45,0,45,0,6,0,88,0,61,0,48,0,94,0,15,0,45,0,45,0,45,0,Default Stride Awkward,0,20,0,37,0,87,0,38,0,31,0,88,0,6,0,6,0,6,0,6,0,13,0,16,0,89,0,29,0,66,0
Patrick,Ricard,Baltimore Ravens,FB,Maine,31,83,5/27/94,75,305,1,42,8,Blocking - FB,75,0,72,0,81,0,88,0,88,0,83,0,64,0,72,0,12,0,56,0,68,0,45,0,69,0,61,0,35,0,66,0,79,0,79,0,84,0,62,0,17,0,17,0,9,0,99,0,53,0,43,0,83,0,70,0,49,0,54,0,6,0,74,0,74,0,36,0,72,0,42,0,72,0,58,0,62,0,Default Stride Loose,0,54,0,40,0,71,0,58,0,69,0,79,0,6,0,6,0,6,0,6,0,23,0,17,0,90,0,68,0,58,0
Rashee,Rice,Kansas City Chiefs,WR,SMU,25,83,4/22/00,74,203,1,4,2,Slot - WR,92,0,85,0,92,0,89,0,71,0,85,0,88,0,32,0,25,0,80,0,72,0,82,0,94,0,87,0,80,0,10,0,28,0,50,0,90,0,80,0,20,0,25,0,40,0,32,0,11,0,84,0,83,0,37,0,29,0,30,0,10,0,15,0,10,0,10,0,32,0,86,0,58,0,30,0,35,0,Long Stride Default,0,87,0,84,0,90,0,78,0,69,0,32,0,15,0,20,0,30,0,15,0,47,0,18,0,88,0,62,0,16,0
Ryan,Kelly,Minnesota Vikings,C,Alabama,32,83,5/30/93,76,307,1,78,9,Pass Protector - C,70,0,66,0,74,0,89,0,85,0,96,0,26,0,26,0,12,0,7,0,25,0,19,0,29,0,57,0,5,0,13,0,38,0,83,0,92,0,20,0,20,0,20,0,9,0,78,0,12,0,5,0,83,0,83,0,82,0,84,0,6,0,19,0,12,0,8,0,31,0,15,0,79,0,82,0,77,0,Default Stride Awkward,0,13,0,15,0,69,0,16,0,24,0,32,0,6,0,6,0,6,0,6,0,24,0,12,0,90,0,29,0,14,0
Von,Miller,Washington Commanders,RE,Texas AM,36,83,3/26/89,75,250,1,24,14,Smaller Speed Rusher - DE,84,0,83,0,83,0,82,0,84,0,87,0,40,0,82,0,12,0,20,0,65,0,20,0,51,0,72,0,5,0,81,0,89,0,92,0,90,0,53,0,15,0,21,0,10,0,29,0,49,0,5,0,83,0,45,0,45,0,45,0,6,0,86,0,75,0,62,0,87,0,33,0,45,0,45,0,45,0,Default Stride Loose,0,15,0,41,0,84,0,46,0,35,0,87,0,6,0,6,0,6,0,6,0,19,0,13,0,88,0,41,0,60,0
Braden,Fiske,Los Angeles Rams,DT,Florida State,25,82,1/18/00,77,297,1,55,1,Power Rusher - DT,82,0,67,0,81,0,83,0,93,0,88,0,50,0,80,0,12,0,40,0,33,0,17,0,45,0,69,0,3,0,77,0,80,0,83,0,89,0,51,0,19,0,20,0,9,0,12,0,39,0,7,0,82,0,45,0,45,0,45,0,6,0,86,0,80,0,22,0,81,0,17,0,45,0,45,0,44,0,Long Stride Awkward,0,14,0,17,0,80,0,39,0,41,0,82,0,6,0,6,0,6,0,6,0,22,0,14,0,89,0,49,0,51,0
Calais,Campbell,Arizona Cardinals,DT,Miami,39,82,9/1/86,80,295,1,93,17,,72,0,73,0,82,0,79,0,89,0,82,0,20,0,90,0,12,0,16,0,46,0,10,0,41,0,60,0,2,0,70,0,83,0,91,0,94,0,15,0,30,0,30,0,10,0,19,0,20,0,3,0,82,0,45,0,45,0,45,0,6,0,83,0,78,0,35,0,81,0,12,0,45,0,45,0,45,0,Default Stride Awkward,0,10,0,15,0,72,0,15,0,45,0,81,0,6,0,6,0,6,0,6,0,35,0,14,0,89,0,41,0,27,0
Camryn,Bynum,Indianapolis Colts,SS,California,27,82,7/19/98,72,200,1,0,4,Run Support - S,89,0,83,0,82,0,92,0,66,0,83,0,72,0,54,0,15,0,43,0,59,0,55,0,74,0,87,0,33,0,42,0,73,0,60,0,91,0,72,0,11,0,10,0,52,0,20,0,71,0,35,0,82,0,35,0,35,0,35,0,6,0,84,0,36,0,72,0,88,0,46,0,35,0,35,0,35,0,Default Stride Loose,0,41,0,66,0,86,0,67,0,29,0,82,0,6,0,6,0,6,0,6,0,24,0,10,0,85,0,28,0,76,0
Cole,Kmet,Chicago Bears,TE,Notre Dame,26,82,3/10/99,78,260,0,85,5,Vertical Threat - TE,85,0,73,0,86,0,93,0,76,0,84,0,71,0,56,0,15,0,60,0,73,0,84,0,97,0,71,0,66,0,51,0,48,0,69,0,95,0,61,0,15,0,24,0,15,0,57,0,27,0,70,0,82,0,61,0,58,0,61,0,15,0,38,0,42,0,27,0,58,0,74,0,63,0,63,0,61,0,Long Stride Default,0,73,0,86,0,85,0,53,0,70,0,48,0,14,0,17,0,19,0,16,0,39,0,15,0,90,0,75,0,33,0
Corey,Bojorquez,Cleveland Browns,P,New Mexico,29,82,9/13/95,72,217,0,13,7,Power - KP,74,0,63,0,44,0,86,0,41,0,68,0,15,0,24,0,16,0,10,0,33,0,10,0,24,0,52,0,10,0,10,0,15,0,18,0,87,0,10,0,87,0,97,0,10,0,14,0,12,0,12,0,82,0,17,0,17,0,19,0,14,0,13,0,10,0,10,0,25,0,12,0,19,0,18,0,18,0,Default,0,14,0,12,0,70,0,10,0,15,0,28,0,20,0,25,0,30,0,19,0,34,0,20,0,61,0,17,0,17,0
Darren,Waller,Miami Dolphins,TE,Georgia Tech,32,82,9/13/92,78,245,1,83,8,Vertical Threat - TE,88,0,83,0,88,0,91,0,70,0,85,0,88,0,35,0,13,0,73,0,74,0,82,0,85,0,80,0,70,0,10,0,15,0,56,0,79,0,77,0,14,0,22,0,22,0,41,0,10,0,72,0,82,0,60,0,58,0,62,0,6,0,15,0,10,0,15,0,37,0,75,0,59,0,55,0,59,0,Default Stride Loose,0,75,0,83,0,88,0,72,0,67,0,32,0,6,0,10,0,15,0,10,0,35,0,10,0,78,0,74,0,20,0
DeAndre,Hopkins,Baltimore Ravens,WR,Clemson,33,82,6/6/92,73,212,1,10,12,Physical - WR,86,0,87,0,92,0,95,0,75,0,80,0,90,0,45,0,22,0,83,0,72,0,89,0,90,0,84,0,81,0,32,0,35,0,49,0,93,0,88,0,20,0,20,0,72,0,29,0,32,0,81,0,82,0,44,0,25,0,27,0,15,0,28,0,30,0,40,0,30,0,86,0,54,0,35,0,37,0,Short Stride Loose,0,82,0,92,0,89,0,84,0,80,0,52,0,10,0,10,0,15,0,15,0,35,0,23,0,97,0,59,0,35,0
Deommodore,Lenoir,San Francisco 49ers,CB,Oregon,25,82,10/6/99,70,200,1,2,4,Zone - CB,93,0,83,0,83,0,90,0,59,0,83,0,69,0,44,0,10,0,49,0,59,0,53,0,73,0,81,0,30,0,38,0,78,0,53,0,91,0,74,0,17,0,22,0,64,0,28,0,76,0,32,0,82,0,37,0,37,0,37,0,6,0,82,0,34,0,78,0,76,0,41,0,35,0,35,0,35,0,Short Stride Loose,0,35,0,56,0,91,0,67,0,41,0,69,0,6,0,6,0,6,0,6,0,25,0,10,0,87,0,42,0,85,0
DeShon,Elliott,Pittsburgh Steelers,SS,Texas,28,82,4/21/97,73,210,1,25,7,Run Support - S,88,0,79,0,86,0,88,0,57,0,85,0,63,0,57,0,15,0,41,0,66,0,58,0,76,0,79,0,10,0,52,0,83,0,67,0,86,0,70,0,17,0,18,0,35,0,22,0,67,0,10,0,82,0,35,0,35,0,35,0,6,0,83,0,44,0,73,0,84,0,25,0,35,0,35,0,35,0,Default Stride Loose,0,20,0,60,0,88,0,56,0,56,0,84,0,6,0,6,0,6,0,6,0,24,0,15,0,85,0,42,0,76,0
Grady,Jarrett,Chicago Bears,DT,Clemson,32,82,4/28/93,72,305,1,50,10,,76,0,68,0,76,0,82,0,90,0,85,0,15,0,84,0,12,0,10,0,40,0,15,0,30,0,59,0,3,0,69,0,86,0,90,0,82,0,10,0,25,0,25,0,10,0,37,0,25,0,7,0,82,0,45,0,45,0,45,0,6,0,83,0,78,0,15,0,83,0,15,0,45,0,45,0,45,0,Default Stride Awkward,0,15,0,15,0,72,0,10,0,35,0,86,0,6,0,6,0,6,0,6,0,26,0,18,0,82,0,20,0,29,0
Harrison,Butker,Kansas City Chiefs,K,Georgia Tech,30,82,7/14/95,76,199,1,7,8,Accurate - KP,76,0,54,0,65,0,82,0,44,0,70,0,28,0,12,0,14,0,14,0,26,0,10,0,30,0,46,0,10,0,10,0,12,0,15,0,86,0,28,0,91,0,96,0,10,0,15,0,15,0,10,0,82,0,19,0,15,0,16,0,20,0,17,0,10,0,10,0,12,0,12,0,18,0,20,0,15,0,Default Stride Awkward,0,10,0,12,0,74,0,15,0,16,0,15,0,25,0,25,0,33,0,20,0,27,0,24,0,63,0,17,0,15,0
J.K.,Dobbins,Denver Broncos,HB,Ohio State,26,82,12/17/98,70,212,1,27,5,Elusive Back - HB,91,0,86,0,90,0,87,0,74,0,80,0,86,0,29,0,27,0,84,0,91,0,56,0,66,0,87,0,43,0,12,0,31,0,42,0,78,0,89,0,16,0,19,0,60,0,39,0,13,0,56,0,82,0,58,0,34,0,31,0,15,0,14,0,11,0,17,0,35,0,54,0,41,0,26,0,33,0,Default,0,63,0,52,0,90,0,83,0,84,0,30,0,15,0,25,0,30,0,19,0,32,0,16,0,84,0,79,0,17,0
Jaelan,Phillips,Miami Dolphins,LE,Miami,26,82,5/28/99,77,263,1,15,4,Smaller Speed Rusher - DE,90,0,85,0,87,0,83,0,83,0,80,0,32,0,80,0,11,0,16,0,39,0,21,0,39,0,76,0,12,0,82,0,77,0,83,0,83,0,35,0,14,0,19,0,10,0,13,0,40,0,16,0,82,0,45,0,45,0,45,0,6,0,80,0,78,0,27,0,84,0,23,0,45,0,45,0,45,0,Long Stride Loose,0,22,0,21,0,86,0,31,0,32,0,84,0,6,0,6,0,6,0,6,0,18,0,15,0,76,0,30,0,48,0
Jameson,Williams,Detroit Lions,WR,Alabama,24,82,3/26/01,74,189,1,1,3,,96,0,95,0,82,0,81,0,63,0,80,0,93,0,25,0,21,0,75,0,68,0,77,0,84,0,94,0,81,0,10,0,22,0,42,0,91,0,86,0,17,0,18,0,82,0,23,0,15,0,80,0,82,0,25,0,22,0,19,0,13,0,16,0,10,0,14,0,33,0,73,0,42,0,26,0,21,0,Short Stride Loose,0,77,0,80,0,98,0,78,0,52,0,26,0,6,0,10,0,15,0,17,0,31,0,18,0,86,0,44,0,22,0
Joe,Alt,Los Angeles Chargers,RT,Notre Dame,22,82,2/28/03,81,321,1,76,1,Power - OT,77,0,72,0,70,0,88,0,89,0,83,0,45,0,35,0,49,0,35,0,59,0,54,0,57,0,63,0,25,0,36,0,45,0,87,0,98,0,39,0,14,0,15,0,15,0,87,0,15,0,35,0,82,0,84,0,81,0,85,0,31,0,32,0,34,0,14,0,24,0,47,0,85,0,85,0,85,0,Long Stride Awkward,0,42,0,56,0,71,0,40,0,57,0,44,0,38,0,43,0,45,0,35,0,54,0,31,0,95,0,48,0,13,0
John,Simpson,NY Jets,LG,Clemson,28,82,8/19/97,76,324,1,76,5,Power - G,67,0,51,0,74,0,89,0,92,0,86,0,22,0,27,0,12,0,12,0,42,0,15,0,32,0,49,0,6,0,10,0,38,0,86,0,89,0,10,0,22,0,35,0,10,0,83,0,12,0,10,0,82,0,82,0,77,0,84,0,6,0,17,0,27,0,10,0,27,0,15,0,83,0,80,0,85,0,Default Stride Awkward,0,20,0,15,0,70,0,20,0,35,0,31,0,6,0,6,0,6,0,6,0,14,0,15,0,90,0,25,0,12,0
Josh,Metellus,Minnesota Vikings,SS,Michigan,27,82,1/21/98,71,207,1,44,5,Run Support - S,88,0,83,0,87,0,91,0,66,0,83,0,53,0,64,0,10,0,44,0,62,0,52,0,68,0,80,0,10,0,47,0,85,0,62,0,91,0,72,0,15,0,25,0,50,0,15,0,64,0,13,0,82,0,35,0,35,0,35,0,15,0,82,0,40,0,64,0,88,0,12,0,35,0,35,0,35,0,Default,0,15,0,58,0,89,0,59,0,40,0,85,0,10,0,10,0,15,0,15,0,20,0,17,0,87,0,25,0,72,0
Kaden,Elliss,Atlanta Falcons,MLB,Idaho,30,82,7/10/95,74,238,1,55,6,Run Stopper - MLB,87,0,85,0,83,0,90,0,75,0,88,0,49,0,75,0,38,0,33,0,65,0,50,0,52,0,75,0,7,0,70,0,85,0,78,0,90,0,56,0,15,0,19,0,15,0,19,0,58,0,13,0,82,0,45,0,45,0,45,0,33,0,87,0,60,0,45,0,88,0,20,0,45,0,45,0,45,0,Default Stride Loose,0,23,0,53,0,86,0,42,0,36,0,88,0,37,0,41,0,46,0,44,0,66,0,47,0,87,0,38,0,67,0
Khalil,Shakir,Buffalo Bills,WR,Boise State,25,82,2/3/00,72,190,1,10,3,Slot - WR,93,0,85,0,89,0,87,0,63,0,87,0,89,0,27,0,26,0,81,0,74,0,82,0,94,0,86,0,79,0,10,0,21,0,40,0,88,0,88,0,15,0,19,0,76,0,21,0,11,0,84,0,82,0,29,0,25,0,20,0,21,0,16,0,10,0,14,0,28,0,74,0,42,0,27,0,23,0,Default,0,82,0,85,0,90,0,77,0,48,0,25,0,21,0,27,0,31,0,29,0,39,0,27,0,80,0,45,0,17,0
Kyler,Gordon,Chicago Bears,CB,Washington,25,82,12/17/99,72,200,1,6,3,Zone - CB,92,0,93,0,93,0,90,0,66,0,86,0,61,0,46,0,20,0,55,0,58,0,50,0,71,0,92,0,34,0,47,0,66,0,50,0,92,0,75,0,20,0,17,0,50,0,22,0,77,0,37,0,82,0,35,0,35,0,35,0,18,0,87,0,38,0,73,0,77,0,39,0,35,0,35,0,35,0,Default Stride Loose,0,42,0,69,0,88,0,68,0,32,0,63,0,12,0,15,0,20,0,22,0,23,0,16,0,79,0,35,0,83,0
Logan,Wilson,Cincinnati Bengals,MLB,Wyoming,29,82,7/8/96,74,245,1,55,5,Field General - MLB,88,0,82,0,78,0,94,0,74,0,84,0,48,0,72,0,30,0,33,0,60,0,48,0,77,0,76,0,29,0,52,0,82,0,86,0,89,0,47,0,55,0,70,0,10,0,13,0,66,0,36,0,82,0,45,0,45,0,45,0,11,0,82,0,57,0,49,0,90,0,28,0,45,0,45,0,45,0,Default,0,41,0,65,0,86,0,40,0,39,0,88,0,12,0,16,0,21,0,25,0,30,0,26,0,90,0,44,0,73,0
Luke,Goedeke,Tampa Bay Buccaneers,RT,Central Michigan,26,82,11/21/98,77,312,1,67,3,Power - OT,67,0,64,0,76,0,89,0,88,0,83,0,41,0,29,0,10,0,34,0,48,0,40,0,47,0,57,0,29,0,27,0,30,0,89,0,90,0,26,0,25,0,23,0,10,0,88,0,10,0,38,0,82,0,85,0,82,0,88,0,6,0,33,0,32,0,10,0,34,0,33,0,86,0,88,0,83,0,Default Stride Awkward,0,43,0,41,0,63,0,24,0,35,0,35,0,6,0,6,0,6,0,6,0,30,0,6,0,85,0,37,0,12,0
Michael,Pittman Jr,Indianapolis Colts,WR,USC,27,82,10/5/97,76,223,1,11,5,Physical - WR,87,0,84,0,94,0,91,0,71,0,81,0,83,0,41,0,31,0,78,0,71,0,89,0,89,0,83,0,78,0,10,0,42,0,56,0,88,0,77,0,15,0,22,0,76,0,42,0,14,0,80,0,82,0,43,0,30,0,35,0,28,0,16,0,10,0,20,0,40,0,83,0,58,0,32,0,38,0,Default,0,81,0,93,0,89,0,71,0,75,0,55,0,28,0,33,0,39,0,39,0,48,0,29,0,92,0,68,0,20,0
Mike,Onwenu,New England Patriots,RG,Michigan,27,82,12/10/97,75,350,1,71,5,Power - G,54,0,55,0,65,0,86,0,91,0,86,0,24,0,22,0,12,0,20,0,29,0,24,0,26,0,47,0,6,0,12,0,30,0,91,0,91,0,18,0,16,0,15,0,10,0,81,0,17,0,10,0,82,0,81,0,75,0,86,0,8,0,22,0,22,0,15,0,31,0,15,0,82,0,78,0,84,0,Default Stride Awkward,0,18,0,18,0,66,0,20,0,30,0,25,0,6,0,6,0,6,0,6,0,21,0,12,0,85,0,29,0,22,0
Mike,McGlinchey,Denver Broncos,RT,Notre Dame,30,82,1/12/95,80,315,1,69,7,Power - OT,67,0,67,0,71,0,93,0,88,0,89,0,10,0,32,0,12,0,11,0,33,0,17,0,28,0,49,0,8,0,10,0,38,0,84,0,88,0,10,0,12,0,15,0,10,0,85,0,11,0,10,0,82,0,77,0,74,0,81,0,6,0,20,0,10,0,10,0,27,0,14,0,88,0,89,0,87,0,Long Stride Awkward,0,15,0,15,0,71,0,10,0,10,0,32,0,6,0,6,0,6,0,6,0,11,0,15,0,95,0,22,0,13,0
Najee,Harris,Los Angeles Chargers,HB,Alabama,27,82,3/9/98,73,242,1,22,4,Power Back - HB,90,0,85,0,95,0,88,0,82,0,77,0,82,0,36,0,42,0,87,0,95,0,58,0,67,0,87,0,51,0,21,0,40,0,55,0,95,0,85,0,15,0,18,0,53,0,49,0,21,0,59,0,82,0,60,0,34,0,37,0,32,0,32,0,24,0,24,0,42,0,58,0,50,0,40,0,41,0,Long Stride Default,0,66,0,60,0,88,0,79,0,91,0,44,0,26,0,37,0,43,0,37,0,43,0,26,0,93,0,87,0,26,0
Odafe,Oweh,Baltimore Ravens,RE,Penn State,26,82,12/15/98,77,257,1,99,4,Power Rusher - DE,90,0,86,0,93,0,79,0,80,0,81,0,46,0,78,0,17,0,35,0,48,0,41,0,54,0,75,0,19,0,70,0,83,0,85,0,89,0,44,0,26,0,29,0,10,0,27,0,45,0,26,0,82,0,45,0,45,0,45,0,6,0,79,0,83,0,28,0,85,0,32,0,45,0,45,0,45,0,Long Stride Loose,0,29,0,42,0,89,0,39,0,37,0,85,0,6,0,6,0,10,0,6,0,22,0,13,0,79,0,35,0,53,0
Patrick,Queen,Pittsburgh Steelers,MLB,LSU,26,82,8/13/99,72,237,1,6,5,Field General - MLB,89,0,85,0,84,0,92,0,73,0,87,0,71,0,74,0,12,0,52,0,73,0,50,0,71,0,78,0,37,0,65,0,91,0,78,0,92,0,72,0,20,0,20,0,15,0,23,0,64,0,48,0,82,0,45,0,45,0,45,0,6,0,86,0,57,0,53,0,92,0,38,0,45,0,45,0,45,0,Default Stride High and Tight,0,55,0,55,0,88,0,60,0,52,0,85,0,6,0,6,0,6,0,6,0,27,0,13,0,90,0,64,0,68,0
Paulson,Adebo,NY Giants,CB,Stanford,26,82,7/3/99,73,192,1,21,4,Zone - CB,91,0,92,0,87,0,91,0,64,0,82,0,71,0,50,0,10,0,51,0,63,0,61,0,78,0,87,0,28,0,44,0,61,0,44,0,91,0,70,0,31,0,32,0,46,0,15,0,77,0,34,0,82,0,35,0,35,0,35,0,6,0,81,0,37,0,87,0,73,0,38,0,35,0,35,0,35,0,Default Stride Loose,0,37,0,70,0,91,0,66,0,33,0,67,0,6,0,6,0,6,0,6,0,30,0,16,0,85,0,41,0,84,0
Quincy,Williams,NY Jets,ROLB,Murray State,29,82,8/28/96,71,225,1,56,6,Pass Coverage - OLB,89,0,77,0,89,0,94,0,67,0,85,0,35,0,68,0,12,0,18,0,44,0,33,0,63,0,74,0,5,0,58,0,89,0,73,0,89,0,38,0,19,0,19,0,10,0,26,0,64,0,6,0,82,0,21,0,43,0,44,0,6,0,84,0,49,0,50,0,91,0,18,0,29,0,44,0,44,0,Default Stride Loose,0,15,0,48,0,88,0,32,0,39,0,89,0,6,0,6,0,6,0,6,0,25,0,13,0,87,0,30,0,76,0
Rashan,Gary,Green Bay Packers,LE,Michigan,27,82,12/3/97,77,277,1,52,6,Run Stopper - DE,88,0,78,0,89,0,82,0,83,0,87,0,27,0,82,0,12,0,20,0,32,0,18,0,30,0,71,0,6,0,69,0,78,0,86,0,90,0,33,0,10,0,10,0,10,0,15,0,39,0,10,0,82,0,45,0,45,0,45,0,6,0,84,0,79,0,30,0,87,0,14,0,45,0,45,0,45,0,Long Stride Default,0,14,0,16,0,85,0,24,0,30,0,87,0,6,0,6,0,6,0,6,0,23,0,14,0,84,0,24,0,49,0
Robert,Spillane,New England Patriots,ROLB,W. Michigan,29,82,12/14/95,73,229,1,14,7,Pass Coverage - OLB,86,0,77,0,79,0,91,0,71,0,90,0,43,0,71,0,12,0,31,0,60,0,42,0,74,0,72,0,5,0,50,0,83,0,79,0,88,0,46,0,12,0,18,0,10,0,16,0,65,0,5,0,82,0,45,0,45,0,45,0,6,0,92,0,56,0,46,0,88,0,12,0,45,0,45,0,45,0,Default Stride Loose,0,15,0,33,0,87,0,38,0,40,0,89,0,6,0,6,0,6,0,6,0,21,0,10,0,90,0,45,0,71,0
Robert,Hunt,Carolina Panthers,RG,UL Lafayette,29,82,8/25/96,78,335,1,50,5,Power - G,58,0,60,0,68,0,92,0,89,0,90,0,28,0,30,0,12,0,27,0,38,0,19,0,41,0,51,0,5,0,10,0,39,0,87,0,90,0,30,0,20,0,20,0,10,0,88,0,12,0,5,0,82,0,78,0,75,0,80,0,6,0,26,0,29,0,10,0,25,0,12,0,86,0,88,0,84,0,Long Stride Default,0,12,0,26,0,66,0,10,0,15,0,39,0,6,0,6,0,6,0,6,0,25,0,14,0,87,0,36,0,15,0
Tank,Dell,Houston Texans,WR,Houston,25,82,10/29/99,70,165,1,3,2,Slot - WR,94,0,90,0,81,0,93,0,50,0,84,0,86,0,18,0,17,0,72,0,71,0,85,0,86,0,93,0,81,0,10,0,13,0,33,0,82,0,86,0,13,0,19,0,79,0,22,0,10,0,82,0,82,0,27,0,21,0,16,0,6,0,16,0,10,0,15,0,29,0,77,0,51,0,24,0,14,0,Short Stride Default,0,83,0,84,0,92,0,81,0,35,0,21,0,10,0,15,0,20,0,10,0,27,0,17,0,87,0,28,0,10,0
Travis,Etienne Jr,Jacksonville Jaguars,HB,Clemson,26,82,1/26/99,70,215,1,1,4,Elusive Back - HB,93,0,89,0,84,0,87,0,70,0,80,0,83,0,29,0,27,0,83,0,90,0,54,0,70,0,86,0,52,0,10,0,26,0,45,0,87,0,86,0,17,0,19,0,79,0,35,0,15,0,62,0,82,0,53,0,30,0,35,0,27,0,17,0,10,0,16,0,36,0,56,0,34,0,25,0,20,0,Default,0,69,0,58,0,93,0,79,0,74,0,34,0,34,0,40,0,46,0,38,0,49,0,31,0,88,0,77,0,19,0
Tre'von,Moehrig,Carolina Panthers,FS,TCU,26,82,6/16/99,74,202,1,7,4,Run Support - S,90,0,82,0,80,0,92,0,64,0,86,0,64,0,58,0,10,0,51,0,64,0,68,0,75,0,81,0,32,0,44,0,89,0,54,0,92,0,70,0,21,0,21,0,65,0,29,0,68,0,36,0,82,0,35,0,35,0,35,0,6,0,85,0,38,0,72,0,83,0,45,0,35,0,35,0,35,0,Long Stride Loose,0,38,0,69,0,90,0,63,0,55,0,77,0,6,0,6,0,6,0,6,0,22,0,20,0,85,0,42,0,78,0
Tua,Tagovailoa,Miami Dolphins,QB,Alabama,27,82,3/2/98,73,220,0,1,5,Field General - QB,84,0,78,0,73,0,84,0,61,0,76,0,79,0,23,0,80,0,70,0,69,0,19,0,32,0,79,0,11,0,10,0,25,0,27,0,83,0,70,0,14,0,21,0,10,0,19,0,11,0,15,0,82,0,16,0,13,0,13,0,91,0,18,0,10,0,10,0,32,0,16,0,22,0,14,0,20,0,Default Stride Loose,0,19,0,20,0,83,0,62,0,52,0,28,0,93,0,87,0,95,0,84,0,87,0,88,0,93,0,54,0,17,0
Abdul,Carter,NY Giants,LE,Penn State,21,81,10/3/03,76,250,1,51,0,Smaller Speed Rusher - DE,91,0,86,0,86,0,85,0,80,0,80,0,52,0,79,0,25,0,39,0,46,0,33,0,43,0,77,0,10,0,83,0,77,0,84,0,87,0,53,0,20,0,23,0,25,0,20,0,50,0,15,0,81,0,45,0,45,0,45,0,25,0,78,0,79,0,44,0,82,0,23,0,40,0,40,0,40,0,Long Stride Default,0,20,0,33,0,88,0,45,0,45,0,76,0,18,0,18,0,18,0,16,0,22,0,27,0,93,0,44,0,55,0
Andrew,DePaola,Minnesota Vikings,LS,Rutgers,38,81,7/28/87,73,229,1,42,13,Power - LS,72,0,80,0,80,0,68,0,75,0,70,0,25,0,55,0,10,0,19,0,63,0,66,0,66,0,71,0,40,0,40,0,59,0,67,0,90,0,40,0,11,0,11,0,10,0,55,0,15,0,45,0,81,0,58,0,44,0,51,0,9,0,39,0,44,0,15,0,62,0,48,0,69,0,55,0,61,0,Default,0,49,0,61,0,75,0,35,0,39,0,62,0,9,0,9,0,9,0,9,0,38,0,10,0,72,0,31,0,20,0
Bradley,Pinion,Atlanta Falcons,P,Clemson,31,81,6/1/94,77,229,1,13,10,Accurate - KP,64,0,57,0,70,0,85,0,53,0,70,0,15,0,19,0,16,0,9,0,40,0,15,0,39,0,48,0,15,0,10,0,15,0,22,0,92,0,10,0,89,0,92,0,10,0,16,0,15,0,15,0,81,0,25,0,13,0,15,0,25,0,20,0,10,0,10,0,35,0,15,0,29,0,16,0,16,0,Default Stride Awkward,0,15,0,15,0,71,0,10,0,10,0,29,0,32,0,42,0,51,0,24,0,52,0,30,0,55,0,15,0,15,0
Brian,Robinson Jr,Washington Commanders,HB,Alabama,26,81,3/2/99,73,228,1,8,3,Power Back - HB,90,0,80,0,78,0,88,0,83,0,76,0,87,0,38,0,29,0,88,0,94,0,43,0,65,0,77,0,37,0,12,0,39,0,43,0,92,0,83,0,17,0,19,0,73,0,42,0,12,0,45,0,81,0,54,0,35,0,40,0,18,0,15,0,11,0,13,0,45,0,47,0,38,0,31,0,25,0,Default,0,52,0,44,0,88,0,70,0,83,0,39,0,18,0,20,0,29,0,18,0,29,0,13,0,89,0,89,0,17,0
Bryan,Anger,Dallas Cowboys,P,California,36,81,10/6/88,75,202,1,5,13,Power - KP,75,0,61,0,75,0,85,0,55,0,70,0,22,0,17,0,32,0,26,0,60,0,43,0,65,0,48,0,15,0,14,0,22,0,22,0,97,0,54,0,89,0,93,0,10,0,16,0,11,0,15,0,81,0,19,0,19,0,19,0,20,0,28,0,12,0,10,0,39,0,15,0,25,0,17,0,17,0,Default Stride Awkward,0,15,0,35,0,73,0,35,0,10,0,34,0,25,0,30,0,30,0,20,0,50,0,15,0,82,0,25,0,25,0
C.J.,Stroud,Houston Texans,QB,Ohio State,23,81,10/3/01,75,218,1,7,2,Field General - QB,87,0,80,0,78,0,85,0,61,0,80,0,76,0,19,0,73,0,54,0,61,0,13,0,21,0,75,0,10,0,10,0,16,0,17,0,88,0,58,0,19,0,20,0,12,0,13,0,9,0,11,0,81,0,12,0,15,0,13,0,85,0,14,0,10,0,9,0,29,0,14,0,12,0,15,0,12,0,Long Stride Default,0,12,0,10,0,82,0,45,0,37,0,24,0,88,0,85,0,90,0,87,0,91,0,86,0,88,0,31,0,10,0
Calvin,Ridley,Tennessee Titans,WR,Alabama,30,81,12/20/94,73,190,1,0,7,,93,0,92,0,85,0,86,0,59,0,78,0,86,0,24,0,29,0,74,0,75,0,82,0,82,0,90,0,80,0,10,0,20,0,44,0,86,0,88,0,16,0,19,0,68,0,23,0,17,0,83,0,81,0,30,0,22,0,15,0,13,0,17,0,10,0,24,0,33,0,82,0,52,0,37,0,31,0,Short Stride High and Tight,0,81,0,87,0,93,0,79,0,64,0,29,0,18,0,23,0,28,0,24,0,32,0,22,0,80,0,30,0,25,0
Cam,Taylor-Britt,Cincinnati Bengals,CB,Nebraska,25,81,10/15/99,71,202,1,29,3,Zone - CB,93,0,86,0,81,0,91,0,64,0,83,0,60,0,56,0,48,0,52,0,64,0,50,0,78,0,85,0,24,0,46,0,72,0,55,0,90,0,73,0,15,0,18,0,55,0,18,0,75,0,27,0,81,0,33,0,34,0,33,0,35,0,83,0,39,0,73,0,73,0,29,0,34,0,34,0,33,0,Default,0,32,0,77,0,93,0,65,0,28,0,67,0,41,0,44,0,46,0,42,0,48,0,32,0,83,0,33,0,82,0
Chase,Brown,Cincinnati Bengals,HB,Illinois,25,81,3/21/00,69,215,1,30,2,Elusive Back - HB,95,0,86,0,91,0,87,0,69,0,81,0,82,0,29,0,27,0,80,0,88,0,48,0,68,0,88,0,50,0,10,0,28,0,40,0,88,0,86,0,13,0,15,0,70,0,40,0,10,0,57,0,81,0,56,0,35,0,42,0,25,0,14,0,10,0,17,0,36,0,44,0,49,0,32,0,37,0,Short Stride Loose,0,64,0,51,0,93,0,78,0,65,0,27,0,28,0,35,0,40,0,39,0,45,0,35,0,83,0,76,0,17,0
Christian,Kirk,Houston Texans,WR,Texas AM,28,81,11/18/96,71,200,1,13,7,Slot - WR,92,0,88,0,85,0,89,0,65,0,79,0,85,0,23,0,23,0,72,0,72,0,83,0,90,0,86,0,82,0,10,0,24,0,43,0,87,0,88,0,14,0,18,0,84,0,22,0,15,0,83,0,81,0,34,0,26,0,30,0,16,0,20,0,10,0,17,0,33,0,78,0,47,0,31,0,35,0,Short Stride Loose,0,85,0,86,0,90,0,79,0,74,0,30,0,34,0,30,0,39,0,34,0,47,0,24,0,91,0,46,0,19,0
D'Andre,Swift,Chicago Bears,HB,Georgia,26,81,1/14/99,69,215,1,4,5,Elusive Back - HB,91,0,89,0,93,0,89,0,68,0,82,0,85,0,28,0,23,0,82,0,86,0,61,0,71,0,88,0,61,0,16,0,30,0,41,0,87,0,88,0,12,0,18,0,63,0,33,0,16,0,66,0,81,0,53,0,35,0,32,0,17,0,17,0,22,0,16,0,36,0,59,0,32,0,19,0,23,0,Short Stride Default,0,73,0,59,0,90,0,81,0,79,0,31,0,15,0,25,0,30,0,28,0,38,0,19,0,85,0,75,0,13,0
Darnell,Mooney,Atlanta Falcons,WR,Tulane,27,81,10/29/97,70,173,1,1,5,Deep Threat - WR,92,0,83,0,88,0,91,0,58,0,86,0,84,0,28,0,23,0,76,0,75,0,83,0,87,0,86,0,80,0,10,0,27,0,46,0,88,0,84,0,15,0,17,0,60,0,30,0,20,0,82,0,81,0,26,0,15,0,13,0,10,0,27,0,10,0,24,0,34,0,84,0,58,0,28,0,37,0,Short Stride Default,0,81,0,88,0,92,0,76,0,37,0,30,0,10,0,10,0,10,0,10,0,23,0,20,0,80,0,35,0,28,0
Ed,Oliver,Buffalo Bills,DT,Houston,27,81,12/12/97,73,287,1,91,6,Power Rusher - DT,85,0,84,0,86,0,85,0,89,0,84,0,31,0,80,0,12,0,20,0,32,0,24,0,31,0,70,0,4,0,74,0,81,0,90,0,92,0,39,0,12,0,15,0,10,0,30,0,19,0,8,0,81,0,45,0,45,0,45,0,6,0,83,0,81,0,16,0,81,0,20,0,45,0,45,0,45,0,Long Stride Default,0,15,0,20,0,82,0,29,0,30,0,84,0,6,0,6,0,6,0,6,0,25,0,14,0,89,0,31,0,32,0
Grant,Delpit,Cleveland Browns,SS,LSU,26,81,9/20/98,75,208,1,9,5,Zone - S,91,0,86,0,89,0,94,0,60,0,83,0,60,0,53,0,15,0,37,0,69,0,60,0,75,0,83,0,10,0,51,0,85,0,53,0,86,0,65,0,11,0,14,0,55,0,20,0,71,0,15,0,81,0,35,0,35,0,35,0,6,0,84,0,42,0,73,0,76,0,20,0,35,0,35,0,35,0,Long Stride Loose,0,20,0,70,0,89,0,56,0,43,0,70,0,6,0,6,0,6,0,6,0,23,0,18,0,93,0,38,0,82,0
Greg,Newsome II,Cleveland Browns,CB,Northwestern,25,81,5/18/00,72,192,1,0,4,Manto Man - CB,92,0,91,0,90,0,95,0,60,0,83,0,60,0,49,0,15,0,53,0,61,0,55,0,70,0,89,0,26,0,40,0,64,0,49,0,87,0,75,0,12,0,19,0,40,0,19,0,81,0,32,0,81,0,35,0,35,0,35,0,6,0,81,0,28,0,82,0,73,0,38,0,35,0,35,0,35,0,Short Stride Loose,0,39,0,60,0,92,0,66,0,44,0,45,0,6,0,6,0,6,0,6,0,22,0,13,0,82,0,32,0,77,0
Jake,Ferguson,Dallas Cowboys,TE,Wisconsin,26,81,1/18/99,77,255,1,87,3,Vertical Threat - TE,86,0,81,0,93,0,85,0,69,0,80,0,82,0,36,0,21,0,73,0,72,0,80,0,91,0,73,0,62,0,24,0,35,0,65,0,92,0,75,0,19,0,21,0,10,0,61,0,14,0,70,0,81,0,63,0,63,0,57,0,20,0,36,0,31,0,12,0,40,0,72,0,66,0,65,0,60,0,Default,0,74,0,82,0,81,0,62,0,72,0,37,0,14,0,20,0,25,0,14,0,30,0,10,0,84,0,74,0,21,0
Jalen,Thompson,Arizona Cardinals,FS,Wash. St.,27,81,7/18/98,71,190,1,34,6,Zone - S,93,0,83,0,81,0,95,0,60,0,85,0,51,0,58,0,10,0,44,0,58,0,50,0,78,0,84,0,10,0,53,0,70,0,58,0,89,0,70,0,21,0,21,0,60,0,14,0,65,0,10,0,81,0,35,0,35,0,35,0,6,0,83,0,50,0,68,0,83,0,15,0,35,0,35,0,35,0,Default Stride Loose,0,20,0,69,0,90,0,64,0,45,0,82,0,6,0,6,0,6,0,6,0,22,0,16,0,85,0,37,0,75,0
Javon,Hargrave,Minnesota Vikings,DT,S.C. State,32,81,2/7/93,74,305,1,98,9,Speed Rusher - DT,78,0,67,0,83,0,84,0,87,0,85,0,18,0,80,0,12,0,10,0,30,0,14,0,28,0,53,0,3,0,86,0,80,0,81,0,91,0,16,0,17,0,17,0,9,0,32,0,18,0,5,0,81,0,44,0,45,0,44,0,6,0,82,0,74,0,13,0,82,0,15,0,45,0,45,0,46,0,Default Stride Awkward,0,13,0,16,0,75,0,17,0,25,0,88,0,6,0,6,0,6,0,6,0,23,0,11,0,88,0,29,0,26,0
Jayden,Reed,Green Bay Packers,WR,Michigan St.,25,81,4/28/00,71,187,1,11,2,,94,0,89,0,83,0,88,0,58,0,80,0,89,0,26,0,28,0,75,0,72,0,84,0,81,0,91,0,82,0,25,0,18,0,41,0,86,0,86,0,14,0,19,0,82,0,21,0,29,0,82,0,81,0,22,0,18,0,13,0,26,0,30,0,14,0,26,0,49,0,73,0,49,0,29,0,20,0,Short Stride Default,0,82,0,83,0,94,0,78,0,48,0,31,0,31,0,35,0,39,0,39,0,52,0,32,0,86,0,36,0,35,0
Jonnu,Smith,Pittsburgh Steelers,TE,FIU,30,81,8/22/95,75,248,1,81,8,Vertical Threat - TE,84,0,78,0,88,0,85,0,78,0,87,0,79,0,30,0,13,0,75,0,72,0,83,0,87,0,77,0,67,0,25,0,37,0,68,0,89,0,79,0,26,0,26,0,20,0,54,0,15,0,68,0,81,0,62,0,59,0,61,0,6,0,15,0,25,0,10,0,41,0,73,0,57,0,57,0,54,0,Default,0,73,0,83,0,89,0,75,0,77,0,29,0,6,0,6,0,6,0,6,0,35,0,10,0,80,0,69,0,20,0
Josh,Harris,Los Angeles Chargers,LS,Auburn,36,81,4/27/89,73,224,1,47,13,Accurate - LS,75,0,74,0,76,0,75,0,68,0,71,0,55,0,42,0,15,0,25,0,71,0,62,0,55,0,70,0,38,0,10,0,55,0,71,0,95,0,40,0,13,0,23,0,10,0,55,0,22,0,43,0,81,0,56,0,40,0,51,0,10,0,40,0,10,0,15,0,38,0,23,0,56,0,50,0,55,0,Default,0,48,0,56,0,77,0,45,0,55,0,56,0,10,0,10,0,10,0,10,0,25,0,10,0,85,0,53,0,21,0
Kaleb,McGary,Atlanta Falcons,RT,Washington,30,81,2/22/95,78,306,1,76,6,Power - OT,74,0,61,0,81,0,87,0,87,0,94,0,30,0,38,0,12,0,35,0,46,0,47,0,52,0,51,0,23,0,34,0,35,0,83,0,90,0,33,0,15,0,20,0,10,0,91,0,15,0,29,0,81,0,74,0,70,0,78,0,6,0,53,0,48,0,10,0,27,0,46,0,90,0,95,0,85,0,Default Stride Awkward,0,36,0,41,0,73,0,31,0,36,0,34,0,6,0,6,0,6,0,6,0,30,0,10,0,98,0,34,0,20,0
Kamari,Lassiter,Houston Texans,CB,Georgia,22,81,1/23/03,72,180,1,4,1,Zone - CB,89,0,94,0,87,0,91,0,52,0,83,0,70,0,40,0,21,0,65,0,54,0,57,0,67,0,88,0,55,0,30,0,75,0,42,0,93,0,77,0,12,0,16,0,64,0,15,0,81,0,50,0,81,0,30,0,24,0,23,0,15,0,86,0,26,0,73,0,74,0,41,0,35,0,28,0,27,0,Default Stride Loose,0,49,0,62,0,90,0,72,0,35,0,67,0,6,0,11,0,16,0,14,0,35,0,11,0,79,0,27,0,84,0
Kevin,Byard III,Chicago Bears,FS,Mid Tenn St.,32,81,8/17/93,71,212,0,31,9,Zone - S,87,0,87,0,90,0,96,0,73,0,83,0,67,0,64,0,10,0,59,0,78,0,47,0,82,0,83,0,10,0,53,0,79,0,60,0,97,0,72,0,19,0,20,0,55,0,15,0,66,0,12,0,81,0,12,0,33,0,34,0,17,0,81,0,47,0,67,0,85,0,22,0,16,0,33,0,34,0,Default Stride Loose,0,31,0,68,0,88,0,60,0,48,0,80,0,36,0,26,0,31,0,18,0,44,0,26,0,90,0,52,0,77,0
Mekhi,Becton Sr,Los Angeles Chargers,RG,Louisville,26,81,4/18/99,79,363,1,73,5,Power - G,72,0,54,0,80,0,73,0,93,0,86,0,15,0,31,0,12,0,25,0,40,0,12,0,35,0,54,0,5,0,10,0,20,0,92,0,74,0,10,0,20,0,20,0,10,0,79,0,12,0,5,0,81,0,73,0,67,0,78,0,6,0,15,0,10,0,10,0,12,0,12,0,86,0,88,0,83,0,Long Stride Awkward,0,12,0,12,0,71,0,10,0,25,0,42,0,6,0,6,0,6,0,6,0,25,0,15,0,85,0,39,0,15,0
Montez,Sweat,Chicago Bears,LE,Mississippi St.,28,81,9/4/96,78,262,1,98,6,Smaller Speed Rusher - DE,90,0,82,0,86,0,81,0,80,0,75,0,48,0,84,0,12,0,31,0,56,0,45,0,57,0,71,0,33,0,80,0,81,0,84,0,87,0,50,0,16,0,14,0,10,0,16,0,33,0,36,0,81,0,45,0,45,0,45,0,6,0,77,0,74,0,19,0,85,0,39,0,45,0,45,0,45,0,Long Stride Loose,0,40,0,43,0,88,0,41,0,39,0,88,0,6,0,6,0,6,0,6,0,22,0,10,0,88,0,51,0,44,0
Morgan,Moses,New England Patriots,RT,Virginia,34,81,3/3/91,78,320,0,76,11,Power - OT,49,0,54,0,66,0,85,0,89,0,92,0,10,0,20,0,12,0,6,0,45,0,15,0,35,0,45,0,5,0,10,0,20,0,87,0,93,0,10,0,25,0,25,0,10,0,77,0,12,0,5,0,81,0,79,0,75,0,84,0,6,0,15,0,10,0,10,0,28,0,15,0,82,0,78,0,86,0,Default Stride Awkward,0,15,0,15,0,65,0,10,0,30,0,30,0,6,0,6,0,6,0,6,0,30,0,15,0,93,0,20,0,15,0
Nate,Hobbs,Green Bay Packers,CB,Illinois,26,81,6/24/99,73,195,1,21,4,Zone - CB,92,0,88,0,93,0,91,0,65,0,84,0,70,0,56,0,13,0,51,0,58,0,54,0,66,0,86,0,34,0,33,0,67,0,60,0,90,0,75,0,14,0,15,0,74,0,24,0,74,0,41,0,81,0,35,0,35,0,35,0,6,0,84,0,29,0,85,0,78,0,42,0,35,0,35,0,35,0,Default Stride Loose,0,43,0,64,0,91,0,71,0,44,0,58,0,6,0,6,0,6,0,6,0,27,0,13,0,82,0,34,0,83,0
Nolan,Smith Jr,Philadelphia Eagles,LE,Georgia,24,81,1/18/01,74,238,1,3,2,Smaller Speed Rusher - DE,92,0,87,0,93,0,77,0,69,0,78,0,50,0,73,0,21,0,36,0,49,0,43,0,50,0,81,0,11,0,79,0,84,0,78,0,88,0,55,0,20,0,20,0,25,0,23,0,43,0,15,0,81,0,35,0,35,0,35,0,11,0,75,0,70,0,37,0,83,0,19,0,40,0,40,0,40,0,Default Stride Loose,0,20,0,42,0,90,0,54,0,34,0,85,0,11,0,15,0,21,0,15,0,25,0,15,0,84,0,39,0,51,0
Rashod,Bateman,Baltimore Ravens,WR,Minnesota,25,81,11/29/99,73,197,1,7,4,Deep Threat - WR,92,0,88,0,89,0,87,0,60,0,84,0,83,0,29,0,22,0,77,0,74,0,83,0,86,0,86,0,83,0,10,0,25,0,46,0,84,0,80,0,20,0,22,0,50,0,23,0,12,0,81,0,81,0,36,0,24,0,21,0,15,0,17,0,10,0,17,0,34,0,83,0,47,0,34,0,30,0,Long Stride Default,0,82,0,85,0,92,0,71,0,60,0,29,0,10,0,10,0,15,0,10,0,28,0,18,0,90,0,48,0,16,0
Shaq,Thompson,Buffalo Bills,MLB,Washington,31,81,4/21/94,72,230,1,45,10,Field General - MLB,85,0,82,0,83,0,89,0,75,0,87,0,78,0,78,0,17,0,58,0,72,0,67,0,77,0,76,0,15,0,63,0,83,0,89,0,88,0,82,0,20,0,20,0,10,0,25,0,62,0,23,0,81,0,45,0,45,0,45,0,6,0,89,0,52,0,63,0,87,0,35,0,45,0,45,0,45,0,Default,0,33,0,43,0,85,0,76,0,70,0,85,0,6,0,6,0,6,0,6,0,25,0,18,0,87,0,71,0,69,0
T.J.,Edwards,Chicago Bears,ROLB,Wisconsin,29,81,8/12/96,73,242,1,53,6,Pass Coverage - OLB,84,0,81,0,79,0,95,0,72,0,85,0,35,0,74,0,31,0,31,0,65,0,52,0,72,0,75,0,5,0,57,0,81,0,86,0,90,0,30,0,20,0,20,0,10,0,17,0,69,0,5,0,81,0,45,0,45,0,45,0,28,0,85,0,62,0,44,0,92,0,12,0,45,0,45,0,45,0,Default Stride Loose,0,15,0,48,0,85,0,30,0,50,0,89,0,32,0,36,0,39,0,41,0,42,0,33,0,85,0,47,0,73,0
Tyler,Allgeier,Atlanta Falcons,HB,BYU,25,81,4/15/00,71,220,1,25,3,Power Back - HB,89,0,83,0,80,0,85,0,80,0,83,0,84,0,34,0,25,0,89,0,97,0,45,0,67,0,79,0,38,0,17,0,43,0,45,0,91,0,80,0,13,0,18,0,68,0,44,0,17,0,47,0,81,0,65,0,30,0,35,0,16,0,26,0,21,0,19,0,44,0,42,0,41,0,34,0,27,0,Default,0,54,0,43,0,86,0,74,0,80,0,40,0,10,0,15,0,20,0,18,0,30,0,17,0,87,0,86,0,25,0
Tyler,Biadasz,Washington Commanders,C,Wisconsin,27,81,11/20/97,75,316,1,63,5,Agile - C,66,0,64,0,72,0,95,0,85,0,87,0,17,0,36,0,12,0,9,0,28,0,13,0,23,0,56,0,5,0,20,0,47,0,82,0,88,0,14,0,43,0,48,0,8,0,85,0,12,0,6,0,81,0,81,0,84,0,78,0,6,0,29,0,24,0,10,0,34,0,15,0,84,0,88,0,79,0,Default Stride Awkward,0,16,0,15,0,75,0,10,0,18,0,37,0,6,0,6,0,6,0,6,0,21,0,11,0,93,0,28,0,14,0
Adam,Thielen,Carolina Panthers,WR,Minnesota State,35,80,8/22/90,74,195,1,19,12,Slot - WR,90,0,88,0,90,0,90,0,67,0,83,0,85,0,32,0,22,0,77,0,73,0,88,0,90,0,81,0,76,0,10,0,15,0,45,0,87,0,83,0,35,0,34,0,67,0,25,0,10,0,79,0,80,0,35,0,20,0,25,0,29,0,25,0,10,0,15,0,29,0,78,0,52,0,33,0,36,0,Default Stride Loose,0,80,0,92,0,88,0,79,0,68,0,32,0,32,0,37,0,46,0,33,0,50,0,29,0,87,0,56,0,16,0
Ar'Darius,Washington,Baltimore Ravens,FS,TCU,25,80,11/2/99,68,176,1,29,4,Zone - S,87,0,81,0,89,0,86,0,57,0,85,0,67,0,48,0,15,0,50,0,59,0,63,0,71,0,84,0,15,0,30,0,74,0,52,0,85,0,73,0,11,0,10,0,40,0,10,0,79,0,25,0,80,0,35,0,35,0,35,0,15,0,86,0,25,0,62,0,82,0,12,0,35,0,35,0,35,0,Short Stride Loose,0,30,0,71,0,84,0,68,0,33,0,68,0,15,0,20,0,24,0,21,0,27,0,10,0,85,0,30,0,82,0
Azeez,Al-Shaair,Houston Texans,MLB,FAU,28,80,8/4/97,74,228,1,0,6,Run Stopper - MLB,87,0,78,0,80,0,88,0,77,0,84,0,33,0,75,0,13,0,22,0,46,0,48,0,61,0,72,0,9,0,53,0,86,0,82,0,85,0,31,0,20,0,16,0,10,0,17,0,65,0,12,0,80,0,45,0,45,0,45,0,6,0,83,0,58,0,47,0,87,0,18,0,45,0,45,0,45,0,Default Stride Loose,0,17,0,45,0,86,0,33,0,40,0,89,0,6,0,6,0,6,0,6,0,27,0,11,0,87,0,37,0,65,0
Carl,Granderson,New Orleans Saints,LE,Wyoming,28,80,12/18/96,77,261,1,96,6,Run Stopper - DE,84,0,74,0,84,0,81,0,80,0,81,0,40,0,84,0,12,0,26,0,29,0,29,0,38,0,66,0,7,0,81,0,76,0,79,0,89,0,30,0,14,0,18,0,28,0,18,0,33,0,11,0,80,0,45,0,45,0,44,0,6,0,82,0,73,0,26,0,87,0,14,0,45,0,45,0,46,0,Long Stride Loose,0,18,0,30,0,81,0,22,0,35,0,88,0,6,0,6,0,6,0,6,0,24,0,10,0,84,0,31,0,44,0
Christian,Barmore,New England Patriots,DT,Alabama,26,80,7/28/99,77,305,1,90,4,Speed Rusher - DT,75,0,64,0,81,0,78,0,89,0,86,0,25,0,80,0,12,0,20,0,41,0,23,0,37,0,56,0,9,0,84,0,82,0,89,0,91,0,24,0,12,0,11,0,10,0,31,0,17,0,12,0,80,0,45,0,45,0,45,0,6,0,85,0,80,0,13,0,83,0,16,0,45,0,45,0,45,0,Long Stride Loose,0,15,0,25,0,74,0,23,0,30,0,86,0,6,0,6,0,6,0,6,0,24,0,16,0,89,0,32,0,25,0
Dalton,Schultz,Houston Texans,TE,Stanford,29,80,7/11/96,77,244,1,86,7,Possession - TE,84,0,79,0,79,0,93,0,76,0,78,0,76,0,31,0,12,0,63,0,72,0,84,0,89,0,73,0,66,0,10,0,27,0,72,0,93,0,72,0,14,0,16,0,38,0,59,0,12,0,71,0,80,0,60,0,60,0,56,0,5,0,16,0,10,0,12,0,34,0,73,0,65,0,65,0,62,0,Long Stride High and Tight,0,76,0,84,0,82,0,59,0,66,0,29,0,5,0,10,0,15,0,10,0,24,0,10,0,86,0,68,0,15,0
Darious,Williams,Los Angeles Rams,CB,UAB,32,80,3/15/93,69,187,1,31,7,Manto Man - CB,93,0,85,0,90,0,92,0,54,0,85,0,72,0,51,0,10,0,60,0,60,0,56,0,78,0,83,0,10,0,35,0,60,0,49,0,88,0,64,0,13,0,14,0,47,0,17,0,82,0,12,0,80,0,35,0,35,0,35,0,6,0,86,0,32,0,72,0,71,0,30,0,35,0,35,0,35,0,Default Stride Loose,0,22,0,70,0,90,0,60,0,33,0,50,0,6,0,6,0,6,0,6,0,35,0,15,0,81,0,19,0,79,0
Darnell,Wright,Chicago Bears,RT,Tennessee,24,80,8/10/01,78,335,1,58,2,Power - OT,75,0,56,0,72,0,85,0,94,0,81,0,35,0,52,0,12,0,27,0,35,0,23,0,38,0,51,0,11,0,45,0,59,0,93,0,93,0,23,0,14,0,16,0,10,0,84,0,10,0,15,0,80,0,78,0,75,0,82,0,5,0,45,0,57,0,10,0,51,0,15,0,84,0,86,0,82,0,Long Stride Awkward,0,21,0,36,0,72,0,17,0,27,0,48,0,5,0,5,0,5,0,5,0,11,0,10,0,90,0,32,0,15,0
Davon,Godchaux,New Orleans Saints,DT,LSU,30,80,11/11/94,75,330,1,92,8,,64,0,57,0,73,0,82,0,93,0,78,0,37,0,81,0,12,0,12,0,27,0,24,0,35,0,50,0,3,0,71,0,76,0,84,0,88,0,34,0,11,0,12,0,10,0,32,0,22,0,6,0,80,0,45,0,45,0,45,0,6,0,80,0,58,0,10,0,79,0,12,0,45,0,45,0,45,0,Default Stride Awkward,0,14,0,20,0,71,0,20,0,44,0,92,0,6,0,6,0,6,0,6,0,15,0,14,0,86,0,40,0,31,0
Ernest,Jones IV,Seattle Seahawks,MLB,South Carolina,25,80,11/22/99,74,230,1,13,4,Run Stopper - MLB,87,0,72,0,91,0,88,0,74,0,79,0,47,0,77,0,12,0,35,0,62,0,47,0,66,0,73,0,27,0,45,0,87,0,91,0,89,0,60,0,13,0,16,0,10,0,36,0,59,0,32,0,80,0,46,0,46,0,46,0,6,0,80,0,65,0,44,0,89,0,38,0,49,0,49,0,47,0,Default Stride Loose,0,38,0,53,0,86,0,39,0,46,0,92,0,6,0,6,0,6,0,6,0,22,0,15,0,86,0,46,0,62,0
Frankie,Luvu,Washington Commanders,ROLB,Wash. St.,28,80,9/19/96,75,235,1,4,7,Run Stopper - OLB,86,0,81,0,73,0,95,0,83,0,87,0,45,0,77,0,12,0,25,0,48,0,22,0,55,0,72,0,5,0,78,0,86,0,85,0,89,0,52,0,12,0,16,0,10,0,13,0,55,0,5,0,80,0,45,0,45,0,45,0,6,0,88,0,68,0,55,0,87,0,20,0,45,0,45,0,45,0,Default Stride Loose,0,15,0,49,0,85,0,39,0,33,0,80,0,6,0,6,0,6,0,6,0,34,0,15,0,85,0,55,0,64,0
Garrett,Williams,Arizona Cardinals,CB,Syracuse,24,80,6/1/01,70,192,1,21,2,Zone - CB,90,0,90,0,87,0,87,0,63,0,82,0,65,0,57,0,53,0,67,0,55,0,59,0,72,0,90,0,11,0,36,0,72,0,46,0,86,0,73,0,17,0,18,0,67,0,17,0,76,0,14,0,80,0,25,0,34,0,33,0,45,0,83,0,27,0,81,0,77,0,20,0,25,0,34,0,33,0,Default Stride Loose,0,24,0,66,0,88,0,68,0,35,0,65,0,44,0,48,0,52,0,51,0,51,0,35,0,84,0,35,0,83,0
Geno,Smith,Las Vegas Raiders,QB,West Virginia,34,80,10/10/90,75,221,1,7,12,Field General - QB,83,0,80,0,81,0,93,0,58,0,81,0,75,0,25,0,74,0,64,0,59,0,46,0,57,0,73,0,10,0,10,0,12,0,35,0,87,0,64,0,15,0,20,0,15,0,25,0,18,0,20,0,80,0,24,0,20,0,20,0,86,0,18,0,10,0,15,0,30,0,30,0,20,0,15,0,15,0,Long Stride Default,0,30,0,48,0,87,0,66,0,56,0,38,0,85,0,85,0,91,0,90,0,88,0,85,0,87,0,35,0,25,0
Harold,Landry III,New England Patriots,LE,Boston College,29,80,6/5/96,74,252,1,2,7,Smaller Speed Rusher - DE,88,0,84,0,86,0,89,0,78,0,81,0,50,0,82,0,12,0,36,0,47,0,44,0,56,0,71,0,10,0,77,0,82,0,81,0,90,0,52,0,14,0,18,0,15,0,22,0,46,0,15,0,80,0,45,0,45,0,45,0,6,0,77,0,66,0,39,0,86,0,12,0,45,0,45,0,45,0,Long Stride Loose,0,20,0,52,0,85,0,44,0,36,0,87,0,6,0,6,0,6,0,6,0,23,0,15,0,88,0,36,0,56,0
Hjalte,Froholdt,Arizona Cardinals,C,Arkansas,29,80,8/20/96,77,310,1,72,6,Power - C,66,0,66,0,69,0,81,0,91,0,86,0,21,0,42,0,12,0,14,0,30,0,25,0,42,0,55,0,12,0,21,0,30,0,82,0,89,0,19,0,20,0,30,0,10,0,86,0,11,0,16,0,80,0,76,0,75,0,77,0,6,0,45,0,28,0,10,0,39,0,22,0,83,0,80,0,85,0,Default Stride Awkward,0,21,0,30,0,71,0,10,0,21,0,44,0,6,0,6,0,6,0,6,0,10,0,10,0,86,0,28,0,12,0
Ikem,Ekwonu,Carolina Panthers,LT,N.C. State,24,80,10/31/00,76,320,0,79,3,Power - OT,78,0,57,0,72,0,88,0,93,0,76,0,16,0,44,0,14,0,17,0,40,0,14,0,32,0,56,0,5,0,35,0,55,0,93,0,93,0,10,0,23,0,27,0,10,0,86,0,12,0,5,0,80,0,75,0,69,0,82,0,6,0,35,0,42,0,10,0,45,0,12,0,86,0,88,0,84,0,Default Stride Awkward,0,10,0,15,0,75,0,10,0,30,0,45,0,6,0,6,0,6,0,6,0,23,0,11,0,97,0,28,0,14,0
Isaac,Seumalo,Pittsburgh Steelers,LG,Oregon State,31,80,10/29/93,76,303,1,73,9,Power - G,72,0,67,0,66,0,87,0,84,0,87,0,10,0,35,0,12,0,8,0,29,0,10,0,20,0,53,0,5,0,30,0,48,0,87,0,84,0,10,0,21,0,22,0,10,0,83,0,15,0,5,0,80,0,78,0,72,0,84,0,6,0,30,0,40,0,10,0,31,0,12,0,81,0,79,0,83,0,Default Stride Awkward,0,10,0,12,0,69,0,10,0,10,0,33,0,6,0,6,0,6,0,6,0,24,0,10,0,81,0,20,0,20,0
Isaiah,Likely,Baltimore Ravens,TE,Coastal Carolina,25,80,4/18/00,76,241,1,80,3,Vertical Threat - TE,87,0,81,0,86,0,87,0,66,0,82,0,82,0,33,0,28,0,68,0,74,0,79,0,89,0,76,0,65,0,30,0,31,0,54,0,90,0,78,0,12,0,18,0,35,0,54,0,25,0,71,0,80,0,53,0,52,0,49,0,15,0,36,0,20,0,34,0,36,0,74,0,64,0,63,0,60,0,Long Stride Default,0,74,0,81,0,83,0,70,0,74,0,36,0,11,0,15,0,21,0,24,0,24,0,13,0,88,0,67,0,30,0
J.K.,Scott,Los Angeles Chargers,P,Alabama,28,80,10/30/96,77,208,1,16,7,Power - KP,78,0,69,0,75,0,89,0,51,0,70,0,13,0,20,0,20,0,9,0,36,0,15,0,21,0,61,0,15,0,10,0,16,0,18,0,91,0,17,0,80,0,95,0,10,0,16,0,12,0,15,0,80,0,18,0,18,0,18,0,21,0,18,0,10,0,10,0,29,0,15,0,17,0,17,0,17,0,Default Stride Loose,0,15,0,15,0,75,0,10,0,10,0,30,0,22,0,27,0,32,0,25,0,41,0,24,0,67,0,11,0,15,0
Jauan,Jennings,San Francisco 49ers,WR,Tennessee,28,80,7/10/97,75,212,1,15,5,Physical - WR,87,0,78,0,95,0,84,0,78,0,88,0,86,0,30,0,51,0,84,0,73,0,86,0,89,0,76,0,75,0,10,0,31,0,59,0,88,0,78,0,17,0,18,0,33,0,45,0,11,0,79,0,80,0,34,0,20,0,25,0,42,0,14,0,10,0,21,0,33,0,81,0,67,0,40,0,40,0,Long Stride Default,0,82,0,88,0,88,0,69,0,77,0,30,0,45,0,51,0,56,0,51,0,68,0,48,0,78,0,66,0,17,0
Jaylen,Warren,Pittsburgh Steelers,HB,Oklahoma St.,26,80,11/1/98,68,215,1,30,3,Elusive Back - HB,94,0,80,0,74,0,83,0,74,0,82,0,86,0,26,0,24,0,84,0,91,0,63,0,71,0,83,0,56,0,12,0,23,0,52,0,88,0,86,0,20,0,21,0,66,0,48,0,14,0,58,0,80,0,56,0,29,0,28,0,15,0,20,0,11,0,16,0,34,0,59,0,50,0,37,0,37,0,Short Stride High and Tight,0,61,0,59,0,90,0,82,0,75,0,34,0,18,0,21,0,24,0,19,0,27,0,17,0,86,0,74,0,19,0
Joey,Porter,Pittsburgh Steelers,CB,Penn State,25,80,7/26/00,74,193,1,24,2,Manto Man - CB,94,0,89,0,89,0,90,0,67,0,77,0,69,0,58,0,10,0,66,0,60,0,54,0,60,0,84,0,15,0,33,0,78,0,53,0,92,0,71,0,12,0,15,0,56,0,11,0,82,0,22,0,80,0,35,0,35,0,35,0,6,0,75,0,40,0,90,0,77,0,22,0,35,0,35,0,35,0,Long Stride Loose,0,29,0,62,0,90,0,63,0,55,0,61,0,10,0,11,0,15,0,6,0,26,0,11,0,91,0,52,0,76,0
John,Franklin-Myers,Denver Broncos,DT,Stephen F. Austin,28,80,9/26/96,76,288,1,98,7,,80,0,71,0,80,0,80,0,90,0,84,0,30,0,81,0,12,0,24,0,26,0,18,0,38,0,62,0,4,0,82,0,84,0,88,0,91,0,31,0,12,0,16,0,10,0,18,0,25,0,8,0,80,0,45,0,45,0,45,0,9,0,81,0,75,0,25,0,79,0,15,0,45,0,45,0,45,0,Long Stride Default,0,15,0,15,0,78,0,21,0,34,0,84,0,9,0,9,0,9,0,9,0,20,0,17,0,85,0,32,0,33,0
Jonathon,Cooper,Denver Broncos,LE,Ohio State,27,80,1/8/98,76,257,1,0,4,Power Rusher - DE,87,0,76,0,80,0,86,0,79,0,86,0,23,0,83,0,17,0,29,0,31,0,21,0,44,0,68,0,5,0,75,0,78,0,85,0,90,0,31,0,17,0,18,0,10,0,24,0,38,0,10,0,80,0,45,0,45,0,45,0,6,0,85,0,82,0,49,0,86,0,12,0,45,0,45,0,45,0,Default Stride Loose,0,15,0,23,0,85,0,23,0,36,0,83,0,5,0,6,0,7,0,6,0,17,0,14,0,77,0,27,0,49,0
Jordyn,Brooks,Miami Dolphins,MLB,Texas Tech,27,80,10/21/97,72,240,1,20,5,Run Stopper - MLB,86,0,85,0,82,0,92,0,74,0,85,0,35,0,74,0,12,0,10,0,56,0,38,0,56,0,76,0,5,0,59,0,87,0,83,0,90,0,30,0,20,0,20,0,10,0,17,0,55,0,5,0,80,0,45,0,45,0,45,0,6,0,83,0,52,0,46,0,90,0,12,0,45,0,45,0,45,0,Default Stride Loose,0,15,0,45,0,87,0,25,0,52,0,87,0,6,0,6,0,6,0,6,0,25,0,10,0,89,0,30,0,60,0
Josh,Downs,Indianapolis Colts,WR,North Carolina,24,80,8/12/01,70,175,1,1,2,Slot - WR,93,0,91,0,91,0,86,0,51,0,82,0,82,0,22,0,34,0,71,0,74,0,82,0,90,0,90,0,78,0,10,0,19,0,34,0,90,0,76,0,25,0,27,0,74,0,19,0,10,0,81,0,80,0,25,0,15,0,17,0,35,0,15,0,10,0,10,0,27,0,69,0,44,0,25,0,18,0,Short Stride Default,0,81,0,83,0,90,0,69,0,38,0,22,0,39,0,40,0,46,0,43,0,54,0,33,0,86,0,33,0,10,0
Julian,Blackmon,New Orleans Saints,SS,Utah,27,80,8/24/98,72,187,1,28,5,Zone - S,89,0,88,0,87,0,89,0,57,0,84,0,66,0,52,0,11,0,51,0,52,0,60,0,75,0,85,0,26,0,37,0,75,0,52,0,82,0,74,0,15,0,22,0,30,0,11,0,70,0,31,0,80,0,25,0,35,0,35,0,6,0,83,0,29,0,67,0,78,0,30,0,25,0,35,0,35,0,Default Stride Loose,0,44,0,68,0,88,0,62,0,40,0,77,0,6,0,6,0,6,0,6,0,21,0,18,0,82,0,40,0,76,0
Ka'imi,Fairbairn,Houston Texans,K,UCLA,31,80,1/29/94,72,183,1,15,9,Power - KP,82,0,64,0,69,0,89,0,39,0,67,0,15,0,13,0,15,0,15,0,45,0,20,0,37,0,53,0,15,0,10,0,17,0,17,0,82,0,10,0,88,0,96,0,10,0,17,0,14,0,15,0,80,0,15,0,15,0,15,0,20,0,21,0,10,0,10,0,22,0,15,0,20,0,17,0,17,0,Default Stride Awkward,0,15,0,25,0,79,0,10,0,10,0,35,0,25,0,30,0,35,0,20,0,39,0,15,0,65,0,10,0,20,0
Kareem,Hunt,Kansas City Chiefs,HB,Toledo,30,80,8/6/95,71,210,1,29,8,Power Back - HB,89,0,88,0,89,0,86,0,81,0,82,0,87,0,29,0,21,0,85,0,93,0,59,0,71,0,86,0,56,0,10,0,24,0,50,0,86,0,84,0,16,0,24,0,55,0,58,0,13,0,61,0,80,0,59,0,23,0,28,0,26,0,16,0,10,0,20,0,34,0,52,0,57,0,34,0,39,0,Short Stride High and Tight,0,67,0,60,0,86,0,77,0,84,0,31,0,17,0,20,0,24,0,30,0,27,0,18,0,89,0,86,0,28,0
Kyle,Dugger,New England Patriots,SS,Lenoir-Rhyne University,29,80,3/22/96,74,220,1,23,5,Run Support - S,88,0,86,0,92,0,90,0,77,0,80,0,75,0,72,0,11,0,60,0,70,0,56,0,75,0,83,0,29,0,53,0,88,0,82,0,87,0,78,0,13,0,18,0,82,0,16,0,71,0,32,0,80,0,35,0,35,0,35,0,10,0,77,0,48,0,75,0,85,0,26,0,35,0,35,0,35,0,Default Stride Loose,0,40,0,64,0,89,0,67,0,50,0,73,0,6,0,6,0,10,0,10,0,25,0,15,0,84,0,49,0,74,0
Kyle,Van Noy,Baltimore Ravens,LE,BYU,34,80,3/26/91,75,250,1,53,11,Run Stopper - DE,84,0,78,0,79,0,89,0,76,0,91,0,55,0,79,0,12,0,24,0,65,0,65,0,73,0,71,0,5,0,70,0,71,0,89,0,87,0,48,0,23,0,27,0,10,0,21,0,61,0,7,0,80,0,45,0,45,0,45,0,6,0,91,0,79,0,60,0,87,0,25,0,45,0,45,0,45,0,Default Stride Loose,0,15,0,35,0,83,0,40,0,47,0,86,0,6,0,6,0,6,0,6,0,20,0,18,0,65,0,44,0,68,0
Marquise,Brown,Kansas City Chiefs,WR,Oklahoma,28,80,6/4/97,69,180,1,5,6,,93,0,95,0,85,0,89,0,44,0,75,0,86,0,19,0,17,0,72,0,72,0,81,0,86,0,90,0,80,0,10,0,12,0,33,0,86,0,86,0,16,0,19,0,78,0,19,0,17,0,79,0,80,0,23,0,10,0,10,0,6,0,16,0,10,0,12,0,22,0,76,0,41,0,14,0,13,0,Short Stride Default,0,78,0,84,0,94,0,76,0,52,0,18,0,15,0,20,0,30,0,15,0,42,0,14,0,86,0,25,0,27,0
Mason,Graham,Cleveland Browns,DT,Michigan,21,80,9/2/03,76,306,1,94,0,,86,0,74,0,71,0,80,0,90,0,78,0,28,0,85,0,18,0,30,0,38,0,20,0,28,0,65,0,18,0,69,0,77,0,88,0,92,0,24,0,18,0,30,0,31,0,31,0,17,0,18,0,80,0,45,0,45,0,45,0,15,0,77,0,79,0,17,0,78,0,28,0,45,0,45,0,45,0,Long Stride Awkward,0,18,0,20,0,78,0,20,0,36,0,81,0,7,0,8,0,10,0,11,0,24,0,14,0,94,0,31,0,24,0
Orlando,Brown Jr,Cincinnati Bengals,LT,Oklahoma,29,80,5/2/96,80,345,1,75,7,Power - OT,57,0,58,0,53,0,94,0,94,0,87,0,15,0,32,0,12,0,14,0,28,0,12,0,23,0,41,0,12,0,10,0,36,0,90,0,95,0,11,0,13,0,19,0,10,0,76,0,12,0,12,0,80,0,80,0,76,0,84,0,6,0,15,0,10,0,10,0,18,0,12,0,78,0,75,0,81,0,Long Stride Loose,0,12,0,12,0,59,0,10,0,27,0,33,0,6,0,6,0,6,0,6,0,25,0,15,0,87,0,39,0,15,0
Poona,Ford,Los Angeles Rams,DT,Texas,29,80,11/19/95,71,310,1,95,7,,68,0,62,0,73,0,82,0,87,0,90,0,15,0,83,0,12,0,10,0,31,0,15,0,37,0,53,0,3,0,78,0,79,0,84,0,92,0,10,0,12,0,17,0,10,0,37,0,25,0,7,0,80,0,45,0,45,0,45,0,6,0,92,0,66,0,15,0,79,0,15,0,45,0,45,0,45,0,Default Stride Awkward,0,15,0,15,0,71,0,10,0,35,0,84,0,6,0,6,0,6,0,6,0,26,0,18,0,90,0,20,0,30,0
Rasheed,Walker,Green Bay Packers,LT,Penn State,25,80,2/13/00,78,324,1,63,3,Pass Protector - OT,73,0,62,0,69,0,86,0,87,0,85,0,25,0,46,0,12,0,15,0,36,0,15,0,30,0,57,0,5,0,39,0,42,0,87,0,89,0,27,0,14,0,15,0,10,0,75,0,10,0,5,0,80,0,85,0,82,0,87,0,6,0,33,0,49,0,10,0,38,0,12,0,71,0,74,0,67,0,Default Stride Awkward,0,10,0,20,0,64,0,24,0,31,0,43,0,6,0,6,0,6,0,6,0,22,0,11,0,77,0,30,0,12,0
Reed,Blankenship,Philadelphia Eagles,FS,Mid Tenn St.,26,80,3/2/99,73,203,1,32,3,Zone - S,93,0,81,0,81,0,89,0,61,0,84,0,72,0,57,0,17,0,58,0,65,0,59,0,75,0,83,0,10,0,41,0,75,0,62,0,88,0,73,0,23,0,28,0,65,0,15,0,65,0,12,0,80,0,34,0,34,0,34,0,6,0,80,0,36,0,60,0,82,0,15,0,35,0,35,0,35,0,Default,0,14,0,66,0,87,0,65,0,50,0,70,0,12,0,15,0,20,0,15,0,25,0,10,0,79,0,45,0,80,0
Rhamondre,Stevenson,New England Patriots,HB,Oklahoma,27,80,2/23/98,72,230,1,38,4,Power Back - HB,87,0,82,0,79,0,85,0,79,0,83,0,85,0,33,0,21,0,87,0,86,0,47,0,71,0,83,0,42,0,10,0,32,0,53,0,89,0,86,0,18,0,20,0,45,0,55,0,10,0,55,0,80,0,63,0,32,0,36,0,17,0,18,0,10,0,18,0,39,0,48,0,55,0,38,0,43,0,Default Stride High and Tight,0,65,0,52,0,88,0,80,0,87,0,41,0,15,0,20,0,25,0,19,0,32,0,15,0,86,0,90,0,16,0
Rico,Dowdle,Carolina Panthers,HB,South Carolina,27,80,6/14/98,72,215,1,5,5,Elusive Back - HB,90,0,84,0,87,0,84,0,75,0,84,0,87,0,28,0,28,0,85,0,93,0,44,0,68,0,86,0,47,0,20,0,20,0,51,0,82,0,85,0,23,0,25,0,78,0,38,0,15,0,51,0,80,0,55,0,35,0,39,0,15,0,20,0,20,0,20,0,40,0,55,0,49,0,37,0,39,0,Default Stride Loose,0,58,0,54,0,88,0,79,0,74,0,36,0,26,0,30,0,36,0,30,0,39,0,22,0,84,0,81,0,20,0
Tarheeb,Still,Los Angeles Chargers,CB,Maryland,23,80,6/9/02,73,196,1,29,1,Zone - CB,93,0,85,0,90,0,85,0,56,0,79,0,61,0,43,0,10,0,66,0,60,0,64,0,79,0,88,0,11,0,31,0,55,0,57,0,91,0,72,0,17,0,18,0,80,0,15,0,74,0,16,0,80,0,10,0,8,0,9,0,6,0,79,0,26,0,80,0,71,0,27,0,15,0,13,0,14,0,Default Stride Loose,0,26,0,66,0,89,0,66,0,32,0,60,0,6,0,10,0,11,0,11,0,27,0,11,0,76,0,26,0,84,0
Teven,Jenkins,Cleveland Browns,RG,Oklahoma St.,27,80,3/3/98,78,321,1,74,4,Power - G,73,0,61,0,79,0,84,0,91,0,77,0,20,0,22,0,12,0,8,0,23,0,11,0,19,0,52,0,5,0,10,0,40,0,87,0,82,0,10,0,14,0,14,0,15,0,86,0,10,0,5,0,80,0,83,0,79,0,86,0,6,0,22,0,20,0,10,0,27,0,15,0,82,0,85,0,79,0,Default Stride Awkward,0,10,0,16,0,74,0,10,0,22,0,31,0,6,0,6,0,6,0,6,0,22,0,15,0,92,0,32,0,10,0
Tremaine,Edmunds,Chicago Bears,MLB,Virginia Tech,27,80,5/2/98,77,250,1,49,7,Field General - MLB,86,0,85,0,85,0,90,0,75,0,85,0,40,0,73,0,12,0,29,0,48,0,36,0,74,0,78,0,5,0,73,0,85,0,81,0,92,0,49,0,14,0,20,0,10,0,17,0,65,0,5,0,80,0,45,0,45,0,45,0,6,0,83,0,61,0,37,0,86,0,15,0,45,0,45,0,45,0,Long Stride Loose,0,15,0,48,0,86,0,43,0,39,0,86,0,6,0,6,0,6,0,6,0,18,0,10,0,88,0,28,0,72,0
Will,Fries,Minnesota Vikings,RG,Penn State,27,80,4/4/98,78,309,1,76,4,Power - G,68,0,59,0,76,0,84,0,87,0,83,0,10,0,29,0,12,0,5,0,29,0,10,0,23,0,64,0,5,0,21,0,41,0,86,0,90,0,10,0,22,0,21,0,10,0,85,0,12,0,5,0,80,0,78,0,76,0,82,0,6,0,28,0,36,0,10,0,42,0,12,0,85,0,87,0,83,0,Default Stride Awkward,0,10,0,12,0,59,0,10,0,10,0,38,0,6,0,6,0,6,0,6,0,25,0,5,0,86,0,15,0,11,0
Xavier,Worthy,Kansas City Chiefs,WR,Texas,22,80,4/27/03,71,165,1,1,1,,98,0,89,0,90,0,86,0,47,0,81,0,87,0,17,0,45,0,73,0,73,0,75,0,84,0,91,0,82,0,10,0,15,0,32,0,91,0,84,0,20,0,21,0,83,0,16,0,13,0,78,0,80,0,24,0,15,0,12,0,31,0,15,0,10,0,10,0,25,0,68,0,36,0,24,0,20,0,Default,0,78,0,76,0,99,0,75,0,58,0,19,0,51,0,52,0,50,0,61,0,62,0,45,0,78,0,31,0,18,0
Xavier,Woods,Tennessee Titans,FS,LA. Tech,30,80,7/26/95,71,200,1,25,8,Run Support - S,89,0,87,0,82,0,94,0,71,0,80,0,72,0,60,0,12,0,54,0,71,0,72,0,78,0,84,0,10,0,43,0,86,0,66,0,94,0,78,0,19,0,17,0,70,0,21,0,68,0,14,0,80,0,35,0,35,0,35,0,6,0,78,0,55,0,66,0,85,0,20,0,35,0,35,0,35,0,Short Stride Default,0,24,0,69,0,88,0,67,0,48,0,81,0,6,0,6,0,6,0,6,0,21,0,19,0,86,0,42,0,74,0
YaYa,Diaby,Tampa Bay Buccaneers,RE,Louisville,26,80,5/30/99,75,270,1,0,2,Power Rusher - DE,93,0,77,0,88,0,80,0,74,0,86,0,37,0,82,0,18,0,25,0,47,0,42,0,45,0,72,0,14,0,73,0,80,0,73,0,90,0,45,0,23,0,27,0,25,0,28,0,34,0,21,0,80,0,35,0,35,0,35,0,6,0,83,0,82,0,40,0,85,0,22,0,40,0,40,0,40,0,Default Stride Loose,0,25,0,44,0,89,0,35,0,49,0,84,0,6,0,6,0,6,0,6,0,23,0,14,0,79,0,31,0,41,0
Zaire,Franklin,Indianapolis Colts,MLB,Syracuse,29,80,7/2/96,72,235,1,44,7,Run Stopper - MLB,89,0,80,0,88,0,95,0,80,0,83,0,41,0,68,0,12,0,21,0,52,0,48,0,61,0,72,0,5,0,64,0,82,0,81,0,93,0,48,0,20,0,20,0,10,0,19,0,54,0,6,0,80,0,45,0,45,0,45,0,6,0,84,0,55,0,43,0,91,0,20,0,45,0,45,0,45,0,Default,0,10,0,43,0,84,0,36,0,34,0,88,0,6,0,6,0,6,0,6,0,22,0,12,0,89,0,37,0,63,0
Zyon,McCollum,Tampa Bay Buccaneers,CB,Sam Houston,26,80,5/3/99,74,199,1,27,3,Manto Man - CB,95,0,97,0,93,0,89,0,60,0,77,0,62,0,51,0,22,0,48,0,63,0,54,0,72,0,93,0,19,0,40,0,64,0,45,0,93,0,71,0,20,0,20,0,45,0,15,0,80,0,24,0,80,0,29,0,29,0,29,0,15,0,76,0,30,0,68,0,68,0,25,0,33,0,33,0,33,0,Default,0,28,0,64,0,93,0,62,0,38,0,50,0,8,0,10,0,15,0,21,0,26,0,13,0,75,0,40,0,76,0
Alec,Pierce,Indianapolis Colts,WR,Cincinnati,25,79,5/2/00,75,211,0,14,3,Deep Threat - WR,94,0,79,0,92,0,83,0,67,0,81,0,75,0,29,0,20,0,70,0,75,0,84,0,87,0,83,0,82,0,10,0,24,0,45,0,87,0,73,0,16,0,19,0,65,0,26,0,23,0,81,0,79,0,35,0,28,0,24,0,15,0,26,0,10,0,20,0,35,0,77,0,44,0,32,0,25,0,Long Stride Default,0,78,0,85,0,93,0,68,0,50,0,29,0,10,0,10,0,15,0,15,0,26,0,19,0,84,0,40,0,27,0
Alex,Anzalone,Detroit Lions,ROLB,Florida,30,79,9/22/94,75,240,1,34,8,Pass Coverage - OLB,86,0,81,0,75,0,90,0,74,0,84,0,35,0,71,0,12,0,12,0,47,0,33,0,61,0,72,0,7,0,57,0,84,0,87,0,84,0,31,0,18,0,28,0,14,0,24,0,67,0,12,0,79,0,45,0,45,0,45,0,6,0,83,0,65,0,43,0,88,0,19,0,45,0,45,0,45,0,Long Stride Loose,0,22,0,35,0,86,0,22,0,41,0,85,0,6,0,6,0,6,0,6,0,25,0,16,0,77,0,34,0,74,0
Bo,Nix,Denver Broncos,QB,Oregon,25,79,2/25/00,74,214,1,10,1,Field General - QB,90,0,76,0,74,0,90,0,60,0,78,0,77,0,12,0,74,0,55,0,67,0,59,0,67,0,73,0,10,0,10,0,12,0,14,0,95,0,64,0,42,0,50,0,10,0,10,0,12,0,19,0,79,0,13,0,13,0,13,0,79,0,10,0,10,0,10,0,27,0,21,0,16,0,14,0,14,0,Long Stride Default,0,41,0,62,0,88,0,42,0,37,0,21,0,86,0,84,0,89,0,83,0,93,0,82,0,96,0,32,0,13,0
Bradley,Chubb,Miami Dolphins,RE,N.C. State,29,79,6/24/96,76,275,1,2,7,Run Stopper - DE,86,0,78,0,86,0,82,0,89,0,79,0,39,0,81,0,12,0,36,0,53,0,36,0,56,0,68,0,4,0,78,0,87,0,92,0,86,0,38,0,15,0,18,0,10,0,17,0,48,0,8,0,79,0,45,0,45,0,45,0,6,0,80,0,72,0,28,0,82,0,13,0,45,0,45,0,45,0,Long Stride Loose,0,15,0,55,0,84,0,33,0,42,0,82,0,6,0,6,0,6,0,6,0,20,0,16,0,95,0,32,0,53,0
Brandin,Cooks,New Orleans Saints,WR,Oregon State,31,79,9/25/93,70,189,1,10,11,Deep Threat - WR,92,0,89,0,85,0,89,0,54,0,79,0,87,0,32,0,22,0,73,0,74,0,84,0,88,0,90,0,81,0,10,0,15,0,40,0,90,0,77,0,20,0,21,0,79,0,20,0,18,0,81,0,79,0,32,0,19,0,20,0,6,0,24,0,10,0,10,0,34,0,75,0,50,0,31,0,37,0,Short Stride Loose,0,80,0,86,0,93,0,73,0,44,0,25,0,6,0,10,0,15,0,10,0,34,0,20,0,78,0,41,0,25,0
Bryce,Baringer,New England Patriots,P,Michigan St.,26,79,4/26/99,75,215,1,17,2,Power - KP,75,0,67,0,65,0,84,0,50,0,64,0,21,0,26,0,23,0,15,0,40,0,15,0,28,0,59,0,15,0,10,0,33,0,18,0,92,0,23,0,85,0,95,0,10,0,15,0,10,0,15,0,79,0,12,0,12,0,12,0,24,0,17,0,10,0,10,0,29,0,15,0,14,0,14,0,14,0,Default Stride Awkward,0,15,0,21,0,73,0,19,0,14,0,32,0,26,0,31,0,33,0,22,0,38,0,17,0,85,0,15,0,10,0
Cameron,Dicker,Los Angeles Chargers,K,Texas,25,79,5/6/00,73,216,1,11,3,Accurate - KP,83,0,63,0,62,0,85,0,51,0,64,0,20,0,10,0,15,0,10,0,29,0,13,0,28,0,57,0,10,0,10,0,18,0,15,0,91,0,10,0,89,0,94,0,10,0,10,0,10,0,10,0,79,0,20,0,14,0,12,0,15,0,14,0,10,0,10,0,33,0,10,0,20,0,12,0,15,0,Default Stride Awkward,0,10,0,14,0,76,0,10,0,10,0,34,0,19,0,23,0,28,0,18,0,41,0,12,0,70,0,15,0,10,0
Cameron,Jordan,New Orleans Saints,RE,California,36,79,7/10/89,76,287,1,94,14,Run Stopper - DE,77,0,77,0,76,0,86,0,87,0,85,0,26,0,78,0,12,0,14,0,42,0,15,0,42,0,66,0,4,0,67,0,85,0,95,0,97,0,30,0,29,0,33,0,10,0,22,0,31,0,8,0,79,0,45,0,45,0,45,0,6,0,85,0,75,0,22,0,87,0,20,0,45,0,45,0,45,0,Default Stride Awkward,0,15,0,15,0,77,0,25,0,25,0,86,0,6,0,6,0,6,0,6,0,30,0,14,0,92,0,10,0,41,0
Cesar,Ruiz,New Orleans Saints,RG,Michigan,26,79,6/14/99,76,316,1,51,5,Power - G,75,0,55,0,80,0,89,0,87,0,84,0,15,0,17,0,12,0,9,0,26,0,15,0,22,0,57,0,5,0,10,0,25,0,84,0,91,0,10,0,11,0,11,0,10,0,81,0,12,0,5,0,79,0,81,0,76,0,84,0,6,0,10,0,10,0,10,0,23,0,15,0,78,0,75,0,81,0,Default Stride Awkward,0,15,0,15,0,76,0,10,0,10,0,27,0,6,0,6,0,6,0,6,0,25,0,11,0,90,0,25,0,12,0
Chase,McLaughlin,Tampa Bay Buccaneers,K,Illinois,29,79,4/9/96,73,190,1,4,6,Power - KP,77,0,64,0,50,0,84,0,39,0,66,0,20,0,15,0,15,0,15,0,45,0,10,0,40,0,50,0,10,0,10,0,12,0,15,0,81,0,15,0,85,0,95,0,10,0,15,0,15,0,10,0,79,0,10,0,14,0,16,0,20,0,15,0,10,0,10,0,20,0,12,0,15,0,16,0,16,0,Short Stride Awkward,0,10,0,12,0,73,0,15,0,15,0,20,0,20,0,25,0,33,0,20,0,41,0,23,0,75,0,15,0,20,0
Chase,Young,New Orleans Saints,RE,Ohio State,26,79,1/1/99,77,264,1,99,5,Smaller Speed Rusher - DE,87,0,84,0,84,0,79,0,86,0,74,0,36,0,79,0,27,0,23,0,43,0,25,0,33,0,71,0,5,0,82,0,82,0,88,0,83,0,38,0,22,0,14,0,10,0,17,0,34,0,10,0,79,0,45,0,45,0,45,0,15,0,72,0,73,0,27,0,83,0,17,0,45,0,45,0,45,0,Long Stride Bread Loaf,0,14,0,24,0,83,0,36,0,39,0,83,0,20,0,25,0,28,0,33,0,32,0,23,0,89,0,34,0,47,0
Cody,Barton,Tennessee Titans,MLB,Utah,28,79,11/13/96,74,237,1,50,6,Field General - MLB,86,0,83,0,79,0,92,0,78,0,87,0,43,0,70,0,12,0,38,0,49,0,50,0,72,0,76,0,18,0,55,0,78,0,78,0,92,0,55,0,20,0,16,0,10,0,21,0,59,0,24,0,79,0,45,0,45,0,45,0,6,0,84,0,61,0,50,0,86,0,31,0,45,0,45,0,45,0,Default Stride Loose,0,29,0,50,0,85,0,47,0,50,0,87,0,6,0,6,0,6,0,6,0,22,0,15,0,88,0,39,0,67,0
Cody,Mauch,Tampa Bay Buccaneers,RG,North Dakota St.,26,79,1/15/99,77,302,1,69,2,Power - G,77,0,73,0,72,0,85,0,87,0,80,0,44,0,44,0,53,0,39,0,55,0,49,0,50,0,62,0,33,0,34,0,51,0,86,0,93,0,41,0,15,0,15,0,10,0,84,0,10,0,37,0,79,0,81,0,77,0,83,0,35,0,44,0,51,0,10,0,51,0,49,0,79,0,77,0,81,0,Default Stride Awkward,0,42,0,48,0,70,0,35,0,47,0,45,0,41,0,43,0,45,0,43,0,46,0,41,0,95,0,41,0,11,0
DaQuan,Jones,Buffalo Bills,DT,Penn State,33,79,12/17/91,76,320,1,92,11,Power Rusher - DT,65,0,62,0,69,0,81,0,88,0,89,0,10,0,82,0,12,0,10,0,39,0,15,0,24,0,50,0,4,0,68,0,80,0,89,0,93,0,10,0,17,0,7,0,10,0,17,0,24,0,8,0,79,0,45,0,45,0,45,0,6,0,92,0,83,0,19,0,81,0,15,0,45,0,45,0,45,0,Default Stride Awkward,0,15,0,15,0,70,0,10,0,20,0,82,0,6,0,6,0,6,0,6,0,16,0,14,0,84,0,15,0,36,0
David,Onyemata,Atlanta Falcons,DT,Manitoba,32,79,11/13/92,75,300,1,90,9,,78,0,69,0,80,0,76,0,89,0,77,0,13,0,82,0,12,0,10,0,30,0,15,0,41,0,55,0,2,0,62,0,81,0,80,0,91,0,17,0,12,0,29,0,10,0,28,0,22,0,3,0,79,0,44,0,45,0,45,0,6,0,76,0,75,0,10,0,80,0,12,0,45,0,45,0,45,0,Default Stride Loose,0,10,0,25,0,73,0,11,0,29,0,87,0,6,0,6,0,6,0,6,0,13,0,17,0,85,0,26,0,33,0
DJ,Turner II,Cincinnati Bengals,CB,Michigan,24,79,11/9/00,72,180,1,20,2,Manto Man - CB,97,0,92,0,91,0,90,0,43,0,74,0,65,0,40,0,15,0,60,0,53,0,48,0,69,0,93,0,11,0,35,0,44,0,33,0,88,0,77,0,15,0,18,0,65,0,15,0,76,0,16,0,79,0,35,0,35,0,35,0,15,0,73,0,25,0,70,0,65,0,27,0,35,0,35,0,35,0,Short Stride Loose,0,22,0,65,0,96,0,65,0,25,0,54,0,10,0,15,0,22,0,11,0,27,0,10,0,83,0,28,0,77,0
Drew,Dalman,Chicago Bears,C,Stanford,26,79,10/15/98,75,300,1,52,4,Agile - C,75,0,68,0,80,0,81,0,87,0,87,0,10,0,27,0,12,0,5,0,34,0,15,0,25,0,53,0,5,0,10,0,25,0,80,0,92,0,10,0,14,0,15,0,10,0,90,0,9,0,5,0,79,0,70,0,71,0,69,0,6,0,31,0,10,0,10,0,31,0,15,0,88,0,90,0,84,0,Default Stride Awkward,0,15,0,15,0,70,0,10,0,10,0,32,0,6,0,6,0,6,0,6,0,15,0,10,0,82,0,25,0,11,0
Dru,Phillips,NY Giants,CB,Kentucky,23,79,11/30/01,71,180,1,22,1,Slot - CB,91,0,90,0,95,0,87,0,62,0,78,0,62,0,57,0,26,0,63,0,55,0,51,0,59,0,88,0,21,0,40,0,66,0,52,0,89,0,72,0,27,0,26,0,60,0,21,0,81,0,29,0,79,0,26,0,15,0,14,0,14,0,80,0,33,0,77,0,74,0,32,0,30,0,24,0,25,0,Default Stride Loose,0,34,0,51,0,90,0,67,0,35,0,65,0,22,0,25,0,26,0,22,0,25,0,11,0,90,0,35,0,81,0
Edgerrin,Cooper,Green Bay Packers,MLB,Texas AM,23,79,11/17/01,74,230,1,56,1,Pass Coverage - MLB,92,0,80,0,83,0,85,0,72,0,77,0,64,0,70,0,23,0,51,0,65,0,61,0,70,0,78,0,21,0,66,0,83,0,75,0,92,0,68,0,19,0,21,0,45,0,37,0,72,0,30,0,79,0,40,0,36,0,35,0,18,0,76,0,55,0,67,0,85,0,26,0,45,0,44,0,44,0,Default Stride Loose,0,35,0,59,0,89,0,64,0,57,0,84,0,20,0,22,0,26,0,27,0,22,0,38,0,87,0,53,0,75,0
Elijah,Molden,Los Angeles Chargers,FS,Washington,26,79,1/30/99,70,192,1,2,4,Zone - S,92,0,84,0,87,0,88,0,57,0,80,0,77,0,43,0,10,0,57,0,63,0,54,0,65,0,82,0,24,0,31,0,72,0,43,0,88,0,80,0,13,0,17,0,60,0,17,0,76,0,32,0,79,0,35,0,35,0,40,0,6,0,82,0,29,0,69,0,81,0,36,0,40,0,35,0,35,0,Short Stride Loose,0,43,0,58,0,90,0,70,0,47,0,70,0,6,0,6,0,6,0,6,0,25,0,15,0,87,0,49,0,80,0
Germaine,Pratt,Las Vegas Raiders,ROLB,N.C. State,29,79,5/21/96,74,250,1,57,6,Pass Coverage - OLB,88,0,79,0,79,0,92,0,76,0,87,0,55,0,67,0,12,0,53,0,47,0,46,0,72,0,74,0,24,0,58,0,80,0,83,0,90,0,56,0,18,0,28,0,14,0,24,0,68,0,30,0,79,0,45,0,45,0,45,0,6,0,85,0,64,0,55,0,85,0,31,0,45,0,45,0,45,0,Default Stride Loose,0,35,0,56,0,88,0,40,0,41,0,83,0,6,0,6,0,6,0,6,0,25,0,16,0,81,0,34,0,69,0
Gervon,Dexter Sr,Chicago Bears,DT,Florida,23,79,10/5/01,78,312,1,99,2,,80,0,67,0,76,0,81,0,85,0,85,0,35,0,81,0,12,0,24,0,45,0,45,0,52,0,57,0,5,0,66,0,82,0,89,0,92,0,24,0,9,0,12,0,10,0,41,0,10,0,8,0,79,0,40,0,40,0,40,0,6,0,81,0,79,0,14,0,82,0,14,0,45,0,45,0,45,0,Long Stride Awkward,0,13,0,46,0,76,0,17,0,42,0,87,0,6,0,6,0,6,0,6,0,14,0,11,0,83,0,44,0,12,0
Jack,Conklin,Cleveland Browns,RT,Michigan St.,31,79,8/17/94,78,308,1,78,9,Power - OT,69,0,60,0,74,0,87,0,88,0,91,0,12,0,26,0,12,0,7,0,29,0,15,0,24,0,51,0,5,0,14,0,24,0,86,0,82,0,11,0,19,0,18,0,9,0,81,0,11,0,5,0,79,0,81,0,77,0,85,0,5,0,19,0,15,0,10,0,29,0,16,0,80,0,82,0,78,0,Default Stride Awkward,0,14,0,15,0,69,0,12,0,15,0,34,0,5,0,5,0,5,0,5,0,22,0,13,0,95,0,24,0,14,0
Jack,Fox,Detroit Lions,P,Rice,29,79,9/1/96,74,224,1,3,7,Power - KP,81,0,64,0,69,0,83,0,50,0,68,0,10,0,29,0,15,0,5,0,39,0,15,0,23,0,55,0,15,0,10,0,12,0,16,0,90,0,10,0,79,0,95,0,10,0,16,0,11,0,15,0,79,0,17,0,17,0,17,0,15,0,24,0,10,0,10,0,32,0,15,0,16,0,16,0,16,0,Default Stride Awkward,0,15,0,15,0,79,0,10,0,10,0,29,0,15,0,29,0,47,0,15,0,53,0,20,0,65,0,10,0,20,0
Jalon,Walker,Atlanta Falcons,LE,Georgia,24,79,2/24/01,73,243,1,11,0,Smaller Speed Rusher - DE,92,0,85,0,81,0,73,0,80,0,76,0,47,0,73,0,25,0,30,0,49,0,39,0,51,0,76,0,28,0,79,0,78,0,70,0,88,0,51,0,25,0,27,0,35,0,38,0,35,0,33,0,79,0,45,0,45,0,45,0,25,0,75,0,70,0,36,0,84,0,36,0,45,0,45,0,45,0,Default Stride Loose,0,39,0,40,0,86,0,43,0,32,0,81,0,18,0,18,0,18,0,16,0,21,0,27,0,85,0,29,0,47,0
James,Daniels,Miami Dolphins,LG,Iowa,27,79,9/13/97,76,327,1,78,7,Power - G,66,0,72,0,75,0,89,0,86,0,88,0,15,0,26,0,12,0,8,0,28,0,15,0,20,0,58,0,5,0,10,0,29,0,85,0,86,0,10,0,14,0,15,0,10,0,78,0,12,0,5,0,79,0,78,0,74,0,82,0,6,0,10,0,10,0,10,0,28,0,12,0,82,0,83,0,81,0,Default,0,10,0,12,0,66,0,10,0,10,0,28,0,6,0,6,0,6,0,6,0,26,0,10,0,82,0,21,0,12,0
Jarran,Reed,Seattle Seahawks,DT,Alabama,31,79,12/16/93,75,306,1,90,9,,67,0,61,0,76,0,83,0,89,0,87,0,18,0,80,0,12,0,10,0,33,0,14,0,30,0,54,0,3,0,78,0,78,0,86,0,92,0,16,0,17,0,17,0,9,0,34,0,18,0,5,0,79,0,44,0,45,0,44,0,6,0,84,0,67,0,13,0,81,0,15,0,45,0,45,0,46,0,Long Stride Loose,0,13,0,16,0,71,0,17,0,25,0,88,0,6,0,6,0,6,0,6,0,23,0,15,0,87,0,29,0,26,0
Jason,Myers,Seattle Seahawks,K,Marist,34,79,5/12/91,70,190,1,5,10,Power - KP,71,0,47,0,40,0,80,0,43,0,67,0,19,0,10,0,13,0,12,0,34,0,10,0,30,0,45,0,10,0,10,0,12,0,15,0,85,0,14,0,85,0,95,0,10,0,15,0,10,0,10,0,79,0,20,0,15,0,15,0,20,0,15,0,10,0,10,0,28,0,12,0,20,0,15,0,15,0,Default Stride Awkward,0,10,0,12,0,69,0,23,0,16,0,20,0,25,0,30,0,35,0,20,0,45,0,13,0,50,0,15,0,25,0
Jermaine,Johnson II,NY Jets,RE,Florida State,26,79,1/7/99,77,262,1,11,3,Power Rusher - DE,88,0,81,0,81,0,79,0,82,0,75,0,40,0,80,0,12,0,28,0,44,0,28,0,48,0,70,0,9,0,74,0,84,0,87,0,93,0,43,0,15,0,17,0,10,0,18,0,32,0,12,0,79,0,45,0,45,0,44,0,6,0,77,0,80,0,26,0,85,0,23,0,45,0,45,0,46,0,Long Stride Default,0,19,0,27,0,85,0,37,0,43,0,86,0,6,0,6,0,6,0,6,0,21,0,10,0,90,0,42,0,43,0
Joe,Tippmann,NY Jets,C,Wisconsin,24,79,3/24/01,78,317,1,66,2,Power - C,81,0,65,0,72,0,88,0,89,0,80,0,11,0,25,0,12,0,9,0,45,0,36,0,39,0,57,0,10,0,10,0,34,0,86,0,87,0,20,0,12,0,15,0,10,0,88,0,12,0,15,0,79,0,79,0,77,0,81,0,6,0,25,0,10,0,10,0,30,0,25,0,82,0,83,0,81,0,Long Stride Awkward,0,23,0,32,0,73,0,15,0,24,0,33,0,6,0,6,0,6,0,6,0,11,0,10,0,90,0,10,0,13,0
Jordan,Mason,Minnesota Vikings,HB,Georgia Tech,26,79,5/24/99,71,223,1,27,3,Power Back - HB,92,0,77,0,80,0,77,0,78,0,81,0,88,0,37,0,35,0,86,0,90,0,54,0,60,0,75,0,35,0,20,0,48,0,43,0,89,0,84,0,11,0,12,0,65,0,40,0,30,0,42,0,79,0,47,0,37,0,35,0,13,0,24,0,17,0,33,0,45,0,56,0,48,0,39,0,35,0,Default Stride High and Tight,0,50,0,55,0,89,0,73,0,83,0,42,0,14,0,21,0,28,0,24,0,36,0,11,0,88,0,87,0,35,0
Jourdan,Lewis,Jacksonville Jaguars,CB,Michigan,30,79,8/31/95,70,195,1,2,8,Manto Man - CB,88,0,85,0,85,0,88,0,67,0,84,0,73,0,58,0,16,0,66,0,65,0,73,0,73,0,84,0,15,0,36,0,66,0,61,0,89,0,78,0,26,0,26,0,81,0,10,0,80,0,22,0,79,0,35,0,35,0,35,0,6,0,82,0,27,0,82,0,78,0,26,0,35,0,35,0,35,0,Short Stride Default,0,32,0,77,0,89,0,73,0,38,0,69,0,6,0,6,0,6,0,6,0,24,0,10,0,84,0,38,0,76,0
Kamren,Curl,Los Angeles Rams,SS,Arkansas,26,79,3/31/99,74,198,1,3,5,Run Support - S,89,0,83,0,83,0,91,0,70,0,80,0,63,0,60,0,10,0,51,0,55,0,54,0,65,0,81,0,27,0,53,0,79,0,57,0,93,0,69,0,17,0,22,0,59,0,12,0,70,0,31,0,79,0,35,0,35,0,35,0,10,0,79,0,44,0,73,0,86,0,30,0,35,0,35,0,35,0,Short Stride Loose,0,38,0,62,0,88,0,58,0,36,0,76,0,10,0,10,0,10,0,10,0,20,0,10,0,91,0,34,0,75,0
Kyler,Murray,Arizona Cardinals,QB,Oklahoma,28,79,8/7/97,70,207,1,1,6,Scrambler - QB,93,0,90,0,64,0,89,0,59,0,72,0,94,0,14,0,87,0,75,0,69,0,19,0,50,0,88,0,13,0,10,0,12,0,10,0,81,0,86,0,15,0,19,0,10,0,10,0,17,0,15,0,79,0,12,0,12,0,12,0,84,0,17,0,10,0,10,0,29,0,11,0,13,0,13,0,13,0,Short Stride Loose,0,17,0,21,0,92,0,77,0,49,0,34,0,81,0,80,0,87,0,89,0,90,0,84,0,85,0,25,0,23,0
Luke,Rhodes,Indianapolis Colts,LS,William  Mary,32,79,12/2/92,74,238,1,46,9,Power - LS,81,0,75,0,84,0,79,0,80,0,65,0,52,0,65,0,18,0,25,0,47,0,43,0,54,0,70,0,29,0,48,0,79,0,72,0,92,0,55,0,20,0,17,0,35,0,56,0,48,0,35,0,79,0,47,0,43,0,50,0,6,0,54,0,58,0,53,0,70,0,24,0,45,0,35,0,40,0,Long Stride Loose,0,39,0,41,0,80,0,42,0,44,0,75,0,6,0,6,0,6,0,6,0,29,0,10,0,88,0,45,0,55,0
Malik,Hooker,Dallas Cowboys,FS,Ohio State,29,79,4/2/96,74,212,1,28,8,Zone - S,89,0,85,0,89,0,91,0,76,0,83,0,73,0,51,0,13,0,48,0,68,0,59,0,81,0,83,0,11,0,38,0,82,0,59,0,83,0,69,0,19,0,20,0,48,0,14,0,67,0,16,0,79,0,13,0,33,0,34,0,15,0,81,0,34,0,61,0,73,0,22,0,18,0,33,0,34,0,Default,0,26,0,76,0,88,0,60,0,47,0,75,0,10,0,10,0,15,0,15,0,26,0,18,0,79,0,46,0,76,0
Marvin,Harrison Jr,Arizona Cardinals,WR,Ohio State,23,79,8/11/02,75,209,1,18,1,,93,0,91,0,93,0,90,0,57,0,80,0,87,0,15,0,22,0,74,0,75,0,82,0,84,0,93,0,78,0,18,0,19,0,38,0,86,0,80,0,15,0,25,0,50,0,21,0,17,0,81,0,79,0,22,0,15,0,18,0,6,0,28,0,12,0,19,0,24,0,76,0,48,0,16,0,23,0,Default,0,80,0,86,0,93,0,73,0,45,0,24,0,6,0,10,0,15,0,10,0,27,0,23,0,88,0,39,0,25,0
Mike,Gesicki,Cincinnati Bengals,TE,Penn State,29,79,10/3/95,78,250,1,88,7,Vertical Threat - TE,87,0,87,0,94,0,89,0,76,0,73,0,79,0,32,0,13,0,70,0,79,0,82,0,88,0,74,0,65,0,10,0,38,0,66,0,91,0,78,0,14,0,18,0,15,0,58,0,10,0,68,0,79,0,57,0,55,0,51,0,6,0,20,0,10,0,17,0,37,0,75,0,58,0,58,0,55,0,Long Stride Loose,0,71,0,92,0,84,0,70,0,76,0,30,0,6,0,10,0,15,0,10,0,50,0,15,0,82,0,76,0,15,0
Nate,Wiggins,Baltimore Ravens,CB,Clemson,22,79,8/28/03,74,173,1,2,1,Manto Man - CB,95,0,92,0,86,0,86,0,49,0,71,0,79,0,40,0,32,0,71,0,58,0,59,0,71,0,90,0,42,0,29,0,54,0,32,0,86,0,77,0,16,0,15,0,72,0,20,0,81,0,45,0,79,0,21,0,13,0,11,0,18,0,70,0,25,0,68,0,71,0,37,0,28,0,21,0,21,0,Default Stride Loose,0,47,0,70,0,96,0,76,0,30,0,60,0,21,0,23,0,27,0,29,0,33,0,16,0,78,0,21,0,77,0
Nick,Folk,NY Jets,K,Arizona,40,79,11/5/84,73,222,1,18,17,Accurate - KP,65,0,55,0,50,0,78,0,59,0,68,0,25,0,25,0,20,0,15,0,50,0,10,0,40,0,43,0,10,0,20,0,12,0,20,0,85,0,25,0,88,0,91,0,10,0,15,0,15,0,10,0,79,0,15,0,17,0,16,0,20,0,25,0,15,0,10,0,35,0,12,0,15,0,26,0,21,0,Default Stride Awkward,0,10,0,12,0,67,0,20,0,15,0,25,0,25,0,30,0,35,0,20,0,55,0,13,0,65,0,10,0,20,0
Osa,Odighizuwa,Dallas Cowboys,DT,UCLA,27,79,8/13/98,74,280,1,97,4,,82,0,68,0,77,0,84,0,85,0,84,0,21,0,79,0,12,0,24,0,29,0,14,0,26,0,61,0,3,0,73,0,78,0,86,0,92,0,25,0,18,0,20,0,10,0,21,0,19,0,6,0,79,0,45,0,45,0,45,0,6,0,82,0,80,0,17,0,82,0,13,0,45,0,45,0,45,0,Long Stride Loose,0,10,0,20,0,77,0,22,0,32,0,86,0,6,0,6,0,6,0,6,0,12,0,13,0,89,0,27,0,26,0
Quay,Walker,Green Bay Packers,ROLB,Georgia,25,79,5/8/00,76,241,1,7,3,Run Stopper - OLB,90,0,86,0,78,0,89,0,75,0,76,0,67,0,72,0,15,0,53,0,55,0,49,0,57,0,73,0,28,0,65,0,87,0,71,0,91,0,61,0,16,0,19,0,10,0,24,0,57,0,30,0,79,0,45,0,45,0,45,0,6,0,75,0,56,0,45,0,91,0,35,0,45,0,45,0,45,0,Long Stride Loose,0,32,0,50,0,88,0,50,0,37,0,90,0,6,0,6,0,6,0,6,0,20,0,7,0,85,0,52,0,64,0
Rachaad,White,Tampa Bay Buccaneers,HB,Arizona St.,26,79,1/12/99,72,214,1,1,3,Elusive Back - HB,92,0,87,0,87,0,83,0,71,0,79,0,84,0,26,0,21,0,81,0,89,0,60,0,76,0,88,0,57,0,10,0,23,0,37,0,90,0,88,0,18,0,21,0,75,0,39,0,12,0,64,0,79,0,58,0,29,0,24,0,15,0,16,0,10,0,15,0,34,0,62,0,37,0,36,0,29,0,Default,0,71,0,59,0,90,0,76,0,75,0,30,0,10,0,15,0,20,0,18,0,26,0,14,0,85,0,76,0,17,0
Raheem,Mostert,Las Vegas Raiders,HB,Purdue,33,79,4/9/92,70,205,1,31,10,Elusive Back - HB,92,0,85,0,89,0,84,0,67,0,80,0,85,0,27,0,20,0,82,0,85,0,53,0,70,0,84,0,51,0,10,0,20,0,30,0,79,0,87,0,23,0,25,0,83,0,36,0,15,0,58,0,79,0,61,0,20,0,25,0,15,0,20,0,10,0,20,0,51,0,57,0,47,0,30,0,32,0,Default,0,64,0,52,0,91,0,81,0,81,0,41,0,20,0,30,0,35,0,15,0,30,0,11,0,82,0,74,0,20,0
Rashid,Shaheed,New Orleans Saints,WR,Weber State,27,79,8/31/98,72,180,1,22,3,,95,0,90,0,87,0,84,0,60,0,76,0,86,0,23,0,22,0,77,0,70,0,77,0,85,0,91,0,85,0,14,0,19,0,31,0,85,0,87,0,17,0,19,0,88,0,16,0,25,0,78,0,79,0,33,0,15,0,16,0,10,0,17,0,15,0,15,0,32,0,61,0,39,0,12,0,17,0,Default Stride Loose,0,74,0,79,0,93,0,76,0,35,0,25,0,10,0,15,0,22,0,21,0,28,0,11,0,76,0,41,0,30,0
Reggie,Gilliam,Buffalo Bills,FB,Toledo,28,79,8/20/97,73,243,1,41,5,Utility - FB,90,0,83,0,85,0,87,0,76,0,84,0,66,0,39,0,20,0,61,0,70,0,59,0,74,0,77,0,55,0,22,0,84,0,71,0,88,0,60,0,12,0,17,0,38,0,86,0,31,0,60,0,79,0,67,0,46,0,52,0,10,0,42,0,31,0,14,0,57,0,59,0,69,0,62,0,60,0,Default,0,64,0,57,0,87,0,54,0,69,0,54,0,16,0,21,0,26,0,25,0,34,0,21,0,86,0,72,0,36,0
Rome,Odunze,Chicago Bears,WR,Washington,23,79,6/3/02,75,212,1,15,1,Slot - WR,94,0,87,0,93,0,89,0,65,0,82,0,84,0,27,0,24,0,76,0,73,0,86,0,85,0,89,0,77,0,10,0,24,0,45,0,87,0,83,0,17,0,18,0,79,0,23,0,11,0,78,0,79,0,28,0,20,0,22,0,6,0,14,0,10,0,21,0,33,0,76,0,50,0,35,0,30,0,Long Stride Default,0,80,0,86,0,91,0,73,0,61,0,30,0,10,0,14,0,17,0,10,0,24,0,15,0,86,0,47,0,17,0
Romeo,Doubs,Green Bay Packers,WR,Nevada,25,79,4/13/00,74,204,1,87,3,Deep Threat - WR,94,0,85,0,83,0,86,0,60,0,83,0,80,0,33,0,19,0,71,0,67,0,85,0,83,0,83,0,81,0,22,0,26,0,38,0,89,0,76,0,17,0,22,0,79,0,19,0,19,0,80,0,79,0,26,0,23,0,20,0,15,0,32,0,18,0,22,0,39,0,80,0,38,0,25,0,20,0,Long Stride Loose,0,78,0,83,0,92,0,71,0,43,0,35,0,10,0,15,0,20,0,12,0,24,0,17,0,86,0,35,0,31,0
Sean,Murphy-Bunting,Arizona Cardinals,CB,Central Michigan,28,79,6/19/97,72,195,1,23,6,Manto Man - CB,92,0,88,0,94,0,90,0,59,0,83,0,72,0,59,0,10,0,62,0,63,0,63,0,76,0,88,0,28,0,37,0,62,0,57,0,88,0,74,0,26,0,26,0,60,0,18,0,78,0,34,0,79,0,25,0,35,0,35,0,6,0,81,0,28,0,74,0,75,0,40,0,25,0,35,0,35,0,Long Stride Default,0,42,0,72,0,91,0,69,0,38,0,47,0,6,0,6,0,6,0,6,0,29,0,10,0,83,0,37,0,75,0
Shaquill,Griffin,Seattle Seahawks,CB,UCF,30,79,7/20/95,72,198,1,24,8,Zone - CB,91,0,84,0,91,0,91,0,63,0,82,0,73,0,53,0,13,0,53,0,67,0,68,0,74,0,86,0,11,0,37,0,67,0,58,0,87,0,80,0,12,0,14,0,45,0,18,0,75,0,14,0,79,0,35,0,35,0,35,0,6,0,81,0,28,0,81,0,76,0,19,0,35,0,35,0,35,0,Default,0,24,0,72,0,91,0,73,0,48,0,63,0,6,0,6,0,6,0,6,0,14,0,10,0,87,0,36,0,80,0
T'Vondre,Sweat,Tennessee Titans,DT,Texas,24,79,7/11/01,77,366,1,93,1,,70,0,67,0,66,0,70,0,94,0,72,0,45,0,82,0,13,0,39,0,44,0,41,0,47,0,45,0,3,0,72,0,83,0,88,0,90,0,38,0,23,0,24,0,10,0,25,0,24,0,5,0,79,0,40,0,40,0,40,0,6,0,76,0,67,0,20,0,78,0,12,0,45,0,45,0,45,0,Default Stride Awkward,0,10,0,43,0,63,0,30,0,55,0,87,0,7,0,10,0,13,0,6,0,22,0,15,0,86,0,50,0,28,0
Taylor,Rapp,Buffalo Bills,SS,Washington,27,79,12/22/97,72,208,1,9,6,Run Support - S,87,0,86,0,84,0,89,0,63,0,80,0,58,0,61,0,22,0,46,0,61,0,60,0,77,0,86,0,17,0,49,0,85,0,48,0,91,0,67,0,14,0,18,0,57,0,10,0,65,0,22,0,79,0,35,0,35,0,35,0,6,0,76,0,41,0,69,0,84,0,22,0,35,0,35,0,35,0,Short Stride Default,0,29,0,66,0,86,0,61,0,44,0,83,0,12,0,18,0,25,0,30,0,36,0,14,0,84,0,33,0,76,0
Terrel,Bernard,Buffalo Bills,MLB,Baylor,26,79,5/7/99,73,224,1,8,3,Field General - MLB,91,0,83,0,85,0,89,0,67,0,84,0,48,0,67,0,18,0,33,0,49,0,45,0,74,0,79,0,5,0,62,0,81,0,74,0,86,0,61,0,13,0,17,0,30,0,19,0,60,0,5,0,79,0,45,0,45,0,45,0,11,0,85,0,52,0,40,0,90,0,15,0,45,0,45,0,45,0,Default Stride Loose,0,15,0,51,0,86,0,51,0,44,0,85,0,15,0,17,0,22,0,15,0,21,0,12,0,88,0,39,0,67,0
Tommy,Townsend,Houston Texans,P,Florida,28,79,11/12/96,73,191,1,6,5,Power - KP,84,0,64,0,58,0,88,0,43,0,67,0,10,0,32,0,19,0,12,0,40,0,15,0,20,0,57,0,15,0,10,0,12,0,14,0,82,0,10,0,83,0,95,0,10,0,14,0,16,0,15,0,79,0,11,0,11,0,11,0,20,0,28,0,10,0,10,0,23,0,15,0,14,0,14,0,14,0,Default Stride Awkward,0,15,0,15,0,81,0,10,0,10,0,35,0,33,0,41,0,49,0,20,0,58,0,16,0,58,0,10,0,24,0
Tucker,Kraft,Green Bay Packers,TE,S. Dakota St.,24,79,11/3/00,77,259,1,85,2,Vertical Threat - TE,89,0,82,0,82,0,86,0,76,0,79,0,81,0,49,0,41,0,73,0,72,0,76,0,90,0,76,0,61,0,41,0,52,0,68,0,85,0,65,0,18,0,29,0,10,0,59,0,26,0,69,0,79,0,59,0,55,0,59,0,44,0,37,0,35,0,27,0,53,0,70,0,63,0,59,0,63,0,Long Stride Default,0,72,0,78,0,88,0,60,0,68,0,53,0,35,0,39,0,44,0,43,0,52,0,38,0,82,0,73,0,35,0
Tyjae,Spears,Tennessee Titans,HB,Tulane,24,79,6/15/01,70,200,1,2,2,Elusive Back - HB,91,0,88,0,89,0,85,0,71,0,77,0,82,0,25,0,25,0,83,0,95,0,54,0,74,0,87,0,50,0,10,0,22,0,37,0,86,0,87,0,18,0,21,0,62,0,34,0,12,0,58,0,79,0,60,0,22,0,26,0,16,0,16,0,10,0,16,0,35,0,52,0,45,0,27,0,22,0,Default,0,66,0,57,0,88,0,76,0,74,0,30,0,10,0,15,0,20,0,14,0,29,0,12,0,86,0,65,0,15,0
Tyler,Lockett,Tennessee Titans,WR,Kansas State,32,79,9/28/92,70,182,1,4,10,Slot - WR,88,0,91,0,85,0,89,0,50,0,78,0,85,0,25,0,27,0,72,0,73,0,85,0,92,0,89,0,79,0,10,0,12,0,45,0,96,0,84,0,25,0,28,0,90,0,25,0,10,0,80,0,79,0,30,0,15,0,17,0,6,0,15,0,10,0,10,0,30,0,79,0,51,0,29,0,34,0,Default Stride Loose,0,81,0,89,0,88,0,77,0,38,0,25,0,6,0,10,0,15,0,10,0,30,0,23,0,89,0,38,0,25,0
Tyrone,Tracy Jr,NY Giants,HB,Purdue,25,79,11/23/99,73,210,1,29,1,Elusive Back - HB,91,0,90,0,88,0,86,0,72,0,78,0,81,0,24,0,18,0,79,0,90,0,50,0,67,0,89,0,60,0,10,0,25,0,33,0,94,0,85,0,32,0,25,0,82,0,32,0,13,0,63,0,79,0,50,0,27,0,32,0,10,0,18,0,10,0,20,0,32,0,59,0,29,0,16,0,15,0,Default Stride Loose,0,68,0,50,0,90,0,77,0,71,0,29,0,10,0,15,0,20,0,10,0,24,0,17,0,84,0,75,0,19,0
Will,Campbell,New England Patriots,LT,LSU,21,79,1/6/04,78,319,1,66,0,Agile - OT,78,0,71,0,78,0,89,0,87,0,76,0,11,0,22,0,12,0,13,0,30,0,21,0,21,0,58,0,5,0,11,0,34,0,85,0,90,0,10,0,15,0,16,0,10,0,85,0,12,0,5,0,79,0,83,0,85,0,83,0,6,0,30,0,22,0,10,0,22,0,29,0,80,0,83,0,79,0,Long Stride Awkward,0,16,0,21,0,73,0,10,0,18,0,29,0,6,0,6,0,6,0,6,0,11,0,11,0,90,0,28,0,12,0
Wyatt,Teller,Cleveland Browns,RG,Virginia Tech,30,79,11/21/94,76,315,1,77,7,Power - G,65,0,66,0,72,0,92,0,93,0,87,0,27,0,45,0,35,0,28,0,40,0,29,0,36,0,51,0,12,0,37,0,43,0,83,0,91,0,28,0,12,0,18,0,10,0,84,0,9,0,18,0,79,0,76,0,72,0,79,0,22,0,31,0,42,0,10,0,40,0,18,0,81,0,82,0,80,0,Long Stride Loose,0,22,0,27,0,72,0,26,0,19,0,50,0,19,0,24,0,27,0,26,0,40,0,27,0,90,0,44,0,10,0
Zach,Wood,New Orleans Saints,LS,SMU,32,79,1/10/93,75,255,0,49,8,Power - LS,64,0,64,0,70,0,76,0,75,0,65,0,42,0,61,0,12,0,20,0,45,0,42,0,46,0,55,0,15,0,58,0,71,0,63,0,93,0,36,0,24,0,25,0,10,0,48,0,24,0,19,0,79,0,59,0,40,0,50,0,10,0,34,0,61,0,25,0,68,0,22,0,51,0,34,0,39,0,Long Stride Loose,0,24,0,38,0,71,0,27,0,57,0,70,0,10,0,10,0,10,0,10,0,39,0,10,0,82,0,41,0,33,0
Ahkello,Witherspoon,Los Angeles Rams,CB,Colorado,30,78,3/21/95,74,195,1,4,8,Manto Man - CB,92,0,86,0,92,0,88,0,56,0,82,0,61,0,52,0,10,0,44,0,59,0,53,0,75,0,84,0,10,0,33,0,44,0,43,0,83,0,73,0,20,0,20,0,55,0,13,0,81,0,17,0,78,0,35,0,35,0,35,0,6,0,81,0,26,0,73,0,70,0,24,0,35,0,35,0,35,0,Default Stride Loose,0,27,0,63,0,89,0,66,0,31,0,40,0,6,0,6,0,6,0,6,0,35,0,11,0,69,0,25,0,77,0
Alaric,Jackson,Los Angeles Rams,LT,Iowa,27,78,7/14/98,79,345,1,77,4,Agile - OT,67,0,61,0,64,0,82,0,85,0,86,0,30,0,47,0,12,0,29,0,34,0,25,0,22,0,50,0,10,0,34,0,43,0,85,0,92,0,21,0,11,0,13,0,10,0,85,0,10,0,15,0,78,0,82,0,81,0,83,0,6,0,21,0,46,0,10,0,45,0,21,0,82,0,84,0,80,0,Long Stride Awkward,0,20,0,27,0,63,0,14,0,24,0,42,0,6,0,6,0,6,0,6,0,26,0,16,0,86,0,33,0,12,0
Alohi,Gilman,Los Angeles Chargers,FS,Notre Dame,27,78,9/17/97,70,201,1,32,5,Zone - S,83,0,88,0,78,0,89,0,63,0,84,0,67,0,62,0,18,0,48,0,58,0,52,0,73,0,85,0,27,0,48,0,78,0,62,0,90,0,71,0,17,0,19,0,45,0,16,0,67,0,31,0,78,0,35,0,35,0,35,0,6,0,81,0,43,0,59,0,81,0,30,0,35,0,35,0,35,0,Default Stride Loose,0,36,0,60,0,87,0,64,0,57,0,69,0,6,0,6,0,6,0,6,0,26,0,10,0,92,0,48,0,79,0
Amani,Hooker,Tennessee Titans,SS,Iowa,27,78,6/14/98,71,210,1,37,6,Zone - S,89,0,88,0,88,0,90,0,62,0,85,0,71,0,52,0,17,0,55,0,65,0,57,0,78,0,82,0,24,0,55,0,80,0,58,0,88,0,74,0,44,0,55,0,44,0,20,0,71,0,33,0,78,0,35,0,35,0,35,0,16,0,82,0,45,0,65,0,70,0,35,0,35,0,35,0,35,0,Short Stride Loose,0,37,0,70,0,88,0,57,0,45,0,70,0,24,0,28,0,34,0,27,0,42,0,17,0,81,0,32,0,77,0
Andre,Cisco,NY Jets,FS,Syracuse,25,78,3/23/00,72,210,1,8,4,Zone - S,91,0,88,0,87,0,92,0,65,0,79,0,62,0,57,0,15,0,42,0,59,0,62,0,77,0,86,0,22,0,41,0,80,0,64,0,90,0,69,0,19,0,15,0,43,0,31,0,70,0,25,0,78,0,35,0,35,0,35,0,15,0,78,0,36,0,72,0,78,0,25,0,35,0,35,0,35,0,Default Stride Loose,0,24,0,68,0,92,0,61,0,40,0,65,0,10,0,10,0,15,0,15,0,28,0,12,0,84,0,34,0,77,0
Anfernee,Jennings,New England Patriots,RE,Alabama,28,78,5/1/97,75,259,1,33,5,Run Stopper - DE,86,0,74,0,84,0,83,0,81,0,79,0,46,0,83,0,20,0,28,0,63,0,58,0,63,0,66,0,24,0,62,0,79,0,89,0,84,0,49,0,11,0,22,0,10,0,25,0,54,0,29,0,78,0,45,0,45,0,45,0,5,0,75,0,73,0,56,0,85,0,29,0,45,0,45,0,45,0,Default,0,37,0,58,0,82,0,43,0,43,0,86,0,5,0,5,0,5,0,5,0,26,0,16,0,87,0,44,0,61,0
Antonio,Gibson,New England Patriots,HB,Memphis,27,78,6/23/98,72,228,1,4,5,Elusive Back - HB,91,0,88,0,88,0,89,0,68,0,78,0,81,0,38,0,32,0,83,0,83,0,67,0,72,0,86,0,64,0,28,0,43,0,36,0,91,0,87,0,14,0,18,0,81,0,30,0,23,0,71,0,78,0,57,0,28,0,28,0,30,0,31,0,21,0,29,0,46,0,71,0,43,0,22,0,26,0,Long Stride Default,0,76,0,71,0,92,0,79,0,79,0,43,0,29,0,34,0,39,0,38,0,43,0,30,0,84,0,77,0,34,0
Arik,Armstead,Jacksonville Jaguars,DT,Oregon,31,78,11/15/93,79,290,1,91,10,,71,0,69,0,82,0,84,0,91,0,78,0,20,0,79,0,12,0,16,0,44,0,10,0,38,0,60,0,2,0,66,0,80,0,88,0,92,0,15,0,30,0,30,0,10,0,16,0,32,0,3,0,78,0,45,0,45,0,45,0,6,0,78,0,76,0,35,0,81,0,12,0,45,0,45,0,45,0,Default Stride Awkward,0,10,0,15,0,74,0,25,0,45,0,87,0,6,0,6,0,6,0,6,0,35,0,17,0,89,0,45,0,40,0
Boye,Mafe,Seattle Seahawks,RE,Minnesota,26,78,11/30/98,76,261,1,53,3,Smaller Speed Rusher - DE,91,0,76,0,95,0,76,0,75,0,76,0,29,0,79,0,12,0,31,0,28,0,22,0,36,0,67,0,5,0,77,0,81,0,76,0,90,0,24,0,26,0,28,0,10,0,16,0,37,0,7,0,78,0,45,0,45,0,45,0,9,0,74,0,67,0,32,0,86,0,15,0,45,0,45,0,45,0,Long Stride Loose,0,14,0,34,0,90,0,17,0,39,0,83,0,9,0,12,0,17,0,9,0,21,0,10,0,85,0,35,0,47,0
Braxton,Jones,Chicago Bears,LT,Southern Utah,26,78,3/27/99,78,310,1,70,3,Pass Protector - OT,81,0,65,0,68,0,85,0,88,0,85,0,15,0,46,0,12,0,15,0,35,0,18,0,26,0,56,0,10,0,40,0,35,0,86,0,92,0,10,0,26,0,30,0,10,0,77,0,10,0,12,0,78,0,82,0,84,0,80,0,6,0,34,0,44,0,10,0,48,0,13,0,74,0,71,0,77,0,Long Stride Awkward,0,16,0,23,0,73,0,10,0,21,0,40,0,6,0,6,0,6,0,6,0,22,0,10,0,75,0,25,0,12,0
Bryan,Cook,Kansas City Chiefs,FS,Cincinnati,25,78,9/7/99,73,206,1,6,3,Run Support - S,91,0,79,0,83,0,87,0,67,0,78,0,58,0,55,0,20,0,51,0,61,0,51,0,70,0,82,0,28,0,36,0,84,0,65,0,91,0,64,0,17,0,19,0,35,0,25,0,64,0,31,0,78,0,35,0,35,0,35,0,6,0,78,0,32,0,57,0,82,0,35,0,35,0,35,0,35,0,Default Stride Loose,0,35,0,59,0,90,0,55,0,44,0,78,0,6,0,6,0,6,0,6,0,24,0,10,0,89,0,45,0,75,0
Byron,Young,Los Angeles Rams,RE,Tennessee,27,78,3/13/98,74,248,1,0,2,Power Rusher - DE,93,0,77,0,90,0,84,0,74,0,80,0,60,0,75,0,14,0,54,0,61,0,46,0,53,0,65,0,29,0,73,0,82,0,71,0,90,0,56,0,11,0,13,0,45,0,35,0,46,0,34,0,78,0,40,0,40,0,40,0,6,0,82,0,79,0,47,0,83,0,25,0,45,0,45,0,45,0,Default Stride Loose,0,41,0,47,0,92,0,49,0,53,0,83,0,6,0,6,0,6,0,6,0,25,0,9,0,80,0,55,0,53,0
Cairo,Santos,Chicago Bears,K,Tulane,33,78,11/12/91,68,175,1,8,11,Power - KP,74,0,66,0,60,0,84,0,33,0,65,0,10,0,26,0,15,0,15,0,35,0,15,0,25,0,51,0,15,0,10,0,25,0,16,0,80,0,10,0,85,0,94,0,10,0,16,0,20,0,15,0,78,0,17,0,17,0,17,0,15,0,29,0,10,0,10,0,42,0,15,0,17,0,16,0,16,0,Short Stride Awkward,0,15,0,15,0,72,0,10,0,10,0,22,0,15,0,15,0,33,0,15,0,26,0,15,0,60,0,10,0,14,0
Cam,Robinson,Houston Texans,LT,Alabama,29,78,10/9/95,78,335,1,74,8,Pass Protector - OT,67,0,58,0,66,0,89,0,90,0,89,0,14,0,38,0,12,0,8,0,27,0,26,0,32,0,51,0,7,0,26,0,42,0,87,0,89,0,18,0,28,0,19,0,8,0,72,0,11,0,13,0,78,0,82,0,80,0,84,0,6,0,26,0,33,0,12,0,33,0,18,0,68,0,66,0,70,0,Default Stride Awkward,0,23,0,22,0,69,0,14,0,26,0,29,0,6,0,6,0,6,0,6,0,15,0,13,0,94,0,27,0,17,0
Christian,Watson,Green Bay Packers,WR,North Dakota St.,26,78,5/12/99,76,208,1,9,3,Deep Threat - WR,94,0,85,0,91,0,80,0,65,0,80,0,85,0,26,0,18,0,74,0,74,0,85,0,85,0,86,0,81,0,10,0,20,0,42,0,87,0,80,0,17,0,14,0,75,0,25,0,11,0,78,0,78,0,30,0,20,0,25,0,10,0,17,0,10,0,15,0,31,0,69,0,48,0,28,0,23,0,Long Stride Default,0,76,0,84,0,96,0,71,0,54,0,27,0,10,0,15,0,20,0,12,0,26,0,17,0,78,0,47,0,18,0
Cole,Holcomb,Pittsburgh Steelers,MLB,North Carolina,29,78,6/30/96,73,240,1,55,6,Field General - MLB,88,0,87,0,80,0,92,0,72,0,77,0,50,0,72,0,12,0,45,0,60,0,45,0,65,0,75,0,21,0,46,0,77,0,73,0,85,0,33,0,35,0,18,0,10,0,20,0,65,0,25,0,78,0,45,0,45,0,45,0,6,0,76,0,54,0,50,0,86,0,30,0,45,0,45,0,45,0,Default Stride Loose,0,30,0,47,0,87,0,26,0,23,0,89,0,6,0,6,0,6,0,6,0,27,0,12,0,85,0,32,0,72,0
Connor,McGovern,Buffalo Bills,C,Penn State,27,78,11/3/97,77,318,1,66,6,Pass Protector - C,62,0,61,0,67,0,84,0,87,0,90,0,10,0,20,0,12,0,5,0,40,0,15,0,35,0,55,0,5,0,10,0,20,0,83,0,87,0,10,0,25,0,25,0,10,0,72,0,12,0,5,0,78,0,80,0,81,0,79,0,10,0,15,0,10,0,10,0,15,0,12,0,77,0,78,0,76,0,Default Stride Awkward,0,15,0,15,0,69,0,10,0,10,0,40,0,10,0,10,0,10,0,10,0,30,0,13,0,84,0,20,0,15,0
D.J.,Jones,Denver Broncos,DT,Ole Miss,30,78,1/19/95,72,305,1,93,8,,73,0,72,0,71,0,79,0,88,0,85,0,29,0,80,0,12,0,19,0,31,0,24,0,38,0,59,0,5,0,59,0,78,0,89,0,90,0,25,0,19,0,23,0,9,0,36,0,20,0,9,0,78,0,45,0,45,0,44,0,6,0,84,0,75,0,18,0,78,0,14,0,45,0,45,0,46,0,Long Stride Loose,0,17,0,20,0,73,0,17,0,32,0,84,0,6,0,6,0,6,0,6,0,24,0,10,0,89,0,43,0,27,0
Dameon,Pierce,Houston Texans,HB,Florida,25,78,2/19/00,70,214,1,31,3,Power Back - HB,89,0,82,0,82,0,86,0,84,0,73,0,81,0,39,0,30,0,86,0,89,0,54,0,67,0,81,0,44,0,10,0,40,0,45,0,96,0,82,0,12,0,16,0,78,0,45,0,12,0,52,0,78,0,57,0,35,0,39,0,15,0,14,0,10,0,15,0,46,0,49,0,45,0,27,0,33,0,Default,0,60,0,50,0,90,0,72,0,82,0,41,0,10,0,15,0,20,0,15,0,26,0,11,0,91,0,90,0,16,0
Daniel,Carlson,Las Vegas Raiders,K,Auburn,30,78,1/23/95,77,215,1,8,7,Power - KP,75,0,60,0,42,0,83,0,52,0,65,0,26,0,18,0,17,0,13,0,41,0,15,0,31,0,45,0,15,0,10,0,18,0,22,0,91,0,27,0,84,0,95,0,10,0,16,0,12,0,15,0,78,0,18,0,18,0,18,0,17,0,16,0,10,0,10,0,23,0,15,0,18,0,18,0,18,0,Default Stride Awkward,0,15,0,15,0,71,0,18,0,15,0,26,0,17,0,22,0,32,0,16,0,26,0,15,0,61,0,12,0,16,0
DeMario,Douglas,New England Patriots,WR,Liberty,24,78,12/8/00,68,185,1,3,2,,93,0,88,0,89,0,83,0,57,0,79,0,86,0,32,0,17,0,73,0,74,0,79,0,91,0,90,0,77,0,10,0,32,0,37,0,89,0,83,0,18,0,21,0,77,0,20,0,32,0,78,0,78,0,30,0,25,0,19,0,6,0,32,0,10,0,34,0,48,0,72,0,52,0,27,0,20,0,Short Stride Default,0,79,0,82,0,91,0,76,0,56,0,41,0,10,0,15,0,24,0,10,0,25,0,15,0,87,0,51,0,41,0
Donte,Jackson,Los Angeles Chargers,CB,LSU,29,78,11/8/95,70,180,1,26,7,Manto Man - CB,93,0,92,0,97,0,91,0,49,0,81,0,69,0,44,0,17,0,45,0,63,0,60,0,79,0,91,0,10,0,34,0,59,0,42,0,84,0,79,0,13,0,17,0,77,0,13,0,76,0,12,0,78,0,35,0,35,0,35,0,6,0,79,0,23,0,66,0,67,0,12,0,35,0,35,0,35,0,Short Stride Bread Loaf,0,15,0,73,0,93,0,75,0,27,0,49,0,6,0,6,0,6,0,6,0,20,0,18,0,67,0,17,0,73,0
Dorance,Armstrong,Washington Commanders,LE,Kansas,28,78,6/10/97,76,255,1,92,7,Smaller Speed Rusher - DE,80,0,80,0,80,0,84,0,82,0,83,0,23,0,79,0,12,0,15,0,28,0,23,0,34,0,67,0,5,0,82,0,76,0,81,0,87,0,31,0,12,0,16,0,10,0,18,0,27,0,10,0,78,0,45,0,45,0,45,0,6,0,85,0,72,0,32,0,84,0,12,0,45,0,45,0,45,0,Long Stride Loose,0,15,0,20,0,79,0,23,0,26,0,81,0,6,0,6,0,6,0,6,0,20,0,14,0,93,0,27,0,41,0
Drake,Maye,New England Patriots,QB,North Carolina,23,78,8/30/02,76,223,1,10,1,Strong Arm - QB,89,0,82,0,72,0,87,0,62,0,78,0,85,0,18,0,80,0,67,0,66,0,15,0,34,0,78,0,12,0,10,0,16,0,12,0,92,0,73,0,46,0,55,0,10,0,10,0,12,0,14,0,78,0,15,0,15,0,15,0,80,0,17,0,10,0,10,0,32,0,15,0,12,0,12,0,12,0,Default,0,15,0,15,0,89,0,62,0,55,0,20,0,81,0,82,0,88,0,81,0,94,0,82,0,90,0,43,0,15,0
Ezra,Cleveland,Jacksonville Jaguars,LG,Boise State,27,78,5/8/98,78,312,1,76,5,Power - G,78,0,71,0,74,0,91,0,88,0,77,0,10,0,56,0,12,0,5,0,34,0,15,0,30,0,56,0,5,0,37,0,52,0,83,0,90,0,10,0,11,0,11,0,10,0,84,0,11,0,5,0,78,0,81,0,74,0,85,0,6,0,42,0,50,0,10,0,51,0,15,0,80,0,83,0,77,0,Long Stride Awkward,0,15,0,15,0,76,0,10,0,10,0,55,0,6,0,6,0,6,0,6,0,10,0,10,0,90,0,25,0,12,0
Geno,Stone,Cincinnati Bengals,FS,Iowa,26,78,4/19/99,70,209,1,22,5,Zone - S,89,0,86,0,82,0,91,0,58,0,83,0,65,0,56,0,26,0,49,0,65,0,48,0,82,0,84,0,11,0,37,0,86,0,55,0,88,0,67,0,22,0,17,0,55,0,14,0,67,0,15,0,78,0,12,0,35,0,35,0,20,0,84,0,32,0,60,0,75,0,34,0,16,0,35,0,35,0,Default Stride Loose,0,30,0,63,0,87,0,62,0,55,0,65,0,21,0,25,0,29,0,33,0,42,0,26,0,89,0,48,0,81,0
Harrison,Phillips,Minnesota Vikings,DT,Stanford,29,78,1/25/96,75,307,1,97,7,,67,0,72,0,78,0,83,0,93,0,73,0,30,0,79,0,12,0,24,0,26,0,22,0,27,0,61,0,3,0,63,0,78,0,83,0,88,0,26,0,11,0,17,0,10,0,32,0,19,0,7,0,78,0,45,0,45,0,45,0,6,0,77,0,72,0,11,0,80,0,15,0,45,0,45,0,45,0,Long Stride Loose,0,15,0,18,0,70,0,19,0,34,0,87,0,6,0,6,0,6,0,6,0,26,0,15,0,91,0,38,0,27,0
Ivan,Pace Jr,Minnesota Vikings,ROLB,Cincinnati,24,78,12/16/00,71,231,1,0,2,Run Stopper - OLB,83,0,78,0,84,0,86,0,72,0,77,0,48,0,71,0,14,0,31,0,53,0,47,0,63,0,73,0,5,0,73,0,85,0,74,0,92,0,52,0,19,0,21,0,10,0,25,0,63,0,6,0,78,0,35,0,35,0,35,0,6,0,81,0,61,0,42,0,92,0,20,0,40,0,40,0,40,0,Short Stride Loose,0,10,0,45,0,85,0,48,0,36,0,88,0,6,0,6,0,6,0,6,0,22,0,7,0,88,0,44,0,68,0
J.J.,Jansen,Carolina Panthers,LS,Notre Dame,39,78,1/20/86,74,235,1,44,18,Power - LS,70,0,66,0,42,0,74,0,70,0,71,0,20,0,42,0,10,0,20,0,62,0,51,0,60,0,59,0,35,0,10,0,50,0,69,0,93,0,13,0,21,0,15,0,10,0,53,0,14,0,40,0,78,0,56,0,40,0,50,0,6,0,25,0,10,0,10,0,60,0,40,0,54,0,42,0,50,0,Default,0,45,0,44,0,63,0,10,0,10,0,53,0,6,0,6,0,6,0,6,0,37,0,16,0,76,0,24,0,12,0
Jahdae,Barron,Denver Broncos,CB,Texas,23,78,12/4/01,71,194,1,12,0,Zone - CB,92,0,88,0,84,0,93,0,54,0,78,0,75,0,50,0,9,0,48,0,62,0,63,0,75,0,91,0,31,0,45,0,47,0,44,0,89,0,76,0,15,0,18,0,55,0,18,0,74,0,30,0,78,0,25,0,35,0,25,0,6,0,78,0,27,0,73,0,76,0,34,0,25,0,35,0,25,0,Default Stride Loose,0,33,0,69,0,93,0,69,0,37,0,59,0,6,0,6,0,6,0,6,0,24,0,8,0,91,0,32,0,79,0
Jake,Elliott,Philadelphia Eagles,K,Memphis,30,78,1/21/95,69,167,1,4,8,Power - KP,78,0,64,0,52,0,82,0,34,0,64,0,18,0,26,0,14,0,14,0,33,0,19,0,27,0,52,0,12,0,10,0,25,0,18,0,86,0,16,0,84,0,97,0,10,0,13,0,20,0,15,0,78,0,20,0,17,0,17,0,20,0,18,0,10,0,10,0,39,0,16,0,20,0,16,0,16,0,Short Stride Awkward,0,20,0,17,0,76,0,10,0,12,0,27,0,15,0,19,0,33,0,24,0,28,0,15,0,57,0,11,0,14,0
Javonte,Williams,Dallas Cowboys,HB,North Carolina,25,78,4/25/00,70,220,1,33,4,Power Back - HB,90,0,84,0,87,0,88,0,80,0,77,0,82,0,31,0,26,0,89,0,89,0,51,0,69,0,86,0,53,0,10,0,30,0,52,0,88,0,83,0,14,0,18,0,42,0,52,0,15,0,57,0,78,0,62,0,33,0,37,0,13,0,15,0,10,0,17,0,38,0,49,0,52,0,38,0,43,0,Default,0,65,0,53,0,88,0,75,0,83,0,35,0,10,0,10,0,10,0,18,0,32,0,15,0,88,0,88,0,20,0
JC,Latham,Tennessee Titans,RT,Alabama,22,78,2/8/03,78,335,1,55,1,Power - OT,64,0,60,0,68,0,84,0,94,0,72,0,15,0,49,0,18,0,15,0,33,0,19,0,24,0,50,0,10,0,32,0,51,0,91,0,96,0,10,0,17,0,21,0,10,0,87,0,9,0,14,0,78,0,81,0,77,0,85,0,7,0,26,0,47,0,10,0,31,0,19,0,80,0,81,0,80,0,Long Stride Awkward,0,15,0,27,0,63,0,10,0,45,0,40,0,6,0,9,0,11,0,6,0,21,0,5,0,91,0,41,0,10,0
Jonathan,Jones,Washington Commanders,CB,Auburn,31,78,9/20/93,70,190,1,31,9,Slot - CB,90,0,85,0,87,0,92,0,63,0,80,0,60,0,56,0,15,0,55,0,60,0,60,0,74,0,86,0,11,0,41,0,67,0,44,0,83,0,68,0,17,0,18,0,60,0,14,0,75,0,16,0,78,0,33,0,34,0,33,0,6,0,79,0,35,0,76,0,73,0,27,0,34,0,34,0,33,0,Short Stride Loose,0,26,0,72,0,92,0,65,0,29,0,70,0,6,0,6,0,6,0,6,0,27,0,12,0,73,0,28,0,76,0
Jordan,Davis,Philadelphia Eagles,DT,Georgia,25,78,1/12/00,78,336,1,90,3,,87,0,58,0,78,0,69,0,96,0,72,0,42,0,78,0,12,0,29,0,53,0,21,0,34,0,51,0,3,0,62,0,82,0,92,0,89,0,22,0,11,0,15,0,10,0,40,0,11,0,5,0,78,0,45,0,45,0,45,0,6,0,75,0,73,0,14,0,77,0,14,0,45,0,45,0,45,0,Long Stride Default,0,13,0,28,0,80,0,17,0,24,0,81,0,6,0,6,0,6,0,6,0,14,0,11,0,87,0,48,0,19,0
Kamren,Kinchens,Los Angeles Rams,FS,Miami,22,78,9/29/02,71,202,1,26,1,Zone - S,88,0,84,0,84,0,80,0,59,0,82,0,55,0,58,0,25,0,45,0,63,0,68,0,80,0,80,0,11,0,43,0,88,0,56,0,90,0,66,0,15,0,20,0,10,0,42,0,73,0,15,0,78,0,40,0,34,0,35,0,10,0,83,0,38,0,72,0,76,0,22,0,45,0,39,0,40,0,Default Stride Loose,0,24,0,67,0,86,0,64,0,43,0,70,0,14,0,17,0,21,0,23,0,31,0,11,0,83,0,49,0,81,0
Keion,White,New England Patriots,LE,Georgia Tech,26,78,1/20/99,77,285,1,99,2,Power Rusher - DE,81,0,75,0,82,0,83,0,85,0,77,0,56,0,77,0,21,0,51,0,65,0,58,0,61,0,66,0,41,0,71,0,85,0,86,0,85,0,51,0,15,0,15,0,34,0,49,0,32,0,49,0,78,0,47,0,47,0,47,0,8,0,75,0,82,0,41,0,85,0,51,0,50,0,50,0,50,0,Long Stride Loose,0,53,0,66,0,82,0,44,0,52,0,84,0,5,0,6,0,7,0,15,0,20,0,9,0,81,0,54,0,41,0
Kenneth,Grant,Miami Dolphins,DT,Michigan,21,78,10/27/03,76,330,1,90,0,,78,0,66,0,76,0,74,0,92,0,77,0,35,0,83,0,21,0,29,0,44,0,37,0,45,0,60,0,10,0,70,0,84,0,88,0,91,0,23,0,25,0,36,0,28,0,27,0,15,0,12,0,78,0,45,0,45,0,45,0,15,0,76,0,75,0,18,0,78,0,17,0,45,0,45,0,45,0,Default Stride Awkward,0,18,0,38,0,68,0,19,0,36,0,82,0,8,0,10,0,15,0,12,0,18,0,17,0,93,0,44,0,21,0
Kyle,Pitts,Atlanta Falcons,TE,Florida,24,78,10/6/00,78,246,1,8,4,Vertical Threat - TE,93,0,80,0,92,0,86,0,71,0,70,0,81,0,39,0,31,0,63,0,80,0,81,0,85,0,78,0,66,0,32,0,36,0,63,0,90,0,73,0,14,0,18,0,37,0,51,0,16,0,70,0,78,0,60,0,59,0,56,0,23,0,21,0,18,0,17,0,39,0,76,0,56,0,56,0,53,0,Default Stride Loose,0,73,0,87,0,90,0,68,0,75,0,41,0,23,0,32,0,29,0,29,0,48,0,21,0,90,0,70,0,23,0
Mack,Wilson Sr,Arizona Cardinals,MLB,Alabama,27,78,2/14/98,73,246,1,2,6,Field General - MLB,87,0,80,0,80,0,88,0,79,0,86,0,52,0,72,0,27,0,33,0,59,0,58,0,69,0,72,0,6,0,71,0,85,0,85,0,87,0,54,0,14,0,15,0,10,0,26,0,65,0,11,0,78,0,45,0,45,0,45,0,27,0,84,0,66,0,52,0,84,0,17,0,45,0,45,0,45,0,Default Stride Loose,0,21,0,63,0,87,0,39,0,42,0,83,0,30,0,38,0,48,0,25,0,52,0,30,0,88,0,36,0,68,0
Marcus,Jones,New England Patriots,CB,Houston,26,78,10/22/98,68,175,1,25,3,Manto Man - CB,95,0,92,0,87,0,93,0,48,0,76,0,88,0,42,0,24,0,74,0,65,0,48,0,77,0,93,0,42,0,36,0,60,0,41,0,87,0,87,0,13,0,14,0,88,0,15,0,77,0,45,0,78,0,30,0,27,0,29,0,6,0,77,0,25,0,70,0,74,0,29,0,31,0,30,0,31,0,Short Stride Default,0,54,0,66,0,92,0,83,0,31,0,63,0,8,0,12,0,16,0,21,0,24,0,10,0,84,0,26,0,70,0
Maxwell,Hairston,Buffalo Bills,CB,Kentucky,22,78,8/6/03,72,183,1,31,0,Manto Man - CB,93,0,94,0,93,0,83,0,59,0,70,0,77,0,46,0,22,0,50,0,63,0,61,0,74,0,95,0,38,0,31,0,51,0,46,0,88,0,79,0,19,0,20,0,47,0,22,0,78,0,35,0,78,0,25,0,35,0,25,0,13,0,67,0,26,0,72,0,73,0,43,0,35,0,35,0,25,0,Default,0,37,0,68,0,96,0,69,0,34,0,61,0,21,0,15,0,15,0,22,0,20,0,23,0,86,0,27,0,77,0
Michael,Wilson,Arizona Cardinals,WR,Stanford,25,78,2/23/00,74,213,1,14,2,Slot - WR,90,0,89,0,93,0,76,0,72,0,80,0,79,0,33,0,24,0,77,0,72,0,86,0,89,0,85,0,75,0,10,0,37,0,52,0,83,0,76,0,24,0,25,0,60,0,34,0,10,0,78,0,78,0,32,0,23,0,25,0,10,0,15,0,10,0,17,0,39,0,75,0,56,0,34,0,39,0,Long Stride Default,0,79,0,86,0,89,0,73,0,74,0,42,0,15,0,20,0,25,0,15,0,33,0,20,0,80,0,64,0,15,0
Mike,Danna,Kansas City Chiefs,RE,Michigan,27,78,12/1/97,74,257,1,51,5,Run Stopper - DE,84,0,74,0,71,0,80,0,82,0,78,0,47,0,79,0,12,0,27,0,31,0,16,0,31,0,63,0,5,0,66,0,78,0,87,0,91,0,31,0,13,0,17,0,6,0,14,0,16,0,5,0,78,0,45,0,45,0,45,0,6,0,80,0,75,0,16,0,82,0,15,0,45,0,45,0,45,0,Long Stride Default,0,10,0,18,0,81,0,32,0,43,0,90,0,6,0,6,0,6,0,6,0,26,0,10,0,86,0,37,0,25,0
Mykel,Williams,San Francisco 49ers,RE,Georgia,21,78,6/29/04,77,267,1,98,0,Power Rusher - DE,89,0,82,0,79,0,82,0,86,0,77,0,34,0,82,0,18,0,31,0,43,0,15,0,41,0,71,0,10,0,74,0,83,0,88,0,87,0,39,0,21,0,23,0,30,0,52,0,18,0,15,0,78,0,52,0,51,0,53,0,25,0,77,0,80,0,27,0,83,0,22,0,50,0,49,0,52,0,Long Stride Loose,0,20,0,15,0,81,0,35,0,38,0,79,0,7,0,18,0,11,0,21,0,8,0,21,0,84,0,35,0,26,0
Pete,Werner,New Orleans Saints,ROLB,Ohio State,27,78,6/5/98,75,242,1,20,4,Run Stopper - OLB,88,0,81,0,89,0,88,0,72,0,81,0,35,0,73,0,12,0,15,0,55,0,42,0,62,0,72,0,5,0,54,0,82,0,72,0,88,0,22,0,20,0,20,0,10,0,14,0,70,0,5,0,78,0,45,0,45,0,45,0,6,0,79,0,61,0,53,0,87,0,20,0,45,0,45,0,45,0,Default Stride Loose,0,10,0,48,0,84,0,30,0,39,0,88,0,6,0,6,0,6,0,6,0,30,0,15,0,82,0,47,0,66,0
Rayshawn,Jenkins,Cleveland Browns,SS,Miami,31,78,1/25/94,73,200,1,28,8,Run Support - S,87,0,80,0,88,0,92,0,72,0,80,0,66,0,67,0,17,0,46,0,65,0,64,0,78,0,81,0,13,0,37,0,90,0,61,0,87,0,71,0,15,0,20,0,65,0,15,0,63,0,18,0,78,0,35,0,35,0,35,0,15,0,77,0,49,0,62,0,82,0,22,0,35,0,35,0,35,0,Default Stride Loose,0,28,0,66,0,88,0,62,0,38,0,77,0,10,0,15,0,18,0,23,0,30,0,12,0,87,0,43,0,74,0
Roger,McCreary,Tennessee Titans,CB,Auburn,25,78,2/10/00,71,190,1,21,3,Manto Man - CB,91,0,87,0,77,0,93,0,65,0,77,0,68,0,53,0,36,0,54,0,63,0,60,0,72,0,87,0,29,0,47,0,65,0,54,0,92,0,72,0,36,0,42,0,60,0,20,0,81,0,33,0,78,0,35,0,35,0,35,0,19,0,76,0,38,0,84,0,72,0,37,0,35,0,35,0,35,0,Default,0,38,0,58,0,89,0,64,0,37,0,59,0,24,0,28,0,31,0,34,0,39,0,20,0,85,0,32,0,80,0
Rondale,Moore,Minnesota Vikings,WR,Purdue,25,78,6/9/00,67,180,1,4,4,,91,0,92,0,87,0,84,0,66,0,73,0,90,0,29,0,34,0,79,0,74,0,77,0,82,0,90,0,76,0,10,0,18,0,44,0,82,0,87,0,20,0,23,0,77,0,24,0,10,0,75,0,78,0,32,0,20,0,23,0,29,0,16,0,10,0,15,0,35,0,65,0,49,0,28,0,24,0,Short Stride Loose,0,78,0,79,0,93,0,80,0,53,0,25,0,35,0,36,0,42,0,37,0,41,0,31,0,78,0,52,0,16,0
Sebastian,Joseph-Day,Tennessee Titans,DT,Rutgers,30,78,3/21/95,76,310,1,69,7,,78,0,68,0,77,0,79,0,86,0,80,0,20,0,80,0,12,0,16,0,24,0,20,0,21,0,59,0,3,0,56,0,76,0,84,0,88,0,24,0,6,0,8,0,10,0,23,0,20,0,7,0,78,0,45,0,45,0,45,0,6,0,84,0,74,0,10,0,78,0,15,0,45,0,45,0,45,0,Default Stride Awkward,0,15,0,19,0,74,0,17,0,26,0,85,0,6,0,6,0,6,0,6,0,10,0,14,0,88,0,20,0,26,0
Taliese,Fuaga,New Orleans Saints,LT,Oregon State,23,78,4/5/02,78,324,1,75,1,Power - OT,73,0,63,0,78,0,87,0,93,0,74,0,15,0,42,0,15,0,24,0,33,0,18,0,22,0,50,0,5,0,10,0,46,0,88,0,92,0,13,0,31,0,34,0,10,0,85,0,9,0,8,0,78,0,73,0,66,0,80,0,6,0,15,0,35,0,10,0,15,0,12,0,83,0,81,0,84,0,Long Stride Awkward,0,12,0,21,0,68,0,12,0,44,0,39,0,6,0,7,0,9,0,7,0,14,0,5,0,94,0,44,0,9,0
Ted,Karras,Cincinnati Bengals,C,Illinois,32,78,3/15/93,76,310,1,64,9,Pass Protector - C,61,0,52,0,67,0,88,0,86,0,82,0,10,0,29,0,12,0,6,0,31,0,24,0,26,0,42,0,6,0,27,0,67,0,82,0,92,0,10,0,21,0,25,0,11,0,70,0,12,0,12,0,78,0,83,0,84,0,83,0,6,0,10,0,31,0,10,0,37,0,18,0,68,0,69,0,68,0,Default Stride Awkward,0,22,0,23,0,69,0,10,0,10,0,30,0,6,0,6,0,6,0,6,0,29,0,10,0,90,0,25,0,12,0
Tim,Patrick,Detroit Lions,WR,Utah,31,78,11/23/93,76,212,1,12,8,Deep Threat - WR,90,0,82,0,89,0,88,0,69,0,81,0,74,0,28,0,22,0,69,0,74,0,85,0,92,0,83,0,77,0,10,0,27,0,58,0,84,0,78,0,15,0,19,0,48,0,38,0,20,0,78,0,78,0,43,0,17,0,20,0,6,0,22,0,10,0,17,0,31,0,82,0,55,0,30,0,34,0,Long Stride Default,0,78,0,85,0,88,0,72,0,67,0,35,0,15,0,15,0,20,0,15,0,36,0,19,0,83,0,58,0,26,0
Tony,Jefferson,Los Angeles Chargers,SS,Oklahoma,33,78,1/27/92,71,212,1,23,10,Run Support - S,85,0,79,0,81,0,87,0,74,0,81,0,72,0,55,0,15,0,43,0,55,0,44,0,64,0,78,0,10,0,58,0,88,0,63,0,82,0,70,0,19,0,26,0,40,0,18,0,73,0,10,0,78,0,35,0,35,0,35,0,6,0,81,0,53,0,70,0,83,0,25,0,35,0,35,0,35,0,Default Stride Loose,0,20,0,62,0,87,0,66,0,50,0,74,0,6,0,6,0,6,0,6,0,24,0,18,0,80,0,45,0,78,0
Travis,Jones,Baltimore Ravens,DT,Connecticut,25,78,10/15/99,76,334,1,98,3,,72,0,71,0,71,0,70,0,95,0,75,0,20,0,80,0,10,0,19,0,25,0,13,0,26,0,59,0,5,0,61,0,81,0,87,0,90,0,18,0,14,0,15,0,10,0,35,0,15,0,6,0,78,0,45,0,45,0,45,0,6,0,74,0,74,0,16,0,77,0,14,0,45,0,45,0,45,0,Long Stride Awkward,0,10,0,14,0,75,0,17,0,35,0,83,0,6,0,6,0,6,0,6,0,20,0,10,0,89,0,33,0,19,0
Travon,Walker,Jacksonville Jaguars,LE,Georgia,24,78,12/18/00,77,272,1,44,3,Power Rusher - DE,92,0,83,0,88,0,83,0,88,0,74,0,47,0,81,0,12,0,29,0,54,0,46,0,60,0,73,0,14,0,71,0,87,0,96,0,92,0,46,0,15,0,14,0,10,0,21,0,44,0,19,0,78,0,45,0,45,0,45,0,6,0,72,0,78,0,29,0,82,0,27,0,45,0,45,0,45,0,Long Stride Loose,0,25,0,49,0,88,0,40,0,49,0,78,0,6,0,6,0,6,0,6,0,18,0,13,0,89,0,48,0,54,0
Trenton,Simpson,Baltimore Ravens,ROLB,Clemson,24,78,6/14/01,74,234,1,32,2,Run Stopper - OLB,95,0,81,0,94,0,85,0,77,0,76,0,68,0,74,0,40,0,56,0,64,0,44,0,47,0,79,0,15,0,69,0,90,0,70,0,92,0,72,0,14,0,16,0,10,0,34,0,62,0,21,0,78,0,35,0,35,0,35,0,31,0,75,0,59,0,64,0,84,0,23,0,45,0,45,0,45,0,Default Stride Loose,0,25,0,51,0,91,0,64,0,57,0,82,0,27,0,31,0,36,0,37,0,35,0,24,0,87,0,55,0,66,0
Tyson,Campbell,Jacksonville Jaguars,CB,Georgia,25,78,3/17/00,73,195,1,3,4,Zone - CB,93,0,86,0,85,0,93,0,58,0,76,0,54,0,49,0,12,0,29,0,44,0,50,0,71,0,86,0,12,0,33,0,55,0,44,0,90,0,63,0,17,0,20,0,47,0,11,0,73,0,15,0,78,0,28,0,22,0,22,0,6,0,76,0,28,0,84,0,72,0,22,0,34,0,35,0,34,0,Default Stride Loose,0,21,0,56,0,92,0,55,0,35,0,61,0,6,0,10,0,15,0,10,0,31,0,10,0,78,0,26,0,81,0
Tytus,Howard,Houston Texans,RG,Alabama St.,29,78,5/23/96,77,322,1,71,6,Pass Protector - G,68,0,60,0,73,0,87,0,85,0,82,0,47,0,24,0,30,0,37,0,24,0,15,0,28,0,52,0,5,0,10,0,28,0,83,0,86,0,41,0,16,0,20,0,10,0,82,0,12,0,5,0,78,0,83,0,80,0,85,0,27,0,15,0,10,0,10,0,27,0,15,0,74,0,76,0,72,0,Long Stride Loose,0,15,0,15,0,73,0,32,0,38,0,23,0,31,0,37,0,45,0,40,0,53,0,26,0,85,0,45,0,15,0
Younghoe,Koo,Atlanta Falcons,K,Ga. Southern,31,78,8/3/94,69,185,1,6,8,Power - KP,74,0,63,0,74,0,88,0,47,0,67,0,30,0,31,0,16,0,16,0,39,0,10,0,36,0,56,0,10,0,10,0,27,0,15,0,91,0,16,0,80,0,96,0,8,0,15,0,15,0,10,0,78,0,10,0,14,0,16,0,17,0,18,0,10,0,10,0,27,0,12,0,15,0,16,0,16,0,Short Stride Awkward,0,10,0,12,0,71,0,19,0,17,0,36,0,22,0,26,0,33,0,20,0,36,0,12,0,69,0,18,0,20,0
Zach,Ertz,Washington Commanders,TE,Stanford,34,78,11/10/90,77,250,1,86,12,Possession - TE,79,0,79,0,79,0,89,0,74,0,90,0,83,0,44,0,25,0,69,0,80,0,83,0,87,0,70,0,62,0,10,0,12,0,68,0,85,0,73,0,22,0,22,0,35,0,59,0,19,0,66,0,78,0,62,0,57,0,61,0,6,0,17,0,10,0,10,0,36,0,79,0,55,0,55,0,52,0,Long Stride High and Tight,0,73,0,85,0,82,0,72,0,73,0,36,0,6,0,10,0,15,0,10,0,42,0,15,0,87,0,69,0,18,0
Zach,Charbonnet,Seattle Seahawks,HB,UCLA,24,78,1/8/01,73,220,1,26,2,Power Back - HB,89,0,82,0,85,0,86,0,79,0,77,0,85,0,41,0,26,0,83,0,95,0,53,0,73,0,78,0,47,0,38,0,49,0,43,0,87,0,81,0,16,0,18,0,65,0,41,0,25,0,56,0,78,0,55,0,33,0,40,0,10,0,45,0,31,0,28,0,50,0,51,0,48,0,23,0,32,0,Default,0,63,0,52,0,88,0,76,0,81,0,50,0,10,0,14,0,18,0,20,0,23,0,11,0,83,0,89,0,31,0
Aaron,Brewer,Miami Dolphins,C,Texas State,27,77,10/28/97,73,295,1,55,5,Agile - C,63,0,62,0,72,0,84,0,79,0,85,0,25,0,18,0,12,0,12,0,22,0,15,0,31,0,54,0,15,0,15,0,15,0,74,0,86,0,25,0,12,0,14,0,10,0,91,0,15,0,15,0,77,0,74,0,78,0,70,0,6,0,15,0,22,0,10,0,24,0,25,0,84,0,87,0,78,0,Default Stride Awkward,0,27,0,20,0,74,0,30,0,31,0,31,0,6,0,6,0,6,0,6,0,12,0,13,0,84,0,27,0,17,0
Adoree',Jackson,Philadelphia Eagles,CB,USC,29,77,9/18/95,71,185,1,8,8,Zone - CB,93,0,94,0,93,0,88,0,54,0,78,0,84,0,45,0,17,0,72,0,67,0,70,0,73,0,90,0,49,0,34,0,60,0,45,0,87,0,84,0,32,0,29,0,86,0,18,0,75,0,54,0,77,0,35,0,35,0,35,0,6,0,74,0,26,0,70,0,67,0,59,0,35,0,35,0,35,0,Default,0,62,0,74,0,92,0,74,0,58,0,46,0,6,0,6,0,6,0,6,0,10,0,12,0,78,0,34,0,79,0
Alex,Singleton,Denver Broncos,ROLB,Montana State,31,77,12/7/93,74,240,1,49,7,Run Stopper - OLB,86,0,78,0,76,0,90,0,72,0,82,0,34,0,69,0,12,0,33,0,55,0,40,0,63,0,71,0,5,0,55,0,82,0,82,0,90,0,36,0,15,0,19,0,10,0,26,0,56,0,5,0,77,0,45,0,45,0,45,0,6,0,81,0,64,0,42,0,88,0,10,0,45,0,45,0,45,0,Default Stride Loose,0,15,0,45,0,85,0,31,0,28,0,92,0,6,0,6,0,6,0,6,0,20,0,12,0,84,0,36,0,64,0
Allen,Lazard,NY Jets,WR,Iowa State,29,77,12/11/95,77,227,0,10,7,Physical - WR,90,0,80,0,93,0,84,0,71,0,83,0,72,0,40,0,22,0,74,0,75,0,87,0,85,0,77,0,77,0,10,0,15,0,51,0,83,0,80,0,13,0,18,0,50,0,36,0,15,0,78,0,77,0,45,0,20,0,20,0,6,0,18,0,10,0,15,0,40,0,80,0,59,0,27,0,31,0,Long Stride Loose,0,79,0,87,0,88,0,69,0,63,0,34,0,6,0,10,0,15,0,10,0,21,0,19,0,92,0,52,0,25,0
Amik,Robertson,Detroit Lions,CB,LA. Tech,27,77,7/6/98,68,187,1,21,5,Zone - CB,91,0,90,0,86,0,88,0,56,0,82,0,68,0,48,0,29,0,56,0,64,0,63,0,75,0,89,0,29,0,45,0,62,0,48,0,83,0,78,0,10,0,11,0,50,0,12,0,78,0,33,0,77,0,16,0,23,0,23,0,18,0,80,0,37,0,66,0,74,0,30,0,29,0,15,0,15,0,Short Stride Default,0,36,0,69,0,88,0,73,0,46,0,48,0,24,0,27,0,33,0,38,0,39,0,30,0,90,0,31,0,83,0
Armand,Membou,NY Jets,RT,Missouri,21,77,3/27/04,76,332,1,70,0,Agile - OT,76,0,72,0,82,0,89,0,89,0,76,0,10,0,39,0,24,0,6,0,41,0,14,0,25,0,61,0,5,0,17,0,33,0,90,0,91,0,10,0,15,0,18,0,10,0,83,0,12,0,5,0,77,0,81,0,83,0,81,0,6,0,30,0,29,0,11,0,24,0,5,0,78,0,80,0,79,0,Long Stride Awkward,0,21,0,21,0,74,0,11,0,31,0,28,0,6,0,6,0,6,0,6,0,47,0,11,0,90,0,30,0,14,0
Arnold,Ebiketie,Atlanta Falcons,LE,Penn State,26,77,1/23/99,75,256,1,17,3,Smaller Speed Rusher - DE,87,0,85,0,87,0,81,0,76,0,72,0,21,0,75,0,12,0,14,0,45,0,32,0,45,0,74,0,13,0,78,0,79,0,82,0,92,0,21,0,16,0,15,0,10,0,14,0,33,0,16,0,77,0,45,0,45,0,45,0,6,0,70,0,69,0,27,0,83,0,30,0,45,0,45,0,45,0,Long Stride Default,0,24,0,34,0,84,0,16,0,25,0,85,0,6,0,6,0,6,0,6,0,23,0,12,0,91,0,24,0,43,0
Austin,Ekeler,Washington Commanders,HB,Western Colorado,30,77,5/17/95,70,200,1,30,8,Receiving Back - HB,91,0,90,0,89,0,91,0,82,0,77,0,83,0,11,0,26,0,80,0,83,0,65,0,77,0,84,0,66,0,10,0,20,0,47,0,88,0,85,0,15,0,22,0,68,0,50,0,15,0,73,0,77,0,54,0,22,0,26,0,15,0,12,0,10,0,20,0,40,0,74,0,38,0,30,0,32,0,Default,0,78,0,68,0,89,0,78,0,72,0,32,0,16,0,20,0,27,0,18,0,28,0,17,0,87,0,77,0,20,0
B.J.,Hill,Cincinnati Bengals,DT,N.C. State,29,77,4/20/96,75,311,1,92,7,,76,0,71,0,67,0,83,0,88,0,72,0,24,0,79,0,12,0,23,0,43,0,20,0,43,0,60,0,3,0,64,0,81,0,87,0,94,0,33,0,12,0,18,0,10,0,20,0,22,0,7,0,77,0,45,0,45,0,45,0,6,0,73,0,77,0,12,0,81,0,15,0,45,0,45,0,45,0,Long Stride Loose,0,15,0,15,0,73,0,26,0,35,0,88,0,6,0,6,0,6,0,6,0,19,0,15,0,89,0,41,0,28,0
Braden,Mann,Philadelphia Eagles,P,Texas AM,27,77,11/24/97,71,198,1,10,5,Power - KP,79,0,77,0,76,0,87,0,45,0,66,0,21,0,26,0,19,0,20,0,25,0,10,0,30,0,69,0,10,0,10,0,12,0,23,0,86,0,10,0,82,0,92,0,10,0,23,0,21,0,10,0,77,0,20,0,24,0,24,0,10,0,10,0,10,0,10,0,25,0,12,0,20,0,23,0,23,0,Default Stride Awkward,0,10,0,12,0,78,0,10,0,15,0,44,0,15,0,15,0,15,0,18,0,28,0,14,0,83,0,15,0,29,0
Brandon,McManus,Green Bay Packers,K,Temple,34,77,7/25/91,75,201,1,17,12,Power - KP,76,0,70,0,68,0,78,0,56,0,66,0,22,0,29,0,15,0,15,0,40,0,15,0,35,0,57,0,15,0,10,0,29,0,16,0,95,0,25,0,78,0,96,0,10,0,16,0,11,0,15,0,77,0,17,0,17,0,17,0,15,0,24,0,10,0,10,0,35,0,15,0,15,0,16,0,16,0,Default Stride Awkward,0,15,0,15,0,76,0,24,0,10,0,24,0,15,0,15,0,33,0,15,0,38,0,16,0,75,0,10,0,20,0
Byron,Murphy II,Seattle Seahawks,DT,Texas,22,77,9/8/02,73,308,1,91,1,,81,0,67,0,80,0,78,0,86,0,78,0,53,0,79,0,12,0,38,0,42,0,22,0,46,0,64,0,20,0,69,0,82,0,87,0,90,0,45,0,18,0,20,0,10,0,26,0,25,0,23,0,77,0,45,0,45,0,45,0,6,0,77,0,76,0,29,0,80,0,28,0,45,0,45,0,45,0,Default Stride Awkward,0,29,0,25,0,77,0,41,0,48,0,85,0,6,0,6,0,6,0,6,0,25,0,10,0,88,0,53,0,34,0
Cade,Otton,Tampa Bay Buccaneers,TE,Washington,26,77,4/15/99,77,247,1,88,3,Possession - TE,84,0,70,0,77,0,95,0,77,0,81,0,68,0,42,0,11,0,58,0,72,0,81,0,88,0,67,0,60,0,26,0,42,0,70,0,89,0,60,0,19,0,21,0,25,0,64,0,14,0,67,0,77,0,62,0,61,0,60,0,15,0,41,0,28,0,12,0,45,0,72,0,64,0,58,0,61,0,Long Stride Default,0,72,0,80,0,81,0,56,0,64,0,39,0,14,0,20,0,25,0,15,0,30,0,10,0,80,0,69,0,21,0
Cam,Akers,New Orleans Saints,HB,Florida State,26,77,6/22/99,70,217,1,26,5,Elusive Back - HB,92,0,89,0,86,0,88,0,73,0,70,0,83,0,26,0,41,0,80,0,91,0,55,0,66,0,82,0,45,0,10,0,27,0,51,0,85,0,86,0,20,0,20,0,71,0,31,0,12,0,54,0,77,0,59,0,36,0,42,0,42,0,16,0,10,0,15,0,34,0,53,0,39,0,28,0,31,0,Default Stride Loose,0,62,0,55,0,89,0,80,0,83,0,28,0,41,0,43,0,49,0,55,0,56,0,39,0,77,0,82,0,16,0
Chop,Robinson,Miami Dolphins,LE,Penn State,22,77,1/2/03,75,254,1,44,1,Smaller Speed Rusher - DE,91,0,81,0,83,0,82,0,73,0,75,0,33,0,70,0,12,0,26,0,30,0,20,0,28,0,75,0,6,0,80,0,76,0,78,0,89,0,35,0,12,0,14,0,10,0,14,0,47,0,8,0,77,0,45,0,45,0,45,0,6,0,72,0,73,0,35,0,81,0,16,0,45,0,45,0,45,0,Default Stride Loose,0,10,0,20,0,88,0,24,0,26,0,77,0,6,0,6,0,6,0,6,0,23,0,14,0,81,0,33,0,49,0
Chuck,Clark,Pittsburgh Steelers,SS,Virginia Tech,30,77,4/19/95,72,210,1,21,8,Run Support - S,90,0,85,0,82,0,93,0,67,0,81,0,55,0,53,0,10,0,44,0,61,0,57,0,68,0,84,0,10,0,49,0,84,0,65,0,94,0,61,0,25,0,25,0,35,0,20,0,72,0,10,0,77,0,35,0,35,0,35,0,15,0,79,0,38,0,65,0,78,0,15,0,35,0,35,0,35,0,Default,0,20,0,62,0,87,0,48,0,46,0,76,0,10,0,10,0,15,0,15,0,30,0,11,0,92,0,52,0,72,0
Dalvin,Tomlinson,Arizona Cardinals,DT,Alabama,31,77,2/28/94,75,325,1,94,8,,66,0,59,0,68,0,80,0,89,0,87,0,33,0,78,0,12,0,19,0,27,0,22,0,34,0,49,0,3,0,65,0,82,0,84,0,95,0,28,0,17,0,17,0,14,0,32,0,22,0,5,0,77,0,45,0,45,0,44,0,6,0,86,0,77,0,15,0,80,0,15,0,45,0,45,0,46,0,Long Stride Awkward,0,13,0,24,0,70,0,16,0,39,0,83,0,6,0,6,0,6,0,6,0,23,0,16,0,91,0,37,0,29,0
Darius,Slayton,NY Giants,WR,Auburn,28,77,1/12/97,73,194,0,18,6,Deep Threat - WR,91,0,85,0,92,0,88,0,57,0,79,0,85,0,28,0,18,0,73,0,72,0,79,0,80,0,87,0,81,0,19,0,21,0,39,0,87,0,79,0,13,0,17,0,72,0,21,0,23,0,77,0,77,0,27,0,10,0,10,0,6,0,24,0,15,0,10,0,35,0,79,0,42,0,12,0,16,0,Default Stride Loose,0,78,0,86,0,94,0,75,0,63,0,30,0,6,0,10,0,15,0,10,0,24,0,17,0,84,0,36,0,26,0
Dawson,Knox,Buffalo Bills,TE,Ole Miss,28,77,11/14/96,76,254,1,88,6,Vertical Threat - TE,90,0,84,0,91,0,90,0,72,0,76,0,73,0,28,0,21,0,53,0,71,0,81,0,84,0,75,0,61,0,10,0,21,0,65,0,89,0,62,0,12,0,14,0,25,0,53,0,13,0,65,0,77,0,63,0,62,0,59,0,21,0,14,0,10,0,13,0,31,0,67,0,65,0,65,0,60,0,Long Stride Default,0,70,0,85,0,86,0,56,0,75,0,31,0,17,0,23,0,28,0,25,0,41,0,20,0,85,0,72,0,16,0
Dax,Hill,Cincinnati Bengals,CB,Michigan,24,77,9/29/00,72,191,1,23,3,Manto Man - CB,94,0,96,0,88,0,88,0,56,0,75,0,65,0,52,0,21,0,55,0,63,0,60,0,71,0,92,0,27,0,53,0,78,0,56,0,92,0,73,0,15,0,18,0,40,0,15,0,73,0,30,0,77,0,35,0,35,0,35,0,6,0,74,0,40,0,72,0,75,0,30,0,35,0,35,0,35,0,Default,0,33,0,66,0,93,0,64,0,35,0,65,0,8,0,10,0,12,0,19,0,22,0,12,0,87,0,45,0,69,0
Derrick,Harmon,Pittsburgh Steelers,DT,Oregon,22,77,8/3/03,77,313,1,99,0,,76,0,76,0,77,0,85,0,93,0,77,0,29,0,81,0,18,0,27,0,35,0,18,0,27,0,66,0,10,0,68,0,81,0,87,0,94,0,25,0,18,0,33,0,25,0,25,0,14,0,13,0,77,0,45,0,45,0,45,0,15,0,78,0,79,0,16,0,78,0,20,0,45,0,45,0,45,0,Long Stride Awkward,0,16,0,18,0,74,0,24,0,38,0,74,0,7,0,10,0,15,0,21,0,27,0,12,0,95,0,41,0,18,0
Dylan,Parham,Las Vegas Raiders,LG,Memphis,26,77,8/24/99,75,311,1,66,3,Power - G,82,0,59,0,67,0,89,0,84,0,84,0,40,0,33,0,15,0,36,0,46,0,38,0,41,0,57,0,29,0,29,0,35,0,82,0,92,0,30,0,21,0,22,0,10,0,88,0,15,0,33,0,77,0,75,0,77,0,73,0,6,0,37,0,29,0,18,0,41,0,30,0,82,0,77,0,84,0,Default Stride Awkward,0,35,0,40,0,75,0,20,0,33,0,36,0,6,0,6,0,6,0,6,0,22,0,5,0,82,0,38,0,25,0
Elijah,Moore,Buffalo Bills,WR,Ole Miss,25,77,3/27/00,70,180,1,18,4,,91,0,92,0,84,0,87,0,59,0,69,0,87,0,25,0,21,0,75,0,76,0,84,0,84,0,93,0,76,0,10,0,15,0,41,0,86,0,87,0,13,0,16,0,77,0,23,0,12,0,76,0,77,0,27,0,14,0,18,0,18,0,16,0,10,0,18,0,31,0,66,0,44,0,32,0,27,0,Default Stride Loose,0,76,0,83,0,92,0,78,0,39,0,24,0,10,0,10,0,15,0,10,0,36,0,20,0,86,0,43,0,17,0
Graham,Gano,NY Giants,K,Florida State,38,77,4/9/87,74,202,1,9,16,Power - KP,77,0,64,0,36,0,80,0,63,0,63,0,10,0,13,0,14,0,5,0,35,0,10,0,35,0,55,0,10,0,10,0,12,0,12,0,86,0,10,0,82,0,96,0,10,0,12,0,12,0,10,0,77,0,17,0,17,0,17,0,20,0,10,0,10,0,10,0,15,0,12,0,12,0,12,0,12,0,Default Stride Awkward,0,10,0,12,0,75,0,10,0,36,0,34,0,25,0,30,0,35,0,20,0,27,0,17,0,60,0,10,0,12,0
Hogan,Hatten,Detroit Lions,LS,Idaho,25,77,8/6/00,73,238,1,49,1,Accurate - LS,83,0,79,0,84,0,79,0,68,0,57,0,52,0,65,0,18,0,25,0,54,0,46,0,59,0,70,0,29,0,48,0,79,0,72,0,92,0,55,0,20,0,17,0,35,0,56,0,48,0,35,0,77,0,47,0,43,0,50,0,6,0,43,0,58,0,53,0,70,0,24,0,45,0,35,0,40,0,Long Stride Loose,0,39,0,45,0,78,0,42,0,44,0,75,0,6,0,6,0,6,0,6,0,29,0,10,0,88,0,45,0,55,0
Jackson,Powers-Johnson,Las Vegas Raiders,C,Oregon,22,77,1/23/03,75,328,1,58,1,Power - C,75,0,69,0,78,0,83,0,88,0,77,0,10,0,49,0,12,0,5,0,37,0,17,0,31,0,57,0,5,0,37,0,55,0,87,0,92,0,10,0,18,0,21,0,10,0,88,0,11,0,10,0,77,0,78,0,75,0,82,0,9,0,42,0,45,0,11,0,41,0,15,0,81,0,83,0,79,0,Default Stride Awkward,0,15,0,15,0,70,0,10,0,10,0,46,0,6,0,6,0,8,0,8,0,15,0,9,0,91,0,25,0,11,0
Jake,Bailey,Miami Dolphins,P,Stanford,28,77,6/18/97,74,205,1,16,6,Power - KP,84,0,66,0,80,0,81,0,43,0,66,0,22,0,23,0,17,0,10,0,40,0,15,0,39,0,55,0,15,0,10,0,12,0,10,0,83,0,16,0,80,0,92,0,10,0,7,0,10,0,15,0,77,0,9,0,10,0,10,0,20,0,26,0,10,0,10,0,24,0,15,0,7,0,10,0,10,0,Default Stride Awkward,0,15,0,15,0,82,0,10,0,15,0,29,0,17,0,23,0,26,0,23,0,44,0,14,0,43,0,12,0,27,0
Jason,Sanders,Miami Dolphins,K,New Mexico,29,77,11/16/95,71,190,1,7,7,Power - KP,78,0,58,0,31,0,81,0,37,0,65,0,12,0,19,0,15,0,5,0,28,0,15,0,46,0,51,0,12,0,10,0,16,0,16,0,83,0,13,0,83,0,93,0,10,0,15,0,11,0,14,0,77,0,17,0,17,0,17,0,15,0,17,0,10,0,10,0,23,0,14,0,17,0,16,0,16,0,Default Stride Awkward,0,22,0,15,0,77,0,11,0,10,0,27,0,15,0,20,0,32,0,15,0,26,0,16,0,53,0,10,0,17,0
Jaylen,Watson,Kansas City Chiefs,CB,Wash. St.,26,77,9/17/98,74,197,1,35,3,Manto Man - CB,92,0,82,0,90,0,89,0,66,0,76,0,64,0,55,0,20,0,52,0,59,0,57,0,64,0,86,0,32,0,41,0,64,0,53,0,91,0,73,0,17,0,16,0,45,0,24,0,76,0,36,0,77,0,29,0,29,0,29,0,6,0,75,0,33,0,77,0,72,0,41,0,34,0,34,0,34,0,Long Stride Loose,0,39,0,55,0,93,0,66,0,35,0,58,0,12,0,14,0,17,0,19,0,25,0,14,0,80,0,40,0,78,0
Jerome,Ford,Cleveland Browns,HB,Cincinnati,25,77,9/12/99,70,210,1,34,3,Elusive Back - HB,92,0,84,0,79,0,83,0,73,0,77,0,81,0,36,0,25,0,80,0,94,0,55,0,68,0,86,0,46,0,23,0,38,0,41,0,88,0,85,0,15,0,19,0,79,0,42,0,16,0,53,0,77,0,55,0,35,0,40,0,10,0,25,0,32,0,16,0,43,0,54,0,41,0,35,0,28,0,Default,0,59,0,54,0,91,0,74,0,76,0,39,0,15,0,25,0,30,0,10,0,25,0,11,0,83,0,78,0,24,0
Jerome,Baker,Cleveland Browns,ROLB,Ohio State,28,77,12/25/96,74,225,1,17,7,Run Stopper - OLB,87,0,83,0,87,0,93,0,74,0,79,0,53,0,74,0,12,0,33,0,61,0,51,0,66,0,76,0,10,0,68,0,78,0,75,0,94,0,64,0,12,0,18,0,10,0,20,0,69,0,15,0,77,0,45,0,44,0,43,0,6,0,78,0,57,0,46,0,85,0,18,0,45,0,44,0,44,0,Default,0,20,0,65,0,89,0,54,0,31,0,84,0,6,0,6,0,6,0,6,0,22,0,15,0,84,0,24,0,67,0
Ji'Ayir,Brown,San Francisco 49ers,SS,Penn State,25,77,1/25/00,71,202,1,27,2,Run Support - S,91,0,85,0,85,0,88,0,64,0,77,0,75,0,62,0,15,0,62,0,63,0,71,0,80,0,84,0,15,0,61,0,87,0,63,0,93,0,72,0,15,0,20,0,59,0,17,0,72,0,20,0,77,0,35,0,35,0,35,0,15,0,78,0,51,0,71,0,75,0,20,0,35,0,35,0,35,0,Default Stride Loose,0,30,0,70,0,86,0,66,0,52,0,73,0,10,0,10,0,15,0,15,0,30,0,16,0,87,0,55,0,77,0
Jonah,Jackson,Chicago Bears,RG,Ohio State,28,77,2/5/97,76,305,1,73,5,Power - G,65,0,57,0,66,0,89,0,86,0,90,0,10,0,29,0,12,0,5,0,31,0,15,0,29,0,46,0,5,0,22,0,20,0,85,0,93,0,10,0,12,0,14,0,10,0,84,0,12,0,5,0,77,0,76,0,73,0,78,0,6,0,31,0,35,0,10,0,30,0,15,0,79,0,81,0,77,0,Default Stride Awkward,0,15,0,15,0,68,0,10,0,10,0,37,0,6,0,6,0,6,0,6,0,11,0,10,0,88,0,25,0,13,0
Jonathon,Brooks,Carolina Panthers,HB,Texas,22,77,7/21/03,72,216,1,24,1,Elusive Back - HB,91,0,90,0,85,0,82,0,70,0,72,0,82,0,35,0,25,0,79,0,92,0,50,0,65,0,88,0,51,0,10,0,34,0,36,0,82,0,84,0,22,0,28,0,40,0,31,0,23,0,58,0,77,0,54,0,39,0,43,0,15,0,30,0,10,0,25,0,41,0,56,0,32,0,26,0,21,0,Default,0,65,0,50,0,90,0,77,0,78,0,38,0,10,0,15,0,20,0,20,0,23,0,18,0,86,0,81,0,30,0
Jordan,Fuller,Atlanta Falcons,FS,Ohio State,27,77,3/4/98,74,203,1,29,5,Zone - S,85,0,79,0,85,0,89,0,59,0,84,0,67,0,58,0,31,0,49,0,57,0,55,0,73,0,81,0,17,0,34,0,76,0,60,0,84,0,70,0,17,0,18,0,55,0,19,0,72,0,22,0,77,0,35,0,34,0,33,0,12,0,82,0,26,0,64,0,79,0,22,0,35,0,34,0,33,0,Long Stride Loose,0,32,0,62,0,89,0,62,0,50,0,73,0,12,0,15,0,21,0,19,0,32,0,24,0,86,0,39,0,74,0
Joshua,Palmer,Buffalo Bills,WR,Tennessee,25,77,9/22/99,73,210,1,5,4,Deep Threat - WR,90,0,83,0,88,0,86,0,65,0,85,0,77,0,26,0,18,0,77,0,75,0,87,0,84,0,83,0,79,0,10,0,18,0,39,0,92,0,76,0,13,0,18,0,55,0,20,0,15,0,80,0,77,0,28,0,20,0,24,0,6,0,16,0,10,0,16,0,31,0,80,0,41,0,27,0,32,0,Long Stride Default,0,80,0,85,0,88,0,71,0,63,0,26,0,10,0,15,0,20,0,10,0,28,0,16,0,89,0,52,0,19,0
Justice,Hill,Baltimore Ravens,HB,Oklahoma St.,27,77,11/14/97,70,200,1,43,6,Elusive Back - HB,90,0,88,0,91,0,82,0,67,0,81,0,81,0,21,0,22,0,75,0,88,0,55,0,77,0,85,0,52,0,10,0,15,0,39,0,81,0,84,0,10,0,14,0,83,0,32,0,12,0,60,0,77,0,57,0,28,0,32,0,10,0,16,0,10,0,12,0,28,0,54,0,30,0,17,0,14,0,Default,0,68,0,53,0,90,0,81,0,75,0,25,0,13,0,17,0,20,0,15,0,24,0,13,0,77,0,66,0,15,0
Kayvon,Thibodeaux,NY Giants,RE,Oregon,24,77,12/15/00,77,258,1,5,3,Power Rusher - DE,90,0,84,0,87,0,84,0,81,0,76,0,37,0,76,0,17,0,23,0,48,0,38,0,46,0,72,0,19,0,72,0,83,0,85,0,91,0,38,0,17,0,15,0,10,0,21,0,51,0,23,0,77,0,45,0,45,0,45,0,6,0,75,0,77,0,43,0,85,0,30,0,45,0,45,0,45,0,Long Stride Loose,0,26,0,40,0,88,0,31,0,36,0,80,0,6,0,6,0,10,0,6,0,22,0,13,0,85,0,34,0,58,0
Kendrick,Bourne,New England Patriots,WR,Eastern Wash.,30,77,8/4/95,73,190,1,84,8,Slot - WR,91,0,88,0,88,0,84,0,65,0,82,0,84,0,22,0,22,0,76,0,73,0,83,0,87,0,85,0,75,0,11,0,15,0,42,0,89,0,82,0,22,0,23,0,67,0,22,0,16,0,76,0,77,0,48,0,19,0,21,0,15,0,21,0,11,0,16,0,32,0,77,0,59,0,16,0,23,0,Default,0,78,0,84,0,88,0,76,0,46,0,27,0,27,0,31,0,34,0,35,0,44,0,30,0,82,0,42,0,24,0
Kristian,Fulton,Kansas City Chiefs,CB,LSU,26,77,9/3/98,71,197,1,8,5,Zone - CB,90,0,86,0,85,0,89,0,59,0,84,0,58,0,52,0,15,0,49,0,56,0,49,0,61,0,86,0,16,0,36,0,52,0,55,0,87,0,71,0,11,0,10,0,42,0,11,0,78,0,24,0,77,0,35,0,35,0,35,0,6,0,83,0,31,0,75,0,74,0,37,0,25,0,35,0,35,0,Default Stride Loose,0,32,0,60,0,89,0,65,0,29,0,48,0,6,0,6,0,6,0,6,0,24,0,10,0,83,0,26,0,82,0
Kwity,Paye,Indianapolis Colts,RE,Michigan,26,77,11/19/98,74,261,1,51,4,Power Rusher - DE,85,0,88,0,85,0,84,0,86,0,72,0,53,0,80,0,12,0,38,0,57,0,22,0,46,0,74,0,20,0,62,0,82,0,91,0,88,0,45,0,18,0,20,0,10,0,26,0,25,0,23,0,77,0,45,0,45,0,45,0,6,0,72,0,76,0,29,0,83,0,28,0,45,0,45,0,45,0,Long Stride Loose,0,29,0,25,0,84,0,41,0,48,0,85,0,6,0,6,0,6,0,6,0,25,0,10,0,84,0,53,0,36,0
Leonard,Floyd,Atlanta Falcons,RE,Georgia,32,77,9/8/92,77,240,1,56,9,Smaller Speed Rusher - DE,86,0,83,0,91,0,86,0,76,0,82,0,41,0,78,0,12,0,21,0,41,0,27,0,55,0,69,0,5,0,76,0,77,0,80,0,94,0,41,0,19,0,21,0,12,0,16,0,52,0,5,0,77,0,45,0,44,0,43,0,6,0,79,0,68,0,42,0,82,0,18,0,45,0,44,0,44,0,Default Stride Loose,0,15,0,26,0,85,0,33,0,28,0,82,0,6,0,6,0,6,0,6,0,22,0,14,0,85,0,27,0,57,0
Malcolm,Rodriguez,Detroit Lions,ROLB,Oklahoma St.,26,77,3/29/99,71,225,1,44,3,Run Stopper - OLB,90,0,79,0,93,0,85,0,80,0,77,0,66,0,72,0,51,0,47,0,58,0,34,0,58,0,77,0,6,0,53,0,81,0,86,0,92,0,52,0,19,0,20,0,10,0,27,0,53,0,10,0,77,0,45,0,45,0,45,0,46,0,78,0,48,0,36,0,86,0,15,0,45,0,45,0,45,0,Short Stride Default,0,20,0,37,0,86,0,44,0,35,0,85,0,40,0,44,0,47,0,44,0,45,0,39,0,87,0,39,0,63,0
Marcus,Epps,New England Patriots,SS,Wyoming,29,77,1/27/96,73,191,1,22,6,Run Support - S,88,0,88,0,91,0,94,0,63,0,79,0,63,0,61,0,11,0,53,0,57,0,57,0,67,0,82,0,26,0,43,0,84,0,55,0,88,0,70,0,17,0,18,0,60,0,18,0,68,0,30,0,77,0,35,0,34,0,33,0,6,0,80,0,32,0,66,0,79,0,28,0,35,0,34,0,33,0,Short Stride Loose,0,38,0,57,0,87,0,62,0,48,0,72,0,10,0,12,0,14,0,6,0,27,0,10,0,85,0,30,0,75,0
Marvin,Mims Jr,Denver Broncos,WR,Oklahoma,23,77,3/19/02,71,182,1,19,2,,94,0,88,0,92,0,84,0,55,0,77,0,86,0,24,0,20,0,75,0,74,0,80,0,86,0,88,0,80,0,10,0,16,0,39,0,91,0,76,0,12,0,17,0,86,0,19,0,10,0,79,0,77,0,28,0,10,0,10,0,10,0,16,0,10,0,10,0,28,0,68,0,48,0,23,0,16,0,Long Stride Loose,0,79,0,85,0,92,0,70,0,47,0,23,0,10,0,15,0,20,0,12,0,29,0,17,0,89,0,33,0,14,0
Michael,Carter II,NY Jets,CB,Duke,26,77,3/8/99,70,184,1,30,4,Manto Man - CB,93,0,86,0,85,0,89,0,55,0,77,0,52,0,47,0,15,0,39,0,54,0,44,0,68,0,82,0,11,0,36,0,45,0,38,0,89,0,72,0,17,0,18,0,49,0,15,0,78,0,16,0,77,0,35,0,35,0,35,0,6,0,79,0,30,0,72,0,71,0,27,0,35,0,35,0,35,0,Short Stride Loose,0,22,0,66,0,92,0,65,0,25,0,56,0,6,0,6,0,6,0,6,0,27,0,10,0,85,0,28,0,76,0
Mike,Sainristil,Washington Commanders,CB,Michigan,24,77,10/3/00,70,182,1,0,1,Zone - CB,94,0,94,0,93,0,87,0,51,0,73,0,74,0,43,0,21,0,71,0,64,0,70,0,78,0,94,0,57,0,42,0,56,0,38,0,91,0,77,0,17,0,18,0,65,0,15,0,79,0,52,0,77,0,33,0,21,0,22,0,12,0,75,0,32,0,67,0,80,0,42,0,34,0,21,0,23,0,Short Stride Loose,0,55,0,74,0,90,0,71,0,33,0,55,0,14,0,16,0,20,0,22,0,27,0,13,0,93,0,32,0,80,0
Nakobe,Dean,Philadelphia Eagles,MLB,Georgia,24,77,12/13/00,71,231,1,17,3,Field General - MLB,90,0,83,0,79,0,89,0,66,0,76,0,60,0,70,0,15,0,38,0,62,0,57,0,66,0,76,0,8,0,68,0,88,0,76,0,92,0,60,0,20,0,22,0,10,0,20,0,60,0,13,0,77,0,45,0,45,0,45,0,6,0,77,0,53,0,39,0,92,0,15,0,45,0,45,0,45,0,Short Stride Default,0,20,0,64,0,87,0,42,0,33,0,87,0,6,0,6,0,6,0,6,0,25,0,11,0,87,0,35,0,67,0
Omarion,Hampton,Los Angeles Chargers,HB,North Carolina,22,77,3/16/03,72,221,1,8,0,Power Back - HB,93,0,82,0,90,0,89,0,78,0,73,0,85,0,38,0,19,0,84,0,91,0,61,0,73,0,77,0,51,0,31,0,37,0,47,0,92,0,82,0,18,0,31,0,76,0,45,0,28,0,54,0,77,0,55,0,42,0,39,0,23,0,44,0,30,0,30,0,44,0,54,0,43,0,28,0,29,0,Default Stride High and Tight,0,61,0,58,0,90,0,77,0,80,0,43,0,12,0,24,0,15,0,24,0,25,0,21,0,94,0,88,0,36,0
Quan,Martin,Washington Commanders,FS,Illinois,25,77,4/17/00,72,195,1,20,2,Hybrid - S,97,0,87,0,97,0,89,0,61,0,76,0,72,0,53,0,14,0,67,0,62,0,61,0,75,0,85,0,12,0,43,0,78,0,50,0,90,0,76,0,20,0,20,0,62,0,23,0,77,0,14,0,77,0,35,0,35,0,35,0,6,0,73,0,37,0,68,0,68,0,18,0,35,0,35,0,35,0,Default Stride Loose,0,24,0,65,0,90,0,70,0,46,0,70,0,6,0,7,0,8,0,6,0,25,0,18,0,80,0,40,0,72,0
Renardo,Green,San Francisco 49ers,CB,Florida State,24,77,11/9/00,72,186,1,0,1,Manto Man - CB,92,0,88,0,89,0,85,0,59,0,73,0,65,0,42,0,35,0,62,0,57,0,50,0,59,0,85,0,21,0,37,0,58,0,48,0,92,0,71,0,18,0,21,0,50,0,16,0,79,0,30,0,77,0,30,0,21,0,20,0,18,0,73,0,32,0,82,0,74,0,33,0,35,0,24,0,21,0,Default Stride Loose,0,34,0,60,0,90,0,67,0,40,0,64,0,21,0,22,0,25,0,34,0,25,0,21,0,85,0,35,0,76,0
Rigoberto,Sanchez,Indianapolis Colts,P,Hawaii,30,77,9/8/94,72,195,1,8,8,Power - KP,71,0,62,0,59,0,85,0,51,0,65,0,28,0,28,0,21,0,14,0,47,0,18,0,38,0,51,0,12,0,10,0,33,0,22,0,85,0,10,0,83,0,91,0,10,0,16,0,18,0,12,0,77,0,20,0,17,0,19,0,18,0,24,0,10,0,13,0,24,0,12,0,20,0,18,0,18,0,Default Stride Awkward,0,12,0,14,0,70,0,19,0,16,0,29,0,26,0,32,0,37,0,26,0,39,0,18,0,69,0,21,0,26,0
Ryan,Stonehouse,Miami Dolphins,P,Colorado St.,26,77,5/11/99,70,193,1,49,3,Power - KP,86,0,58,0,51,0,84,0,46,0,59,0,22,0,19,0,15,0,10,0,24,0,15,0,24,0,54,0,12,0,10,0,16,0,12,0,90,0,24,0,82,0,99,0,10,0,9,0,11,0,14,0,77,0,12,0,12,0,12,0,19,0,17,0,10,0,10,0,23,0,14,0,17,0,16,0,16,0,Default Stride Awkward,0,16,0,15,0,85,0,21,0,10,0,22,0,23,0,26,0,32,0,21,0,28,0,16,0,72,0,10,0,12,0
Sam,Darnold,Seattle Seahawks,QB,USC,28,77,6/5/97,75,225,1,14,7,Field General - QB,82,0,80,0,67,0,86,0,60,0,74,0,81,0,31,0,72,0,58,0,57,0,16,0,37,0,77,0,11,0,10,0,28,0,22,0,90,0,66,0,14,0,18,0,10,0,19,0,24,0,13,0,77,0,19,0,19,0,14,0,84,0,20,0,10,0,20,0,39,0,12,0,25,0,10,0,15,0,Default,0,14,0,44,0,81,0,52,0,46,0,36,0,88,0,84,0,90,0,87,0,88,0,84,0,91,0,44,0,35,0
Shelby,Harris,Cleveland Browns,DT,Illinois St.,34,77,8/11/91,74,290,1,93,11,,76,0,66,0,78,0,77,0,85,0,78,0,25,0,79,0,12,0,10,0,46,0,10,0,42,0,57,0,2,0,76,0,78,0,87,0,90,0,10,0,21,0,19,0,10,0,15,0,20,0,3,0,77,0,45,0,45,0,45,0,6,0,80,0,64,0,10,0,80,0,12,0,45,0,45,0,45,0,Default Stride Awkward,0,10,0,12,0,75,0,10,0,35,0,87,0,6,0,6,0,6,0,6,0,24,0,12,0,75,0,32,0,25,0
Shemar,Stewart,Cincinnati Bengals,LE,Texas AM,21,77,11/12/03,77,267,1,97,0,Power Rusher - DE,91,0,86,0,93,0,88,0,87,0,77,0,31,0,80,0,12,0,30,0,42,0,21,0,40,0,74,0,7,0,74,0,82,0,85,0,88,0,42,0,20,0,21,0,20,0,23,0,17,0,8,0,77,0,45,0,45,0,45,0,6,0,76,0,77,0,29,0,81,0,15,0,45,0,45,0,45,0,Default Stride Loose,0,15,0,21,0,86,0,40,0,37,0,72,0,5,0,6,0,7,0,6,0,19,0,13,0,88,0,34,0,24,0
Tank,Bigsby,Jacksonville Jaguars,HB,Auburn,24,77,8/30/01,72,213,1,4,2,Elusive Back - HB,92,0,84,0,81,0,86,0,75,0,77,0,84,0,31,0,28,0,85,0,88,0,51,0,62,0,86,0,40,0,10,0,27,0,36,0,92,0,84,0,15,0,17,0,76,0,31,0,11,0,48,0,77,0,54,0,26,0,32,0,15,0,14,0,10,0,15,0,39,0,51,0,34,0,25,0,18,0,Default,0,56,0,53,0,92,0,72,0,78,0,32,0,12,0,16,0,20,0,17,0,27,0,14,0,88,0,85,0,16,0
Tetairoa,McMillan,Carolina Panthers,WR,Arizona,22,77,4/5/03,76,213,1,4,0,Physical - WR,91,0,89,0,94,0,94,0,76,0,78,0,86,0,39,0,52,0,77,0,73,0,85,0,85,0,87,0,75,0,34,0,41,0,49,0,92,0,77,0,17,0,27,0,71,0,34,0,27,0,77,0,77,0,26,0,17,0,24,0,36,0,28,0,31,0,22,0,46,0,81,0,48,0,38,0,38,0,Default,0,80,0,86,0,89,0,73,0,67,0,44,0,54,0,56,0,62,0,69,0,79,0,53,0,89,0,58,0,26,0
Thomas,Morstead,San Francisco 49ers,P,SMU,39,77,3/7/86,76,225,1,7,16,Power - KP,61,0,59,0,49,0,86,0,68,0,67,0,10,0,14,0,16,0,9,0,35,0,10,0,30,0,49,0,10,0,11,0,22,0,20,0,93,0,10,0,84,0,90,0,10,0,14,0,12,0,10,0,77,0,19,0,13,0,15,0,20,0,19,0,11,0,10,0,30,0,12,0,22,0,15,0,15,0,Long Stride Awkward,0,10,0,12,0,71,0,10,0,10,0,14,0,39,0,48,0,46,0,20,0,50,0,17,0,75,0,10,0,15,0
Troy,Fautanu,Pittsburgh Steelers,RT,Washington,24,77,10/11/00,76,317,1,76,1,Power - OT,79,0,70,0,79,0,85,0,87,0,78,0,30,0,47,0,8,0,20,0,35,0,33,0,35,0,57,0,21,0,33,0,41,0,87,0,93,0,15,0,32,0,37,0,10,0,83,0,9,0,22,0,77,0,80,0,79,0,80,0,8,0,23,0,44,0,13,0,27,0,25,0,79,0,80,0,81,0,Default Stride Awkward,0,25,0,33,0,72,0,15,0,39,0,39,0,5,0,6,0,8,0,7,0,13,0,7,0,88,0,40,0,11,0
Tyleik,Williams,Detroit Lions,DT,Ohio State,22,77,2/25/03,75,329,1,91,0,,78,0,68,0,82,0,70,0,91,0,75,0,26,0,84,0,18,0,26,0,39,0,20,0,28,0,60,0,10,0,69,0,76,0,87,0,86,0,24,0,18,0,18,0,26,0,27,0,13,0,14,0,77,0,45,0,45,0,45,0,14,0,74,0,72,0,18,0,77,0,18,0,45,0,45,0,45,0,Default Stride Awkward,0,18,0,20,0,75,0,20,0,35,0,79,0,7,0,10,0,15,0,11,0,18,0,13,0,87,0,32,0,19,0
Tyler,Booker,Dallas Cowboys,RG,Alabama,21,77,4/12/04,77,321,1,52,0,Power - G,59,0,53,0,68,0,88,0,94,0,80,0,12,0,43,0,12,0,5,0,20,0,21,0,23,0,53,0,5,0,46,0,52,0,93,0,89,0,10,0,13,0,14,0,10,0,82,0,11,0,5,0,77,0,76,0,74,0,78,0,6,0,21,0,48,0,10,0,41,0,15,0,78,0,77,0,79,0,Long Stride Awkward,0,10,0,21,0,60,0,10,0,16,0,54,0,6,0,6,0,6,0,6,0,21,0,13,0,91,0,29,0,13,0
Tyler,Nubin,NY Giants,SS,Minnesota,24,77,11/1/00,74,210,1,27,1,Run Support - S,85,0,82,0,77,0,90,0,62,0,72,0,67,0,67,0,19,0,61,0,63,0,68,0,77,0,83,0,13,0,49,0,85,0,76,0,92,0,68,0,20,0,20,0,45,0,45,0,69,0,15,0,77,0,40,0,37,0,36,0,10,0,75,0,48,0,72,0,80,0,21,0,45,0,41,0,41,0,Default Stride Loose,0,15,0,72,0,87,0,64,0,45,0,81,0,7,0,8,0,10,0,7,0,25,0,5,0,89,0,55,0,79,0
Tyler,Higbee,Los Angeles Rams,TE,W. Kentucky,32,77,1/1/93,78,255,1,89,9,Possession - TE,78,0,81,0,83,0,92,0,79,0,77,0,78,0,32,0,12,0,68,0,78,0,83,0,87,0,69,0,67,0,17,0,27,0,65,0,91,0,68,0,19,0,21,0,18,0,50,0,14,0,66,0,77,0,60,0,56,0,59,0,10,0,22,0,17,0,17,0,33,0,71,0,64,0,63,0,59,0,Long Stride Default,0,74,0,84,0,81,0,58,0,72,0,34,0,16,0,18,0,22,0,21,0,26,0,16,0,90,0,75,0,21,0
Walter,Nolen,Arizona Cardinals,DT,Ole Miss,21,77,10/14/03,76,300,1,97,0,,88,0,81,0,81,0,79,0,87,0,75,0,35,0,79,0,19,0,27,0,43,0,31,0,41,0,71,0,12,0,66,0,79,0,82,0,90,0,32,0,18,0,23,0,29,0,22,0,18,0,16,0,77,0,45,0,45,0,45,0,14,0,73,0,76,0,21,0,79,0,14,0,45,0,45,0,45,0,Long Stride Loose,0,20,0,33,0,81,0,28,0,36,0,83,0,7,0,10,0,15,0,18,0,22,0,13,0,90,0,31,0,22,0
Wan'Dale,Robinson,NY Giants,WR,Kentucky,24,77,1/5/01,68,185,1,17,3,Slot - WR,93,0,92,0,83,0,86,0,61,0,74,0,83,0,32,0,24,0,76,0,78,0,82,0,88,0,90,0,75,0,10,0,29,0,43,0,87,0,83,0,17,0,21,0,76,0,24,0,24,0,76,0,77,0,29,0,16,0,12,0,16,0,31,0,10,0,23,0,37,0,59,0,43,0,26,0,21,0,Short Stride Default,0,78,0,80,0,91,0,76,0,51,0,34,0,10,0,14,0,19,0,18,0,27,0,19,0,82,0,52,0,30,0
Wil,Lutz,Denver Broncos,K,Georgia State,31,77,7/7/94,71,184,1,3,9,Power - KP,72,0,59,0,57,0,79,0,54,0,62,0,10,0,24,0,15,0,5,0,40,0,15,0,18,0,50,0,15,0,10,0,13,0,16,0,81,0,10,0,82,0,97,0,10,0,16,0,11,0,15,0,77,0,17,0,17,0,17,0,15,0,17,0,10,0,10,0,29,0,15,0,16,0,16,0,16,0,Default Stride Awkward,0,15,0,15,0,70,0,10,0,10,0,26,0,15,0,15,0,33,0,15,0,39,0,16,0,70,0,10,0,17,0
Zion,Johnson,Los Angeles Chargers,LG,Boston College,25,77,11/18/99,75,316,1,77,3,Power - G,76,0,71,0,78,0,87,0,90,0,77,0,14,0,27,0,9,0,11,0,34,0,10,0,25,0,58,0,5,0,20,0,35,0,84,0,94,0,10,0,18,0,23,0,10,0,85,0,12,0,5,0,77,0,78,0,76,0,81,0,6,0,25,0,25,0,10,0,34,0,12,0,79,0,80,0,78,0,Default Stride Awkward,0,10,0,12,0,66,0,10,0,20,0,34,0,6,0,6,0,6,0,6,0,28,0,5,0,89,0,25,0,10,0
A.J.,Dillon,Philadelphia Eagles,HB,Boston College,27,76,5/2/98,72,247,1,29,5,Power Back - HB,86,0,79,0,89,0,83,0,85,0,73,0,82,0,31,0,36,0,81,0,94,0,44,0,68,0,79,0,34,0,10,0,28,0,53,0,92,0,76,0,12,0,18,0,25,0,57,0,10,0,44,0,76,0,61,0,37,0,42,0,15,0,15,0,15,0,15,0,33,0,41,0,56,0,40,0,48,0,Default Stride High and Tight,0,51,0,52,0,88,0,75,0,85,0,29,0,10,0,15,0,20,0,18,0,31,0,15,0,88,0,86,0,17,0
A.J.,Epenesa,Buffalo Bills,RE,Iowa,26,76,9/15/98,78,260,1,57,5,Run Stopper - DE,76,0,76,0,79,0,82,0,85,0,82,0,41,0,78,0,12,0,27,0,51,0,31,0,53,0,66,0,15,0,68,0,80,0,87,0,90,0,36,0,15,0,22,0,16,0,16,0,20,0,22,0,76,0,45,0,45,0,45,0,6,0,81,0,76,0,19,0,82,0,27,0,45,0,45,0,45,0,Long Stride Default,0,26,0,37,0,79,0,23,0,37,0,82,0,6,0,6,0,6,0,6,0,24,0,14,0,90,0,36,0,28,0
Aaron,Rodgers,Pittsburgh Steelers,QB,California,41,76,12/2/83,74,223,1,8,20,Field General - QB,75,0,75,0,74,0,93,0,59,0,77,0,76,0,19,0,79,0,60,0,64,0,15,0,47,0,72,0,12,0,10,0,12,0,29,0,89,0,48,0,18,0,15,0,10,0,22,0,13,0,14,0,76,0,12,0,12,0,12,0,89,0,25,0,10,0,10,0,24,0,15,0,23,0,18,0,18,0,Default,0,15,0,15,0,77,0,53,0,22,0,19,0,82,0,83,0,87,0,85,0,90,0,82,0,98,0,29,0,19,0
Abraham,Lucas,Seattle Seahawks,RT,Wash. St.,26,76,10/25/98,78,322,1,72,3,Pass Protector - OT,81,0,75,0,72,0,84,0,85,0,79,0,35,0,30,0,12,0,27,0,44,0,33,0,38,0,59,0,22,0,19,0,26,0,82,0,87,0,23,0,14,0,16,0,10,0,78,0,10,0,27,0,76,0,82,0,84,0,79,0,5,0,32,0,22,0,10,0,31,0,31,0,73,0,77,0,69,0,Default Stride Awkward,0,34,0,36,0,75,0,17,0,27,0,32,0,5,0,5,0,5,0,5,0,11,0,10,0,79,0,32,0,10,0
Alexander,Mattison,Miami Dolphins,HB,Boise State,27,76,6/19/98,71,215,1,8,6,Power Back - HB,90,0,80,0,87,0,89,0,74,0,81,0,83,0,28,0,24,0,82,0,94,0,53,0,68,0,81,0,43,0,10,0,31,0,40,0,90,0,84,0,13,0,15,0,74,0,41,0,16,0,54,0,76,0,57,0,31,0,37,0,13,0,17,0,10,0,17,0,35,0,54,0,36,0,25,0,30,0,Default,0,63,0,51,0,86,0,77,0,82,0,35,0,12,0,15,0,21,0,19,0,25,0,12,0,88,0,85,0,21,0
Amarius,Mims,Cincinnati Bengals,RT,Georgia,22,76,10/14/02,80,340,1,71,1,Power - OT,73,0,70,0,65,0,83,0,91,0,74,0,45,0,45,0,22,0,30,0,48,0,41,0,49,0,65,0,24,0,31,0,45,0,86,0,86,0,43,0,26,0,34,0,10,0,82,0,12,0,31,0,76,0,79,0,79,0,79,0,5,0,28,0,42,0,15,0,42,0,44,0,77,0,75,0,81,0,Long Stride Awkward,0,35,0,51,0,70,0,43,0,55,0,35,0,6,0,11,0,12,0,12,0,13,0,11,0,85,0,50,0,11,0
Andrew,Wylie,Washington Commanders,RT,Eastern Michigan,31,76,8/19/94,78,309,1,71,8,Power - OT,71,0,66,0,82,0,92,0,85,0,75,0,25,0,32,0,12,0,20,0,27,0,30,0,35,0,53,0,7,0,30,0,40,0,87,0,91,0,20,0,15,0,19,0,10,0,83,0,11,0,15,0,76,0,77,0,73,0,81,0,5,0,18,0,40,0,10,0,33,0,20,0,80,0,78,0,82,0,Default Stride Awkward,0,25,0,30,0,68,0,20,0,20,0,35,0,5,0,5,0,5,0,5,0,25,0,10,0,80,0,32,0,11,0
Brandon,Coleman,Washington Commanders,LG,TCU,24,76,10/12/00,77,313,1,74,1,Power - G,77,0,71,0,82,0,84,0,85,0,82,0,34,0,35,0,12,0,28,0,27,0,22,0,26,0,60,0,7,0,31,0,42,0,85,0,91,0,20,0,11,0,17,0,10,0,82,0,10,0,11,0,76,0,79,0,76,0,82,0,5,0,21,0,35,0,9,0,41,0,19,0,77,0,78,0,74,0,Long Stride Awkward,0,12,0,26,0,73,0,15,0,37,0,27,0,7,0,10,0,11,0,5,0,23,0,7,0,82,0,35,0,10,0
Calijah,Kancey,Tampa Bay Buccaneers,DT,Pittsburgh,24,76,3/1/01,73,281,1,94,2,,91,0,82,0,81,0,79,0,84,0,74,0,32,0,79,0,10,0,17,0,43,0,43,0,52,0,69,0,24,0,78,0,82,0,75,0,87,0,42,0,12,0,14,0,10,0,33,0,19,0,28,0,76,0,35,0,35,0,35,0,6,0,72,0,71,0,10,0,80,0,21,0,40,0,40,0,40,0,Short Stride High and Tight,0,35,0,42,0,83,0,33,0,20,0,82,0,6,0,6,0,6,0,6,0,25,0,10,0,84,0,35,0,29,0
Cam,Jurgens,Philadelphia Eagles,C,Nebraska,26,76,8/21/99,75,303,1,51,3,Agile - C,79,0,74,0,81,0,84,0,83,0,82,0,44,0,25,0,10,0,35,0,45,0,43,0,47,0,60,0,32,0,18,0,32,0,78,0,85,0,42,0,15,0,19,0,10,0,87,0,10,0,36,0,76,0,74,0,76,0,72,0,6,0,15,0,20,0,12,0,35,0,42,0,81,0,83,0,77,0,Default Stride Awkward,0,39,0,40,0,75,0,38,0,45,0,26,0,6,0,6,0,6,0,6,0,20,0,10,0,80,0,39,0,10,0
Cam,Little,Jacksonville Jaguars,K,Arkansas,22,76,8/17/03,74,179,1,39,1,Power - KP,78,0,65,0,70,0,83,0,41,0,59,0,10,0,12,0,11,0,5,0,20,0,15,0,21,0,59,0,15,0,10,0,13,0,16,0,90,0,21,0,88,0,94,0,10,0,16,0,11,0,15,0,76,0,17,0,17,0,17,0,15,0,15,0,10,0,10,0,29,0,15,0,16,0,16,0,16,0,Default Stride Awkward,0,15,0,15,0,74,0,15,0,10,0,21,0,12,0,21,0,32,0,15,0,29,0,16,0,75,0,10,0,12,0
Chamarri,Conner,Kansas City Chiefs,SS,Virginia Tech,25,76,7/11/00,72,206,1,27,2,Hybrid - S,92,0,86,0,94,0,89,0,66,0,75,0,64,0,58,0,21,0,61,0,59,0,58,0,69,0,81,0,39,0,45,0,83,0,62,0,94,0,69,0,14,0,15,0,55,0,31,0,76,0,42,0,76,0,35,0,35,0,35,0,15,0,74,0,35,0,75,0,77,0,41,0,35,0,35,0,35,0,Default Stride High and Tight,0,43,0,59,0,89,0,65,0,53,0,66,0,10,0,10,0,15,0,22,0,25,0,10,0,87,0,54,0,73,0
Charles,Omenihu,Kansas City Chiefs,LE,Texas,28,76,8/20/97,77,280,1,90,6,Power Rusher - DE,78,0,77,0,87,0,78,0,83,0,87,0,33,0,78,0,12,0,23,0,41,0,44,0,46,0,66,0,10,0,74,0,78,0,82,0,88,0,28,0,15,0,15,0,10,0,17,0,37,0,14,0,76,0,45,0,45,0,45,0,6,0,84,0,80,0,28,0,83,0,26,0,45,0,45,0,45,0,Long Stride Loose,0,21,0,41,0,74,0,20,0,41,0,78,0,6,0,6,0,6,0,6,0,28,0,13,0,84,0,42,0,45,0
Cobie,Durant,Los Angeles Rams,CB,S.C. State,27,76,2/9/98,71,180,1,14,3,Zone - CB,94,0,86,0,85,0,88,0,50,0,79,0,63,0,40,0,44,0,53,0,55,0,59,0,74,0,84,0,22,0,33,0,54,0,42,0,89,0,72,0,22,0,20,0,55,0,12,0,70,0,25,0,76,0,25,0,25,0,25,0,35,0,78,0,29,0,64,0,72,0,25,0,30,0,30,0,30,0,Short Stride Default,0,30,0,67,0,93,0,64,0,34,0,51,0,34,0,39,0,43,0,45,0,42,0,30,0,74,0,30,0,77,0
Cor'Dale,Flott,NY Giants,CB,LSU,24,76,8/24/01,73,175,1,28,3,Zone - CB,92,0,86,0,82,0,87,0,50,0,76,0,60,0,40,0,12,0,48,0,48,0,49,0,61,0,92,0,30,0,29,0,45,0,47,0,88,0,73,0,14,0,18,0,40,0,11,0,73,0,33,0,76,0,22,0,22,0,22,0,6,0,78,0,21,0,68,0,68,0,21,0,27,0,27,0,27,0,Long Stride Loose,0,36,0,62,0,89,0,65,0,23,0,55,0,6,0,10,0,15,0,10,0,25,0,10,0,78,0,21,0,81,0
Curtis,Samuel,Buffalo Bills,WR,Ohio State,29,76,8/11/96,71,195,1,1,8,,92,0,89,0,88,0,84,0,64,0,75,0,87,0,24,0,22,0,78,0,73,0,83,0,86,0,84,0,72,0,18,0,24,0,43,0,84,0,85,0,15,0,25,0,75,0,23,0,20,0,75,0,76,0,38,0,30,0,30,0,6,0,28,0,12,0,23,0,32,0,75,0,43,0,16,0,23,0,Default,0,76,0,83,0,90,0,78,0,49,0,26,0,6,0,10,0,15,0,10,0,27,0,23,0,74,0,40,0,28,0
D.J.,Wonnum,Carolina Panthers,RE,South Carolina,27,76,10/31/97,77,258,1,98,5,Power Rusher - DE,81,0,76,0,80,0,84,0,82,0,80,0,40,0,77,0,12,0,22,0,46,0,22,0,48,0,67,0,3,0,69,0,80,0,80,0,91,0,34,0,15,0,17,0,10,0,13,0,45,0,6,0,76,0,45,0,45,0,45,0,6,0,78,0,77,0,31,0,81,0,16,0,45,0,45,0,45,0,Long Stride High and Tight,0,13,0,31,0,82,0,29,0,38,0,84,0,6,0,6,0,6,0,6,0,18,0,13,0,89,0,39,0,53,0
Dan,Moore,Tennessee Titans,LT,Texas AM,26,76,9/28/98,77,315,1,75,4,Agile - OT,65,0,65,0,75,0,90,0,88,0,87,0,15,0,29,0,12,0,8,0,36,0,11,0,27,0,55,0,5,0,16,0,31,0,83,0,92,0,10,0,12,0,19,0,10,0,82,0,12,0,5,0,76,0,78,0,80,0,76,0,6,0,31,0,21,0,10,0,25,0,12,0,78,0,79,0,77,0,Default Stride Awkward,0,13,0,15,0,65,0,10,0,20,0,36,0,6,0,6,0,6,0,6,0,13,0,10,0,78,0,35,0,13,0
Dante,Fowler Jr,Dallas Cowboys,RE,Florida,31,76,8/3/94,75,261,1,13,10,Smaller Speed Rusher - DE,85,0,80,0,79,0,81,0,73,0,82,0,50,0,70,0,12,0,35,0,55,0,45,0,51,0,66,0,4,0,79,0,83,0,85,0,83,0,45,0,22,0,21,0,10,0,12,0,41,0,8,0,76,0,45,0,45,0,45,0,6,0,78,0,69,0,42,0,84,0,28,0,45,0,45,0,45,0,Default Stride Loose,0,15,0,44,0,82,0,52,0,45,0,78,0,6,0,6,0,6,0,6,0,25,0,16,0,77,0,55,0,45,0
Darnell,Washington,Pittsburgh Steelers,TE,Georgia,24,76,8/17/01,79,264,1,80,2,Blocking - TE,86,0,86,0,88,0,82,0,81,0,69,0,79,0,51,0,19,0,65,0,72,0,78,0,78,0,79,0,52,0,34,0,56,0,74,0,91,0,67,0,21,0,15,0,15,0,72,0,18,0,56,0,76,0,64,0,61,0,63,0,6,0,15,0,30,0,26,0,51,0,62,0,75,0,74,0,71,0,Long Stride Loose,0,63,0,80,0,84,0,61,0,69,0,55,0,6,0,10,0,15,0,10,0,32,0,15,0,87,0,69,0,23,0
Darrell,Baker,Tennessee Titans,CB,Ga. Southern,27,76,3/27/98,73,190,1,39,3,Zone - CB,93,0,81,0,95,0,87,0,57,0,74,0,70,0,54,0,17,0,57,0,60,0,57,0,58,0,86,0,36,0,35,0,64,0,52,0,89,0,71,0,14,0,13,0,50,0,21,0,76,0,39,0,76,0,30,0,23,0,24,0,6,0,75,0,30,0,78,0,75,0,35,0,35,0,25,0,26,0,Default Stride Loose,0,44,0,59,0,91,0,65,0,47,0,62,0,8,0,12,0,18,0,21,0,30,0,17,0,78,0,38,0,79,0
DeMarvion,Overshown,Dallas Cowboys,ROLB,Texas,25,76,8/13/00,74,220,1,0,2,Pass Coverage - OLB,92,0,78,0,87,0,88,0,64,0,82,0,65,0,71,0,18,0,51,0,59,0,63,0,66,0,72,0,27,0,67,0,90,0,67,0,86,0,66,0,16,0,18,0,10,0,40,0,68,0,33,0,76,0,35,0,35,0,35,0,6,0,79,0,52,0,65,0,89,0,34,0,40,0,40,0,40,0,Default Stride Loose,0,38,0,66,0,88,0,60,0,52,0,81,0,6,0,6,0,6,0,6,0,22,0,15,0,82,0,45,0,66,0
Denico,Autry,Houston Texans,LE,Mississippi St.,35,76,7/15/90,77,285,1,96,11,Run Stopper - DE,72,0,68,0,72,0,83,0,86,0,85,0,19,0,81,0,12,0,10,0,45,0,15,0,35,0,63,0,4,0,71,0,75,0,81,0,89,0,10,0,11,0,17,0,10,0,18,0,24,0,8,0,76,0,45,0,45,0,45,0,6,0,82,0,78,0,16,0,87,0,15,0,45,0,45,0,45,0,Default Stride Awkward,0,15,0,15,0,74,0,10,0,35,0,82,0,6,0,6,0,6,0,6,0,14,0,16,0,85,0,25,0,29,0
Denzel,Perryman,Los Angeles Chargers,MLB,Miami,32,76,12/5/92,71,240,1,6,10,Run Stopper - MLB,82,0,76,0,81,0,90,0,84,0,82,0,35,0,75,0,12,0,10,0,65,0,15,0,60,0,68,0,5,0,51,0,90,0,95,0,85,0,30,0,20,0,20,0,10,0,22,0,59,0,5,0,76,0,45,0,45,0,45,0,6,0,83,0,58,0,48,0,86,0,12,0,45,0,45,0,45,0,Default Stride Awkward,0,15,0,30,0,82,0,25,0,52,0,82,0,6,0,6,0,6,0,6,0,25,0,17,0,88,0,45,0,55,0
Diontae,Johnson,Cleveland Browns,WR,Toledo,29,76,7/5/96,70,183,1,16,6,,91,0,90,0,86,0,94,0,61,0,67,0,84,0,26,0,27,0,77,0,70,0,83,0,84,0,92,0,77,0,10,0,14,0,38,0,89,0,86,0,52,0,52,0,82,0,20,0,17,0,76,0,76,0,28,0,16,0,14,0,44,0,16,0,10,0,14,0,38,0,82,0,47,0,12,0,20,0,Short Stride Loose,0,77,0,86,0,89,0,77,0,69,0,29,0,42,0,40,0,48,0,49,0,53,0,35,0,83,0,42,0,20,0
Donovan,Wilson,Dallas Cowboys,SS,Texas AM,30,76,2/21/95,72,204,1,6,6,Zone - S,88,0,83,0,86,0,92,0,64,0,81,0,60,0,62,0,10,0,53,0,51,0,52,0,75,0,79,0,24,0,39,0,88,0,67,0,86,0,67,0,14,0,15,0,30,0,10,0,66,0,30,0,76,0,35,0,35,0,35,0,6,0,78,0,32,0,65,0,79,0,45,0,35,0,35,0,35,0,Default Stride Loose,0,35,0,65,0,87,0,58,0,43,0,69,0,6,0,6,0,6,0,6,0,25,0,17,0,79,0,35,0,75,0
Dre'Mont,Jones,Tennessee Titans,LE,Ohio State,28,76,1/5/97,75,281,1,45,6,Run Stopper - DE,77,0,73,0,77,0,82,0,82,0,81,0,45,0,77,0,12,0,35,0,50,0,39,0,51,0,60,0,17,0,77,0,81,0,87,0,89,0,37,0,10,0,18,0,10,0,17,0,34,0,21,0,76,0,45,0,45,0,45,0,6,0,80,0,67,0,25,0,83,0,26,0,45,0,45,0,45,0,Long Stride Loose,0,24,0,37,0,74,0,34,0,42,0,89,0,6,0,6,0,6,0,6,0,24,0,12,0,82,0,34,0,48,0
Dyami,Brown,Jacksonville Jaguars,WR,North Carolina,25,76,11/1/99,72,195,0,5,4,Deep Threat - WR,92,0,88,0,85,0,84,0,63,0,79,0,82,0,39,0,28,0,76,0,72,0,81,0,87,0,84,0,78,0,17,0,30,0,42,0,89,0,80,0,13,0,17,0,60,0,26,0,22,0,76,0,76,0,25,0,15,0,13,0,23,0,25,0,12,0,24,0,41,0,72,0,46,0,34,0,29,0,Default,0,76,0,81,0,93,0,75,0,51,0,37,0,30,0,32,0,43,0,38,0,51,0,31,0,84,0,58,0,29,0
E.J.,Speed,Houston Texans,ROLB,Tarleton State,30,76,6/1/95,75,224,1,45,6,Run Stopper - OLB,88,0,83,0,82,0,91,0,74,0,80,0,60,0,71,0,12,0,52,0,66,0,66,0,66,0,74,0,27,0,61,0,87,0,76,0,89,0,70,0,16,0,18,0,60,0,23,0,55,0,32,0,76,0,45,0,45,0,45,0,6,0,81,0,53,0,37,0,86,0,40,0,45,0,45,0,45,0,Default Stride Loose,0,41,0,64,0,88,0,61,0,33,0,82,0,6,0,6,0,6,0,6,0,24,0,15,0,81,0,26,0,61,0
Elandon,Roberts,Las Vegas Raiders,MLB,Houston,31,76,4/22/94,73,238,1,52,9,Run Stopper - MLB,83,0,73,0,83,0,89,0,82,0,82,0,35,0,75,0,12,0,33,0,48,0,15,0,52,0,70,0,5,0,57,0,89,0,89,0,89,0,34,0,20,0,20,0,10,0,55,0,53,0,15,0,76,0,45,0,45,0,47,0,6,0,82,0,64,0,52,0,84,0,12,0,52,0,46,0,53,0,Default Stride Loose,0,27,0,35,0,85,0,25,0,50,0,83,0,6,0,6,0,6,0,6,0,25,0,14,0,86,0,36,0,65,0
Ethan,Evans,Los Angeles Rams,P,Wingate,24,76,7/19/01,76,235,1,42,2,Power - KP,71,0,57,0,62,0,82,0,55,0,59,0,10,0,14,0,30,0,10,0,35,0,10,0,29,0,51,0,10,0,11,0,29,0,20,0,91,0,10,0,82,0,95,0,10,0,14,0,10,0,10,0,76,0,14,0,14,0,14,0,20,0,19,0,11,0,10,0,30,0,12,0,15,0,15,0,15,0,Long Stride Awkward,0,10,0,12,0,68,0,10,0,10,0,24,0,25,0,28,0,30,0,21,0,39,0,17,0,75,0,10,0,10,0
Evan,Brown,Arizona Cardinals,LG,SMU,28,76,9/16/96,74,320,1,63,7,Agile - G,65,0,54,0,86,0,85,0,90,0,83,0,13,0,26,0,12,0,8,0,29,0,14,0,25,0,52,0,5,0,13,0,22,0,81,0,89,0,11,0,12,0,17,0,9,0,83,0,12,0,5,0,76,0,77,0,79,0,75,0,5,0,19,0,12,0,8,0,31,0,15,0,75,0,80,0,70,0,Default Stride Awkward,0,13,0,14,0,69,0,10,0,15,0,35,0,5,0,5,0,5,0,5,0,24,0,14,0,84,0,20,0,14,0
Greg,Van Roten,NY Giants,RG,Penn,35,76,2/26/90,76,305,1,74,12,Power - G,61,0,56,0,82,0,85,0,84,0,86,0,15,0,25,0,12,0,5,0,29,0,25,0,36,0,50,0,12,0,10,0,15,0,83,0,89,0,10,0,20,0,20,0,10,0,82,0,12,0,20,0,76,0,77,0,72,0,80,0,6,0,10,0,10,0,10,0,33,0,40,0,79,0,78,0,80,0,Default Stride Awkward,0,30,0,30,0,67,0,10,0,10,0,45,0,6,0,6,0,6,0,6,0,17,0,10,0,75,0,15,0,12,0
Haason,Reddick,Tampa Bay Buccaneers,LE,Temple,30,76,9/22/94,73,240,1,5,8,Smaller Speed Rusher - DE,87,0,87,0,87,0,88,0,81,0,67,0,73,0,77,0,12,0,43,0,77,0,60,0,70,0,74,0,35,0,78,0,83,0,69,0,96,0,66,0,19,0,19,0,59,0,16,0,58,0,44,0,76,0,45,0,43,0,44,0,6,0,64,0,73,0,45,0,83,0,46,0,45,0,44,0,44,0,Default Stride Loose,0,52,0,59,0,85,0,51,0,57,0,82,0,6,0,6,0,6,0,6,0,25,0,12,0,84,0,63,0,62,0
Isaiah,Rodgers Sr,Minnesota Vikings,CB,Massachusetts,27,76,1/7/98,70,170,1,2,5,Zone - CB,92,0,88,0,92,0,89,0,50,0,75,0,75,0,53,0,10,0,49,0,56,0,54,0,70,0,88,0,27,0,42,0,54,0,48,0,87,0,82,0,34,0,44,0,87,0,17,0,73,0,33,0,76,0,25,0,35,0,35,0,15,0,74,0,36,0,71,0,74,0,22,0,25,0,35,0,35,0,Short Stride Loose,0,38,0,68,0,93,0,73,0,42,0,59,0,10,0,10,0,15,0,15,0,26,0,15,0,80,0,34,0,79,0
Jake,Bates,Detroit Lions,K,Arkansas,26,76,3/3/99,70,202,1,39,2,Power - KP,74,0,61,0,60,0,82,0,35,0,59,0,20,0,10,0,12,0,18,0,32,0,10,0,31,0,51,0,10,0,10,0,24,0,15,0,89,0,10,0,83,0,98,0,10,0,15,0,10,0,10,0,76,0,20,0,15,0,15,0,20,0,15,0,10,0,10,0,25,0,12,0,20,0,15,0,15,0,Default Stride Awkward,0,10,0,12,0,72,0,10,0,10,0,26,0,13,0,22,0,28,0,20,0,32,0,15,0,61,0,10,0,10,0
Jalen,Tolbert,Dallas Cowboys,WR,South Alabama,26,76,2/27/99,73,195,1,1,3,Deep Threat - WR,94,0,86,0,87,0,88,0,61,0,78,0,82,0,23,0,26,0,74,0,75,0,81,0,84,0,86,0,79,0,10,0,23,0,41,0,92,0,77,0,14,0,20,0,45,0,22,0,13,0,77,0,76,0,28,0,26,0,23,0,20,0,15,0,10,0,12,0,28,0,74,0,45,0,28,0,22,0,Long Stride Default,0,75,0,82,0,91,0,71,0,49,0,23,0,15,0,20,0,25,0,23,0,27,0,20,0,87,0,39,0,16,0
Jawaan,Taylor,Kansas City Chiefs,RT,Florida,27,76,11/25/97,77,330,1,74,6,Pass Protector - OT,60,0,64,0,72,0,90,0,87,0,82,0,15,0,36,0,12,0,6,0,30,0,10,0,35,0,51,0,5,0,10,0,43,0,86,0,94,0,10,0,20,0,22,0,10,0,70,0,12,0,5,0,76,0,82,0,79,0,85,0,6,0,10,0,10,0,10,0,27,0,12,0,70,0,67,0,73,0,Default Stride Awkward,0,10,0,12,0,67,0,10,0,25,0,38,0,6,0,6,0,6,0,6,0,19,0,10,0,84,0,34,0,12,0
Jer'Zhan,Newton,Washington Commanders,DT,Illinois,23,76,8/31/02,74,304,1,95,1,,82,0,73,0,80,0,86,0,85,0,73,0,10,0,79,0,21,0,21,0,40,0,10,0,35,0,67,0,10,0,75,0,82,0,85,0,90,0,10,0,18,0,26,0,12,0,20,0,12,0,10,0,76,0,45,0,45,0,45,0,5,0,75,0,70,0,10,0,79,0,12,0,45,0,45,0,45,0,Default Stride Awkward,0,10,0,12,0,78,0,10,0,10,0,84,0,5,0,5,0,5,0,5,0,29,0,10,0,90,0,10,0,22,0
Jihaad,Campbell,Philadelphia Eagles,ROLB,Alabama,21,76,2/24/04,75,235,1,30,0,Run Stopper - OLB,91,0,87,0,85,0,87,0,72,0,75,0,52,0,73,0,23,0,38,0,62,0,56,0,66,0,81,0,27,0,62,0,84,0,74,0,88,0,56,0,20,0,22,0,10,0,26,0,64,0,30,0,76,0,45,0,45,0,45,0,6,0,73,0,56,0,54,0,85,0,32,0,45,0,45,0,45,0,Default Stride Loose,0,35,0,60,0,89,0,50,0,46,0,84,0,6,0,6,0,6,0,6,0,25,0,12,0,89,0,42,0,70,0
Jonathan,Owens,Chicago Bears,SS,Missouri W State,30,76,7/22/95,71,210,1,36,6,Zone - S,91,0,83,0,93,0,91,0,66,0,78,0,62,0,48,0,17,0,47,0,67,0,56,0,72,0,85,0,29,0,30,0,75,0,59,0,86,0,70,0,22,0,17,0,30,0,14,0,63,0,33,0,76,0,12,0,35,0,35,0,6,0,76,0,26,0,65,0,80,0,34,0,16,0,35,0,35,0,Default Stride Loose,0,37,0,63,0,91,0,62,0,42,0,70,0,6,0,6,0,6,0,6,0,18,0,10,0,84,0,41,0,73,0
Jordan,Battle,Cincinnati Bengals,SS,Alabama,24,76,12/14/00,73,206,1,27,2,Run Support - S,92,0,77,0,75,0,90,0,63,0,77,0,81,0,63,0,19,0,70,0,65,0,60,0,72,0,79,0,25,0,40,0,85,0,64,0,93,0,70,0,15,0,15,0,70,0,23,0,65,0,33,0,76,0,25,0,35,0,35,0,6,0,76,0,34,0,70,0,83,0,35,0,35,0,35,0,35,0,Default Stride Loose,0,38,0,71,0,88,0,64,0,50,0,77,0,14,0,21,0,27,0,22,0,34,0,10,0,91,0,47,0,74,0
Josh,Reynolds,NY Jets,WR,Texas AM,30,76,2/16/95,75,196,1,83,8,Deep Threat - WR,85,0,84,0,88,0,86,0,66,0,82,0,81,0,24,0,22,0,76,0,76,0,85,0,86,0,86,0,78,0,10,0,28,0,49,0,95,0,76,0,14,0,20,0,45,0,29,0,18,0,79,0,76,0,44,0,23,0,25,0,20,0,17,0,10,0,20,0,32,0,79,0,51,0,20,0,27,0,Long Stride Loose,0,78,0,87,0,88,0,72,0,71,0,35,0,15,0,20,0,25,0,27,0,30,0,20,0,77,0,51,0,26,0
Juan,Thornhill,Pittsburgh Steelers,FS,Virginia,29,76,10/19/95,72,205,1,22,6,Zone - S,89,0,83,0,93,0,89,0,66,0,83,0,65,0,55,0,20,0,58,0,65,0,59,0,76,0,83,0,10,0,49,0,76,0,58,0,94,0,75,0,17,0,20,0,45,0,20,0,65,0,10,0,76,0,35,0,35,0,35,0,18,0,81,0,38,0,71,0,75,0,15,0,35,0,35,0,35,0,Default Stride Loose,0,20,0,66,0,90,0,58,0,50,0,71,0,30,0,40,0,44,0,35,0,52,0,27,0,85,0,50,0,71,0
Kader,Kohou,Miami Dolphins,CB,Texas AM-Commerce,26,76,11/28/98,70,195,1,4,3,Manto Man - CB,93,0,80,0,91,0,90,0,63,0,76,0,62,0,44,0,15,0,56,0,53,0,47,0,70,0,83,0,8,0,24,0,55,0,39,0,88,0,75,0,30,0,34,0,45,0,15,0,76,0,9,0,76,0,35,0,35,0,35,0,6,0,75,0,22,0,80,0,74,0,14,0,35,0,35,0,35,0,Default Stride Bread Loaf,0,10,0,54,0,93,0,70,0,35,0,52,0,6,0,6,0,6,0,16,0,25,0,9,0,85,0,30,0,70,0
Keeanu,Benton,Pittsburgh Steelers,DT,Wisconsin,24,76,6/17/01,76,309,1,95,2,,75,0,69,0,73,0,75,0,88,0,78,0,25,0,79,0,14,0,10,0,38,0,32,0,46,0,59,0,6,0,64,0,84,0,87,0,91,0,25,0,10,0,13,0,10,0,41,0,15,0,7,0,76,0,40,0,40,0,40,0,6,0,77,0,79,0,10,0,77,0,15,0,45,0,45,0,45,0,Default Stride Awkward,0,15,0,36,0,70,0,22,0,41,0,83,0,6,0,6,0,6,0,6,0,19,0,15,0,88,0,35,0,21,0
Keisean,Nixon,Green Bay Packers,CB,South Carolina,28,76,6/22/97,70,200,1,25,6,Zone - CB,91,0,80,0,79,0,91,0,54,0,79,0,72,0,55,0,10,0,52,0,59,0,55,0,72,0,77,0,12,0,45,0,64,0,50,0,86,0,70,0,14,0,16,0,91,0,18,0,73,0,20,0,76,0,35,0,35,0,35,0,6,0,78,0,36,0,75,0,78,0,30,0,35,0,35,0,35,0,Short Stride Loose,0,30,0,68,0,93,0,65,0,35,0,65,0,6,0,6,0,6,0,6,0,29,0,10,0,84,0,45,0,77,0
Kelvin,Banks Jr.,New Orleans Saints,RT,Texas,21,76,3/10/04,77,315,1,71,0,Agile - OT,72,0,58,0,78,0,88,0,86,0,76,0,11,0,23,0,15,0,11,0,30,0,13,0,25,0,59,0,5,0,10,0,38,0,83,0,89,0,18,0,11,0,14,0,10,0,83,0,13,0,5,0,76,0,82,0,83,0,81,0,15,0,34,0,33,0,11,0,24,0,18,0,79,0,81,0,79,0,Default Stride Awkward,0,14,0,12,0,67,0,16,0,12,0,30,0,17,0,18,0,20,0,14,0,14,0,12,0,90,0,30,0,14,0
Keon,Coleman,Buffalo Bills,WR,Florida State,22,76,5/17/03,75,213,1,0,1,Physical - WR,88,0,87,0,94,0,85,0,72,0,81,0,84,0,40,0,22,0,77,0,74,0,84,0,87,0,88,0,75,0,10,0,39,0,40,0,88,0,78,0,20,0,22,0,77,0,15,0,25,0,76,0,76,0,52,0,30,0,30,0,28,0,26,0,10,0,28,0,45,0,77,0,45,0,30,0,36,0,Long Stride Default,0,77,0,88,0,87,0,73,0,62,0,40,0,40,0,46,0,52,0,35,0,65,0,19,0,84,0,52,0,31,0
Khalil,Herbert,Indianapolis Colts,HB,Virginia Tech,27,76,4/21/98,69,212,1,26,4,Elusive Back - HB,87,0,86,0,81,0,86,0,73,0,77,0,82,0,28,0,22,0,81,0,94,0,47,0,66,0,81,0,45,0,10,0,24,0,35,0,85,0,86,0,12,0,18,0,85,0,32,0,10,0,53,0,76,0,62,0,33,0,36,0,16,0,15,0,10,0,14,0,35,0,44,0,35,0,26,0,19,0,Short Stride High and Tight,0,59,0,45,0,88,0,78,0,76,0,31,0,12,0,16,0,22,0,17,0,37,0,17,0,77,0,78,0,17,0
Laiatu,Latu,Indianapolis Colts,RE,UCLA,24,76,12/31/00,77,259,1,97,1,Smaller Speed Rusher - DE,88,0,81,0,78,0,83,0,77,0,74,0,36,0,76,0,13,0,39,0,45,0,38,0,54,0,72,0,15,0,79,0,76,0,80,0,85,0,39,0,10,0,15,0,10,0,25,0,47,0,15,0,76,0,45,0,45,0,45,0,5,0,69,0,75,0,30,0,83,0,15,0,45,0,45,0,45,0,Default Stride Loose,0,15,0,42,0,84,0,35,0,10,0,78,0,5,0,5,0,5,0,5,0,19,0,16,0,84,0,25,0,50,0
Laken,Tomlinson,Houston Texans,LG,Duke,33,76,2/9/92,75,323,1,75,10,Power - G,68,0,57,0,77,0,91,0,86,0,94,0,10,0,20,0,12,0,5,0,25,0,10,0,20,0,48,0,5,0,10,0,20,0,82,0,95,0,10,0,20,0,20,0,10,0,79,0,12,0,5,0,76,0,75,0,73,0,78,0,6,0,20,0,10,0,10,0,35,0,12,0,77,0,78,0,75,0,Default Stride Awkward,0,10,0,12,0,70,0,10,0,10,0,35,0,6,0,6,0,6,0,6,0,20,0,14,0,84,0,15,0,15,0
Larry,Ogunjobi,Buffalo Bills,DT,Charlotte,31,76,6/3/94,75,305,1,99,8,,73,0,71,0,79,0,86,0,89,0,83,0,26,0,77,0,12,0,18,0,31,0,30,0,35,0,53,0,3,0,63,0,79,0,87,0,92,0,31,0,17,0,17,0,14,0,35,0,23,0,6,0,76,0,45,0,45,0,44,0,6,0,79,0,75,0,17,0,77,0,15,0,45,0,45,0,46,0,Long Stride Awkward,0,14,0,28,0,74,0,23,0,28,0,83,0,6,0,6,0,6,0,6,0,23,0,10,0,89,0,33,0,31,0
Luke,Wattenberg,Denver Broncos,C,Washington,27,76,9/10/97,77,300,1,60,3,Pass Protector - C,78,0,69,0,73,0,84,0,79,0,78,0,12,0,31,0,12,0,7,0,28,0,15,0,26,0,62,0,5,0,24,0,31,0,80,0,91,0,13,0,16,0,19,0,10,0,83,0,7,0,5,0,76,0,82,0,85,0,78,0,6,0,25,0,23,0,10,0,27,0,10,0,72,0,74,0,69,0,Long Stride Awkward,0,15,0,15,0,66,0,14,0,19,0,32,0,6,0,6,0,6,0,6,0,17,0,10,0,69,0,30,0,8,0
Luther,Burden III,Chicago Bears,WR,Missouri,21,76,12/12/03,72,236,1,87,0,,92,0,93,0,88,0,87,0,69,0,66,0,87,0,24,0,28,0,78,0,76,0,80,0,83,0,93,0,74,0,25,0,32,0,44,0,91,0,84,0,30,0,25,0,82,0,30,0,30,0,75,0,76,0,27,0,21,0,28,0,31,0,35,0,23,0,25,0,39,0,73,0,51,0,30,0,32,0,Default,0,77,0,82,0,92,0,80,0,70,0,35,0,10,0,10,0,12,0,17,0,11,0,24,0,87,0,61,0,41,0
Matthew,Bergeron,Atlanta Falcons,LG,Syracuse,25,76,2/26/00,77,323,1,65,2,Power - G,75,0,71,0,75,0,86,0,89,0,78,0,17,0,25,0,12,0,9,0,28,0,10,0,31,0,59,0,10,0,15,0,35,0,86,0,93,0,17,0,31,0,33,0,10,0,79,0,10,0,14,0,76,0,78,0,73,0,82,0,6,0,13,0,20,0,10,0,21,0,19,0,79,0,83,0,75,0,Default Stride Awkward,0,25,0,12,0,63,0,11,0,24,0,30,0,6,0,6,0,6,0,6,0,23,0,14,0,88,0,29,0,9,0
Matthew,Golden,Green Bay Packers,WR,Texas,22,76,8/1/03,71,191,1,22,0,,97,0,92,0,85,0,89,0,61,0,72,0,82,0,35,0,25,0,71,0,74,0,78,0,80,0,91,0,79,0,28,0,30,0,47,0,89,0,82,0,24,0,30,0,83,0,33,0,31,0,76,0,76,0,24,0,15,0,22,0,26,0,32,0,24,0,24,0,36,0,75,0,54,0,26,0,24,0,Default,0,78,0,80,0,91,0,78,0,42,0,24,0,30,0,31,0,38,0,32,0,52,0,31,0,86,0,40,0,26,0
Micah,McFadden,NY Giants,ROLB,Indiana,25,76,1/3/00,74,232,1,41,3,Run Stopper - OLB,91,0,83,0,84,0,89,0,72,0,77,0,47,0,74,0,16,0,33,0,50,0,37,0,63,0,75,0,8,0,59,0,83,0,88,0,89,0,47,0,16,0,16,0,10,0,21,0,64,0,14,0,76,0,45,0,45,0,45,0,6,0,79,0,64,0,41,0,86,0,12,0,45,0,45,0,45,0,Default Stride Loose,0,23,0,39,0,85,0,37,0,40,0,80,0,6,0,6,0,6,0,6,0,22,0,12,0,87,0,35,0,67,0
Mike,Hilton,Miami Dolphins,CB,Ole Miss,31,76,3/9/94,69,184,1,38,9,Slot - CB,88,0,86,0,81,0,90,0,65,0,75,0,66,0,62,0,16,0,59,0,57,0,61,0,74,0,86,0,12,0,28,0,45,0,46,0,89,0,75,0,10,0,11,0,69,0,12,0,74,0,19,0,76,0,16,0,23,0,23,0,18,0,74,0,37,0,78,0,85,0,24,0,26,0,15,0,15,0,Short Stride Default,0,29,0,64,0,87,0,71,0,46,0,71,0,17,0,20,0,26,0,19,0,22,0,11,0,85,0,31,0,78,0
Mike,Green,Baltimore Ravens,LE,Marshall,22,76,7/28/03,75,251,1,45,0,Smaller Speed Rusher - DE,92,0,88,0,88,0,74,0,79,0,68,0,37,0,72,0,22,0,27,0,42,0,23,0,37,0,77,0,7,0,78,0,75,0,77,0,87,0,35,0,24,0,24,0,26,0,20,0,28,0,8,0,76,0,45,0,45,0,45,0,6,0,66,0,68,0,25,0,79,0,12,0,45,0,45,0,45,0,Long Stride Loose,0,15,0,25,0,88,0,36,0,34,0,79,0,6,0,8,0,6,0,6,0,16,0,10,0,85,0,26,0,39,0
Nick,Cross,Indianapolis Colts,FS,Maryland,23,76,9/10/01,72,212,1,20,3,Zone - S,96,0,87,0,88,0,87,0,67,0,72,0,65,0,54,0,17,0,52,0,54,0,59,0,73,0,82,0,16,0,35,0,85,0,50,0,91,0,67,0,23,0,25,0,40,0,22,0,64,0,18,0,76,0,35,0,35,0,35,0,8,0,70,0,29,0,71,0,75,0,25,0,35,0,35,0,35,0,Default Stride Loose,0,20,0,67,0,92,0,59,0,45,0,80,0,12,0,14,0,22,0,15,0,26,0,9,0,83,0,48,0,74,0
Noah,Brown,Washington Commanders,WR,Ohio State,29,76,1/6/96,74,215,1,85,8,Physical - WR,87,0,82,0,91,0,81,0,74,0,83,0,78,0,45,0,22,0,71,0,72,0,84,0,86,0,78,0,74,0,10,0,44,0,61,0,86,0,72,0,20,0,22,0,75,0,41,0,16,0,80,0,76,0,52,0,30,0,30,0,17,0,22,0,10,0,10,0,49,0,81,0,62,0,30,0,36,0,Default,0,80,0,86,0,89,0,63,0,78,0,45,0,19,0,23,0,27,0,28,0,33,0,19,0,75,0,53,0,24,0
Omar,Speights,Los Angeles Rams,ROLB,LSU,24,76,3/2/01,73,225,1,48,1,Run Stopper - OLB,91,0,81,0,77,0,86,0,78,0,75,0,68,0,69,0,34,0,63,0,50,0,46,0,50,0,78,0,5,0,49,0,83,0,72,0,88,0,63,0,12,0,24,0,11,0,35,0,66,0,5,0,76,0,35,0,23,0,21,0,15,0,78,0,47,0,57,0,83,0,21,0,35,0,20,0,21,0,Default Stride Loose,0,15,0,41,0,84,0,60,0,61,0,85,0,5,0,10,0,15,0,20,0,29,0,11,0,78,0,60,0,70,0
Patrick,Mekari,Jacksonville Jaguars,RG,California,28,76,8/13/97,76,305,1,65,6,Power - G,68,0,58,0,67,0,86,0,85,0,86,0,15,0,25,0,12,0,9,0,33,0,10,0,22,0,50,0,5,0,15,0,30,0,83,0,87,0,12,0,20,0,22,0,10,0,76,0,9,0,5,0,76,0,79,0,77,0,80,0,6,0,30,0,15,0,10,0,31,0,12,0,77,0,75,0,79,0,Default Stride Awkward,0,10,0,12,0,72,0,10,0,10,0,34,0,6,0,6,0,6,0,6,0,22,0,10,0,84,0,23,0,12,0
Payton,Wilson,Pittsburgh Steelers,ROLB,N.C. State,25,76,4/21/00,76,238,1,41,1,Pass Coverage - OLB,93,0,87,0,83,0,83,0,67,0,74,0,67,0,65,0,21,0,56,0,64,0,66,0,73,0,81,0,26,0,72,0,87,0,70,0,82,0,65,0,28,0,27,0,21,0,35,0,62,0,32,0,76,0,35,0,29,0,25,0,15,0,73,0,63,0,69,0,86,0,31,0,41,0,38,0,37,0,Long Stride High and Tight,0,34,0,71,0,91,0,59,0,50,0,84,0,18,0,17,0,25,0,20,0,29,0,11,0,92,0,57,0,70,0
Peter,Skoronski,Tennessee Titans,LG,Northwestern,24,76,7/31/01,76,313,1,77,2,Agile - G,80,0,58,0,83,0,88,0,88,0,79,0,24,0,22,0,15,0,25,0,29,0,22,0,36,0,59,0,5,0,16,0,22,0,85,0,94,0,19,0,30,0,32,0,10,0,81,0,10,0,10,0,76,0,80,0,83,0,76,0,7,0,26,0,24,0,10,0,30,0,18,0,77,0,75,0,79,0,Default Stride Awkward,0,14,0,15,0,67,0,15,0,26,0,25,0,8,0,8,0,8,0,6,0,25,0,7,0,87,0,27,0,9,0
Quentin,Johnston,Los Angeles Chargers,WR,TCU,23,76,9/6/01,76,215,1,1,2,,90,0,83,0,94,0,85,0,70,0,80,0,88,0,30,0,28,0,83,0,72,0,81,0,86,0,85,0,76,0,10,0,25,0,47,0,89,0,79,0,18,0,22,0,40,0,24,0,13,0,78,0,76,0,35,0,27,0,30,0,12,0,16,0,10,0,19,0,36,0,75,0,52,0,34,0,29,0,Long Stride Loose,0,77,0,84,0,93,0,76,0,77,0,31,0,10,0,15,0,20,0,13,0,30,0,18,0,87,0,66,0,19,0
Riley,Dixon,Tampa Bay Buccaneers,P,Syracuse,32,76,8/24/93,76,221,1,92,9,Power - KP,74,0,68,0,70,0,89,0,56,0,64,0,50,0,24,0,24,0,34,0,50,0,15,0,38,0,51,0,10,0,10,0,58,0,22,0,88,0,51,0,79,0,92,0,10,0,16,0,13,0,10,0,76,0,10,0,10,0,10,0,22,0,25,0,10,0,10,0,62,0,15,0,20,0,16,0,16,0,Default,0,10,0,20,0,72,0,30,0,37,0,34,0,22,0,33,0,37,0,29,0,43,0,13,0,79,0,41,0,22,0
Riley,Moss,Denver Broncos,CB,Iowa,25,76,3/3/00,72,193,1,21,2,Zone - CB,95,0,95,0,92,0,91,0,53,0,75,0,82,0,43,0,24,0,67,0,68,0,69,0,74,0,89,0,11,0,34,0,63,0,44,0,93,0,77,0,23,0,22,0,77,0,18,0,66,0,14,0,76,0,25,0,35,0,35,0,16,0,71,0,24,0,70,0,72,0,25,0,35,0,35,0,35,0,Default Stride Loose,0,21,0,68,0,91,0,70,0,41,0,63,0,12,0,15,0,21,0,25,0,31,0,10,0,79,0,49,0,76,0
Russell,Wilson,NY Giants,QB,Wisconsin,36,76,11/29/88,71,215,1,3,13,Strong Arm - QB,84,0,87,0,82,0,94,0,59,0,73,0,85,0,16,0,84,0,68,0,67,0,35,0,68,0,86,0,11,0,10,0,12,0,37,0,97,0,75,0,19,0,10,0,10,0,37,0,15,0,21,0,76,0,10,0,10,0,10,0,85,0,26,0,10,0,10,0,47,0,25,0,45,0,35,0,38,0,Default,0,31,0,42,0,84,0,75,0,66,0,26,0,87,0,82,0,87,0,83,0,90,0,81,0,98,0,38,0,14,0
Sam,Williams,Dallas Cowboys,RE,Ole Miss,26,76,3/31/99,76,261,1,54,3,Power Rusher - DE,91,0,82,0,86,0,74,0,79,0,71,0,27,0,76,0,19,0,19,0,35,0,34,0,42,0,70,0,5,0,66,0,79,0,85,0,88,0,27,0,14,0,12,0,10,0,21,0,30,0,7,0,76,0,45,0,45,0,45,0,6,0,68,0,77,0,24,0,83,0,13,0,45,0,45,0,45,0,Long Stride Loose,0,10,0,30,0,89,0,23,0,33,0,82,0,6,0,6,0,6,0,6,0,20,0,14,0,78,0,33,0,40,0
Samaje,Perine,Cincinnati Bengals,HB,Oklahoma,29,76,9/16/95,70,236,1,34,9,Power Back - HB,91,0,80,0,80,0,86,0,84,0,74,0,80,0,37,0,18,0,77,0,97,0,48,0,73,0,77,0,45,0,10,0,42,0,53,0,89,0,78,0,22,0,20,0,52,0,54,0,15,0,55,0,76,0,60,0,32,0,37,0,15,0,21,0,10,0,10,0,45,0,41,0,54,0,37,0,44,0,Default Stride High and Tight,0,64,0,45,0,86,0,67,0,85,0,40,0,19,0,23,0,28,0,15,0,31,0,17,0,80,0,84,0,13,0
Samuel,Womack III,Indianapolis Colts,CB,Toledo,26,76,7/7/99,70,189,1,33,3,Manto Man - CB,93,0,88,0,86,0,89,0,46,0,76,0,52,0,41,0,11,0,44,0,52,0,55,0,69,0,88,0,21,0,36,0,42,0,37,0,88,0,73,0,12,0,13,0,50,0,12,0,77,0,28,0,76,0,25,0,25,0,25,0,6,0,77,0,31,0,67,0,66,0,24,0,25,0,25,0,24,0,Short Stride Default,0,33,0,60,0,92,0,65,0,32,0,58,0,6,0,6,0,6,0,6,0,17,0,10,0,67,0,31,0,73,0
Steve,Avila,Los Angeles Rams,LG,TCU,25,76,10/16/99,75,330,0,73,2,Power - G,71,0,56,0,73,0,87,0,88,0,82,0,11,0,16,0,11,0,10,0,35,0,20,0,23,0,56,0,6,0,10,0,35,0,90,0,91,0,10,0,25,0,27,0,9,0,75,0,9,0,10,0,76,0,74,0,68,0,79,0,5,0,18,0,10,0,10,0,18,0,15,0,77,0,75,0,80,0,Default Stride Awkward,0,20,0,21,0,65,0,10,0,10,0,30,0,5,0,5,0,5,0,5,0,17,0,10,0,90,0,20,0,10,0
Taysom,Hill,New Orleans Saints,TE,BYU,35,76,8/23/90,74,221,1,7,8,Vertical Threat - TE,88,0,82,0,90,0,86,0,82,0,78,0,95,0,54,0,81,0,84,0,78,0,77,0,81,0,82,0,58,0,53,0,68,0,75,0,85,0,85,0,54,0,69,0,79,0,63,0,53,0,63,0,76,0,57,0,52,0,55,0,79,0,41,0,44,0,45,0,68,0,66,0,62,0,56,0,60,0,Short Stride Default,0,67,0,78,0,89,0,79,0,86,0,57,0,74,0,74,0,81,0,79,0,84,0,75,0,95,0,87,0,59,0
Terrion,Arnold,Detroit Lions,CB,Alabama,23,76,3/22/02,72,189,1,6,1,Slot - CB,94,0,93,0,88,0,92,0,58,0,70,0,71,0,45,0,21,0,66,0,64,0,67,0,78,0,90,0,41,0,34,0,73,0,46,0,93,0,78,0,17,0,15,0,55,0,19,0,73,0,46,0,76,0,35,0,23,0,24,0,15,0,70,0,30,0,76,0,73,0,39,0,35,0,26,0,25,0,Default Stride Loose,0,51,0,70,0,90,0,73,0,40,0,72,0,19,0,22,0,24,0,25,0,35,0,13,0,90,0,35,0,75,0
Tershawn,Wharton,Carolina Panthers,DT,Missouri University of Science & Technology,27,76,6/25/98,73,280,1,92,5,Speed Rusher - DT,83,0,72,0,76,0,81,0,87,0,84,0,16,0,74,0,12,0,17,0,27,0,10,0,36,0,60,0,3,0,78,0,80,0,81,0,89,0,17,0,20,0,20,0,10,0,22,0,19,0,5,0,76,0,45,0,45,0,45,0,6,0,83,0,68,0,10,0,79,0,12,0,45,0,45,0,45,0,Default Stride Loose,0,10,0,24,0,79,0,13,0,24,0,80,0,6,0,6,0,6,0,6,0,25,0,10,0,88,0,35,0,29,0
Tony,Adams,NY Jets,SS,Illinois,26,76,1/24/99,72,205,1,22,3,Hybrid - S,94,0,84,0,95,0,86,0,62,0,77,0,63,0,48,0,21,0,51,0,59,0,52,0,68,0,86,0,39,0,33,0,77,0,54,0,86,0,72,0,11,0,15,0,50,0,21,0,77,0,42,0,76,0,35,0,35,0,35,0,15,0,75,0,25,0,67,0,73,0,41,0,35,0,35,0,35,0,Default Stride Loose,0,43,0,54,0,90,0,65,0,42,0,63,0,10,0,10,0,15,0,22,0,25,0,10,0,75,0,42,0,75,0
TreVeyon,Henderson,New England Patriots,HB,Ohio State,22,76,10/22/02,70,202,1,32,0,Elusive Back - HB,90,0,86,0,89,0,86,0,71,0,68,0,86,0,32,0,31,0,79,0,94,0,50,0,67,0,83,0,56,0,28,0,31,0,46,0,82,0,83,0,18,0,27,0,71,0,40,0,28,0,61,0,76,0,56,0,42,0,38,0,25,0,46,0,25,0,29,0,39,0,51,0,42,0,28,0,31,0,Default,0,66,0,47,0,91,0,81,0,75,0,33,0,10,0,15,0,24,0,20,0,18,0,32,0,83,0,80,0,24,0
Trey,Benson,Arizona Cardinals,HB,Florida State,23,76,7/23/02,73,223,1,33,1,Elusive Back - HB,94,0,85,0,83,0,86,0,77,0,63,0,79,0,42,0,32,0,82,0,95,0,52,0,70,0,86,0,55,0,31,0,47,0,40,0,86,0,85,0,14,0,18,0,77,0,36,0,27,0,59,0,76,0,54,0,30,0,33,0,20,0,37,0,26,0,29,0,47,0,56,0,43,0,30,0,27,0,Default Stride High and Tight,0,65,0,53,0,93,0,79,0,79,0,49,0,15,0,20,0,25,0,24,0,29,0,20,0,82,0,79,0,34,0
Walker,Little,Jacksonville Jaguars,LT,Stanford,26,76,4/1/99,79,325,1,72,4,Pass Protector - OT,67,0,69,0,73,0,84,0,85,0,81,0,12,0,31,0,12,0,6,0,28,0,15,0,26,0,57,0,5,0,24,0,39,0,83,0,81,0,11,0,19,0,18,0,9,0,85,0,11,0,5,0,76,0,82,0,84,0,79,0,6,0,24,0,32,0,10,0,21,0,16,0,74,0,77,0,71,0,Default Stride Awkward,0,14,0,15,0,62,0,12,0,15,0,35,0,6,0,6,0,6,0,6,0,22,0,15,0,83,0,20,0,14,0
Will,McDonald IV,NY Jets,LE,Iowa State,26,76,6/4/99,75,241,1,9,2,Smaller Speed Rusher - DE,87,0,88,0,86,0,78,0,69,0,74,0,45,0,72,0,33,0,33,0,49,0,45,0,48,0,80,0,28,0,82,0,87,0,70,0,91,0,50,0,32,0,35,0,25,0,44,0,38,0,30,0,76,0,45,0,45,0,45,0,15,0,69,0,73,0,52,0,81,0,35,0,45,0,45,0,45,0,Long Stride Loose,0,35,0,46,0,82,0,45,0,52,0,77,0,22,0,25,0,30,0,25,0,44,0,11,0,78,0,43,0,50,0
Zaven,Collins,Arizona Cardinals,LE,Tulsa,26,76,5/19/99,76,260,1,25,4,Run Stopper - DE,86,0,82,0,84,0,91,0,76,0,74,0,49,0,79,0,45,0,31,0,56,0,64,0,73,0,74,0,5,0,66,0,87,0,82,0,92,0,34,0,17,0,19,0,10,0,26,0,65,0,10,0,76,0,45,0,45,0,45,0,26,0,72,0,75,0,46,0,87,0,12,0,45,0,45,0,45,0,Default Stride Loose,0,20,0,63,0,85,0,36,0,47,0,87,0,31,0,34,0,40,0,42,0,40,0,37,0,85,0,52,0,72,0
Zay,Jones,Arizona Cardinals,WR,East Carolina,30,76,3/30/95,74,200,1,17,8,Deep Threat - WR,92,0,86,0,86,0,86,0,76,0,74,0,82,0,27,0,22,0,77,0,73,0,80,0,88,0,86,0,77,0,22,0,37,0,49,0,79,0,78,0,17,0,22,0,81,0,29,0,15,0,76,0,76,0,38,0,23,0,25,0,19,0,17,0,18,0,20,0,23,0,79,0,61,0,12,0,22,0,Long Stride Default,0,77,0,86,0,89,0,72,0,74,0,34,0,25,0,29,0,34,0,32,0,39,0,20,0,78,0,68,0,24,0
A'Shawn,Robinson,Carolina Panthers,DT,Alabama,30,75,3/21/95,75,320,1,94,9,,68,0,57,0,66,0,81,0,85,0,79,0,21,0,77,0,12,0,13,0,39,0,34,0,42,0,52,0,3,0,59,0,82,0,89,0,89,0,23,0,17,0,17,0,9,0,36,0,18,0,5,0,75,0,44,0,45,0,44,0,6,0,82,0,73,0,13,0,79,0,15,0,45,0,45,0,46,0,Default Stride Awkward,0,13,0,37,0,65,0,17,0,25,0,87,0,6,0,6,0,6,0,6,0,23,0,17,0,90,0,33,0,26,0
Aaron,Banks,Green Bay Packers,LG,Notre Dame,27,75,9/3/97,77,325,0,65,4,Power - G,58,0,60,0,76,0,85,0,86,0,82,0,10,0,15,0,12,0,5,0,31,0,10,0,30,0,50,0,5,0,10,0,29,0,82,0,85,0,10,0,22,0,19,0,10,0,80,0,12,0,5,0,75,0,74,0,72,0,77,0,6,0,10,0,10,0,10,0,25,0,12,0,80,0,80,0,80,0,Default Stride Awkward,0,10,0,12,0,60,0,10,0,25,0,25,0,6,0,6,0,6,0,6,0,25,0,14,0,85,0,23,0,15,0
Alfred,Collins,San Francisco 49ers,DT,Texas,23,75,10/8/01,78,332,1,95,0,,79,0,69,0,75,0,77,0,92,0,73,0,27,0,76,0,17,0,27,0,45,0,35,0,42,0,52,0,10,0,59,0,78,0,89,0,91,0,22,0,21,0,20,0,23,0,26,0,11,0,13,0,75,0,45,0,45,0,45,0,12,0,73,0,74,0,10,0,78,0,16,0,45,0,45,0,45,0,Long Stride Awkward,0,15,0,36,0,73,0,17,0,30,0,82,0,7,0,10,0,15,0,10,0,24,0,13,0,91,0,33,0,15,0
Anthony,Walker Jr,Tampa Bay Buccaneers,ROLB,Northwestern,30,75,8/8/95,73,235,1,3,8,Run Stopper - OLB,86,0,77,0,75,0,90,0,78,0,84,0,60,0,70,0,12,0,29,0,61,0,63,0,70,0,70,0,6,0,53,0,77,0,79,0,92,0,48,0,22,0,14,0,10,0,19,0,55,0,14,0,75,0,45,0,45,0,45,0,6,0,83,0,58,0,45,0,83,0,18,0,45,0,45,0,45,0,Default,0,24,0,61,0,85,0,32,0,53,0,85,0,6,0,6,0,6,0,6,0,24,0,10,0,96,0,39,0,61,0
Arden,Key,Tennessee Titans,RE,LSU,29,75,5/3/96,77,240,1,49,7,Run Stopper - DE,78,0,77,0,76,0,76,0,79,0,81,0,21,0,79,0,12,0,13,0,32,0,19,0,35,0,64,0,4,0,78,0,82,0,81,0,87,0,36,0,12,0,17,0,10,0,14,0,34,0,8,0,75,0,45,0,45,0,45,0,6,0,80,0,70,0,21,0,82,0,12,0,45,0,45,0,45,0,Long Stride Loose,0,10,0,16,0,81,0,29,0,31,0,80,0,6,0,6,0,6,0,6,0,10,0,14,0,79,0,28,0,46,0
Austin,Corbett,Carolina Panthers,C,Nevada,29,75,9/5/95,76,305,1,63,7,Agile - C,70,0,57,0,70,0,88,0,85,0,84,0,15,0,15,0,12,0,7,0,32,0,15,0,18,0,51,0,5,0,10,0,27,0,82,0,85,0,10,0,13,0,17,0,10,0,83,0,12,0,5,0,75,0,79,0,80,0,77,0,6,0,16,0,20,0,10,0,23,0,12,0,78,0,80,0,76,0,Long Stride Awkward,0,10,0,12,0,69,0,10,0,10,0,29,0,6,0,6,0,6,0,6,0,23,0,10,0,87,0,23,0,12,0
Avonte,Maddox,Detroit Lions,CB,Pittsburgh,29,75,3/31/96,69,184,1,29,7,Manto Man - CB,92,0,91,0,88,0,87,0,55,0,76,0,73,0,44,0,12,0,48,0,62,0,65,0,71,0,93,0,24,0,39,0,61,0,45,0,81,0,83,0,10,0,19,0,74,0,15,0,73,0,27,0,75,0,35,0,35,0,40,0,6,0,76,0,25,0,74,0,70,0,27,0,40,0,35,0,35,0,Short Stride Loose,0,37,0,67,0,89,0,66,0,34,0,56,0,6,0,6,0,6,0,6,0,27,0,10,0,77,0,25,0,75,0
Beanie,Bishop Jr,Pittsburgh Steelers,CB,West Virginia,25,75,12/17/99,69,182,1,31,1,Slot - CB,94,0,84,0,83,0,86,0,68,0,70,0,63,0,51,0,19,0,54,0,63,0,69,0,76,0,89,0,17,0,35,0,58,0,49,0,92,0,65,0,13,0,14,0,47,0,17,0,75,0,19,0,75,0,30,0,18,0,20,0,6,0,68,0,29,0,73,0,76,0,19,0,35,0,21,0,24,0,Short Stride Loose,0,22,0,72,0,92,0,60,0,23,0,69,0,6,0,6,0,6,0,6,0,35,0,15,0,79,0,25,0,71,0
Benjamin,Morrison,Tampa Bay Buccaneers,CB,Notre Dame,21,75,3/11/04,72,193,1,21,0,Manto Man - CB,94,0,91,0,92,0,85,0,57,0,68,0,78,0,42,0,22,0,58,0,67,0,69,0,77,0,89,0,19,0,33,0,53,0,43,0,82,0,78,0,22,0,24,0,81,0,24,0,77,0,21,0,75,0,35,0,35,0,25,0,6,0,66,0,25,0,77,0,68,0,23,0,35,0,35,0,25,0,Default Stride Loose,0,24,0,75,0,92,0,69,0,42,0,49,0,8,0,7,0,9,0,6,0,15,0,10,0,82,0,37,0,71,0
Benjamin,St-Juste,Los Angeles Chargers,CB,Minnesota,27,75,9/8/97,75,200,1,24,4,Zone - CB,91,0,91,0,83,0,88,0,60,0,75,0,59,0,51,0,10,0,45,0,56,0,53,0,63,0,90,0,10,0,33,0,56,0,45,0,87,0,69,0,13,0,18,0,35,0,18,0,70,0,17,0,75,0,35,0,35,0,35,0,6,0,74,0,29,0,84,0,72,0,22,0,35,0,35,0,35,0,Long Stride Loose,0,21,0,65,0,91,0,63,0,42,0,65,0,6,0,6,0,6,0,6,0,21,0,11,0,74,0,35,0,76,0
Bhayshul,Tuten,Jacksonville Jaguars,HB,Virginia Tech,23,75,2/14/02,69,206,1,33,0,Elusive Back - HB,96,0,90,0,94,0,89,0,75,0,58,0,84,0,38,0,27,0,81,0,85,0,54,0,65,0,87,0,49,0,30,0,34,0,37,0,88,0,83,0,23,0,35,0,85,0,30,0,26,0,52,0,75,0,49,0,33,0,36,0,18,0,29,0,28,0,22,0,38,0,59,0,35,0,29,0,28,0,Default Stride High and Tight,0,59,0,56,0,95,0,78,0,73,0,37,0,10,0,15,0,21,0,14,0,29,0,26,0,87,0,78,0,30,0
Blake,Gillikin,Arizona Cardinals,P,Penn State,27,75,1/21/98,74,196,1,12,5,Power - KP,76,0,63,0,80,0,81,0,49,0,58,0,22,0,23,0,17,0,10,0,30,0,15,0,35,0,53,0,15,0,10,0,12,0,10,0,85,0,16,0,83,0,95,0,10,0,7,0,10,0,15,0,75,0,9,0,10,0,10,0,20,0,26,0,10,0,10,0,31,0,15,0,7,0,10,0,10,0,Default Stride Awkward,0,15,0,15,0,73,0,10,0,15,0,28,0,16,0,22,0,26,0,23,0,40,0,14,0,60,0,12,0,25,0
Brandon,Stephens,NY Jets,CB,SMU,27,75,12/29/97,73,215,1,21,4,Zone - CB,87,0,84,0,90,0,90,0,68,0,79,0,74,0,58,0,15,0,62,0,69,0,58,0,70,0,82,0,28,0,44,0,64,0,56,0,92,0,75,0,15,0,18,0,25,0,25,0,74,0,34,0,75,0,38,0,38,0,38,0,6,0,78,0,40,0,82,0,78,0,36,0,35,0,35,0,35,0,Default Stride Loose,0,46,0,72,0,90,0,67,0,51,0,65,0,6,0,6,0,6,0,6,0,21,0,14,0,87,0,59,0,78,0
Bryce,Huff,San Francisco 49ers,RE,Memphis,27,75,4/17/98,75,255,1,47,5,Smaller Speed Rusher - DE,87,0,79,0,80,0,75,0,72,0,73,0,26,0,67,0,12,0,10,0,40,0,25,0,36,0,71,0,4,0,79,0,80,0,80,0,86,0,22,0,16,0,15,0,10,0,11,0,38,0,8,0,75,0,45,0,45,0,45,0,6,0,67,0,68,0,33,0,80,0,17,0,45,0,45,0,45,0,Long Stride Awkward,0,15,0,29,0,83,0,35,0,27,0,82,0,6,0,6,0,6,0,6,0,28,0,12,0,87,0,25,0,48,0
Bryce,Young,Carolina Panthers,QB,Alabama,24,75,7/5/01,70,204,1,9,2,Scrambler - QB,89,0,84,0,75,0,85,0,54,0,76,0,80,0,17,0,80,0,69,0,59,0,18,0,35,0,88,0,9,0,10,0,14,0,19,0,89,0,80,0,23,0,23,0,22,0,13,0,9,0,12,0,75,0,12,0,12,0,10,0,81,0,13,0,10,0,9,0,32,0,13,0,16,0,10,0,10,0,Default Stride Loose,0,16,0,19,0,87,0,68,0,36,0,20,0,81,0,82,0,89,0,85,0,87,0,81,0,86,0,32,0,10,0
C.J.,Ham,Minnesota Vikings,FB,Augustana,32,75,7/22/93,71,250,1,30,9,Utility - FB,84,0,77,0,88,0,87,0,77,0,74,0,75,0,38,0,12,0,63,0,78,0,56,0,71,0,72,0,40,0,20,0,40,0,62,0,90,0,72,0,12,0,18,0,51,0,83,0,12,0,51,0,75,0,72,0,47,0,52,0,17,0,26,0,28,0,26,0,47,0,49,0,65,0,54,0,60,0,Default,0,61,0,59,0,83,0,68,0,74,0,36,0,18,0,23,0,27,0,24,0,32,0,10,0,89,0,79,0,18,0
Caleb,Williams,Chicago Bears,QB,USC,23,75,11/18/01,73,214,1,18,1,Scrambler - QB,89,0,85,0,83,0,91,0,65,0,64,0,84,0,23,0,86,0,69,0,59,0,15,0,41,0,82,0,15,0,10,0,19,0,20,0,94,0,73,0,23,0,20,0,28,0,15,0,13,0,15,0,75,0,12,0,19,0,25,0,81,0,27,0,10,0,10,0,31,0,15,0,17,0,15,0,24,0,Default,0,15,0,15,0,86,0,67,0,50,0,23,0,80,0,79,0,85,0,87,0,93,0,80,0,91,0,55,0,18,0
Calen,Bullock,Houston Texans,FS,USC,22,75,4/30/03,74,188,1,2,1,Zone - S,92,0,87,0,80,0,90,0,54,0,77,0,76,0,52,0,17,0,70,0,64,0,69,0,78,0,88,0,20,0,35,0,79,0,52,0,92,0,75,0,22,0,19,0,60,0,15,0,70,0,27,0,75,0,30,0,24,0,25,0,6,0,76,0,25,0,66,0,75,0,40,0,32,0,27,0,29,0,Default Stride Loose,0,37,0,71,0,90,0,70,0,52,0,65,0,6,0,10,0,15,0,13,0,35,0,10,0,84,0,41,0,75,0
Calvin,Austin,Pittsburgh Steelers,WR,Memphis,26,75,3/24/99,69,162,1,19,3,,96,0,91,0,90,0,84,0,53,0,68,0,84,0,30,0,25,0,71,0,72,0,78,0,84,0,92,0,76,0,10,0,28,0,39,0,89,0,80,0,17,0,20,0,81,0,20,0,22,0,75,0,75,0,26,0,15,0,19,0,25,0,30,0,10,0,21,0,41,0,66,0,48,0,22,0,15,0,Short Stride Default,0,74,0,78,0,95,0,74,0,44,0,32,0,19,0,28,0,35,0,28,0,35,0,28,0,83,0,34,0,33,0
Cameron,Johnston,Pittsburgh Steelers,P,Ohio State,33,75,2/24/92,71,194,1,5,7,Power - KP,73,0,60,0,55,0,87,0,48,0,59,0,21,0,26,0,19,0,20,0,25,0,10,0,30,0,53,0,10,0,10,0,12,0,23,0,89,0,10,0,81,0,94,0,10,0,23,0,21,0,10,0,75,0,20,0,24,0,24,0,10,0,10,0,10,0,10,0,25,0,12,0,20,0,23,0,23,0,Default Stride Awkward,0,10,0,12,0,76,0,10,0,15,0,35,0,15,0,15,0,15,0,18,0,28,0,14,0,83,0,15,0,29,0
Carson,Schwesinger,Cleveland Browns,MLB,UCLA,22,75,2/24/03,75,242,1,49,0,Field General - MLB,90,0,83,0,93,0,88,0,72,0,75,0,54,0,71,0,22,0,40,0,64,0,58,0,68,0,79,0,29,0,64,0,83,0,73,0,90,0,58,0,21,0,23,0,10,0,25,0,63,0,32,0,75,0,45,0,45,0,45,0,6,0,73,0,58,0,52,0,86,0,34,0,45,0,45,0,45,0,Default,0,36,0,62,0,87,0,52,0,48,0,83,0,6,0,6,0,6,0,6,0,24,0,12,0,90,0,44,0,68,0
Clark,Phillips III,Atlanta Falcons,CB,Utah,23,75,12/19/01,70,183,1,22,2,Manto Man - CB,94,0,89,0,80,0,91,0,60,0,74,0,76,0,41,0,12,0,65,0,57,0,64,0,76,0,90,0,21,0,39,0,58,0,41,0,93,0,75,0,11,0,13,0,55,0,18,0,78,0,24,0,75,0,35,0,35,0,35,0,8,0,77,0,31,0,62,0,70,0,28,0,35,0,35,0,35,0,Default Stride Loose,0,29,0,67,0,89,0,70,0,58,0,55,0,10,0,12,0,15,0,7,0,23,0,15,0,81,0,30,0,74,0
Clelin,Ferrell,Washington Commanders,RE,Clemson,28,75,5/17/97,76,265,1,99,6,Smaller Speed Rusher - DE,84,0,75,0,81,0,74,0,83,0,79,0,23,0,76,0,12,0,13,0,30,0,18,0,46,0,66,0,3,0,75,0,80,0,84,0,89,0,26,0,13,0,19,0,10,0,16,0,27,0,7,0,75,0,45,0,45,0,45,0,6,0,77,0,66,0,23,0,82,0,14,0,45,0,45,0,45,0,Long Stride Loose,0,14,0,16,0,83,0,22,0,28,0,82,0,6,0,6,0,6,0,6,0,26,0,10,0,85,0,30,0,35,0
Coby,Bryant,Seattle Seahawks,SS,Cincinnati,26,75,3/29/99,73,193,1,8,3,Zone - S,90,0,83,0,80,0,90,0,63,0,75,0,65,0,52,0,14,0,49,0,62,0,64,0,75,0,83,0,12,0,25,0,63,0,43,0,91,0,74,0,19,0,21,0,55,0,15,0,69,0,16,0,75,0,10,0,34,0,33,0,6,0,77,0,20,0,79,0,77,0,19,0,15,0,34,0,33,0,Default,0,24,0,70,0,88,0,66,0,33,0,69,0,6,0,6,0,6,0,15,0,27,0,11,0,83,0,29,0,79,0
Corliss,Waitman,Pittsburgh Steelers,P,South Alabama,30,75,7/21/95,74,210,0,3,5,Power - KP,69,0,64,0,68,0,83,0,46,0,61,0,28,0,15,0,33,0,27,0,53,0,22,0,50,0,48,0,15,0,10,0,44,0,24,0,88,0,28,0,78,0,94,0,10,0,21,0,12,0,15,0,75,0,16,0,16,0,16,0,25,0,15,0,10,0,10,0,30,0,15,0,21,0,17,0,17,0,Default Stride Awkward,0,15,0,37,0,71,0,24,0,19,0,35,0,31,0,36,0,41,0,29,0,45,0,25,0,77,0,38,0,15,0
D.J.,Chark Jr,Atlanta Falcons,WR,LSU,28,75,9/23/96,75,200,1,16,7,Deep Threat - WR,92,0,84,0,92,0,86,0,64,0,73,0,84,0,21,0,20,0,70,0,73,0,83,0,83,0,81,0,77,0,10,0,17,0,41,0,82,0,82,0,15,0,19,0,78,0,17,0,10,0,76,0,75,0,26,0,20,0,15,0,10,0,16,0,10,0,10,0,29,0,76,0,50,0,22,0,27,0,Long Stride Default,0,74,0,86,0,93,0,76,0,56,0,27,0,10,0,15,0,20,0,15,0,28,0,19,0,80,0,33,0,17,0
Dalton,Kincaid,Buffalo Bills,TE,Utah,25,75,10/18/99,76,240,1,86,2,Vertical Threat - TE,90,0,67,0,90,0,84,0,71,0,74,0,75,0,35,0,17,0,67,0,77,0,80,0,85,0,79,0,68,0,10,0,41,0,62,0,87,0,73,0,19,0,21,0,39,0,56,0,16,0,67,0,75,0,58,0,58,0,54,0,6,0,17,0,10,0,23,0,33,0,69,0,60,0,60,0,57,0,Long Stride High and Tight,0,72,0,83,0,86,0,61,0,63,0,37,0,6,0,10,0,15,0,10,0,25,0,10,0,83,0,67,0,20,0
Darnell,Savage,Jacksonville Jaguars,SS,Maryland,28,75,7/30/97,71,198,1,6,6,Hybrid - S,90,0,85,0,93,0,90,0,59,0,81,0,73,0,52,0,15,0,54,0,70,0,60,0,74,0,84,0,17,0,54,0,81,0,59,0,92,0,77,0,15,0,25,0,63,0,14,0,75,0,22,0,75,0,35,0,35,0,35,0,15,0,78,0,35,0,65,0,71,0,22,0,35,0,35,0,35,0,Default,0,34,0,68,0,92,0,71,0,40,0,60,0,10,0,10,0,15,0,15,0,20,0,10,0,84,0,38,0,72,0
David,Edwards,Buffalo Bills,LG,Wisconsin,28,75,3/20/97,78,308,1,76,6,Agile - G,69,0,62,0,65,0,90,0,82,0,87,0,49,0,37,0,30,0,36,0,45,0,30,0,46,0,53,0,14,0,27,0,35,0,81,0,92,0,34,0,11,0,21,0,10,0,83,0,12,0,17,0,75,0,76,0,79,0,73,0,25,0,30,0,31,0,10,0,35,0,33,0,77,0,78,0,75,0,Long Stride Default,0,26,0,34,0,68,0,27,0,44,0,39,0,27,0,34,0,40,0,31,0,40,0,27,0,90,0,43,0,12,0
Deatrich,Wise Jr,Washington Commanders,RE,Arkansas,31,75,7/26/94,78,285,1,91,8,Run Stopper - DE,77,0,68,0,80,0,82,0,85,0,82,0,31,0,78,0,12,0,18,0,32,0,35,0,36,0,57,0,17,0,64,0,81,0,91,0,92,0,32,0,22,0,14,0,10,0,17,0,24,0,17,0,75,0,45,0,45,0,45,0,6,0,81,0,75,0,16,0,85,0,15,0,45,0,45,0,45,0,Long Stride Loose,0,17,0,33,0,75,0,16,0,35,0,83,0,6,0,6,0,6,0,6,0,11,0,16,0,84,0,24,0,33,0
Deion,Jones,Tampa Bay Buccaneers,MLB,LSU,30,75,11/4/94,73,222,1,45,9,Pass Coverage - MLB,88,0,83,0,85,0,86,0,73,0,75,0,32,0,65,0,12,0,14,0,56,0,45,0,74,0,79,0,5,0,58,0,84,0,87,0,87,0,38,0,19,0,19,0,10,0,25,0,70,0,5,0,75,0,45,0,43,0,44,0,6,0,73,0,51,0,51,0,84,0,18,0,45,0,44,0,44,0,Default,0,15,0,60,0,87,0,32,0,26,0,76,0,6,0,6,0,6,0,6,0,25,0,10,0,78,0,27,0,76,0
Deonte,Banks,NY Giants,CB,Maryland,24,75,3/3/01,74,205,1,2,2,Manto Man - CB,97,0,90,0,96,0,91,0,60,0,70,0,67,0,55,0,20,0,64,0,55,0,57,0,66,0,91,0,32,0,41,0,69,0,51,0,89,0,77,0,17,0,16,0,54,0,24,0,69,0,36,0,75,0,29,0,29,0,29,0,6,0,67,0,33,0,76,0,72,0,41,0,34,0,34,0,34,0,Default Stride Loose,0,39,0,61,0,94,0,69,0,53,0,62,0,12,0,14,0,17,0,19,0,25,0,14,0,85,0,48,0,71,0
Derick,Hall,Seattle Seahawks,LE,Auburn,24,75,3/19/01,75,252,1,58,2,Power Rusher - DE,92,0,76,0,81,0,84,0,76,0,76,0,52,0,72,0,22,0,34,0,49,0,45,0,52,0,78,0,35,0,68,0,80,0,81,0,92,0,48,0,12,0,14,0,29,0,25,0,47,0,37,0,75,0,40,0,40,0,40,0,14,0,72,0,78,0,42,0,82,0,44,0,45,0,45,0,45,0,Default Stride Loose,0,42,0,47,0,87,0,45,0,45,0,80,0,15,0,21,0,26,0,23,0,30,0,12,0,87,0,44,0,55,0
Derrick,Nnadi,NY Jets,DT,Florida State,29,75,5/9/96,73,317,1,91,7,,65,0,53,0,68,0,80,0,88,0,85,0,24,0,75,0,12,0,16,0,27,0,15,0,25,0,46,0,3,0,57,0,79,0,89,0,90,0,25,0,12,0,17,0,10,0,31,0,19,0,7,0,75,0,45,0,45,0,45,0,6,0,87,0,69,0,15,0,79,0,15,0,45,0,45,0,45,0,Long Stride Loose,0,15,0,15,0,73,0,18,0,37,0,82,0,6,0,6,0,6,0,6,0,24,0,16,0,93,0,46,0,28,0
Devin,Duvernay,Chicago Bears,WR,Texas,27,75,9/12/97,71,202,1,12,5,,92,0,86,0,84,0,84,0,68,0,73,0,85,0,36,0,29,0,79,0,77,0,82,0,87,0,83,0,74,0,10,0,28,0,49,0,91,0,81,0,12,0,17,0,83,0,32,0,16,0,75,0,75,0,28,0,21,0,24,0,24,0,17,0,10,0,16,0,40,0,70,0,53,0,29,0,34,0,Short Stride High and Tight,0,77,0,82,0,93,0,75,0,72,0,35,0,23,0,28,0,38,0,30,0,44,0,26,0,89,0,70,0,20,0
Devin,Singletary,NY Giants,HB,FAU,27,75,9/3/97,67,203,1,26,6,Elusive Back - HB,89,0,88,0,84,0,92,0,70,0,73,0,84,0,25,0,27,0,80,0,86,0,49,0,70,0,89,0,47,0,10,0,21,0,41,0,94,0,86,0,10,0,14,0,73,0,34,0,13,0,54,0,75,0,56,0,35,0,38,0,17,0,12,0,10,0,15,0,37,0,50,0,31,0,21,0,24,0,Default Stride High and Tight,0,60,0,45,0,87,0,77,0,79,0,37,0,12,0,15,0,21,0,14,0,24,0,12,0,90,0,78,0,15,0
Devin,Bush,Cleveland Browns,ROLB,Michigan,27,75,7/18/98,71,234,1,30,6,Run Stopper - OLB,91,0,84,0,92,0,85,0,74,0,77,0,36,0,67,0,12,0,19,0,56,0,55,0,63,0,80,0,5,0,62,0,88,0,73,0,87,0,41,0,13,0,12,0,10,0,22,0,62,0,5,0,75,0,45,0,45,0,45,0,6,0,75,0,55,0,51,0,84,0,14,0,45,0,45,0,45,0,Default Stride Loose,0,13,0,57,0,87,0,34,0,36,0,87,0,6,0,6,0,6,0,6,0,14,0,10,0,86,0,33,0,65,0
Devonte,Wyatt,Green Bay Packers,DT,Georgia,27,75,3/31/98,75,304,1,95,3,Speed Rusher - DT,88,0,69,0,72,0,79,0,86,0,77,0,31,0,78,0,12,0,25,0,39,0,38,0,41,0,60,0,19,0,78,0,83,0,89,0,91,0,23,0,21,0,26,0,12,0,32,0,24,0,24,0,75,0,45,0,45,0,45,0,5,0,74,0,69,0,15,0,80,0,22,0,45,0,45,0,45,0,Default,0,27,0,34,0,80,0,20,0,34,0,79,0,5,0,5,0,5,0,5,0,25,0,10,0,85,0,50,0,29,0
Donovan,Ezeiruaku,Dallas Cowboys,LE,Boston College,21,75,9/25/03,75,248,1,41,0,Smaller Speed Rusher - DE,90,0,85,0,85,0,82,0,77,0,69,0,25,0,80,0,19,0,23,0,42,0,23,0,38,0,75,0,7,0,79,0,77,0,79,0,91,0,34,0,15,0,21,0,28,0,32,0,33,0,8,0,75,0,45,0,45,0,45,0,6,0,69,0,70,0,28,0,82,0,14,0,45,0,45,0,45,0,Long Stride Loose,0,15,0,21,0,83,0,33,0,33,0,78,0,6,0,6,0,9,0,15,0,22,0,14,0,89,0,28,0,43,0
Dontayvion,Wicks,Green Bay Packers,WR,Virginia,24,75,6/16/01,73,206,0,13,2,,88,0,87,0,90,0,80,0,60,0,79,0,84,0,20,0,36,0,75,0,69,0,78,0,82,0,86,0,78,0,10,0,21,0,43,0,86,0,82,0,20,0,24,0,40,0,22,0,10,0,78,0,75,0,23,0,18,0,24,0,31,0,16,0,10,0,16,0,31,0,73,0,45,0,27,0,21,0,Long Stride Default,0,78,0,81,0,89,0,74,0,50,0,29,0,35,0,39,0,45,0,44,0,53,0,40,0,85,0,46,0,10,0
Dorian,Williams,Buffalo Bills,ROLB,Tulane,24,75,6/28/01,74,230,1,42,2,Pass Coverage - OLB,93,0,79,0,84,0,86,0,63,0,75,0,58,0,66,0,15,0,52,0,55,0,55,0,65,0,75,0,10,0,54,0,75,0,66,0,90,0,65,0,16,0,18,0,42,0,24,0,62,0,10,0,75,0,30,0,30,0,30,0,12,0,74,0,46,0,67,0,87,0,25,0,35,0,35,0,35,0,Default Stride Loose,0,15,0,60,0,89,0,60,0,55,0,88,0,10,0,12,0,15,0,6,0,20,0,11,0,76,0,48,0,68,0
Elijah,Mitchell,Kansas City Chiefs,HB,UL Lafayette,27,75,5/2/98,70,200,1,25,4,Elusive Back - HB,91,0,86,0,88,0,90,0,71,0,69,0,82,0,24,0,26,0,81,0,94,0,57,0,69,0,86,0,50,0,12,0,22,0,32,0,84,0,84,0,19,0,20,0,76,0,30,0,13,0,57,0,75,0,54,0,34,0,31,0,10,0,19,0,11,0,16,0,34,0,54,0,36,0,27,0,18,0,Default,0,64,0,56,0,88,0,77,0,74,0,27,0,12,0,17,0,20,0,10,0,27,0,17,0,81,0,79,0,18,0
Emeka,Egbuka,Tampa Bay Buccaneers,WR,Ohio State,22,75,10/14/02,73,201,1,9,0,Deep Threat - WR,95,0,85,0,90,0,92,0,60,0,76,0,81,0,39,0,26,0,75,0,76,0,82,0,84,0,88,0,76,0,34,0,40,0,37,0,88,0,80,0,21,0,27,0,75,0,23,0,20,0,78,0,75,0,22,0,13,0,19,0,27,0,33,0,29,0,24,0,38,0,76,0,45,0,26,0,28,0,Default,0,79,0,80,0,90,0,74,0,53,0,30,0,18,0,22,0,26,0,22,0,71,0,24,0,88,0,43,0,23,0
Eric,Stokes,Las Vegas Raiders,CB,Georgia,26,75,3/1/99,72,194,1,22,4,Manto Man - CB,93,0,84,0,91,0,90,0,58,0,72,0,71,0,44,0,10,0,49,0,58,0,58,0,68,0,83,0,34,0,32,0,48,0,38,0,85,0,79,0,10,0,15,0,48,0,18,0,72,0,36,0,75,0,25,0,35,0,35,0,9,0,71,0,27,0,80,0,68,0,36,0,35,0,35,0,35,0,Default Stride Loose,0,38,0,62,0,95,0,69,0,38,0,53,0,10,0,12,0,18,0,14,0,29,0,12,0,78,0,38,0,70,0
Folorunso,Fatukasi,Houston Texans,DT,Connecticut,30,75,3/4/95,76,318,1,91,7,,70,0,67,0,74,0,78,0,91,0,74,0,16,0,76,0,12,0,10,0,26,0,15,0,23,0,57,0,3,0,53,0,81,0,87,0,88,0,17,0,15,0,10,0,10,0,29,0,18,0,7,0,75,0,45,0,45,0,45,0,6,0,75,0,72,0,12,0,78,0,15,0,45,0,45,0,45,0,Long Stride Loose,0,15,0,15,0,66,0,13,0,23,0,85,0,6,0,6,0,6,0,6,0,20,0,10,0,89,0,17,0,28,0
Garrett,Bradbury,New England Patriots,C,N.C. State,30,75,6/20/95,75,300,1,65,6,Agile - C,78,0,68,0,76,0,87,0,90,0,85,0,45,0,42,0,12,0,38,0,46,0,42,0,56,0,58,0,14,0,34,0,42,0,79,0,89,0,22,0,20,0,21,0,10,0,82,0,12,0,21,0,75,0,71,0,72,0,71,0,6,0,30,0,43,0,10,0,41,0,41,0,79,0,82,0,77,0,Default,0,29,0,40,0,73,0,19,0,32,0,44,0,6,0,6,0,6,0,6,0,30,0,12,0,89,0,49,0,15,0
Graham,Glasgow,Detroit Lions,RG,Michigan,33,75,8/19/92,78,310,1,60,9,Power - G,67,0,63,0,64,0,91,0,87,0,85,0,18,0,26,0,12,0,8,0,27,0,14,0,20,0,53,0,5,0,13,0,31,0,79,0,88,0,17,0,20,0,20,0,9,0,85,0,12,0,5,0,75,0,71,0,69,0,73,0,6,0,19,0,12,0,8,0,31,0,15,0,82,0,84,0,80,0,Default Stride Awkward,0,13,0,14,0,64,0,11,0,15,0,29,0,6,0,6,0,6,0,6,0,24,0,15,0,89,0,28,0,14,0
Grey,Zabel,Seattle Seahawks,LG,North Dakota St.,23,75,3/30/02,78,312,1,76,0,Agile - G,79,0,62,0,84,0,89,0,88,0,78,0,15,0,25,0,11,0,9,0,25,0,10,0,24,0,61,0,5,0,17,0,26,0,83,0,91,0,10,0,14,0,17,0,10,0,84,0,10,0,5,0,75,0,76,0,78,0,73,0,6,0,20,0,19,0,10,0,27,0,14,0,77,0,78,0,75,0,Default Stride Awkward,0,12,0,15,0,74,0,9,0,17,0,30,0,6,0,6,0,6,0,6,0,17,0,14,0,87,0,21,0,10,0
Ja'Quan,McMillian,Denver Broncos,CB,East Carolina,25,75,6/4/00,70,183,1,29,2,Slot - CB,84,0,91,0,87,0,88,0,56,0,77,0,66,0,40,0,25,0,55,0,58,0,58,0,77,0,86,0,29,0,34,0,47,0,38,0,89,0,74,0,15,0,15,0,45,0,16,0,79,0,31,0,75,0,30,0,30,0,30,0,19,0,79,0,25,0,73,0,76,0,19,0,31,0,31,0,31,0,Short Stride Loose,0,35,0,65,0,88,0,67,0,26,0,64,0,24,0,27,0,31,0,32,0,35,0,15,0,79,0,25,0,76,0
Jack,Jones,Miami Dolphins,CB,Arizona St.,27,75,12/20/97,71,175,1,23,3,Zone - CB,93,0,88,0,84,0,88,0,53,0,76,0,64,0,44,0,15,0,55,0,60,0,57,0,77,0,90,0,29,0,28,0,54,0,40,0,86,0,73,0,33,0,37,0,60,0,10,0,73,0,31,0,75,0,25,0,25,0,25,0,15,0,77,0,23,0,65,0,70,0,26,0,25,0,25,0,25,0,Short Stride Loose,0,35,0,71,0,94,0,66,0,32,0,43,0,10,0,10,0,15,0,15,0,26,0,10,0,73,0,34,0,77,0
Jahlani,Tavai,New England Patriots,ROLB,Hawaii,28,75,9/28/96,74,246,1,48,6,Run Stopper - OLB,85,0,79,0,81,0,86,0,78,0,72,0,46,0,73,0,12,0,51,0,54,0,45,0,69,0,70,0,17,0,51,0,84,0,86,0,87,0,46,0,19,0,15,0,13,0,18,0,60,0,24,0,75,0,45,0,45,0,45,0,6,0,78,0,64,0,46,0,84,0,27,0,45,0,45,0,45,0,Default Stride Loose,0,34,0,49,0,84,0,40,0,51,0,84,0,6,0,6,0,6,0,6,0,25,0,10,0,85,0,51,0,63,0
Jaleel,McLaughlin,Denver Broncos,HB,Youngstown St.,24,75,9/13/00,67,187,1,38,2,Elusive Back - HB,92,0,78,0,78,0,83,0,66,0,78,0,80,0,32,0,28,0,78,0,92,0,48,0,70,0,83,0,51,0,13,0,27,0,35,0,88,0,84,0,13,0,18,0,76,0,26,0,15,0,55,0,75,0,48,0,30,0,27,0,16,0,18,0,19,0,15,0,34,0,54,0,31,0,21,0,26,0,Short Stride Default,0,62,0,52,0,92,0,76,0,68,0,29,0,17,0,21,0,27,0,28,0,31,0,23,0,84,0,60,0,21,0
James,Pearce Jr.,Atlanta Falcons,RE,Tennessee,21,75,10/12/03,77,245,1,27,0,Smaller Speed Rusher - DE,92,0,74,0,76,0,73,0,76,0,77,0,44,0,70,0,12,0,31,0,48,0,33,0,53,0,66,0,5,0,78,0,74,0,66,0,86,0,40,0,21,0,24,0,30,0,29,0,40,0,10,0,75,0,40,0,40,0,40,0,15,0,68,0,67,0,31,0,76,0,14,0,40,0,40,0,40,0,Long Stride Loose,0,15,0,33,0,90,0,34,0,42,0,74,0,12,0,13,0,20,0,10,0,31,0,10,0,78,0,35,0,50,0
Javon,Bullard,Green Bay Packers,FS,Georgia,22,75,9/5/02,71,198,1,20,1,Zone - S,91,0,85,0,80,0,87,0,70,0,72,0,69,0,55,0,15,0,68,0,61,0,61,0,71,0,89,0,23,0,37,0,87,0,59,0,92,0,72,0,25,0,25,0,55,0,24,0,69,0,26,0,75,0,30,0,25,0,28,0,15,0,69,0,33,0,73,0,79,0,31,0,35,0,31,0,33,0,Default Stride Loose,0,32,0,67,0,89,0,65,0,44,0,72,0,10,0,10,0,15,0,15,0,30,0,17,0,85,0,44,0,77,0
Jaylon,Jones,Indianapolis Colts,CB,Texas AM,23,75,4/3/02,74,200,1,40,2,Zone - CB,93,0,87,0,90,0,92,0,62,0,75,0,72,0,52,0,16,0,63,0,63,0,62,0,67,0,81,0,33,0,44,0,75,0,51,0,87,0,69,0,13,0,15,0,60,0,15,0,73,0,37,0,75,0,25,0,25,0,25,0,6,0,75,0,35,0,75,0,75,0,49,0,35,0,35,0,35,0,Default Stride Loose,0,39,0,67,0,89,0,64,0,52,0,61,0,11,0,13,0,17,0,19,0,33,0,15,0,80,0,48,0,78,0
Jermaine,Eluemunor,NY Giants,RT,Texas AM,30,75,12/13/94,76,330,1,72,8,Power - OT,62,0,57,0,71,0,82,0,92,0,80,0,18,0,15,0,12,0,12,0,22,0,20,0,27,0,47,0,5,0,10,0,37,0,81,0,88,0,25,0,25,0,25,0,10,0,76,0,12,0,7,0,75,0,76,0,74,0,78,0,6,0,10,0,10,0,10,0,26,0,12,0,79,0,78,0,80,0,Default Stride Awkward,0,17,0,17,0,68,0,15,0,28,0,33,0,6,0,6,0,6,0,6,0,24,0,10,0,84,0,36,0,12,0
Johnathan,Hankins,Seattle Seahawks,DT,Ohio State,33,75,3/30/92,74,320,1,97,12,,65,0,60,0,74,0,79,0,90,0,87,0,25,0,76,0,12,0,10,0,45,0,16,0,30,0,50,0,2,0,51,0,65,0,92,0,89,0,11,0,10,0,11,0,10,0,19,0,20,0,3,0,75,0,45,0,45,0,45,0,6,0,86,0,71,0,10,0,78,0,12,0,45,0,45,0,45,0,Default Stride Awkward,0,10,0,15,0,73,0,15,0,40,0,82,0,6,0,6,0,6,0,6,0,10,0,16,0,76,0,35,0,29,0
Jon,Runyan,NY Giants,LG,Michigan,28,75,8/8/97,76,307,1,76,5,Pass Protector - G,70,0,64,0,75,0,90,0,87,0,84,0,12,0,22,0,12,0,17,0,29,0,22,0,36,0,57,0,5,0,16,0,22,0,83,0,92,0,19,0,12,0,17,0,10,0,77,0,12,0,12,0,75,0,79,0,80,0,78,0,6,0,26,0,24,0,10,0,30,0,18,0,69,0,70,0,68,0,Default Stride Awkward,0,17,0,15,0,71,0,15,0,26,0,30,0,6,0,6,0,6,0,6,0,25,0,14,0,88,0,27,0,15,0
Jordan,Meredith,Las Vegas Raiders,LG,W. Kentucky,27,75,1/4/98,75,300,1,61,4,Agile - G,74,0,70,0,78,0,78,0,83,0,77,0,16,0,26,0,12,0,12,0,26,0,21,0,24,0,56,0,5,0,10,0,40,0,85,0,91,0,14,0,9,0,11,0,10,0,84,0,12,0,5,0,75,0,79,0,77,0,81,0,6,0,10,0,10,0,10,0,28,0,10,0,78,0,80,0,76,0,Default Stride Awkward,0,12,0,19,0,68,0,12,0,23,0,37,0,6,0,6,0,6,0,6,0,22,0,10,0,82,0,25,0,12,0
Jordan,Stout,Baltimore Ravens,P,Penn State,27,75,8/4/98,75,214,1,11,3,Power - KP,88,0,66,0,63,0,86,0,45,0,61,0,21,0,21,0,18,0,9,0,34,0,15,0,27,0,57,0,15,0,10,0,19,0,16,0,89,0,32,0,77,0,94,0,10,0,15,0,10,0,15,0,75,0,17,0,17,0,17,0,15,0,17,0,10,0,10,0,24,0,15,0,14,0,16,0,16,0,Default Stride Loose,0,15,0,15,0,84,0,24,0,15,0,27,0,18,0,23,0,27,0,19,0,34,0,17,0,76,0,10,0,10,0
Jordan,Morgan,Green Bay Packers,RG,Arizona,24,75,8/4/01,77,311,1,77,1,Agile - G,80,0,62,0,70,0,86,0,87,0,77,0,19,0,31,0,13,0,18,0,40,0,15,0,27,0,56,0,9,0,21,0,37,0,85,0,88,0,21,0,12,0,19,0,10,0,83,0,16,0,13,0,75,0,80,0,78,0,82,0,9,0,29,0,25,0,10,0,22,0,15,0,76,0,78,0,74,0,Long Stride Awkward,0,15,0,15,0,71,0,15,0,27,0,35,0,11,0,15,0,21,0,8,0,23,0,7,0,83,0,29,0,18,0
Josh,Simmons,Kansas City Chiefs,LT,Ohio State,22,75,12/26/02,77,317,1,71,0,Power - OT,75,0,69,0,71,0,89,0,88,0,78,0,17,0,36,0,14,0,5,0,30,0,14,0,18,0,58,0,5,0,32,0,38,0,84,0,84,0,10,0,15,0,12,0,10,0,84,0,12,0,5,0,75,0,78,0,79,0,81,0,6,0,15,0,36,0,10,0,26,0,12,0,75,0,76,0,78,0,Long Stride Awkward,0,15,0,18,0,71,0,10,0,19,0,34,0,6,0,6,0,6,0,6,0,16,0,13,0,86,0,29,0,16,0
Joshua,Williams,Kansas City Chiefs,CB,Fayetteville State,25,75,10/17/99,75,193,1,2,3,Zone - CB,93,0,86,0,88,0,87,0,59,0,76,0,70,0,46,0,21,0,62,0,64,0,61,0,71,0,82,0,35,0,38,0,66,0,55,0,89,0,72,0,13,0,14,0,55,0,23,0,72,0,37,0,75,0,34,0,33,0,34,0,6,0,73,0,32,0,76,0,70,0,43,0,35,0,35,0,35,0,Long Stride Default,0,40,0,66,0,89,0,65,0,41,0,60,0,6,0,6,0,6,0,11,0,30,0,13,0,84,0,42,0,77,0
JuJu,Smith-Schuster,Kansas City Chiefs,WR,USC,28,75,11/22/96,73,215,1,9,8,Physical - WR,90,0,85,0,91,0,89,0,72,0,80,0,84,0,28,0,22,0,79,0,70,0,85,0,85,0,81,0,70,0,21,0,41,0,64,0,86,0,80,0,17,0,24,0,77,0,44,0,37,0,73,0,75,0,46,0,30,0,34,0,18,0,15,0,15,0,26,0,50,0,76,0,51,0,35,0,37,0,Default,0,74,0,87,0,87,0,71,0,83,0,43,0,14,0,18,0,24,0,28,0,34,0,21,0,91,0,74,0,45,0
Kaleb,Johnson,Pittsburgh Steelers,HB,Iowa,22,75,8/14/03,73,224,1,20,0,Elusive Back - HB,90,0,92,0,72,0,82,0,76,0,69,0,85,0,34,0,18,0,83,0,89,0,57,0,66,0,90,0,44,0,34,0,32,0,39,0,89,0,79,0,17,0,32,0,77,0,34,0,33,0,50,0,75,0,51,0,44,0,45,0,15,0,36,0,32,0,25,0,37,0,45,0,38,0,33,0,35,0,Default,0,58,0,54,0,88,0,74,0,81,0,38,0,9,0,13,0,10,0,20,0,24,0,19,0,91,0,83,0,29,0
Kalif,Raymond,Detroit Lions,WR,Holy Cross,31,75,8/8/94,68,182,1,11,8,Deep Threat - WR,91,0,87,0,82,0,85,0,53,0,80,0,75,0,34,0,22,0,73,0,72,0,74,0,87,0,83,0,78,0,16,0,42,0,41,0,88,0,82,0,22,0,23,0,84,0,21,0,22,0,77,0,75,0,38,0,19,0,21,0,6,0,24,0,11,0,22,0,52,0,75,0,44,0,19,0,26,0,Short Stride Default,0,76,0,80,0,91,0,80,0,53,0,44,0,6,0,10,0,15,0,10,0,35,0,19,0,75,0,32,0,31,0
KaVontae,Turpin,Dallas Cowboys,WR,TCU,29,75,8/2/96,69,160,1,9,4,,94,0,92,0,89,0,84,0,48,0,73,0,86,0,11,0,33,0,80,0,67,0,75,0,80,0,89,0,70,0,10,0,13,0,32,0,86,0,86,0,12,0,15,0,97,0,18,0,25,0,69,0,75,0,22,0,11,0,10,0,23,0,17,0,9,0,10,0,24,0,72,0,33,0,22,0,15,0,Short Stride Default,0,68,0,77,0,97,0,79,0,29,0,12,0,24,0,28,0,35,0,35,0,41,0,33,0,76,0,25,0,24,0
Kendre,Miller,New Orleans Saints,HB,TCU,23,75,6/11/02,72,220,1,5,2,Elusive Back - HB,90,0,84,0,84,0,81,0,75,0,76,0,82,0,55,0,24,0,80,0,89,0,47,0,64,0,83,0,38,0,34,0,62,0,35,0,89,0,85,0,15,0,18,0,45,0,30,0,33,0,44,0,75,0,47,0,34,0,27,0,18,0,49,0,40,0,48,0,58,0,43,0,36,0,31,0,24,0,Default,0,53,0,48,0,90,0,75,0,76,0,57,0,21,0,26,0,34,0,27,0,36,0,20,0,89,0,82,0,38,0
Kenneth,Gainwell,Pittsburgh Steelers,HB,Memphis,26,75,3/14/99,69,200,0,14,4,Elusive Back - HB,87,0,86,0,84,0,84,0,70,0,72,0,82,0,25,0,34,0,79,0,91,0,56,0,68,0,86,0,51,0,10,0,23,0,33,0,90,0,85,0,45,0,47,0,64,0,29,0,12,0,59,0,75,0,56,0,30,0,35,0,30,0,15,0,10,0,15,0,37,0,57,0,32,0,26,0,19,0,Short Stride High and Tight,0,65,0,55,0,89,0,82,0,75,0,30,0,23,0,33,0,41,0,42,0,47,0,32,0,85,0,71,0,16,0
Kool-Aid,McKinstry,New Orleans Saints,CB,Alabama,22,75,9/30/02,72,196,1,4,1,Manto Man - CB,92,0,91,0,83,0,88,0,53,0,71,0,66,0,50,0,21,0,67,0,55,0,58,0,64,0,87,0,22,0,39,0,59,0,44,0,91,0,73,0,11,0,13,0,83,0,15,0,76,0,25,0,75,0,15,0,9,0,10,0,10,0,67,0,29,0,79,0,75,0,27,0,21,0,12,0,14,0,Default Stride Loose,0,31,0,66,0,90,0,70,0,44,0,66,0,14,0,15,0,20,0,8,0,25,0,11,0,85,0,26,0,74,0
Lloyd,Cushenberry III,Tennessee Titans,C,LSU,27,75,11/22/97,76,315,1,79,5,Pass Protector - C,66,0,56,0,61,0,88,0,85,0,87,0,10,0,23,0,12,0,9,0,30,0,10,0,30,0,50,0,5,0,12,0,22,0,83,0,88,0,10,0,21,0,22,0,10,0,81,0,13,0,5,0,75,0,78,0,79,0,78,0,6,0,28,0,15,0,10,0,25,0,12,0,78,0,77,0,79,0,Default Stride Awkward,0,10,0,12,0,71,0,10,0,10,0,22,0,6,0,6,0,6,0,6,0,22,0,15,0,92,0,20,0,14,0
Malaki,Starks,Baltimore Ravens,FS,Georgia,21,75,11/13/03,73,197,1,24,0,Zone - S,91,0,90,0,80,0,93,0,63,0,71,0,71,0,55,0,35,0,60,0,62,0,57,0,72,0,91,0,21,0,37,0,79,0,56,0,92,0,72,0,18,0,21,0,81,0,25,0,69,0,25,0,75,0,35,0,35,0,35,0,30,0,67,0,36,0,72,0,79,0,29,0,35,0,35,0,35,0,Default Stride Loose,0,32,0,62,0,89,0,64,0,49,0,71,0,26,0,29,0,33,0,33,0,40,0,32,0,91,0,49,0,78,0
Maliek,Collins,Cleveland Browns,DT,Nebraska,30,75,4/8/95,74,310,1,96,9,,71,0,67,0,75,0,81,0,84,0,88,0,22,0,76,0,12,0,12,0,31,0,17,0,31,0,60,0,3,0,78,0,80,0,86,0,89,0,16,0,17,0,17,0,9,0,34,0,18,0,5,0,75,0,44,0,45,0,44,0,6,0,86,0,67,0,13,0,79,0,15,0,45,0,45,0,46,0,Default Stride Awkward,0,13,0,19,0,70,0,17,0,25,0,82,0,6,0,6,0,6,0,6,0,23,0,16,0,88,0,29,0,26,0
Marquez,Valdes-Scantling,Seattle Seahawks,WR,USF,30,75,10/10/94,76,206,1,1,7,Deep Threat - WR,92,0,86,0,79,0,83,0,63,0,76,0,78,0,27,0,19,0,70,0,74,0,80,0,82,0,83,0,79,0,10,0,22,0,53,0,87,0,76,0,19,0,15,0,75,0,28,0,10,0,77,0,75,0,32,0,22,0,27,0,10,0,19,0,10,0,14,0,30,0,77,0,53,0,19,0,24,0,Long Stride Default,0,75,0,84,0,93,0,70,0,47,0,29,0,10,0,15,0,20,0,15,0,24,0,17,0,78,0,47,0,17,0
Martin,Emerson Jr,Cleveland Browns,CB,Mississippi St.,24,75,9/27/00,74,201,1,1,3,Zone - CB,91,0,87,0,84,0,90,0,65,0,77,0,61,0,45,0,17,0,52,0,60,0,50,0,67,0,87,0,28,0,39,0,59,0,49,0,91,0,70,0,13,0,19,0,42,0,19,0,70,0,32,0,75,0,35,0,35,0,35,0,6,0,78,0,31,0,85,0,73,0,36,0,35,0,35,0,35,0,Long Stride Default,0,35,0,55,0,89,0,62,0,38,0,52,0,8,0,13,0,16,0,15,0,26,0,11,0,83,0,35,0,79,0
Matt,Araiza,Kansas City Chiefs,P,San Diego St.,25,75,5/16/00,73,201,0,14,3,Power - KP,87,0,67,0,78,0,87,0,49,0,55,0,25,0,20,0,21,0,14,0,35,0,15,0,27,0,57,0,15,0,10,0,24,0,17,0,89,0,32,0,79,0,98,0,10,0,16,0,11,0,15,0,75,0,17,0,17,0,17,0,19,0,19,0,10,0,10,0,38,0,15,0,16,0,16,0,16,0,Default Stride Loose,0,15,0,20,0,83,0,23,0,10,0,34,0,20,0,25,0,30,0,24,0,35,0,19,0,76,0,12,0,15,0
Mekhi,Blackmon,Minnesota Vikings,CB,USC,26,75,3/18/99,71,178,1,5,2,Slot - CB,95,0,90,0,86,0,90,0,55,0,73,0,71,0,40,0,13,0,57,0,55,0,58,0,71,0,89,0,35,0,42,0,64,0,44,0,84,0,75,0,15,0,11,0,67,0,13,0,70,0,42,0,75,0,26,0,26,0,26,0,6,0,74,0,29,0,74,0,72,0,49,0,34,0,35,0,35,0,Default Stride Loose,0,52,0,66,0,90,0,66,0,29,0,70,0,6,0,6,0,6,0,6,0,27,0,10,0,85,0,25,0,74,0
Michael,Hoecht,Buffalo Bills,RE,Brown,27,75,10/5/97,76,267,1,55,5,Smaller Speed Rusher - DE,86,0,80,0,81,0,75,0,83,0,75,0,47,0,76,0,12,0,36,0,52,0,35,0,33,0,67,0,17,0,76,0,80,0,84,0,91,0,51,0,6,0,8,0,35,0,23,0,46,0,22,0,75,0,49,0,45,0,45,0,6,0,73,0,68,0,18,0,81,0,15,0,45,0,45,0,45,0,Long Stride Loose,0,30,0,33,0,84,0,44,0,51,0,79,0,6,0,6,0,6,0,6,0,10,0,14,0,88,0,57,0,50,0
Mike,Jackson,Carolina Panthers,CB,Miami,28,75,1/10/97,73,210,1,2,6,Manto Man - CB,88,0,84,0,93,0,86,0,61,0,77,0,56,0,53,0,10,0,43,0,57,0,40,0,67,0,85,0,12,0,37,0,63,0,45,0,87,0,67,0,14,0,15,0,30,0,15,0,77,0,19,0,75,0,35,0,35,0,35,0,6,0,76,0,32,0,74,0,75,0,45,0,35,0,35,0,35,0,Default Stride Loose,0,29,0,61,0,91,0,60,0,38,0,64,0,6,0,6,0,6,0,6,0,25,0,12,0,81,0,31,0,73,0
Nick,Westbrook-Ikhine,Miami Dolphins,WR,Indiana,28,75,3/21/97,74,211,1,18,5,Slot - WR,89,0,82,0,85,0,83,0,64,0,81,0,75,0,36,0,23,0,71,0,76,0,85,0,84,0,80,0,76,0,10,0,29,0,47,0,91,0,76,0,15,0,19,0,29,0,26,0,14,0,77,0,75,0,34,0,22,0,26,0,6,0,17,0,10,0,18,0,38,0,74,0,58,0,23,0,28,0,Default,0,78,0,83,0,90,0,71,0,51,0,32,0,10,0,15,0,20,0,15,0,31,0,20,0,84,0,54,0,19,0
Noah,Gray,Kansas City Chiefs,TE,Duke,26,75,4/30/99,75,240,1,83,4,Vertical Threat - TE,89,0,85,0,85,0,85,0,69,0,79,0,74,0,36,0,34,0,67,0,78,0,78,0,89,0,71,0,58,0,10,0,30,0,61,0,91,0,67,0,18,0,23,0,28,0,50,0,14,0,63,0,75,0,60,0,60,0,56,0,30,0,19,0,10,0,15,0,43,0,66,0,60,0,58,0,55,0,Default Stride High and Tight,0,69,0,78,0,85,0,61,0,65,0,37,0,31,0,36,0,43,0,37,0,51,0,31,0,85,0,68,0,18,0
Olu,Fashanu,NY Jets,LT,Penn State,22,75,12/9/02,78,312,1,74,1,Power - OT,74,0,64,0,78,0,87,0,88,0,75,0,25,0,46,0,12,0,15,0,36,0,15,0,32,0,57,0,5,0,29,0,42,0,88,0,95,0,27,0,14,0,15,0,10,0,84,0,10,0,5,0,75,0,78,0,76,0,80,0,6,0,29,0,42,0,10,0,38,0,12,0,79,0,81,0,78,0,Long Stride Awkward,0,10,0,20,0,69,0,24,0,31,0,43,0,6,0,6,0,6,0,6,0,22,0,11,0,88,0,39,0,11,0
Quentin,Lake,Los Angeles Rams,SS,UCLA,26,75,1/29/99,73,201,1,37,3,Zone - S,92,0,80,0,85,0,90,0,57,0,78,0,60,0,55,0,20,0,50,0,60,0,57,0,70,0,79,0,12,0,35,0,65,0,51,0,86,0,64,0,18,0,21,0,45,0,18,0,65,0,16,0,75,0,35,0,35,0,35,0,8,0,78,0,30,0,67,0,78,0,22,0,35,0,35,0,35,0,Default Stride Loose,0,21,0,67,0,86,0,57,0,39,0,74,0,13,0,17,0,21,0,16,0,30,0,11,0,75,0,41,0,74,0
Ray-Ray,McCloud III,Atlanta Falcons,WR,Clemson,28,75,10/15/96,69,190,1,34,8,,91,0,85,0,83,0,83,0,51,0,81,0,85,0,26,0,13,0,77,0,66,0,79,0,89,0,82,0,75,0,19,0,26,0,43,0,91,0,86,0,13,0,19,0,81,0,26,0,20,0,77,0,75,0,32,0,15,0,20,0,6,0,21,0,13,0,19,0,39,0,69,0,54,0,33,0,39,0,Default,0,78,0,78,0,89,0,69,0,61,0,34,0,6,0,10,0,15,0,10,0,22,0,15,0,84,0,58,0,17,0
Ricky,Pearsall,San Francisco 49ers,WR,Florida,24,75,9/9/00,73,191,1,1,1,,91,0,92,0,94,0,86,0,61,0,76,0,81,0,24,0,30,0,72,0,74,0,79,0,86,0,91,0,73,0,11,0,15,0,42,0,90,0,76,0,22,0,23,0,79,0,25,0,16,0,76,0,75,0,31,0,19,0,21,0,31,0,17,0,11,0,16,0,30,0,69,0,48,0,27,0,20,0,Default,0,77,0,85,0,92,0,70,0,51,0,24,0,39,0,47,0,47,0,40,0,52,0,36,0,85,0,42,0,20,0
Robert,Woods,Pittsburgh Steelers,WR,USC,33,75,4/10/92,72,195,1,16,12,Slot - WR,86,0,84,0,89,0,91,0,63,0,79,0,80,0,40,0,22,0,78,0,75,0,84,0,84,0,84,0,77,0,10,0,15,0,53,0,89,0,85,0,22,0,25,0,78,0,33,0,18,0,77,0,75,0,45,0,29,0,30,0,15,0,22,0,10,0,40,0,41,0,78,0,59,0,33,0,36,0,Default Stride Loose,0,79,0,85,0,89,0,77,0,57,0,39,0,20,0,24,0,28,0,22,0,34,0,20,0,79,0,53,0,21,0
Ryan,Wright,Minnesota Vikings,P,Tulane,25,75,6/1/00,75,245,1,17,3,Power - KP,84,0,64,0,80,0,84,0,62,0,61,0,35,0,23,0,21,0,29,0,45,0,21,0,31,0,58,0,7,0,10,0,44,0,25,0,90,0,34,0,82,0,92,0,10,0,15,0,10,0,11,0,75,0,16,0,8,0,8,0,25,0,23,0,10,0,10,0,32,0,15,0,7,0,9,0,9,0,Long Stride Awkward,0,15,0,24,0,81,0,24,0,30,0,39,0,35,0,40,0,45,0,24,0,48,0,14,0,81,0,36,0,10,0
Sam,Martin,Carolina Panthers,P,Appalach. St.,35,75,2/27/90,73,211,1,6,12,Power - KP,71,0,55,0,65,0,85,0,46,0,66,0,15,0,10,0,17,0,10,0,48,0,10,0,45,0,50,0,10,0,10,0,12,0,15,0,92,0,10,0,76,0,89,0,10,0,15,0,10,0,10,0,75,0,20,0,15,0,15,0,15,0,15,0,10,0,10,0,35,0,12,0,25,0,15,0,15,0,Default Stride Awkward,0,10,0,12,0,76,0,10,0,10,0,24,0,15,0,15,0,15,0,18,0,41,0,13,0,75,0,10,0,25,0
Samson,Ebukam,Indianapolis Colts,RE,Eastern Wash.,30,75,5/9/95,75,240,1,52,8,Smaller Speed Rusher - DE,88,0,79,0,87,0,82,0,83,0,70,0,46,0,81,0,12,0,26,0,41,0,42,0,52,0,67,0,7,0,77,0,83,0,84,0,95,0,57,0,20,0,20,0,10,0,21,0,48,0,13,0,75,0,45,0,45,0,45,0,6,0,67,0,66,0,36,0,82,0,17,0,45,0,45,0,45,0,Long Stride Loose,0,23,0,43,0,84,0,48,0,35,0,82,0,6,0,6,0,6,0,6,0,25,0,15,0,87,0,52,0,61,0
Sheldon,Rankins,Houston Texans,DT,Louisville,31,75,4/2/94,74,305,1,90,9,,72,0,71,0,83,0,79,0,87,0,83,0,26,0,76,0,12,0,13,0,40,0,28,0,43,0,58,0,3,0,66,0,80,0,85,0,89,0,25,0,17,0,17,0,9,0,35,0,28,0,5,0,75,0,44,0,45,0,44,0,6,0,82,0,73,0,13,0,75,0,15,0,45,0,45,0,46,0,Long Stride High and Tight,0,13,0,26,0,72,0,17,0,25,0,81,0,6,0,6,0,6,0,6,0,23,0,13,0,91,0,33,0,39,0
Teair,Tart,Los Angeles Chargers,DT,FIU,28,75,2/28/97,74,304,1,90,5,,77,0,64,0,72,0,76,0,88,0,80,0,10,0,76,0,12,0,10,0,40,0,15,0,34,0,51,0,5,0,68,0,80,0,84,0,86,0,10,0,13,0,17,0,15,0,29,0,12,0,7,0,75,0,45,0,45,0,45,0,6,0,81,0,74,0,10,0,77,0,12,0,45,0,45,0,45,0,Default Stride Awkward,0,12,0,17,0,71,0,10,0,27,0,82,0,6,0,6,0,6,0,6,0,29,0,16,0,88,0,34,0,23,0
Tory,Taylor,Chicago Bears,P,Iowa,28,75,7/10/97,76,223,1,19,1,Power - KP,83,0,65,0,65,0,85,0,61,0,59,0,31,0,28,0,26,0,10,0,51,0,10,0,45,0,55,0,10,0,10,0,49,0,21,0,93,0,25,0,77,0,95,0,10,0,17,0,10,0,10,0,75,0,20,0,15,0,15,0,15,0,15,0,10,0,15,0,44,0,12,0,25,0,15,0,15,0,Long Stride Awkward,0,10,0,12,0,81,0,22,0,30,0,39,0,22,0,25,0,28,0,21,0,41,0,13,0,84,0,25,0,13,0
Trevor,Lawrence,Jacksonville Jaguars,QB,Clemson,25,75,10/6/99,78,220,1,16,4,Scrambler - QB,88,0,88,0,81,0,92,0,69,0,73,0,85,0,24,0,82,0,74,0,66,0,25,0,50,0,83,0,13,0,10,0,19,0,26,0,88,0,74,0,23,0,27,0,13,0,19,0,13,0,18,0,75,0,16,0,18,0,14,0,84,0,18,0,10,0,10,0,31,0,20,0,21,0,16,0,18,0,Long Stride High and Tight,0,29,0,28,0,88,0,75,0,54,0,27,0,84,0,78,0,85,0,84,0,92,0,81,0,91,0,60,0,18,0
Trey,Amos,Washington Commanders,CB,Ole Miss,23,75,3/3/02,73,195,1,23,0,Zone - CB,92,0,83,0,85,0,89,0,64,0,75,0,76,0,51,0,47,0,56,0,61,0,60,0,72,0,82,0,32,0,27,0,50,0,55,0,89,0,74,0,26,0,26,0,45,0,24,0,75,0,34,0,75,0,35,0,35,0,25,0,42,0,74,0,30,0,78,0,75,0,36,0,35,0,35,0,25,0,Default Stride Loose,0,37,0,67,0,91,0,68,0,50,0,66,0,42,0,45,0,49,0,50,0,49,0,42,0,87,0,39,0,77,0
Tuli,Tuipulotu,Los Angeles Chargers,LE,USC,22,75,9/3/02,75,266,1,45,2,Run Stopper - DE,83,0,71,0,72,0,81,0,88,0,78,0,36,0,79,0,12,0,24,0,33,0,27,0,35,0,65,0,6,0,77,0,83,0,82,0,92,0,31,0,28,0,31,0,10,0,32,0,43,0,8,0,75,0,40,0,40,0,40,0,9,0,75,0,70,0,38,0,85,0,15,0,45,0,45,0,45,0,Default Stride High and Tight,0,15,0,32,0,77,0,21,0,39,0,80,0,6,0,7,0,9,0,6,0,20,0,17,0,90,0,40,0,55,0
Tutu,Atwell,Los Angeles Rams,WR,Louisville,25,75,10/7/99,69,165,1,5,4,,94,0,89,0,80,0,82,0,40,0,78,0,84,0,21,0,57,0,67,0,63,0,79,0,83,0,90,0,79,0,10,0,12,0,30,0,80,0,79,0,17,0,20,0,69,0,16,0,10,0,77,0,75,0,22,0,14,0,10,0,54,0,18,0,10,0,10,0,28,0,59,0,36,0,20,0,13,0,Short Stride Default,0,76,0,81,0,93,0,74,0,40,0,18,0,52,0,55,0,60,0,64,0,66,0,49,0,74,0,22,0,17,0
Tykee,Smith,Tampa Bay Buccaneers,SS,Georgia,24,75,2/18/01,70,202,1,23,1,Hybrid - S,92,0,83,0,86,0,85,0,58,0,73,0,71,0,53,0,31,0,67,0,60,0,63,0,75,0,80,0,10,0,51,0,85,0,56,0,87,0,72,0,10,0,12,0,65,0,15,0,78,0,10,0,75,0,30,0,24,0,25,0,30,0,72,0,45,0,66,0,77,0,12,0,35,0,29,0,30,0,Default Stride Loose,0,20,0,61,0,90,0,67,0,35,0,69,0,25,0,32,0,34,0,35,0,33,0,23,0,91,0,33,0,75,0
Tyler,Conklin,Los Angeles Chargers,TE,Central Michigan,30,75,7/30/95,75,254,1,83,7,Vertical Threat - TE,84,0,78,0,88,0,91,0,66,0,74,0,73,0,24,0,18,0,72,0,74,0,82,0,90,0,76,0,60,0,18,0,27,0,66,0,94,0,67,0,17,0,19,0,10,0,50,0,15,0,64,0,75,0,59,0,56,0,58,0,10,0,12,0,20,0,10,0,26,0,68,0,63,0,61,0,58,0,Default Stride Loose,0,70,0,82,0,83,0,62,0,61,0,28,0,10,0,15,0,20,0,10,0,30,0,14,0,84,0,74,0,17,0
Tyler,Warren,Indianapolis Colts,TE,Penn State,23,75,5/24/02,78,256,0,84,0,Vertical Threat - TE,88,0,84,0,90,0,87,0,80,0,64,0,80,0,48,0,43,0,69,0,73,0,81,0,81,0,76,0,64,0,45,0,38,0,69,0,94,0,70,0,33,0,35,0,42,0,60,0,39,0,69,0,75,0,61,0,62,0,60,0,43,0,28,0,41,0,15,0,47,0,73,0,62,0,60,0,64,0,Long Stride High and Tight,0,72,0,82,0,84,0,64,0,70,0,46,0,41,0,50,0,56,0,38,0,63,0,44,0,92,0,68,0,24,0
Tyrique,Stevenson,Chicago Bears,CB,Miami,25,75,5/26/00,72,204,1,29,2,Zone - CB,95,0,82,0,91,0,90,0,60,0,69,0,63,0,50,0,15,0,49,0,58,0,57,0,72,0,79,0,10,0,40,0,78,0,52,0,87,0,67,0,22,0,24,0,56,0,19,0,73,0,15,0,75,0,35,0,35,0,35,0,6,0,70,0,35,0,81,0,73,0,23,0,35,0,35,0,35,0,Default Stride Loose,0,20,0,62,0,91,0,58,0,42,0,63,0,6,0,6,0,6,0,6,0,26,0,13,0,88,0,39,0,79,0
Uchenna,Nwosu,Seattle Seahawks,RE,USC,28,75,12/28/96,74,251,1,7,7,Smaller Speed Rusher - DE,86,0,81,0,78,0,86,0,73,0,81,0,41,0,79,0,15,0,30,0,47,0,46,0,63,0,73,0,5,0,75,0,83,0,75,0,92,0,52,0,13,0,17,0,10,0,20,0,47,0,5,0,75,0,45,0,45,0,45,0,6,0,79,0,69,0,37,0,83,0,35,0,45,0,45,0,45,0,Long Stride Loose,0,15,0,43,0,82,0,42,0,33,0,79,0,6,0,6,0,6,0,6,0,18,0,13,0,82,0,33,0,60,0
Will,Reichard,Minnesota Vikings,K,Alabama,24,75,1/19/01,73,194,1,16,1,Accurate - KP,79,0,64,0,66,0,84,0,42,0,59,0,25,0,13,0,13,0,15,0,30,0,10,0,22,0,54,0,7,0,10,0,12,0,12,0,91,0,28,0,86,0,92,0,10,0,8,0,10,0,8,0,75,0,12,0,7,0,8,0,16,0,15,0,10,0,10,0,25,0,9,0,15,0,10,0,10,0,Default Stride Awkward,0,10,0,14,0,78,0,26,0,10,0,29,0,20,0,29,0,31,0,20,0,32,0,12,0,75,0,20,0,10,0
Will,Johnson,Arizona Cardinals,CB,Michigan,22,75,3/29/03,74,194,1,0,0,Zone - CB,90,0,86,0,89,0,83,0,62,0,78,0,79,0,49,0,12,0,59,0,69,0,66,0,77,0,83,0,41,0,42,0,66,0,52,0,81,0,76,0,21,0,27,0,53,0,25,0,72,0,38,0,75,0,25,0,35,0,25,0,6,0,77,0,34,0,74,0,74,0,46,0,25,0,35,0,25,0,Default,0,41,0,73,0,89,0,69,0,43,0,57,0,6,0,6,0,6,0,6,0,14,0,10,0,81,0,41,0,78,0
Yetur,Gross-Matos,San Francisco 49ers,LE,Penn State,27,75,2/26/98,77,265,1,94,5,Power Rusher - DE,86,0,79,0,82,0,79,0,81,0,73,0,27,0,75,0,11,0,14,0,30,0,16,0,31,0,69,0,5,0,67,0,82,0,80,0,87,0,30,0,14,0,19,0,10,0,13,0,27,0,7,0,75,0,45,0,45,0,45,0,6,0,73,0,76,0,17,0,82,0,14,0,45,0,45,0,45,0,Long Stride Loose,0,10,0,16,0,83,0,24,0,28,0,83,0,6,0,6,0,6,0,6,0,18,0,15,0,87,0,32,0,32,0
Alec,Ingold,Miami Dolphins,FB,Wisconsin,29,74,7/9/96,73,235,1,30,6,Utility - FB,80,0,72,0,86,0,86,0,78,0,70,0,71,0,35,0,33,0,49,0,80,0,62,0,71,0,75,0,42,0,35,0,41,0,70,0,84,0,71,0,37,0,56,0,32,0,81,0,15,0,50,0,74,0,68,0,43,0,47,0,38,0,33,0,30,0,20,0,49,0,51,0,67,0,59,0,55,0,Default,0,63,0,54,0,83,0,61,0,73,0,50,0,43,0,47,0,52,0,51,0,60,0,40,0,87,0,77,0,20,0
Andre,James,Los Angeles Chargers,C,UCLA,28,74,5/2/97,76,300,1,78,6,Pass Protector - C,68,0,57,0,72,0,88,0,83,0,75,0,10,0,39,0,12,0,7,0,37,0,25,0,29,0,51,0,5,0,15,0,20,0,83,0,91,0,10,0,21,0,22,0,10,0,79,0,13,0,5,0,74,0,81,0,83,0,79,0,6,0,20,0,25,0,10,0,29,0,16,0,74,0,75,0,72,0,Default Stride Awkward,0,15,0,15,0,67,0,10,0,19,0,32,0,6,0,6,0,6,0,6,0,25,0,10,0,83,0,20,0,15,0
Andrew,Wingard,Jacksonville Jaguars,FS,Wyoming,28,74,12/5/96,72,200,1,42,6,Zone - S,90,0,86,0,87,0,88,0,55,0,77,0,70,0,53,0,15,0,54,0,74,0,43,0,71,0,83,0,10,0,45,0,84,0,60,0,89,0,71,0,19,0,15,0,30,0,21,0,65,0,25,0,74,0,40,0,35,0,35,0,15,0,75,0,57,0,63,0,79,0,15,0,35,0,40,0,45,0,Default Stride Loose,0,35,0,61,0,86,0,63,0,46,0,66,0,10,0,10,0,15,0,15,0,35,0,12,0,88,0,74,0,74,0
Ashtyn,Davis,Miami Dolphins,FS,California,28,74,10/10/96,73,202,1,21,5,Zone - S,92,0,88,0,88,0,86,0,60,0,76,0,74,0,49,0,20,0,61,0,64,0,57,0,74,0,83,0,30,0,32,0,83,0,63,0,85,0,78,0,17,0,18,0,81,0,10,0,64,0,35,0,74,0,30,0,34,0,33,0,6,0,75,0,26,0,64,0,71,0,29,0,35,0,34,0,33,0,Default Stride Loose,0,44,0,68,0,92,0,67,0,51,0,63,0,14,0,6,0,6,0,6,0,37,0,10,0,92,0,47,0,73,0
Austin,Jackson,Miami Dolphins,RT,USC,26,74,8/11/99,77,320,1,73,5,Agile - OT,76,0,65,0,76,0,85,0,84,0,81,0,27,0,55,0,12,0,13,0,24,0,20,0,31,0,54,0,5,0,41,0,52,0,80,0,86,0,26,0,20,0,20,0,10,0,87,0,22,0,7,0,74,0,75,0,77,0,73,0,6,0,42,0,54,0,18,0,53,0,13,0,78,0,80,0,76,0,Long Stride Awkward,0,18,0,16,0,72,0,22,0,34,0,54,0,6,0,6,0,6,0,6,0,22,0,10,0,91,0,32,0,31,0
Azareye'h,Thomas,NY Jets,CB,Florida State,21,74,7/6/04,74,196,1,23,0,Zone - CB,89,0,85,0,86,0,85,0,67,0,79,0,69,0,54,0,12,0,46,0,57,0,62,0,72,0,84,0,23,0,38,0,60,0,57,0,90,0,71,0,19,0,29,0,81,0,26,0,71,0,25,0,74,0,35,0,35,0,25,0,6,0,79,0,33,0,79,0,67,0,27,0,35,0,35,0,25,0,Default Stride Loose,0,28,0,66,0,86,0,63,0,46,0,56,0,6,0,6,0,6,0,6,0,26,0,10,0,89,0,36,0,78,0
Baron,Browning,Arizona Cardinals,LE,Ohio State,26,74,2/19/99,75,240,1,5,4,Power Rusher - DE,91,0,85,0,93,0,86,0,75,0,71,0,40,0,78,0,23,0,31,0,49,0,41,0,50,0,74,0,5,0,69,0,85,0,83,0,90,0,33,0,13,0,16,0,10,0,22,0,61,0,8,0,74,0,45,0,45,0,45,0,23,0,70,0,77,0,48,0,81,0,13,0,45,0,45,0,45,0,Default Stride Loose,0,17,0,40,0,86,0,31,0,42,0,79,0,11,0,11,0,21,0,21,0,31,0,24,0,83,0,37,0,58,0
Ben,Powers,Denver Broncos,LG,Oklahoma,28,74,10/29/96,76,310,1,74,6,Pass Protector - G,69,0,61,0,72,0,85,0,82,0,88,0,15,0,33,0,12,0,9,0,40,0,15,0,37,0,47,0,5,0,10,0,25,0,83,0,89,0,10,0,11,0,11,0,10,0,77,0,12,0,5,0,74,0,77,0,79,0,75,0,6,0,10,0,10,0,10,0,35,0,15,0,77,0,75,0,79,0,Default Stride Awkward,0,15,0,15,0,70,0,10,0,10,0,38,0,6,0,6,0,6,0,6,0,25,0,11,0,87,0,25,0,12,0
Bilal,Nichols,Arizona Cardinals,DT,Delaware,28,74,9/14/96,76,313,1,92,7,,75,0,65,0,75,0,84,0,87,0,74,0,46,0,75,0,12,0,22,0,42,0,32,0,44,0,58,0,25,0,61,0,77,0,83,0,91,0,37,0,10,0,17,0,10,0,31,0,20,0,32,0,74,0,45,0,45,0,45,0,6,0,75,0,73,0,11,0,78,0,30,0,45,0,45,0,45,0,Long Stride Loose,0,36,0,30,0,73,0,31,0,47,0,85,0,6,0,6,0,6,0,6,0,23,0,14,0,87,0,54,0,28,0
Blake,Corum,Los Angeles Rams,HB,Michigan,24,74,11/25/00,68,210,1,22,1,Elusive Back - HB,91,0,89,0,85,0,87,0,75,0,69,0,83,0,24,0,26,0,78,0,87,0,54,0,67,0,87,0,57,0,10,0,26,0,42,0,89,0,82,0,10,0,10,0,75,0,37,0,10,0,63,0,74,0,48,0,41,0,37,0,15,0,20,0,10,0,16,0,33,0,57,0,40,0,37,0,32,0,Default,0,68,0,54,0,88,0,78,0,77,0,32,0,10,0,18,0,25,0,18,0,27,0,11,0,88,0,82,0,20,0
Bobby,Brown III,Carolina Panthers,DT,Texas AM,25,74,8/7/00,76,324,1,97,4,,79,0,63,0,80,0,70,0,86,0,73,0,22,0,79,0,12,0,14,0,25,0,13,0,26,0,61,0,5,0,58,0,77,0,85,0,88,0,23,0,19,0,18,0,9,0,33,0,16,0,6,0,74,0,44,0,44,0,44,0,6,0,72,0,68,0,17,0,77,0,14,0,45,0,45,0,44,0,Long Stride Loose,0,10,0,14,0,72,0,22,0,34,0,86,0,6,0,6,0,6,0,6,0,22,0,11,0,85,0,39,0,23,0
Brady,Christensen,Carolina Panthers,LT,BYU,28,74,9/27/96,78,300,1,70,4,Power - OT,78,0,70,0,82,0,84,0,88,0,75,0,16,0,17,0,12,0,11,0,30,0,24,0,26,0,55,0,11,0,10,0,24,0,80,0,91,0,11,0,12,0,18,0,10,0,75,0,12,0,12,0,74,0,78,0,74,0,80,0,6,0,15,0,10,0,10,0,18,0,22,0,75,0,72,0,78,0,Default Stride Awkward,0,14,0,28,0,74,0,10,0,21,0,25,0,6,0,6,0,6,0,6,0,21,0,16,0,78,0,30,0,15,0
Bryan,Bresee,New Orleans Saints,DT,Clemson,23,74,10/6/01,77,305,1,90,2,Power Rusher - DT,85,0,70,0,72,0,80,0,88,0,77,0,41,0,73,0,13,0,35,0,44,0,41,0,47,0,68,0,3,0,63,0,84,0,87,0,85,0,38,0,23,0,24,0,10,0,44,0,24,0,5,0,74,0,40,0,40,0,40,0,6,0,75,0,78,0,20,0,79,0,12,0,45,0,45,0,45,0,Long Stride Awkward,0,10,0,43,0,78,0,30,0,47,0,78,0,7,0,10,0,13,0,6,0,22,0,15,0,90,0,50,0,28,0
Carrington,Valentine,Green Bay Packers,CB,Kentucky,23,74,9/9/01,72,189,1,24,2,Zone - CB,94,0,88,0,92,0,87,0,49,0,74,0,63,0,38,0,21,0,56,0,55,0,49,0,61,0,89,0,10,0,35,0,55,0,38,0,91,0,75,0,15,0,17,0,59,0,15,0,72,0,11,0,74,0,25,0,25,0,25,0,13,0,72,0,30,0,72,0,67,0,40,0,35,0,35,0,35,0,Long Stride Loose,0,21,0,61,0,91,0,65,0,44,0,46,0,13,0,16,0,23,0,15,0,27,0,11,0,76,0,32,0,76,0
Chad,Ryland,Arizona Cardinals,K,Maryland,25,74,10/15/99,72,183,1,38,2,Power - KP,74,0,60,0,66,0,84,0,40,0,61,0,10,0,13,0,14,0,9,0,32,0,10,0,35,0,55,0,10,0,10,0,15,0,15,0,92,0,10,0,76,0,94,0,10,0,10,0,12,0,10,0,74,0,10,0,10,0,10,0,20,0,10,0,10,0,10,0,30,0,12,0,12,0,12,0,12,0,Default Stride Awkward,0,10,0,12,0,73,0,10,0,10,0,24,0,25,0,30,0,35,0,22,0,34,0,15,0,63,0,10,0,12,0
Chauncey,Golston,NY Giants,LE,Iowa,27,74,2/10/98,77,268,1,57,4,Run Stopper - DE,86,0,71,0,84,0,81,0,81,0,76,0,38,0,78,0,12,0,31,0,49,0,49,0,65,0,63,0,6,0,69,0,79,0,81,0,91,0,33,0,10,0,10,0,10,0,15,0,28,0,10,0,74,0,45,0,45,0,45,0,6,0,78,0,76,0,23,0,79,0,14,0,45,0,45,0,45,0,Long Stride Default,0,30,0,51,0,78,0,32,0,34,0,82,0,6,0,6,0,6,0,6,0,23,0,14,0,86,0,37,0,39,0
Chigoziem,Okonkwo,Tennessee Titans,TE,Maryland,25,74,9/8/99,75,238,1,85,3,Vertical Threat - TE,91,0,77,0,85,0,81,0,67,0,72,0,76,0,29,0,12,0,66,0,73,0,78,0,85,0,72,0,59,0,10,0,35,0,58,0,85,0,72,0,18,0,21,0,35,0,53,0,12,0,67,0,74,0,61,0,60,0,55,0,6,0,23,0,10,0,15,0,33,0,67,0,61,0,62,0,57,0,Long Stride Default,0,71,0,77,0,88,0,64,0,69,0,30,0,6,0,10,0,15,0,9,0,20,0,6,0,78,0,68,0,15,0
Christian,Izien,Tampa Bay Buccaneers,CB,Rutgers,25,74,6/8/00,68,197,1,29,2,Slot - CB,90,0,85,0,95,0,86,0,52,0,76,0,62,0,46,0,12,0,44,0,57,0,56,0,68,0,83,0,39,0,44,0,78,0,45,0,93,0,70,0,11,0,12,0,64,0,15,0,71,0,45,0,74,0,30,0,30,0,30,0,29,0,78,0,34,0,64,0,79,0,32,0,30,0,30,0,30,0,Short Stride Loose,0,48,0,63,0,92,0,63,0,33,0,66,0,22,0,25,0,26,0,22,0,25,0,22,0,85,0,31,0,73,0
Clyde,Edwards-Helaire,New Orleans Saints,HB,LSU,26,74,4/11/99,67,207,1,23,5,Elusive Back - HB,91,0,87,0,91,0,86,0,72,0,68,0,81,0,24,0,29,0,78,0,89,0,57,0,72,0,87,0,51,0,10,0,23,0,34,0,82,0,85,0,17,0,21,0,78,0,36,0,11,0,60,0,74,0,58,0,23,0,27,0,20,0,15,0,10,0,16,0,31,0,57,0,31,0,18,0,22,0,Short Stride Default,0,69,0,54,0,87,0,79,0,79,0,26,0,24,0,31,0,36,0,30,0,37,0,21,0,84,0,75,0,16,0
Cooper,Beebe,Dallas Cowboys,C,Kansas State,24,74,5/19/01,76,335,1,56,1,Agile - C,75,0,69,0,69,0,84,0,87,0,75,0,19,0,33,0,11,0,14,0,30,0,31,0,32,0,60,0,12,0,21,0,37,0,83,0,94,0,15,0,12,0,14,0,10,0,84,0,9,0,16,0,74,0,78,0,80,0,76,0,6,0,28,0,28,0,9,0,39,0,22,0,77,0,78,0,77,0,Default Stride Awkward,0,21,0,24,0,71,0,10,0,21,0,40,0,5,0,6,0,7,0,9,0,10,0,5,0,92,0,28,0,12,0
Cornelius,Lucas III,Cleveland Browns,LT,Kansas State,34,74,7/18/91,80,327,1,71,11,Pass Protector - OT,55,0,59,0,65,0,85,0,83,0,83,0,10,0,25,0,12,0,5,0,40,0,15,0,27,0,42,0,5,0,10,0,20,0,84,0,91,0,10,0,11,0,21,0,10,0,82,0,12,0,5,0,74,0,80,0,78,0,82,0,6,0,10,0,10,0,10,0,21,0,15,0,75,0,73,0,77,0,Default Stride Awkward,0,15,0,15,0,69,0,10,0,10,0,26,0,6,0,6,0,6,0,6,0,33,0,10,0,65,0,25,0,12,0
D.J.,Humphries,Los Angeles Rams,LT,Florida,31,74,12/28/93,77,307,1,72,10,Power - OT,63,0,55,0,76,0,91,0,87,0,75,0,15,0,35,0,12,0,5,0,40,0,10,0,35,0,52,0,5,0,10,0,25,0,84,0,83,0,10,0,6,0,13,0,10,0,75,0,18,0,5,0,74,0,81,0,76,0,85,0,6,0,25,0,10,0,10,0,32,0,12,0,74,0,71,0,77,0,Default Stride Awkward,0,10,0,12,0,65,0,10,0,10,0,45,0,6,0,6,0,6,0,6,0,10,0,12,0,87,0,21,0,12,0
Da'Shawn,Hand,Los Angeles Chargers,DT,Alabama,29,74,11/14/95,75,297,1,91,7,,77,0,57,0,77,0,73,0,88,0,69,0,26,0,78,0,12,0,17,0,28,0,20,0,27,0,53,0,4,0,62,0,79,0,88,0,82,0,29,0,16,0,33,0,10,0,20,0,20,0,8,0,74,0,45,0,45,0,45,0,6,0,71,0,74,0,20,0,79,0,13,0,45,0,45,0,45,0,Long Stride Loose,0,15,0,18,0,76,0,23,0,32,0,84,0,6,0,6,0,6,0,6,0,22,0,14,0,85,0,34,0,28,0
Damar,Hamlin,Buffalo Bills,FS,Pittsburgh,27,74,3/24/98,72,200,1,3,4,Zone - S,92,0,86,0,84,0,91,0,62,0,77,0,66,0,52,0,14,0,49,0,63,0,62,0,70,0,77,0,31,0,38,0,72,0,61,0,87,0,68,0,20,0,20,0,51,0,32,0,61,0,33,0,74,0,35,0,35,0,35,0,6,0,76,0,33,0,62,0,83,0,38,0,35,0,35,0,35,0,Default Stride Loose,0,37,0,65,0,88,0,63,0,45,0,70,0,6,0,6,0,6,0,6,0,25,0,18,0,78,0,42,0,71,0
Daniel,Whelan,Green Bay Packers,P,California-Davis,26,74,2/10/99,77,216,1,19,2,Power - KP,79,0,57,0,75,0,81,0,57,0,57,0,14,0,15,0,16,0,9,0,26,0,14,0,23,0,50,0,10,0,10,0,26,0,22,0,88,0,10,0,81,0,93,0,10,0,14,0,10,0,14,0,74,0,20,0,15,0,15,0,25,0,15,0,10,0,10,0,25,0,12,0,20,0,15,0,15,0,Long Stride Awkward,0,15,0,15,0,78,0,10,0,10,0,28,0,24,0,32,0,38,0,21,0,42,0,22,0,70,0,12,0,12,0
Darien,Porter,Las Vegas Raiders,CB,Iowa State,24,74,1/6/01,75,195,1,26,0,Manto Man - CB,94,0,92,0,86,0,82,0,61,0,69,0,73,0,45,0,25,0,51,0,59,0,65,0,71,0,90,0,22,0,25,0,48,0,54,0,90,0,77,0,26,0,28,0,77,0,26,0,72,0,25,0,74,0,35,0,35,0,25,0,6,0,70,0,20,0,75,0,71,0,28,0,35,0,35,0,25,0,Default,0,28,0,68,0,96,0,67,0,42,0,43,0,6,0,7,0,9,0,6,0,23,0,8,0,88,0,35,0,68,0
DaVon,Hamilton,Jacksonville Jaguars,DT,Ohio State,28,74,2/1/97,76,335,1,52,5,,68,0,65,0,73,0,76,0,91,0,74,0,23,0,78,0,12,0,14,0,36,0,19,0,26,0,53,0,5,0,60,0,79,0,86,0,88,0,26,0,19,0,18,0,9,0,33,0,16,0,6,0,74,0,44,0,44,0,46,0,6,0,76,0,72,0,19,0,78,0,17,0,45,0,45,0,44,0,Long Stride Loose,0,14,0,18,0,70,0,22,0,34,0,79,0,6,0,6,0,6,0,6,0,22,0,11,0,87,0,38,0,23,0
Demarcus,Robinson,San Francisco 49ers,WR,Florida,30,74,9/21/94,73,203,1,5,9,Deep Threat - WR,89,0,89,0,86,0,87,0,60,0,77,0,82,0,22,0,22,0,75,0,73,0,83,0,86,0,80,0,76,0,11,0,15,0,46,0,93,0,84,0,22,0,23,0,71,0,26,0,16,0,74,0,74,0,38,0,19,0,21,0,14,0,21,0,11,0,16,0,34,0,76,0,58,0,22,0,28,0,Default Stride Loose,0,75,0,84,0,88,0,73,0,48,0,23,0,16,0,18,0,21,0,18,0,24,0,19,0,76,0,38,0,24,0
Demetrius,Knight Jr.,Cincinnati Bengals,ROLB,South Carolina,25,74,1/4/00,74,235,1,44,0,Run Stopper - OLB,87,0,80,0,77,0,89,0,72,0,75,0,51,0,74,0,38,0,37,0,63,0,57,0,65,0,75,0,26,0,65,0,86,0,76,0,90,0,55,0,20,0,22,0,10,0,24,0,58,0,31,0,74,0,45,0,45,0,45,0,22,0,74,0,62,0,47,0,83,0,32,0,45,0,45,0,45,0,Default Stride High and Tight,0,34,0,59,0,86,0,51,0,45,0,83,0,25,0,28,0,31,0,36,0,35,0,25,0,90,0,43,0,64,0
Dennis,Gardeck,Jacksonville Jaguars,RE,Sioux Falls,31,74,8/9/94,72,232,1,57,7,Smaller Speed Rusher - DE,86,0,74,0,87,0,82,0,81,0,74,0,37,0,76,0,12,0,20,0,45,0,32,0,50,0,70,0,6,0,77,0,76,0,78,0,81,0,44,0,17,0,14,0,10,0,12,0,50,0,10,0,74,0,45,0,45,0,45,0,6,0,72,0,69,0,34,0,84,0,15,0,45,0,45,0,45,0,Default Stride Loose,0,14,0,37,0,87,0,37,0,45,0,77,0,6,0,6,0,6,0,6,0,28,0,10,0,88,0,37,0,59,0
Devaughn,Vele,Denver Broncos,WR,Utah,27,74,12/15/97,77,210,1,17,1,Slot - WR,90,0,83,0,86,0,80,0,58,0,77,0,76,0,32,0,28,0,69,0,71,0,83,0,87,0,80,0,74,0,10,0,28,0,37,0,84,0,74,0,20,0,20,0,80,0,26,0,20,0,76,0,74,0,28,0,27,0,20,0,24,0,25,0,10,0,25,0,35,0,71,0,43,0,24,0,18,0,Long Stride Default,0,77,0,81,0,90,0,68,0,49,0,33,0,23,0,30,0,37,0,37,0,49,0,31,0,79,0,41,0,27,0
Donovan,Jackson,Minnesota Vikings,LG,Ohio State,22,74,12/4/02,76,317,1,74,0,Agile - G,72,0,62,0,71,0,86,0,90,0,76,0,12,0,35,0,11,0,8,0,25,0,13,0,23,0,53,0,5,0,20,0,40,0,86,0,89,0,14,0,12,0,14,0,10,0,82,0,10,0,5,0,74,0,75,0,77,0,75,0,6,0,25,0,16,0,10,0,22,0,10,0,76,0,78,0,76,0,Long Stride Awkward,0,10,0,12,0,67,0,12,0,16,0,31,0,6,0,6,0,6,0,6,0,13,0,13,0,90,0,12,0,10,0
Dylan,Sampson,Cleveland Browns,HB,Tennessee,20,74,9/14/04,68,199,1,22,0,Elusive Back - HB,91,0,88,0,84,0,84,0,65,0,63,0,83,0,32,0,21,0,82,0,88,0,51,0,66,0,86,0,46,0,26,0,26,0,32,0,92,0,81,0,28,0,32,0,70,0,38,0,22,0,51,0,74,0,50,0,33,0,39,0,20,0,34,0,24,0,25,0,33,0,46,0,39,0,22,0,25,0,Default,0,56,0,52,0,92,0,80,0,74,0,28,0,25,0,14,0,24,0,14,0,29,0,27,0,86,0,72,0,26,0
Eddie,Goldman,Washington Commanders,DT,Florida State,31,74,1/6/94,75,332,1,97,8,,58,0,60,0,63,0,79,0,93,0,81,0,10,0,75,0,12,0,10,0,40,0,15,0,25,0,52,0,3,0,57,0,84,0,88,0,85,0,10,0,18,0,24,0,10,0,36,0,21,0,7,0,74,0,45,0,45,0,45,0,6,0,81,0,76,0,16,0,79,0,15,0,45,0,45,0,45,0,Default Stride Awkward,0,15,0,15,0,63,0,10,0,10,0,81,0,6,0,6,0,6,0,6,0,21,0,10,0,84,0,25,0,28,0
Emmanuel,Ogbah,Jacksonville Jaguars,RE,Oklahoma St.,31,74,11/6/93,76,278,1,90,9,Run Stopper - DE,86,0,74,0,85,0,83,0,83,0,77,0,33,0,77,0,12,0,16,0,33,0,17,0,45,0,63,0,3,0,63,0,82,0,85,0,89,0,31,0,19,0,20,0,9,0,12,0,39,0,7,0,74,0,45,0,45,0,45,0,6,0,75,0,74,0,22,0,84,0,17,0,45,0,45,0,44,0,Default Stride Loose,0,14,0,17,0,82,0,26,0,31,0,80,0,6,0,6,0,6,0,6,0,22,0,14,0,89,0,28,0,51,0
Evan,McPherson,Cincinnati Bengals,K,Florida,26,74,7/21/99,71,185,1,2,4,Power - KP,81,0,63,0,63,0,84,0,37,0,59,0,14,0,11,0,12,0,5,0,21,0,15,0,32,0,56,0,12,0,10,0,13,0,11,0,93,0,12,0,79,0,95,0,10,0,10,0,11,0,14,0,74,0,13,0,12,0,12,0,15,0,17,0,10,0,10,0,25,0,14,0,17,0,16,0,16,0,Short Stride Awkward,0,22,0,15,0,75,0,11,0,10,0,16,0,15,0,20,0,31,0,15,0,27,0,13,0,54,0,10,0,15,0
Evan,Neal,NY Giants,RT,Alabama,24,74,9/19/00,79,350,1,73,3,Power - OT,79,0,61,0,84,0,86,0,91,0,66,0,29,0,34,0,16,0,24,0,29,0,19,0,30,0,54,0,5,0,33,0,39,0,87,0,93,0,32,0,17,0,18,0,10,0,79,0,10,0,8,0,74,0,68,0,62,0,75,0,6,0,30,0,30,0,10,0,31,0,12,0,80,0,78,0,82,0,Long Stride Awkward,0,14,0,24,0,76,0,29,0,39,0,35,0,6,0,6,0,6,0,6,0,26,0,10,0,83,0,35,0,12,0
Henry,To'oTo'o,Houston Texans,LOLB,Alabama,24,74,1/5/01,74,228,1,39,2,Pass Coverage - OLB,92,0,81,0,78,0,87,0,65,0,79,0,67,0,69,0,10,0,59,0,57,0,54,0,55,0,73,0,13,0,55,0,82,0,66,0,89,0,66,0,31,0,32,0,44,0,31,0,68,0,18,0,74,0,35,0,35,0,35,0,6,0,80,0,49,0,57,0,89,0,23,0,35,0,35,0,35,0,Default Stride High and Tight,0,22,0,55,0,85,0,62,0,64,0,78,0,6,0,6,0,6,0,6,0,30,0,11,0,85,0,59,0,66,0
Ifeatu,Melifonwu,Miami Dolphins,SS,Syracuse,26,74,5/2/99,75,213,1,9,4,Zone - S,90,0,83,0,95,0,88,0,64,0,77,0,67,0,56,0,44,0,51,0,59,0,54,0,73,0,82,0,30,0,42,0,69,0,60,0,85,0,72,0,23,0,28,0,65,0,29,0,68,0,32,0,74,0,35,0,35,0,35,0,29,0,75,0,34,0,70,0,75,0,42,0,35,0,35,0,35,0,Long Stride Loose,0,34,0,62,0,88,0,66,0,44,0,64,0,33,0,38,0,41,0,39,0,46,0,26,0,81,0,50,0,75,0
Isaiah,Simmons,Green Bay Packers,SS,Clemson,27,74,7/26/98,76,238,1,28,5,Run Support - S,91,0,84,0,93,0,90,0,73,0,73,0,69,0,63,0,12,0,43,0,65,0,60,0,75,0,78,0,32,0,60,0,83,0,67,0,93,0,68,0,20,0,20,0,58,0,18,0,68,0,36,0,74,0,23,0,45,0,45,0,6,0,71,0,62,0,72,0,77,0,43,0,29,0,45,0,45,0,Long Stride Default,0,39,0,67,0,91,0,63,0,47,0,75,0,6,0,6,0,6,0,6,0,24,0,12,0,87,0,39,0,66,0
Ja'Lynn,Polk,New England Patriots,WR,Washington,23,74,4/11/02,74,203,1,1,1,Deep Threat - WR,90,0,89,0,88,0,83,0,62,0,76,0,78,0,30,0,22,0,71,0,75,0,82,0,83,0,87,0,75,0,10,0,23,0,47,0,88,0,78,0,12,0,17,0,46,0,32,0,11,0,77,0,74,0,32,0,19,0,20,0,10,0,20,0,10,0,10,0,28,0,74,0,51,0,32,0,39,0,Long Stride Default,0,74,0,82,0,89,0,73,0,48,0,30,0,15,0,20,0,25,0,23,0,27,0,22,0,83,0,46,0,22,0
Jacob,Parrish,Tampa Bay Buccaneers,CB,Kansas State,21,74,2/29/04,70,191,1,25,0,Manto Man - CB,93,0,89,0,89,0,86,0,65,0,64,0,76,0,53,0,20,0,53,0,56,0,59,0,73,0,89,0,39,0,40,0,64,0,56,0,91,0,77,0,32,0,21,0,55,0,24,0,75,0,37,0,74,0,35,0,35,0,25,0,12,0,65,0,32,0,76,0,76,0,38,0,35,0,35,0,25,0,Default,0,38,0,69,0,94,0,70,0,44,0,63,0,10,0,13,0,15,0,15,0,29,0,18,0,90,0,40,0,70,0
Jake,Brendel,San Francisco 49ers,C,UCLA,32,74,9/10/92,76,299,1,64,9,Agile - C,73,0,69,0,70,0,86,0,84,0,84,0,10,0,30,0,12,0,5,0,44,0,15,0,40,0,61,0,5,0,15,0,15,0,77,0,86,0,10,0,22,0,18,0,10,0,85,0,20,0,5,0,74,0,72,0,74,0,70,0,6,0,30,0,19,0,10,0,32,0,15,0,78,0,84,0,72,0,Default Stride Awkward,0,15,0,15,0,69,0,10,0,10,0,41,0,6,0,6,0,6,0,6,0,22,0,10,0,89,0,15,0,20,0
Jalen,McMillan,Tampa Bay Buccaneers,WR,Washington,23,74,12/7/01,73,197,1,15,1,,92,0,85,0,88,0,82,0,60,0,78,0,83,0,27,0,19,0,76,0,75,0,76,0,82,0,85,0,75,0,10,0,22,0,39,0,84,0,80,0,19,0,15,0,71,0,29,0,10,0,77,0,74,0,30,0,22,0,26,0,10,0,12,0,10,0,14,0,31,0,71,0,44,0,33,0,26,0,Long Stride Loose,0,78,0,78,0,90,0,73,0,49,0,29,0,10,0,15,0,20,0,15,0,24,0,17,0,86,0,50,0,17,0
Jalen,Nailor,Minnesota Vikings,WR,Michigan St.,26,74,3/2/99,72,190,1,1,3,Deep Threat - WR,94,0,87,0,83,0,79,0,58,0,77,0,79,0,34,0,15,0,69,0,70,0,78,0,82,0,85,0,78,0,10,0,30,0,44,0,82,0,75,0,15,0,20,0,78,0,28,0,22,0,76,0,74,0,29,0,24,0,27,0,6,0,26,0,10,0,23,0,42,0,75,0,49,0,28,0,33,0,Short Stride Default,0,75,0,79,0,91,0,69,0,42,0,34,0,6,0,10,0,15,0,10,0,26,0,13,0,75,0,28,0,31,0
Jamal,Adams,Las Vegas Raiders,SS,LSU,29,74,10/17/95,73,213,1,33,8,Run Support - S,87,0,83,0,81,0,88,0,77,0,71,0,55,0,69,0,20,0,25,0,60,0,52,0,68,0,85,0,20,0,61,0,90,0,74,0,76,0,65,0,25,0,25,0,35,0,26,0,67,0,25,0,74,0,35,0,35,0,35,0,15,0,72,0,59,0,63,0,85,0,12,0,35,0,35,0,35,0,Default Stride Loose,0,35,0,61,0,87,0,55,0,40,0,70,0,10,0,10,0,15,0,15,0,25,0,17,0,92,0,45,0,74,0
Jamien,Sherwood,NY Jets,MLB,Auburn,25,74,1/12/00,74,216,1,44,4,Field General - MLB,85,0,78,0,86,0,90,0,67,0,77,0,67,0,66,0,45,0,54,0,64,0,57,0,63,0,75,0,29,0,49,0,85,0,73,0,85,0,68,0,20,0,25,0,45,0,29,0,70,0,31,0,74,0,35,0,35,0,35,0,28,0,76,0,50,0,74,0,87,0,34,0,35,0,35,0,35,0,Default Stride Loose,0,35,0,60,0,81,0,61,0,57,0,85,0,29,0,33,0,37,0,32,0,43,0,29,0,87,0,55,0,68,0
Jayden,Higgins,Houston Texans,WR,Iowa State,22,74,12/15/02,76,214,1,81,0,Physical - WR,92,0,83,0,93,0,91,0,67,0,77,0,82,0,40,0,29,0,75,0,77,0,84,0,86,0,81,0,70,0,33,0,30,0,46,0,90,0,80,0,16,0,26,0,80,0,32,0,26,0,74,0,74,0,24,0,15,0,22,0,22,0,28,0,30,0,21,0,44,0,77,0,52,0,34,0,30,0,Long Stride Default,0,74,0,84,0,89,0,75,0,64,0,22,0,18,0,12,0,9,0,7,0,33,0,26,0,90,0,56,0,29,0
Joe,Tryon-Shoyinka,Cleveland Browns,RE,Washington,26,74,4/30/99,77,259,1,90,4,Smaller Speed Rusher - DE,85,0,81,0,84,0,82,0,81,0,71,0,51,0,76,0,12,0,39,0,56,0,46,0,55,0,70,0,23,0,74,0,83,0,81,0,90,0,42,0,17,0,18,0,10,0,31,0,44,0,30,0,74,0,45,0,45,0,45,0,6,0,73,0,66,0,45,0,85,0,33,0,45,0,45,0,45,0,Long Stride Loose,0,36,0,50,0,82,0,40,0,49,0,81,0,6,0,12,0,15,0,6,0,29,0,16,0,83,0,49,0,52,0
John,Jenkins,Baltimore Ravens,DT,Georgia,36,74,7/11/89,75,327,1,62,12,,63,0,55,0,63,0,71,0,90,0,75,0,15,0,77,0,12,0,10,0,40,0,15,0,30,0,42,0,3,0,54,0,81,0,88,0,84,0,10,0,17,0,23,0,10,0,35,0,10,0,7,0,74,0,45,0,45,0,45,0,6,0,76,0,72,0,10,0,75,0,15,0,45,0,45,0,45,0,Default Stride Awkward,0,15,0,15,0,71,0,10,0,25,0,88,0,6,0,6,0,6,0,6,0,25,0,10,0,76,0,45,0,15,0
John,Metchie,Houston Texans,WR,Alabama,25,74,7/18/00,71,187,1,8,3,,92,0,87,0,84,0,81,0,66,0,75,0,84,0,22,0,23,0,75,0,77,0,79,0,79,0,88,0,73,0,10,0,17,0,46,0,84,0,82,0,15,0,18,0,73,0,28,0,10,0,75,0,74,0,31,0,19,0,20,0,6,0,16,0,10,0,12,0,29,0,75,0,51,0,35,0,29,0,Default,0,76,0,79,0,90,0,77,0,47,0,24,0,6,0,10,0,15,0,10,0,24,0,17,0,90,0,49,0,17,0
Johnny,Hekker,Tennessee Titans,P,Oregon State,35,74,2/8/90,77,225,1,3,13,Power - KP,68,0,61,0,72,0,84,0,55,0,62,0,15,0,17,0,27,0,15,0,40,0,18,0,39,0,51,0,15,0,10,0,21,0,22,0,94,0,10,0,76,0,91,0,10,0,16,0,15,0,15,0,74,0,25,0,13,0,15,0,29,0,20,0,10,0,10,0,35,0,15,0,29,0,16,0,16,0,Default Stride Awkward,0,15,0,43,0,74,0,10,0,10,0,25,0,43,0,53,0,63,0,41,0,67,0,38,0,68,0,15,0,15,0
Jonah,Williams,Arizona Cardinals,RT,Alabama,27,74,11/17/97,77,312,1,73,6,Agile - OT,71,0,66,0,70,0,89,0,85,0,87,0,30,0,30,0,12,0,15,0,43,0,20,0,34,0,54,0,5,0,38,0,44,0,82,0,88,0,28,0,16,0,14,0,10,0,83,0,15,0,5,0,74,0,77,0,79,0,75,0,6,0,29,0,31,0,10,0,42,0,35,0,76,0,76,0,76,0,Default Stride Awkward,0,15,0,25,0,69,0,15,0,33,0,39,0,6,0,6,0,6,0,6,0,30,0,6,0,87,0,35,0,20,0
Josh,Paschal,Detroit Lions,LE,Kentucky,25,74,12/17/99,75,278,1,93,3,Run Stopper - DE,91,0,72,0,89,0,80,0,85,0,70,0,36,0,79,0,12,0,31,0,42,0,38,0,38,0,65,0,25,0,57,0,82,0,87,0,88,0,34,0,12,0,19,0,10,0,38,0,32,0,29,0,74,0,45,0,45,0,45,0,6,0,68,0,72,0,37,0,82,0,31,0,45,0,45,0,45,0,Default Stride Loose,0,33,0,36,0,80,0,28,0,42,0,82,0,6,0,6,0,6,0,6,0,20,0,10,0,94,0,43,0,41,0
Josh,Conerly Jr.,Washington Commanders,RT,Oregon,21,74,11/5/03,77,311,1,72,0,Agile - OT,80,0,70,0,83,0,87,0,82,0,73,0,24,0,35,0,11,0,15,0,31,0,18,0,30,0,59,0,10,0,26,0,28,0,82,0,89,0,10,0,17,0,26,0,10,0,84,0,13,0,11,0,74,0,81,0,82,0,79,0,6,0,22,0,24,0,24,0,28,0,17,0,77,0,79,0,76,0,Long Stride Awkward,0,16,0,17,0,71,0,10,0,27,0,26,0,6,0,6,0,6,0,11,0,21,0,30,0,88,0,26,0,15,0
Joshua,Uche,Philadelphia Eagles,LE,Michigan,26,74,9/18/98,75,245,1,0,5,Smaller Speed Rusher - DE,91,0,83,0,84,0,81,0,73,0,63,0,44,0,70,0,16,0,27,0,44,0,26,0,48,0,74,0,5,0,77,0,79,0,79,0,84,0,43,0,12,0,18,0,10,0,14,0,47,0,10,0,74,0,45,0,45,0,45,0,5,0,61,0,67,0,43,0,79,0,16,0,45,0,45,0,45,0,Short Stride Loose,0,18,0,29,0,87,0,26,0,32,0,80,0,5,0,5,0,5,0,5,0,21,0,16,0,79,0,28,0,56,0
JT,Tuimoloau,Indianapolis Colts,LE,Ohio State,22,74,5/10/03,76,264,1,91,0,Power Rusher - DE,87,0,77,0,87,0,86,0,82,0,75,0,41,0,81,0,13,0,27,0,50,0,49,0,57,0,71,0,7,0,69,0,79,0,82,0,92,0,38,0,16,0,18,0,25,0,23,0,44,0,13,0,74,0,45,0,45,0,45,0,6,0,75,0,76,0,36,0,83,0,15,0,45,0,45,0,45,0,Long Stride Loose,0,17,0,49,0,80,0,35,0,39,0,77,0,7,0,17,0,24,0,9,0,20,0,15,0,92,0,31,0,53,0
Juice,Scruggs,Houston Texans,LG,Penn State,25,74,1/19/00,75,308,1,70,2,Agile - G,74,0,60,0,78,0,84,0,87,0,75,0,10,0,46,0,16,0,15,0,31,0,15,0,36,0,58,0,5,0,39,0,52,0,85,0,85,0,10,0,24,0,28,0,10,0,81,0,10,0,7,0,74,0,78,0,77,0,79,0,6,0,45,0,51,0,10,0,47,0,14,0,76,0,80,0,72,0,Default Stride Awkward,0,15,0,15,0,65,0,10,0,30,0,48,0,6,0,6,0,6,0,6,0,17,0,15,0,88,0,25,0,10,0
JuJu,Brents,Indianapolis Colts,CB,Kansas State,25,74,1/18/00,75,198,1,29,2,Zone - CB,95,0,94,0,96,0,88,0,52,0,70,0,65,0,49,0,15,0,61,0,61,0,60,0,67,0,89,0,10,0,47,0,66,0,51,0,93,0,73,0,15,0,21,0,49,0,22,0,66,0,10,0,74,0,35,0,35,0,35,0,15,0,69,0,41,0,82,0,74,0,15,0,35,0,35,0,35,0,Long Stride Loose,0,20,0,67,0,88,0,65,0,70,0,63,0,15,0,18,0,24,0,14,0,22,0,16,0,86,0,48,0,76,0
Justin,Jones,Arizona Cardinals,DT,N.C. State,29,74,8/28/96,75,309,1,98,7,,73,0,61,0,72,0,80,0,84,0,85,0,25,0,77,0,12,0,18,0,27,0,22,0,25,0,54,0,3,0,65,0,78,0,83,0,85,0,25,0,12,0,17,0,45,0,31,0,21,0,7,0,74,0,45,0,45,0,45,0,6,0,83,0,73,0,10,0,79,0,15,0,45,0,45,0,45,0,Long Stride Loose,0,15,0,17,0,72,0,21,0,36,0,79,0,6,0,6,0,6,0,6,0,23,0,17,0,84,0,34,0,28,0
Justin,Fields,NY Jets,QB,Ohio State,26,74,3/5/99,75,228,1,7,4,Scrambler - QB,96,0,93,0,84,0,89,0,65,0,60,0,90,0,20,0,87,0,79,0,59,0,16,0,32,0,92,0,14,0,10,0,14,0,25,0,91,0,87,0,18,0,19,0,62,0,21,0,17,0,15,0,74,0,16,0,10,0,10,0,82,0,18,0,10,0,10,0,26,0,17,0,30,0,17,0,14,0,Default Stride Loose,0,19,0,16,0,92,0,81,0,53,0,24,0,80,0,78,0,84,0,82,0,91,0,77,0,94,0,49,0,19,0
Juwan,Johnson,New Orleans Saints,TE,Oregon,28,74,9/13/96,76,231,1,83,5,Vertical Threat - TE,87,0,83,0,85,0,85,0,69,0,70,0,80,0,36,0,26,0,75,0,76,0,83,0,82,0,77,0,61,0,14,0,37,0,54,0,88,0,76,0,25,0,29,0,45,0,31,0,19,0,65,0,74,0,58,0,53,0,56,0,26,0,23,0,17,0,21,0,38,0,69,0,62,0,53,0,58,0,Long Stride Default,0,70,0,86,0,87,0,71,0,59,0,34,0,20,0,25,0,30,0,24,0,36,0,22,0,82,0,50,0,27,0
Kaiir,Elam,Dallas Cowboys,CB,Florida,24,74,5/5/01,73,191,1,20,3,Zone - CB,90,0,85,0,89,0,88,0,60,0,73,0,63,0,45,0,23,0,51,0,56,0,57,0,76,0,86,0,28,0,39,0,52,0,48,0,85,0,73,0,17,0,17,0,55,0,19,0,70,0,31,0,74,0,35,0,35,0,35,0,6,0,71,0,31,0,75,0,64,0,37,0,35,0,35,0,35,0,Long Stride Loose,0,35,0,65,0,93,0,64,0,48,0,63,0,17,0,20,0,24,0,21,0,27,0,14,0,71,0,49,0,76,0
Kayshon,Boutte,New England Patriots,WR,LSU,23,74,5/7/02,72,195,1,9,2,Deep Threat - WR,90,0,86,0,83,0,87,0,56,0,78,0,83,0,27,0,21,0,77,0,73,0,84,0,84,0,84,0,74,0,10,0,23,0,42,0,85,0,80,0,11,0,16,0,69,0,23,0,11,0,75,0,74,0,29,0,18,0,22,0,10,0,16,0,10,0,13,0,30,0,76,0,54,0,37,0,31,0,Default,0,76,0,82,0,90,0,72,0,61,0,26,0,10,0,15,0,20,0,16,0,28,0,20,0,79,0,44,0,16,0
Keaton,Mitchell,Baltimore Ravens,HB,East Carolina,23,74,1/17/02,68,186,1,34,2,Elusive Back - HB,95,0,82,0,90,0,86,0,60,0,71,0,79,0,23,0,26,0,78,0,86,0,64,0,71,0,83,0,54,0,22,0,26,0,35,0,85,0,84,0,10,0,10,0,65,0,29,0,25,0,53,0,74,0,46,0,41,0,37,0,15,0,20,0,15,0,22,0,33,0,42,0,40,0,40,0,40,0,Short Stride Loose,0,62,0,61,0,94,0,79,0,56,0,27,0,20,0,24,0,25,0,25,0,27,0,11,0,79,0,48,0,32,0
Kelee,Ringo,Philadelphia Eagles,CB,Georgia,23,74,6/27/02,74,207,1,7,2,Zone - CB,95,0,84,0,81,0,88,0,58,0,70,0,70,0,44,0,16,0,63,0,62,0,58,0,71,0,83,0,41,0,44,0,64,0,47,0,92,0,68,0,22,0,19,0,54,0,15,0,68,0,35,0,74,0,35,0,35,0,35,0,6,0,68,0,35,0,75,0,67,0,49,0,35,0,35,0,35,0,Long Stride Loose,0,45,0,66,0,94,0,64,0,52,0,59,0,6,0,6,0,6,0,6,0,35,0,15,0,78,0,51,0,75,0
Kris,Jenkins Jr,Cincinnati Bengals,DT,Michigan,23,74,10/10/01,75,310,1,90,1,,80,0,67,0,74,0,83,0,87,0,68,0,40,0,78,0,13,0,35,0,44,0,35,0,46,0,55,0,3,0,66,0,82,0,86,0,90,0,38,0,23,0,24,0,10,0,20,0,24,0,5,0,74,0,40,0,40,0,40,0,6,0,71,0,72,0,20,0,78,0,12,0,45,0,45,0,45,0,Default Stride Awkward,0,10,0,38,0,75,0,30,0,47,0,83,0,7,0,10,0,13,0,6,0,22,0,15,0,90,0,50,0,28,0
Levi,Onwuzurike,Detroit Lions,DT,Washington,27,74,3/2/98,75,293,1,78,4,,82,0,74,0,74,0,78,0,87,0,74,0,41,0,76,0,12,0,21,0,32,0,20,0,28,0,64,0,4,0,76,0,79,0,83,0,83,0,29,0,10,0,15,0,40,0,17,0,21,0,8,0,74,0,45,0,45,0,45,0,6,0,72,0,68,0,19,0,77,0,13,0,45,0,45,0,45,0,Long Stride Loose,0,15,0,16,0,79,0,23,0,30,0,83,0,6,0,6,0,6,0,6,0,25,0,14,0,89,0,29,0,30,0
Lucas,Patrick,Cincinnati Bengals,RG,Duke,32,74,7/30/93,75,313,1,62,9,Agile - G,81,0,59,0,72,0,87,0,84,0,82,0,18,0,20,0,12,0,8,0,26,0,20,0,24,0,51,0,5,0,10,0,35,0,80,0,88,0,17,0,21,0,16,0,14,0,82,0,12,0,5,0,74,0,76,0,77,0,75,0,6,0,14,0,10,0,10,0,23,0,12,0,77,0,79,0,75,0,Default Stride Awkward,0,13,0,16,0,70,0,12,0,29,0,34,0,6,0,6,0,6,0,6,0,21,0,13,0,86,0,31,0,12,0
Lukas,Van Ness,Green Bay Packers,RE,Iowa,24,74,7/6/01,77,272,1,90,2,Power Rusher - DE,91,0,83,0,76,0,76,0,81,0,72,0,35,0,77,0,21,0,23,0,44,0,35,0,42,0,73,0,5,0,61,0,88,0,78,0,91,0,41,0,21,0,23,0,10,0,25,0,35,0,6,0,74,0,35,0,35,0,35,0,12,0,68,0,74,0,28,0,83,0,17,0,40,0,40,0,40,0,Default Stride Loose,0,13,0,35,0,86,0,33,0,50,0,79,0,16,0,20,0,25,0,10,0,31,0,12,0,90,0,45,0,41,0
Mack,Hollins,New England Patriots,WR,North Carolina,31,74,9/16/93,76,221,0,13,8,Deep Threat - WR,88,0,82,0,85,0,88,0,73,0,76,0,76,0,49,0,22,0,71,0,74,0,85,0,86,0,73,0,76,0,10,0,59,0,62,0,93,0,73,0,12,0,17,0,50,0,43,0,11,0,77,0,74,0,55,0,19,0,20,0,10,0,20,0,10,0,10,0,68,0,76,0,61,0,32,0,39,0,Long Stride Default,0,77,0,85,0,91,0,66,0,73,0,51,0,15,0,20,0,25,0,23,0,27,0,22,0,87,0,59,0,22,0
Malik,Mustapha,San Francisco 49ers,FS,Wake Forest,23,74,6/25/02,70,206,1,6,1,Run Support - S,91,0,84,0,95,0,83,0,66,0,71,0,69,0,56,0,10,0,63,0,59,0,64,0,66,0,82,0,27,0,32,0,89,0,53,0,89,0,73,0,16,0,19,0,60,0,22,0,67,0,30,0,74,0,33,0,32,0,30,0,15,0,70,0,27,0,65,0,83,0,34,0,35,0,35,0,35,0,Default Stride Loose,0,33,0,59,0,88,0,69,0,42,0,71,0,10,0,10,0,15,0,15,0,23,0,11,0,89,0,39,0,72,0
Marcus,Davenport,Detroit Lions,RE,UTSA,28,74,9/4/96,78,285,1,92,7,Power Rusher - DE,86,0,75,0,81,0,77,0,82,0,76,0,26,0,78,0,12,0,30,0,31,0,18,0,24,0,67,0,5,0,67,0,78,0,83,0,84,0,36,0,16,0,18,0,10,0,16,0,34,0,8,0,74,0,45,0,45,0,45,0,6,0,73,0,76,0,26,0,82,0,12,0,45,0,45,0,45,0,Long Stride Default,0,10,0,15,0,84,0,28,0,37,0,79,0,6,0,6,0,6,0,6,0,23,0,17,0,81,0,28,0,42,0
Mason,McCormick,Pittsburgh Steelers,RG,S. Dakota St.,25,74,5/25/00,77,315,1,66,1,Power - G,79,0,61,0,85,0,79,0,90,0,74,0,24,0,35,0,12,0,10,0,20,0,15,0,26,0,61,0,5,0,20,0,35,0,84,0,90,0,30,0,19,0,19,0,10,0,79,0,10,0,7,0,74,0,76,0,73,0,78,0,8,0,24,0,30,0,10,0,32,0,11,0,75,0,74,0,76,0,Default Stride Awkward,0,10,0,15,0,70,0,25,0,36,0,37,0,6,0,7,0,9,0,6,0,28,0,12,0,87,0,33,0,10,0
Matt,Gay,Washington Commanders,K,Utah,31,74,3/15/94,72,232,1,16,6,Power - KP,69,0,58,0,68,0,87,0,41,0,58,0,10,0,13,0,21,0,16,0,40,0,15,0,30,0,51,0,15,0,10,0,12,0,21,0,86,0,10,0,79,0,96,0,10,0,16,0,12,0,15,0,74,0,16,0,16,0,16,0,20,0,10,0,10,0,10,0,15,0,15,0,21,0,17,0,17,0,Default Stride Awkward,0,15,0,15,0,74,0,10,0,10,0,13,0,25,0,30,0,35,0,20,0,27,0,24,0,60,0,10,0,12,0
Max,Melton,Arizona Cardinals,CB,Rutgers,23,74,4/15/02,71,187,1,16,1,Manto Man - CB,94,0,85,0,94,0,88,0,60,0,69,0,68,0,45,0,10,0,65,0,55,0,65,0,77,0,85,0,10,0,37,0,73,0,52,0,92,0,74,0,12,0,15,0,65,0,21,0,73,0,15,0,74,0,25,0,19,0,16,0,6,0,72,0,33,0,74,0,75,0,35,0,35,0,21,0,21,0,Default Stride Loose,0,25,0,67,0,93,0,70,0,40,0,52,0,15,0,21,0,22,0,9,0,21,0,8,0,83,0,30,0,74,0
Mecole,Hardman,Green Bay Packers,WR,Georgia,27,74,3/12/98,70,187,1,6,6,,95,0,91,0,86,0,85,0,60,0,65,0,87,0,41,0,34,0,73,0,71,0,77,0,83,0,85,0,74,0,11,0,31,0,41,0,85,0,83,0,32,0,44,0,83,0,20,0,46,0,72,0,74,0,23,0,10,0,10,0,36,0,38,0,11,0,41,0,51,0,67,0,42,0,11,0,18,0,Short Stride Loose,0,71,0,80,0,95,0,76,0,55,0,45,0,37,0,40,0,45,0,44,0,56,0,29,0,73,0,51,0,41,0
Michael,Penix Jr,Atlanta Falcons,QB,Washington,25,74,5/8/00,74,216,0,9,1,Field General - QB,89,0,78,0,86,0,89,0,57,0,75,0,67,0,18,0,73,0,46,0,67,0,15,0,30,0,73,0,12,0,10,0,12,0,12,0,83,0,58,0,21,0,22,0,10,0,10,0,12,0,14,0,74,0,15,0,15,0,15,0,83,0,17,0,10,0,10,0,28,0,15,0,12,0,12,0,12,0,Default Stride Loose,0,15,0,15,0,84,0,54,0,39,0,18,0,82,0,78,0,88,0,74,0,92,0,74,0,81,0,29,0,15,0
Mike,Hughes,Atlanta Falcons,CB,UCF,28,74,2/11/97,70,189,1,21,7,Zone - CB,90,0,90,0,85,0,88,0,66,0,77,0,73,0,47,0,17,0,63,0,72,0,69,0,76,0,87,0,26,0,31,0,69,0,57,0,85,0,81,0,24,0,22,0,82,0,15,0,72,0,30,0,74,0,35,0,35,0,35,0,6,0,77,0,23,0,82,0,72,0,24,0,35,0,35,0,35,0,Short Stride Default,0,35,0,74,0,88,0,73,0,41,0,55,0,6,0,6,0,6,0,6,0,23,0,18,0,84,0,44,0,76,0
Miles,Sanders,Dallas Cowboys,HB,Penn State,28,74,5/1/97,71,210,1,27,6,Elusive Back - HB,91,0,87,0,86,0,88,0,69,0,73,0,80,0,26,0,23,0,76,0,88,0,54,0,66,0,86,0,52,0,10,0,22,0,46,0,85,0,83,0,12,0,16,0,77,0,34,0,12,0,59,0,74,0,52,0,27,0,30,0,16,0,19,0,10,0,15,0,36,0,59,0,36,0,25,0,26,0,Default,0,64,0,56,0,90,0,76,0,75,0,33,0,19,0,27,0,31,0,21,0,29,0,18,0,84,0,74,0,18,0
Nate,Landman,Los Angeles Rams,MLB,Colorado,26,74,11/19/98,75,235,1,53,3,Run Stopper - MLB,86,0,79,0,87,0,87,0,75,0,77,0,53,0,76,0,34,0,45,0,58,0,47,0,55,0,72,0,39,0,40,0,88,0,88,0,84,0,50,0,13,0,12,0,10,0,35,0,55,0,42,0,74,0,45,0,45,0,45,0,25,0,79,0,45,0,54,0,85,0,44,0,45,0,45,0,45,0,Default,0,45,0,47,0,79,0,46,0,45,0,83,0,35,0,40,0,42,0,33,0,42,0,21,0,92,0,49,0,57,0
Nathan,Shepherd,New Orleans Saints,DT,Fort Hays State,31,74,10/9/93,76,315,1,93,7,,73,0,70,0,76,0,77,0,90,0,75,0,33,0,74,0,12,0,24,0,36,0,28,0,33,0,60,0,3,0,76,0,78,0,86,0,90,0,34,0,12,0,16,0,10,0,18,0,21,0,5,0,74,0,45,0,45,0,45,0,6,0,77,0,68,0,13,0,75,0,12,0,45,0,45,0,45,0,Long Stride Loose,0,10,0,27,0,73,0,34,0,46,0,82,0,6,0,6,0,6,0,6,0,30,0,17,0,89,0,49,0,27,0
Nic,Scourton,Carolina Panthers,LE,Texas AM,21,74,8/25/04,75,257,1,11,0,Smaller Speed Rusher - DE,90,0,81,0,84,0,81,0,83,0,74,0,35,0,74,0,19,0,29,0,39,0,20,0,33,0,73,0,7,0,76,0,76,0,83,0,89,0,41,0,23,0,26,0,33,0,25,0,42,0,8,0,74,0,45,0,45,0,45,0,25,0,73,0,72,0,29,0,81,0,13,0,45,0,45,0,45,0,Long Stride Loose,0,15,0,22,0,82,0,37,0,41,0,75,0,9,0,10,0,15,0,9,0,28,0,32,0,86,0,33,0,49,0
Nick,Allegretti,Washington Commanders,RG,Illinois,29,74,4/21/96,76,310,1,67,6,Pass Protector - G,68,0,64,0,73,0,82,0,83,0,87,0,14,0,31,0,12,0,6,0,40,0,10,0,42,0,55,0,5,0,17,0,35,0,82,0,91,0,12,0,17,0,22,0,14,0,80,0,12,0,5,0,74,0,79,0,75,0,81,0,6,0,27,0,22,0,10,0,35,0,12,0,76,0,79,0,73,0,Default Stride Awkward,0,19,0,12,0,67,0,11,0,38,0,41,0,6,0,6,0,6,0,6,0,23,0,12,0,86,0,25,0,12,0
Nick,Emmanwori,Seattle Seahawks,SS,South Carolina,21,74,2/7/04,75,220,1,3,0,Zone - S,93,0,83,0,96,0,92,0,70,0,74,0,70,0,57,0,15,0,59,0,65,0,60,0,74,0,81,0,30,0,38,0,82,0,61,0,91,0,70,0,18,0,21,0,43,0,25,0,65,0,34,0,74,0,35,0,35,0,35,0,6,0,69,0,38,0,74,0,79,0,37,0,35,0,35,0,35,0,Default Stride Loose,0,39,0,65,0,93,0,62,0,48,0,70,0,6,0,6,0,6,0,6,0,25,0,12,0,91,0,51,0,69,0
Nick,Herbig,Pittsburgh Steelers,LE,Wisconsin,23,74,11/21/01,74,240,1,51,2,Power Rusher - DE,90,0,77,0,82,0,78,0,74,0,77,0,45,0,72,0,17,0,30,0,42,0,35,0,43,0,76,0,11,0,72,0,81,0,67,0,92,0,50,0,17,0,20,0,10,0,35,0,48,0,16,0,74,0,35,0,35,0,35,0,7,0,74,0,79,0,37,0,81,0,21,0,40,0,40,0,40,0,Default Stride High and Tight,0,22,0,41,0,84,0,45,0,33,0,76,0,6,0,8,0,10,0,8,0,25,0,13,0,87,0,40,0,62,0
Oluwafemi,Oladejo,Tennessee Titans,LE,UCLA,21,74,9/20/03,75,261,1,7,0,Smaller Speed Rusher - DE,87,0,83,0,86,0,83,0,81,0,72,0,40,0,75,0,13,0,32,0,51,0,47,0,55,0,74,0,5,0,73,0,81,0,81,0,90,0,37,0,24,0,27,0,28,0,23,0,49,0,10,0,74,0,45,0,45,0,45,0,6,0,72,0,74,0,41,0,80,0,16,0,45,0,45,0,45,0,Long Stride Loose,0,17,0,47,0,85,0,31,0,38,0,80,0,10,0,15,0,20,0,10,0,26,0,15,0,90,0,32,0,57,0
Quinshon,Judkins,Cleveland Browns,HB,Ohio State,21,74,10/29/03,72,221,1,10,0,Elusive Back - HB,91,0,85,0,91,0,91,0,77,0,74,0,79,0,36,0,20,0,80,0,93,0,50,0,71,0,82,0,47,0,28,0,36,0,43,0,91,0,81,0,22,0,22,0,45,0,37,0,25,0,49,0,74,0,52,0,38,0,40,0,19,0,35,0,27,0,25,0,40,0,52,0,39,0,29,0,31,0,Default,0,57,0,47,0,90,0,74,0,79,0,39,0,14,0,27,0,27,0,7,0,29,0,24,0,92,0,84,0,35,0
Ray,Davis,Buffalo Bills,HB,Kentucky,25,74,11/11/99,70,216,1,22,1,Elusive Back - HB,88,0,86,0,84,0,88,0,78,0,72,0,82,0,30,0,34,0,83,0,93,0,52,0,71,0,85,0,54,0,10,0,30,0,35,0,87,0,82,0,20,0,20,0,69,0,30,0,12,0,61,0,74,0,49,0,27,0,33,0,25,0,19,0,10,0,15,0,36,0,55,0,36,0,28,0,33,0,Default,0,66,0,56,0,88,0,75,0,75,0,33,0,20,0,26,0,32,0,31,0,40,0,27,0,85,0,81,0,12,0
RJ,Harvey,Denver Broncos,HB,UCF,24,74,2/4/01,68,205,1,37,0,Elusive Back - HB,94,0,84,0,88,0,88,0,73,0,65,0,84,0,35,0,49,0,79,0,87,0,62,0,68,0,80,0,50,0,29,0,34,0,36,0,85,0,85,0,26,0,21,0,79,0,32,0,26,0,53,0,74,0,44,0,38,0,39,0,45,0,36,0,27,0,25,0,42,0,57,0,37,0,25,0,28,0,Default,0,60,0,59,0,92,0,80,0,78,0,39,0,48,0,50,0,54,0,54,0,68,0,43,0,81,0,81,0,28,0
Roger,Rosengarten,Baltimore Ravens,RT,Washington,23,74,6/3/02,78,300,1,70,1,Agile - OT,77,0,69,0,74,0,87,0,82,0,76,0,10,0,28,0,12,0,25,0,32,0,11,0,12,0,61,0,8,0,10,0,29,0,85,0,92,0,33,0,11,0,16,0,10,0,82,0,15,0,10,0,74,0,79,0,81,0,77,0,5,0,22,0,10,0,10,0,33,0,12,0,77,0,79,0,78,0,Long Stride Awkward,0,10,0,14,0,75,0,32,0,15,0,28,0,5,0,6,0,9,0,5,0,17,0,8,0,79,0,25,0,10,0
Ross,Matiscik,Jacksonville Jaguars,LS,Baylor,28,74,9/13/96,72,240,1,46,5,Power - LS,67,0,68,0,71,0,79,0,73,0,66,0,17,0,62,0,10,0,15,0,60,0,45,0,55,0,59,0,38,0,47,0,73,0,70,0,92,0,20,0,36,0,22,0,10,0,40,0,47,0,42,0,74,0,55,0,40,0,47,0,11,0,56,0,52,0,30,0,72,0,40,0,47,0,35,0,40,0,Default Stride Loose,0,46,0,49,0,71,0,10,0,10,0,62,0,11,0,11,0,11,0,11,0,33,0,12,0,84,0,35,0,50,0
Shavon,Revel Jr.,Dallas Cowboys,CB,East Carolina,24,74,4/8/01,74,202,1,27,0,Manto Man - CB,94,0,90,0,91,0,82,0,66,0,62,0,77,0,56,0,13,0,49,0,58,0,67,0,72,0,88,0,19,0,34,0,70,0,59,0,80,0,78,0,24,0,25,0,77,0,23,0,76,0,22,0,74,0,35,0,35,0,25,0,6,0,63,0,33,0,77,0,78,0,26,0,35,0,35,0,25,0,Long Stride Bread Loaf,0,25,0,71,0,93,0,70,0,40,0,66,0,6,0,6,0,6,0,6,0,29,0,10,0,77,0,34,0,72,0
T.J.,Sanders,Buffalo Bills,DT,South Carolina,22,74,7/30/03,76,305,1,98,0,,83,0,61,0,77,0,76,0,88,0,73,0,20,0,81,0,13,0,25,0,39,0,16,0,20,0,58,0,10,0,68,0,78,0,86,0,90,0,19,0,14,0,15,0,22,0,24,0,14,0,13,0,74,0,45,0,45,0,45,0,6,0,70,0,75,0,15,0,77,0,15,0,45,0,45,0,45,0,Long Stride Awkward,0,15,0,17,0,74,0,17,0,32,0,78,0,6,0,6,0,6,0,6,0,28,0,12,0,89,0,27,0,18,0
Theo,Johnson,NY Giants,TE,Penn State,24,74,2/26/01,78,264,1,84,1,Vertical Threat - TE,90,0,79,0,90,0,84,0,75,0,74,0,75,0,27,0,22,0,67,0,76,0,81,0,79,0,76,0,59,0,20,0,15,0,65,0,90,0,69,0,12,0,18,0,6,0,59,0,12,0,65,0,74,0,59,0,57,0,58,0,6,0,15,0,20,0,10,0,31,0,70,0,62,0,60,0,59,0,Long Stride Loose,0,67,0,78,0,87,0,61,0,67,0,31,0,10,0,15,0,27,0,14,0,29,0,13,0,89,0,69,0,14,0
Tre,Brown,San Francisco 49ers,CB,Oklahoma,27,74,9/24/97,70,185,1,22,4,Manto Man - CB,90,0,83,0,90,0,87,0,55,0,75,0,68,0,53,0,10,0,49,0,54,0,53,0,64,0,85,0,12,0,38,0,45,0,56,0,77,0,74,0,25,0,25,0,73,0,25,0,75,0,17,0,74,0,35,0,35,0,35,0,6,0,77,0,25,0,69,0,72,0,15,0,35,0,35,0,35,0,Short Stride Loose,0,27,0,54,0,91,0,70,0,28,0,62,0,6,0,6,0,6,0,6,0,30,0,12,0,80,0,29,0,72,0
Tre,Tucker,Las Vegas Raiders,WR,Cincinnati,24,74,3/8/01,69,185,1,1,2,,93,0,85,0,87,0,86,0,53,0,71,0,85,0,23,0,22,0,76,0,71,0,76,0,85,0,82,0,78,0,10,0,16,0,37,0,88,0,81,0,22,0,23,0,80,0,15,0,10,0,76,0,74,0,26,0,15,0,15,0,13,0,19,0,10,0,16,0,25,0,58,0,54,0,27,0,20,0,Short Stride Default,0,75,0,79,0,95,0,73,0,39,0,24,0,11,0,15,0,17,0,18,0,26,0,17,0,84,0,36,0,10,0
Tre'Davious,White,Buffalo Bills,CB,LSU,30,74,1/16/95,71,192,1,27,8,Manto Man - CB,91,0,88,0,82,0,90,0,75,0,72,0,82,0,53,0,40,0,70,0,65,0,58,0,74,0,86,0,18,0,36,0,66,0,53,0,83,0,82,0,18,0,22,0,80,0,18,0,73,0,25,0,74,0,25,0,35,0,35,0,16,0,71,0,28,0,83,0,77,0,32,0,25,0,35,0,35,0,Short Stride Bread Loaf,0,35,0,70,0,90,0,74,0,43,0,64,0,18,0,22,0,28,0,31,0,36,0,30,0,81,0,28,0,76,0
Trevor,Penning,New Orleans Saints,LG,Northern Iowa,26,74,5/15/99,79,325,1,70,3,Power - G,82,0,74,0,70,0,82,0,89,0,61,0,34,0,33,0,19,0,28,0,38,0,35,0,41,0,60,0,17,0,31,0,40,0,88,0,87,0,20,0,15,0,17,0,10,0,77,0,10,0,23,0,74,0,66,0,60,0,72,0,5,0,21,0,26,0,12,0,41,0,28,0,84,0,81,0,87,0,Default Stride Awkward,0,31,0,35,0,76,0,15,0,37,0,27,0,7,0,10,0,11,0,5,0,23,0,7,0,90,0,35,0,11,0
Tyler,Bass,Buffalo Bills,K,Ga. Southern,28,74,2/14/97,70,183,1,2,5,Power - KP,81,0,62,0,65,0,87,0,40,0,59,0,10,0,13,0,15,0,5,0,33,0,10,0,35,0,55,0,10,0,10,0,12,0,12,0,87,0,10,0,77,0,97,0,10,0,12,0,12,0,10,0,74,0,17,0,17,0,17,0,20,0,10,0,10,0,10,0,31,0,12,0,12,0,12,0,12,0,Short Stride Awkward,0,10,0,12,0,85,0,10,0,10,0,29,0,25,0,30,0,35,0,20,0,27,0,14,0,60,0,10,0,12,0
Tyrel,Dodson,Miami Dolphins,ROLB,Texas AM,27,74,6/25/98,72,237,1,11,6,Pass Coverage - OLB,87,0,73,0,84,0,85,0,74,0,70,0,31,0,72,0,12,0,20,0,45,0,24,0,60,0,69,0,5,0,58,0,85,0,82,0,87,0,32,0,13,0,18,0,10,0,17,0,72,0,5,0,74,0,45,0,45,0,45,0,6,0,69,0,51,0,31,0,81,0,12,0,45,0,45,0,45,0,Default Stride Loose,0,10,0,50,0,89,0,30,0,25,0,83,0,6,0,6,0,6,0,6,0,34,0,10,0,88,0,33,0,78,0
Tyrice,Knight,Seattle Seahawks,ROLB,UTEP,24,74,12/20/00,73,233,1,48,1,Run Stopper - OLB,90,0,75,0,83,0,83,0,71,0,74,0,47,0,73,0,24,0,43,0,61,0,52,0,62,0,73,0,25,0,62,0,85,0,74,0,91,0,55,0,25,0,24,0,37,0,35,0,62,0,24,0,74,0,26,0,23,0,25,0,13,0,73,0,68,0,49,0,85,0,41,0,27,0,25,0,25,0,Default Stride Loose,0,31,0,52,0,85,0,54,0,45,0,84,0,10,0,13,0,13,0,19,0,23,0,11,0,87,0,44,0,66,0
Will,Dissly,Los Angeles Chargers,TE,Washington,29,74,7/8/96,76,265,1,89,7,Possession - TE,79,0,77,0,76,0,85,0,78,0,70,0,74,0,45,0,18,0,72,0,74,0,80,0,83,0,70,0,59,0,41,0,43,0,72,0,88,0,73,0,14,0,15,0,25,0,59,0,14,0,63,0,74,0,65,0,58,0,63,0,12,0,32,0,39,0,10,0,51,0,67,0,70,0,69,0,72,0,Default Stride Loose,0,66,0,80,0,82,0,67,0,57,0,45,0,12,0,18,0,27,0,10,0,25,0,10,0,85,0,74,0,19,0
Xavier,Legette,Carolina Panthers,WR,South Carolina,24,74,1/29/01,73,221,1,17,1,,93,0,89,0,92,0,85,0,73,0,67,0,83,0,36,0,46,0,78,0,75,0,84,0,80,0,86,0,74,0,11,0,33,0,57,0,89,0,82,0,19,0,23,0,81,0,34,0,23,0,72,0,74,0,47,0,32,0,35,0,31,0,23,0,11,0,22,0,41,0,71,0,56,0,44,0,36,0,Long Stride Default,0,72,0,83,0,93,0,75,0,66,0,38,0,25,0,32,0,38,0,42,0,48,0,33,0,84,0,59,0,28,0
Adam,Butler,Las Vegas Raiders,DT,Vanderbilt,31,73,4/12/94,76,300,1,69,8,,63,0,63,0,71,0,80,0,85,0,85,0,18,0,76,0,12,0,10,0,31,0,33,0,36,0,51,0,6,0,60,0,80,0,87,0,91,0,18,0,16,0,15,0,10,0,34,0,26,0,10,0,73,0,45,0,45,0,45,0,6,0,84,0,74,0,26,0,79,0,15,0,45,0,45,0,45,0,Default Stride Awkward,0,18,0,29,0,70,0,12,0,27,0,81,0,6,0,6,0,6,0,6,0,20,0,10,0,87,0,26,0,29,0
Adonai,Mitchell,Indianapolis Colts,WR,Texas,22,73,10/8/02,74,205,1,10,1,,95,0,91,0,89,0,83,0,51,0,67,0,79,0,26,0,24,0,70,0,72,0,77,0,81,0,90,0,79,0,10,0,17,0,42,0,86,0,77,0,15,0,19,0,67,0,33,0,10,0,74,0,73,0,26,0,20,0,15,0,20,0,16,0,10,0,10,0,29,0,66,0,51,0,33,0,26,0,Long Stride Default,0,73,0,80,0,94,0,71,0,43,0,27,0,15,0,20,0,25,0,34,0,45,0,26,0,79,0,33,0,17,0
Alontae,Taylor,New Orleans Saints,CB,Tennessee,26,73,12/3/98,73,199,1,1,3,Zone - CB,94,0,81,0,92,0,89,0,60,0,75,0,72,0,37,0,46,0,57,0,63,0,59,0,72,0,83,0,36,0,45,0,74,0,54,0,91,0,76,0,21,0,21,0,45,0,15,0,67,0,40,0,73,0,35,0,35,0,35,0,38,0,73,0,36,0,73,0,70,0,42,0,35,0,35,0,35,0,Long Stride Default,0,43,0,64,0,95,0,67,0,34,0,42,0,30,0,35,0,42,0,40,0,44,0,32,0,78,0,38,0,72,0
Andres,Borregales,New England Patriots,K,Miami,23,73,1/2/02,71,202,1,36,0,Power - KP,75,0,67,0,60,0,82,0,46,0,59,0,19,0,10,0,15,0,15,0,35,0,11,0,32,0,51,0,10,0,10,0,16,0,15,0,88,0,13,0,77,0,94,0,10,0,14,0,11,0,10,0,73,0,16,0,16,0,13,0,18,0,15,0,10,0,10,0,22,0,13,0,12,0,12,0,11,0,Default Stride Awkward,0,12,0,12,0,75,0,12,0,14,0,23,0,22,0,29,0,32,0,18,0,28,0,16,0,71,0,16,0,12,0
Andrew,Billings,Chicago Bears,DT,Baylor,30,73,3/6/95,73,311,1,97,9,,68,0,62,0,69,0,72,0,89,0,75,0,28,0,76,0,12,0,17,0,28,0,14,0,26,0,51,0,3,0,56,0,80,0,82,0,86,0,23,0,19,0,23,0,9,0,28,0,18,0,5,0,73,0,44,0,45,0,44,0,6,0,77,0,77,0,13,0,74,0,15,0,45,0,45,0,46,0,Default Stride Awkward,0,13,0,16,0,70,0,17,0,32,0,83,0,6,0,6,0,6,0,6,0,24,0,10,0,78,0,43,0,26,0
Anthony,Bradford,Seattle Seahawks,RG,LSU,24,73,4/28/01,77,345,1,75,2,Power - G,84,0,56,0,74,0,83,0,92,0,74,0,11,0,25,0,12,0,9,0,31,0,16,0,24,0,52,0,7,0,10,0,20,0,86,0,87,0,10,0,16,0,15,0,10,0,70,0,11,0,9,0,73,0,66,0,60,0,72,0,5,0,21,0,10,0,10,0,22,0,11,0,78,0,76,0,80,0,Long Stride Awkward,0,11,0,14,0,70,0,10,0,10,0,30,0,6,0,7,0,10,0,6,0,12,0,7,0,85,0,14,0,12,0
Anthony,Nelson,Tampa Bay Buccaneers,LE,Iowa,28,73,3/4/97,79,271,1,98,6,Power Rusher - DE,84,0,80,0,85,0,79,0,77,0,74,0,29,0,76,0,12,0,28,0,33,0,39,0,47,0,68,0,3,0,67,0,81,0,82,0,92,0,27,0,19,0,20,0,9,0,17,0,37,0,7,0,73,0,44,0,44,0,46,0,6,0,75,0,75,0,26,0,81,0,17,0,44,0,45,0,44,0,Long Stride Loose,0,14,0,42,0,80,0,24,0,33,0,83,0,6,0,6,0,6,0,6,0,22,0,17,0,86,0,26,0,44,0
Ashton,Gillotte,Kansas City Chiefs,LE,Louisville,22,73,10/30/02,75,264,1,97,0,Run Stopper - DE,90,0,83,0,87,0,84,0,78,0,72,0,30,0,81,0,18,0,29,0,38,0,25,0,35,0,72,0,7,0,67,0,80,0,86,0,90,0,37,0,21,0,24,0,28,0,29,0,27,0,8,0,73,0,45,0,45,0,45,0,15,0,69,0,75,0,25,0,79,0,12,0,45,0,45,0,45,0,Long Stride Loose,0,15,0,25,0,84,0,32,0,32,0,79,0,7,0,10,0,15,0,12,0,27,0,15,0,91,0,30,0,36,0
Austin,Hooper,New England Patriots,TE,Stanford,30,73,10/29/94,76,254,0,81,9,Possession - TE,83,0,80,0,85,0,89,0,73,0,77,0,78,0,29,0,12,0,64,0,75,0,79,0,86,0,71,0,56,0,17,0,27,0,68,0,91,0,69,0,19,0,21,0,18,0,56,0,14,0,60,0,73,0,59,0,55,0,59,0,6,0,22,0,17,0,17,0,31,0,69,0,62,0,62,0,58,0,Default,0,65,0,81,0,81,0,59,0,78,0,34,0,6,0,10,0,15,0,10,0,26,0,15,0,88,0,70,0,21,0
Azeez,Ojulari,Philadelphia Eagles,RE,Georgia,25,73,6/16/00,75,240,1,13,4,Smaller Speed Rusher - DE,90,0,80,0,74,0,83,0,77,0,70,0,48,0,74,0,12,0,33,0,53,0,44,0,50,0,73,0,19,0,74,0,80,0,87,0,79,0,46,0,12,0,14,0,10,0,29,0,43,0,24,0,73,0,45,0,45,0,45,0,6,0,73,0,67,0,32,0,81,0,31,0,45,0,45,0,45,0,Default Stride Loose,0,29,0,48,0,85,0,39,0,40,0,76,0,6,0,6,0,6,0,6,0,23,0,14,0,82,0,33,0,51,0
Blake,Grupe,New Orleans Saints,K,Notre Dame,26,73,11/5/98,67,160,1,19,2,Power - KP,75,0,64,0,63,0,82,0,28,0,59,0,23,0,11,0,14,0,14,0,23,0,19,0,32,0,52,0,12,0,10,0,21,0,15,0,87,0,21,0,82,0,92,0,10,0,10,0,15,0,15,0,73,0,20,0,17,0,17,0,20,0,15,0,10,0,10,0,27,0,16,0,20,0,16,0,16,0,Short Stride Awkward,0,20,0,17,0,76,0,15,0,10,0,24,0,20,0,21,0,31,0,24,0,27,0,15,0,54,0,11,0,14,0
Bradley,Bozeman,Los Angeles Chargers,C,Alabama,30,73,11/24/94,77,317,1,75,7,Power - C,56,0,52,0,62,0,88,0,85,0,84,0,10,0,15,0,12,0,14,0,20,0,15,0,12,0,36,0,5,0,10,0,12,0,81,0,95,0,10,0,16,0,19,0,10,0,83,0,10,0,5,0,73,0,71,0,69,0,73,0,6,0,10,0,10,0,10,0,19,0,10,0,78,0,75,0,80,0,Long Stride Awkward,0,10,0,10,0,71,0,10,0,10,0,20,0,6,0,6,0,6,0,6,0,17,0,12,0,90,0,10,0,11,0
Braxton,Berrios,Houston Texans,WR,Miami,29,73,10/6/95,69,190,1,17,7,Slot - WR,89,0,90,0,86,0,86,0,55,0,76,0,81,0,29,0,27,0,71,0,72,0,79,0,84,0,86,0,72,0,10,0,15,0,39,0,89,0,79,0,13,0,18,0,84,0,21,0,18,0,75,0,73,0,34,0,16,0,16,0,6,0,18,0,10,0,10,0,34,0,68,0,39,0,10,0,17,0,Short Stride Loose,0,77,0,76,0,90,0,73,0,39,0,25,0,6,0,10,0,15,0,10,0,19,0,20,0,77,0,34,0,25,0
Bryce,Hall,Tampa Bay Buccaneers,CB,Virginia,27,73,11/5/97,73,202,1,34,5,Manto Man - CB,90,0,84,0,90,0,87,0,57,0,77,0,67,0,49,0,10,0,48,0,64,0,66,0,70,0,82,0,50,0,46,0,57,0,53,0,87,0,71,0,14,0,15,0,40,0,18,0,72,0,55,0,73,0,35,0,35,0,35,0,6,0,75,0,42,0,78,0,69,0,45,0,35,0,35,0,35,0,Default Stride Loose,0,59,0,72,0,89,0,62,0,43,0,65,0,6,0,6,0,6,0,6,0,35,0,12,0,83,0,45,0,73,0
Caleb,Ransaw,Jacksonville Jaguars,FS,Tulane,22,73,12/22/02,72,197,1,27,0,Hybrid - S,96,0,86,0,93,0,88,0,62,0,68,0,62,0,54,0,15,0,47,0,59,0,53,0,67,0,86,0,13,0,35,0,74,0,58,0,87,0,66,0,17,0,21,0,42,0,25,0,68,0,15,0,73,0,35,0,35,0,35,0,6,0,64,0,38,0,63,0,77,0,22,0,35,0,35,0,35,0,Default Stride Loose,0,25,0,60,0,95,0,60,0,42,0,68,0,6,0,6,0,6,0,6,0,24,0,12,0,88,0,38,0,72,0
Cam,Skattebo,NY Giants,HB,Arizona St.,23,73,2/5/02,70,216,1,44,0,Power Back - HB,90,0,87,0,92,0,94,0,81,0,67,0,83,0,40,0,57,0,86,0,86,0,56,0,72,0,85,0,52,0,35,0,43,0,51,0,94,0,82,0,58,0,66,0,83,0,47,0,19,0,55,0,73,0,55,0,42,0,46,0,51,0,18,0,32,0,17,0,47,0,61,0,48,0,34,0,33,0,Default,0,62,0,57,0,85,0,73,0,82,0,45,0,52,0,55,0,58,0,59,0,63,0,50,0,95,0,87,0,22,0
Cedrick,Wilson Jr,New Orleans Saints,WR,Boise State,29,73,11/20/95,74,197,1,11,7,,89,0,84,0,88,0,84,0,51,0,73,0,83,0,24,0,28,0,70,0,71,0,82,0,84,0,82,0,77,0,10,0,18,0,43,0,88,0,84,0,11,0,16,0,78,0,19,0,16,0,77,0,73,0,29,0,23,0,27,0,38,0,19,0,10,0,10,0,34,0,70,0,42,0,25,0,31,0,Long Stride Default,0,78,0,84,0,88,0,70,0,50,0,28,0,46,0,50,0,55,0,54,0,69,0,42,0,81,0,29,0,22,0
Chris,Moore,Washington Commanders,WR,Cincinnati,32,73,6/16/93,73,200,1,19,8,Slot - WR,88,0,86,0,87,0,80,0,58,0,77,0,77,0,24,0,22,0,72,0,73,0,82,0,84,0,81,0,74,0,11,0,15,0,46,0,88,0,77,0,22,0,23,0,77,0,26,0,16,0,77,0,73,0,40,0,19,0,21,0,6,0,21,0,11,0,16,0,29,0,68,0,55,0,20,0,27,0,Default,0,76,0,82,0,88,0,74,0,48,0,26,0,12,0,15,0,18,0,10,0,26,0,19,0,77,0,32,0,24,0
Chris,Braswell,Tampa Bay Buccaneers,RE,Alabama,23,73,10/25/01,75,251,1,43,1,Power Rusher - DE,90,0,78,0,81,0,79,0,79,0,73,0,51,0,75,0,12,0,33,0,48,0,37,0,51,0,64,0,2,0,71,0,78,0,81,0,90,0,46,0,17,0,15,0,10,0,17,0,41,0,3,0,73,0,45,0,45,0,45,0,6,0,72,0,73,0,25,0,78,0,12,0,45,0,45,0,45,0,Long Stride Loose,0,10,0,41,0,86,0,39,0,29,0,80,0,6,0,6,0,6,0,6,0,31,0,17,0,84,0,39,0,47,0
Christian,Rozeboom,Carolina Panthers,ROLB,S. Dakota St.,28,73,1/30/97,74,230,1,56,5,Pass Coverage - OLB,86,0,77,0,80,0,84,0,67,0,79,0,47,0,68,0,12,0,30,0,50,0,33,0,70,0,70,0,5,0,57,0,80,0,75,0,88,0,50,0,20,0,16,0,10,0,21,0,65,0,5,0,73,0,45,0,45,0,45,0,6,0,78,0,51,0,46,0,83,0,12,0,45,0,45,0,45,0,Default Stride Loose,0,26,0,37,0,82,0,37,0,42,0,81,0,6,0,6,0,6,0,6,0,22,0,15,0,84,0,37,0,72,0
Cole,Strange,New England Patriots,LG,Tenn-Chat,27,73,7/31/98,77,305,1,69,3,Agile - G,79,0,68,0,70,0,84,0,87,0,77,0,35,0,34,0,16,0,32,0,47,0,42,0,43,0,59,0,30,0,37,0,45,0,81,0,89,0,30,0,20,0,20,0,10,0,84,0,10,0,34,0,73,0,74,0,76,0,72,0,6,0,39,0,38,0,10,0,43,0,44,0,71,0,79,0,75,0,Long Stride Awkward,0,36,0,39,0,71,0,26,0,42,0,42,0,6,0,6,0,6,0,6,0,21,0,11,0,90,0,36,0,10,0
Coleman,Shelton,Los Angeles Rams,C,Washington,30,73,7/28/95,76,299,1,65,6,Agile - C,70,0,64,0,69,0,82,0,83,0,83,0,15,0,10,0,12,0,5,0,39,0,15,0,31,0,56,0,5,0,10,0,20,0,82,0,87,0,10,0,22,0,22,0,10,0,80,0,12,0,5,0,73,0,75,0,77,0,73,0,6,0,10,0,10,0,10,0,15,0,12,0,78,0,78,0,77,0,Long Stride Awkward,0,10,0,12,0,73,0,10,0,10,0,33,0,6,0,6,0,6,0,6,0,26,0,10,0,84,0,25,0,12,0
Colston,Loveland,Chicago Bears,TE,Michigan,21,73,4/9/04,78,248,1,84,0,Vertical Threat - TE,90,0,82,0,85,0,84,0,78,0,68,0,74,0,36,0,16,0,68,0,72,0,78,0,80,0,72,0,62,0,41,0,43,0,68,0,88,0,63,0,31,0,23,0,25,0,59,0,35,0,67,0,73,0,56,0,54,0,54,0,26,0,36,0,35,0,21,0,41,0,72,0,61,0,60,0,58,0,Long Stride High and Tight,0,70,0,81,0,86,0,55,0,69,0,38,0,10,0,27,0,15,0,23,0,23,0,34,0,93,0,70,0,36,0
Colton,McKivitz,San Francisco 49ers,RT,West Virginia,29,73,8/9/96,78,301,1,68,5,Agile - OT,68,0,55,0,66,0,82,0,84,0,85,0,10,0,33,0,12,0,6,0,32,0,15,0,35,0,48,0,5,0,18,0,30,0,82,0,89,0,10,0,25,0,25,0,10,0,84,0,12,0,5,0,73,0,74,0,76,0,72,0,6,0,31,0,26,0,10,0,31,0,15,0,78,0,81,0,75,0,Long Stride Awkward,0,15,0,15,0,71,0,10,0,35,0,34,0,6,0,6,0,6,0,6,0,30,0,10,0,88,0,25,0,15,0
Dallas,Turner,Minnesota Vikings,RE,Alabama,22,73,2/2/03,75,247,1,15,1,Smaller Speed Rusher - DE,92,0,84,0,94,0,84,0,76,0,61,0,32,0,75,0,12,0,29,0,35,0,10,0,45,0,69,0,4,0,73,0,78,0,81,0,90,0,36,0,15,0,14,0,10,0,21,0,49,0,8,0,73,0,45,0,45,0,45,0,6,0,60,0,73,0,29,0,83,0,18,0,45,0,45,0,45,0,Default Stride Loose,0,15,0,15,0,90,0,30,0,25,0,80,0,6,0,6,0,6,0,6,0,18,0,13,0,85,0,35,0,54,0
Damontae,Kazee,Cleveland Browns,FS,San Diego St.,32,73,6/5/93,71,174,1,23,8,Zone - S,86,0,87,0,82,0,90,0,68,0,77,0,77,0,55,0,13,0,69,0,73,0,74,0,77,0,85,0,13,0,34,0,80,0,52,0,85,0,76,0,25,0,30,0,76,0,11,0,70,0,18,0,73,0,35,0,35,0,35,0,6,0,75,0,26,0,72,0,76,0,24,0,35,0,35,0,35,0,Short Stride Loose,0,28,0,77,0,87,0,64,0,37,0,65,0,6,0,6,0,6,0,6,0,22,0,14,0,82,0,27,0,75,0
Dane,Belton,NY Giants,SS,Iowa,24,73,12/7/00,73,205,1,24,3,Zone - S,93,0,87,0,87,0,87,0,63,0,74,0,56,0,50,0,18,0,44,0,62,0,59,0,74,0,86,0,23,0,43,0,63,0,53,0,90,0,64,0,37,0,42,0,40,0,23,0,65,0,25,0,73,0,35,0,35,0,35,0,6,0,72,0,34,0,63,0,74,0,32,0,35,0,35,0,35,0,Default,0,28,0,63,0,91,0,56,0,43,0,67,0,6,0,6,0,6,0,15,0,23,0,10,0,78,0,36,0,71,0
Daniel,Faalele,Baltimore Ravens,RG,Minnesota,25,73,11/9/99,80,380,1,77,3,Power - G,46,0,39,0,73,0,78,0,90,0,73,0,38,0,35,0,17,0,37,0,44,0,33,0,34,0,38,0,10,0,13,0,48,0,86,0,87,0,23,0,15,0,21,0,10,0,74,0,7,0,16,0,73,0,74,0,69,0,78,0,6,0,16,0,15,0,10,0,32,0,15,0,77,0,74,0,81,0,Long Stride Awkward,0,24,0,30,0,52,0,21,0,55,0,44,0,9,0,12,0,15,0,6,0,29,0,15,0,74,0,45,0,7,0
Darius,Robinson,Arizona Cardinals,DT,Missouri,23,73,9/13/01,77,285,1,56,1,,77,0,77,0,84,0,79,0,87,0,71,0,24,0,80,0,23,0,23,0,29,0,25,0,25,0,58,0,6,0,71,0,80,0,81,0,87,0,17,0,21,0,24,0,8,0,23,0,32,0,8,0,73,0,35,0,35,0,35,0,11,0,72,0,76,0,25,0,75,0,10,0,40,0,40,0,40,0,Long Stride Loose,0,10,0,21,0,74,0,14,0,28,0,78,0,27,0,19,0,12,0,13,0,17,0,16,0,85,0,16,0,33,0
David,Ojabo,Baltimore Ravens,LE,Michigan,25,73,5/17/00,76,255,1,90,3,Smaller Speed Rusher - DE,90,0,84,0,85,0,73,0,78,0,65,0,27,0,68,0,12,0,17,0,32,0,16,0,32,0,71,0,2,0,73,0,82,0,79,0,83,0,35,0,17,0,17,0,10,0,15,0,34,0,3,0,73,0,45,0,45,0,45,0,6,0,62,0,62,0,32,0,77,0,13,0,45,0,45,0,45,0,Default Stride Loose,0,10,0,17,0,87,0,29,0,26,0,81,0,6,0,6,0,6,0,6,0,20,0,11,0,85,0,27,0,42,0
Dayo,Odeyingbo,Chicago Bears,RE,Vanderbilt,25,73,9/24/99,78,276,1,55,4,Smaller Speed Rusher - DE,84,0,79,0,83,0,81,0,84,0,71,0,44,0,77,0,12,0,28,0,44,0,29,0,45,0,65,0,14,0,77,0,81,0,86,0,89,0,36,0,15,0,15,0,10,0,17,0,23,0,19,0,73,0,45,0,45,0,45,0,6,0,68,0,69,0,22,0,81,0,24,0,45,0,45,0,45,0,Long Stride Default,0,26,0,31,0,80,0,29,0,36,0,81,0,6,0,6,0,6,0,6,0,26,0,13,0,87,0,36,0,35,0
Derek,Barnett,Houston Texans,RE,Tennessee,29,73,6/25/96,75,259,1,95,8,Run Stopper - DE,75,0,74,0,76,0,81,0,85,0,75,0,41,0,78,0,12,0,47,0,53,0,42,0,49,0,62,0,13,0,64,0,85,0,84,0,85,0,37,0,15,0,23,0,10,0,11,0,32,0,17,0,73,0,45,0,45,0,45,0,6,0,73,0,76,0,26,0,83,0,22,0,45,0,45,0,45,0,Default Stride High and Tight,0,21,0,45,0,77,0,28,0,46,0,82,0,6,0,6,0,6,0,6,0,28,0,15,0,84,0,53,0,46,0
Derion,Kendrick,Los Angeles Rams,CB,Georgia,25,73,8/24/00,72,190,1,1,3,Zone - CB,90,0,87,0,81,0,89,0,59,0,77,0,72,0,48,0,39,0,59,0,63,0,66,0,75,0,85,0,44,0,32,0,59,0,49,0,89,0,74,0,16,0,19,0,73,0,24,0,73,0,48,0,73,0,35,0,35,0,35,0,28,0,79,0,26,0,72,0,75,0,47,0,35,0,35,0,35,0,Default Stride Loose,0,54,0,69,0,85,0,66,0,35,0,54,0,35,0,38,0,41,0,44,0,42,0,25,0,82,0,39,0,78,0
Derrick,Barnes,Detroit Lions,LOLB,Purdue,26,73,5/29/99,73,245,1,55,4,Run Stopper - OLB,83,0,72,0,88,0,85,0,79,0,77,0,68,0,73,0,19,0,50,0,69,0,43,0,59,0,70,0,10,0,66,0,85,0,79,0,91,0,64,0,20,0,21,0,35,0,31,0,55,0,24,0,73,0,46,0,46,0,46,0,6,0,73,0,72,0,42,0,80,0,26,0,45,0,45,0,45,0,Default Stride Loose,0,38,0,56,0,86,0,63,0,65,0,83,0,6,0,12,0,15,0,6,0,25,0,10,0,86,0,68,0,65,0
Divine,Deablo,Atlanta Falcons,ROLB,Virginia Tech,27,73,8/17/98,75,226,1,0,4,Run Stopper - OLB,86,0,83,0,82,0,85,0,69,0,78,0,66,0,67,0,21,0,56,0,62,0,65,0,73,0,74,0,45,0,48,0,89,0,68,0,86,0,70,0,11,0,14,0,54,0,36,0,55,0,48,0,73,0,35,0,35,0,35,0,6,0,76,0,45,0,73,0,86,0,56,0,35,0,35,0,35,0,Long Stride Default,0,52,0,69,0,88,0,63,0,53,0,85,0,6,0,6,0,6,0,6,0,23,0,18,0,91,0,48,0,60,0
DJ,Glaze,Las Vegas Raiders,RT,Maryland,23,73,8/4/02,76,315,1,71,1,Power - OT,73,0,56,0,65,0,86,0,88,0,76,0,31,0,32,0,11,0,32,0,31,0,22,0,29,0,51,0,11,0,10,0,38,0,83,0,90,0,24,0,10,0,12,0,10,0,84,0,10,0,12,0,73,0,75,0,72,0,78,0,9,0,15,0,10,0,10,0,29,0,15,0,76,0,75,0,77,0,Short Stride Awkward,0,13,0,21,0,65,0,23,0,44,0,33,0,6,0,7,0,9,0,5,0,27,0,5,0,85,0,39,0,15,0
Donovan,Peoples-Jones,New Orleans Saints,WR,Michigan,26,73,2/19/99,74,204,1,14,5,Physical - WR,89,0,84,0,93,0,86,0,68,0,65,0,74,0,37,0,21,0,75,0,74,0,85,0,87,0,81,0,69,0,10,0,33,0,50,0,87,0,75,0,16,0,18,0,82,0,31,0,19,0,71,0,73,0,36,0,15,0,20,0,19,0,23,0,10,0,23,0,37,0,74,0,53,0,30,0,32,0,Long Stride Loose,0,73,0,90,0,87,0,69,0,54,0,32,0,10,0,15,0,20,0,25,0,33,0,19,0,79,0,62,0,24,0
Ed,Ingram,Houston Texans,RG,LSU,26,73,2/11/99,75,307,1,69,3,Power - G,82,0,55,0,55,0,82,0,87,0,80,0,20,0,24,0,12,0,15,0,25,0,14,0,22,0,50,0,5,0,20,0,37,0,83,0,91,0,12,0,14,0,15,0,10,0,84,0,10,0,10,0,73,0,68,0,65,0,72,0,6,0,21,0,20,0,10,0,25,0,12,0,77,0,75,0,79,0,Default Stride Awkward,0,15,0,15,0,72,0,10,0,36,0,30,0,6,0,6,0,6,0,6,0,15,0,15,0,86,0,26,0,10,0
Eric,Murray,Jacksonville Jaguars,SS,Minnesota,31,73,1/7/94,71,199,1,29,9,Hybrid - S,90,0,81,0,88,0,88,0,63,0,80,0,66,0,44,0,10,0,45,0,58,0,58,0,62,0,79,0,11,0,44,0,72,0,60,0,91,0,68,0,17,0,18,0,60,0,15,0,67,0,16,0,73,0,10,0,34,0,33,0,6,0,79,0,38,0,76,0,70,0,27,0,15,0,34,0,33,0,Default,0,26,0,67,0,86,0,65,0,29,0,68,0,6,0,6,0,6,0,6,0,27,0,14,0,84,0,26,0,72,0
Eric,Wilson,Minnesota Vikings,ROLB,Cincinnati,30,73,9/26/94,73,230,1,55,8,Run Stopper - OLB,88,0,82,0,91,0,83,0,75,0,74,0,54,0,71,0,12,0,37,0,50,0,56,0,64,0,72,0,7,0,65,0,78,0,70,0,92,0,65,0,19,0,26,0,35,0,16,0,58,0,13,0,73,0,45,0,45,0,45,0,6,0,75,0,55,0,49,0,82,0,15,0,45,0,45,0,45,0,Default Stride Loose,0,23,0,50,0,87,0,55,0,38,0,81,0,6,0,6,0,6,0,6,0,24,0,10,0,85,0,41,0,65,0
Evan,Williams,Green Bay Packers,FS,Oregon,24,73,7/28/01,71,200,1,33,1,Run Support - S,90,0,81,0,94,0,85,0,62,0,70,0,65,0,60,0,15,0,63,0,61,0,56,0,68,0,85,0,18,0,54,0,80,0,63,0,90,0,70,0,23,0,25,0,50,0,35,0,74,0,23,0,73,0,25,0,22,0,25,0,15,0,72,0,45,0,66,0,80,0,30,0,30,0,30,0,30,0,Default Stride Loose,0,25,0,64,0,86,0,65,0,46,0,71,0,10,0,10,0,15,0,15,0,25,0,16,0,88,0,51,0,72,0
Graham,Barton,Tampa Bay Buccaneers,C,Duke,23,73,6/1/02,77,311,1,62,1,Agile - C,82,0,73,0,72,0,85,0,86,0,74,0,28,0,33,0,7,0,10,0,28,0,13,0,32,0,62,0,5,0,22,0,44,0,84,0,89,0,14,0,24,0,25,0,10,0,85,0,12,0,11,0,73,0,78,0,79,0,77,0,6,0,30,0,24,0,12,0,39,0,18,0,75,0,76,0,75,0,Long Stride Awkward,0,16,0,15,0,74,0,10,0,25,0,37,0,5,0,6,0,9,0,11,0,21,0,8,0,88,0,32,0,11,0
Greg,Dortch,Arizona Cardinals,WR,Wake Forest,27,73,5/29/98,67,175,1,4,7,,90,0,87,0,77,0,80,0,43,0,74,0,83,0,22,0,23,0,69,0,68,0,77,0,87,0,89,0,70,0,10,0,16,0,38,0,85,0,85,0,14,0,19,0,82,0,17,0,18,0,73,0,73,0,25,0,13,0,10,0,10,0,16,0,10,0,12,0,26,0,62,0,40,0,19,0,16,0,Short Stride Default,0,75,0,81,0,90,0,75,0,43,0,23,0,17,0,23,0,28,0,27,0,38,0,20,0,76,0,35,0,25,0
Greg,Gaines,Tampa Bay Buccaneers,DT,Washington,29,73,5/6/96,73,312,1,96,6,,70,0,60,0,76,0,84,0,87,0,81,0,31,0,76,0,12,0,20,0,45,0,32,0,39,0,55,0,18,0,52,0,83,0,89,0,91,0,24,0,12,0,19,0,10,0,39,0,15,0,20,0,73,0,45,0,45,0,45,0,6,0,83,0,72,0,17,0,78,0,19,0,45,0,45,0,45,0,Long Stride Default,0,24,0,40,0,71,0,19,0,38,0,78,0,6,0,6,0,6,0,6,0,31,0,10,0,90,0,49,0,26,0
Hunter,Renfrow,Carolina Panthers,WR,Clemson,29,73,12/25/95,70,185,1,13,6,,86,0,85,0,85,0,90,0,61,0,74,0,86,0,46,0,28,0,74,0,71,0,81,0,85,0,87,0,72,0,21,0,49,0,51,0,87,0,83,0,34,0,42,0,81,0,26,0,35,0,74,0,73,0,35,0,17,0,19,0,26,0,31,0,16,0,34,0,50,0,65,0,44,0,22,0,17,0,Short Stride Default,0,79,0,84,0,87,0,76,0,50,0,48,0,28,0,36,0,41,0,36,0,44,0,28,0,79,0,41,0,39,0
Isaac,Guerendo,San Francisco 49ers,HB,Louisville,25,73,6/28/00,72,221,1,31,1,Elusive Back - HB,92,0,84,0,91,0,82,0,71,0,75,0,81,0,39,0,23,0,74,0,88,0,49,0,68,0,83,0,60,0,10,0,40,0,33,0,81,0,79,0,18,0,20,0,81,0,26,0,29,0,62,0,73,0,55,0,38,0,35,0,10,0,27,0,10,0,35,0,47,0,55,0,33,0,26,0,19,0,Default,0,66,0,49,0,92,0,74,0,76,0,40,0,10,0,15,0,20,0,14,0,23,0,12,0,79,0,72,0,36,0
Isaac,Yiadom,New Orleans Saints,CB,Boston College,29,73,2/20/96,73,188,1,27,7,Zone - CB,90,0,85,0,83,0,86,0,54,0,74,0,56,0,53,0,15,0,51,0,61,0,55,0,66,0,86,0,20,0,40,0,73,0,59,0,86,0,70,0,12,0,19,0,40,0,19,0,72,0,26,0,73,0,35,0,35,0,35,0,6,0,74,0,28,0,77,0,73,0,38,0,35,0,35,0,35,0,Default,0,31,0,61,0,89,0,64,0,37,0,56,0,6,0,6,0,6,0,6,0,22,0,13,0,76,0,32,0,77,0
Isaiah,McDuffie,Green Bay Packers,LOLB,Boston College,26,73,7/21/99,73,227,1,58,4,Run Stopper - OLB,89,0,75,0,79,0,79,0,73,0,75,0,73,0,69,0,22,0,54,0,74,0,41,0,60,0,68,0,24,0,52,0,79,0,71,0,86,0,68,0,12,0,14,0,10,0,29,0,61,0,29,0,73,0,45,0,45,0,45,0,6,0,75,0,48,0,42,0,84,0,35,0,45,0,45,0,45,0,Default Stride Loose,0,33,0,39,0,87,0,60,0,68,0,86,0,9,0,12,0,21,0,17,0,24,0,13,0,78,0,71,0,60,0
J.J.,McCarthy,Minnesota Vikings,QB,Michigan,22,73,1/20/03,75,219,1,9,1,Scrambler - QB,88,0,88,0,81,0,91,0,68,0,67,0,81,0,24,0,76,0,67,0,63,0,10,0,36,0,83,0,12,0,10,0,23,0,27,0,90,0,69,0,29,0,31,0,14,0,16,0,12,0,14,0,73,0,15,0,14,0,18,0,75,0,15,0,10,0,10,0,33,0,15,0,23,0,16,0,22,0,Long Stride Loose,0,15,0,12,0,85,0,65,0,51,0,29,0,80,0,81,0,86,0,82,0,91,0,80,0,95,0,56,0,14,0
Ja'Marcus,Ingram,Buffalo Bills,CB,Buffalo,27,73,9/2/97,73,185,1,46,2,Zone - CB,93,0,82,0,86,0,85,0,68,0,75,0,67,0,52,0,12,0,62,0,60,0,57,0,64,0,83,0,29,0,42,0,70,0,54,0,86,0,69,0,16,0,21,0,30,0,13,0,67,0,33,0,73,0,35,0,35,0,35,0,6,0,72,0,35,0,73,0,72,0,37,0,38,0,35,0,35,0,Default Stride Loose,0,38,0,64,0,90,0,63,0,49,0,67,0,6,0,10,0,15,0,10,0,27,0,10,0,82,0,40,0,73,0
Jack,Bech,Las Vegas Raiders,WR,TCU,22,73,12/18/02,73,214,1,18,0,Slot - WR,92,0,89,0,83,0,82,0,67,0,72,0,81,0,42,0,21,0,72,0,74,0,80,0,83,0,84,0,72,0,36,0,44,0,53,0,85,0,74,0,19,0,21,0,78,0,37,0,27,0,77,0,73,0,24,0,16,0,24,0,23,0,25,0,34,0,21,0,40,0,79,0,56,0,30,0,31,0,Long Stride Default,0,77,0,79,0,89,0,65,0,62,0,36,0,21,0,16,0,24,0,14,0,29,0,27,0,87,0,55,0,39,0
Jacob,Martin,Washington Commanders,LE,Temple,29,73,12/11/95,74,242,1,55,7,Smaller Speed Rusher - DE,85,0,80,0,83,0,82,0,77,0,74,0,34,0,75,0,12,0,22,0,50,0,30,0,48,0,71,0,5,0,77,0,78,0,69,0,89,0,37,0,11,0,17,0,10,0,17,0,38,0,5,0,73,0,45,0,45,0,45,0,6,0,71,0,62,0,31,0,79,0,25,0,45,0,45,0,45,0,Long Stride Loose,0,15,0,28,0,86,0,27,0,34,0,76,0,6,0,6,0,6,0,6,0,23,0,10,0,84,0,34,0,43,0
Jaden,Hicks,Kansas City Chiefs,SS,Wash. St.,23,73,8/16/02,74,215,1,21,1,Zone - S,91,0,87,0,89,0,83,0,67,0,70,0,63,0,64,0,11,0,59,0,68,0,57,0,71,0,84,0,17,0,53,0,87,0,65,0,95,0,70,0,15,0,16,0,50,0,31,0,69,0,22,0,73,0,30,0,26,0,27,0,16,0,68,0,45,0,71,0,79,0,40,0,35,0,35,0,35,0,Default Stride Loose,0,26,0,67,0,89,0,63,0,55,0,69,0,24,0,31,0,35,0,15,0,40,0,14,0,88,0,60,0,74,0
Jahan,Dotson,Philadelphia Eagles,WR,Penn State,25,73,3/22/00,71,182,1,2,3,,94,0,84,0,84,0,88,0,61,0,73,0,82,0,21,0,22,0,72,0,74,0,83,0,82,0,87,0,73,0,10,0,21,0,40,0,90,0,82,0,15,0,18,0,80,0,22,0,20,0,74,0,73,0,27,0,17,0,13,0,24,0,27,0,10,0,19,0,36,0,70,0,41,0,25,0,18,0,Short Stride Default,0,71,0,83,0,92,0,74,0,51,0,25,0,30,0,34,0,44,0,37,0,48,0,30,0,81,0,35,0,28,0
Jakorian,Bennett,Las Vegas Raiders,CB,Maryland,25,73,8/23/00,71,195,1,0,2,Manto Man - CB,97,0,89,0,94,0,87,0,54,0,65,0,71,0,38,0,21,0,65,0,58,0,55,0,75,0,87,0,11,0,37,0,60,0,39,0,90,0,74,0,14,0,14,0,63,0,22,0,72,0,14,0,73,0,31,0,31,0,31,0,14,0,64,0,29,0,63,0,68,0,25,0,35,0,35,0,35,0,Default Stride Loose,0,21,0,73,0,95,0,65,0,32,0,53,0,20,0,21,0,23,0,13,0,29,0,10,0,78,0,29,0,68,0
Jalen,Coker,Carolina Panthers,WR,Holy Cross,23,73,10/31/01,73,210,1,18,1,Deep Threat - WR,92,0,79,0,94,0,82,0,63,0,74,0,78,0,35,0,29,0,73,0,75,0,82,0,86,0,77,0,75,0,11,0,24,0,47,0,89,0,78,0,22,0,23,0,25,0,21,0,16,0,76,0,73,0,40,0,15,0,11,0,29,0,21,0,11,0,16,0,37,0,73,0,51,0,29,0,35,0,Long Stride Default,0,77,0,82,0,91,0,65,0,59,0,34,0,28,0,33,0,42,0,43,0,50,0,34,0,81,0,51,0,24,0
Jarrian,Jones,Jacksonville Jaguars,CB,Florida State,24,73,5/8/01,72,191,1,22,1,Manto Man - CB,93,0,88,0,93,0,85,0,43,0,69,0,70,0,46,0,12,0,65,0,61,0,59,0,74,0,84,0,22,0,43,0,61,0,54,0,87,0,73,0,18,0,16,0,48,0,15,0,74,0,26,0,73,0,25,0,15,0,14,0,6,0,69,0,28,0,68,0,70,0,31,0,28,0,21,0,23,0,Default Stride Loose,0,32,0,65,0,93,0,68,0,36,0,52,0,8,0,9,0,16,0,8,0,32,0,12,0,80,0,27,0,70,0
Jarvis,Brownlee Jr,Tennessee Titans,CB,Louisville,24,73,7/13/01,70,194,0,29,1,Zone - CB,91,0,85,0,77,0,89,0,63,0,74,0,71,0,51,0,23,0,65,0,55,0,61,0,73,0,86,0,30,0,40,0,75,0,57,0,93,0,75,0,18,0,15,0,60,0,31,0,68,0,34,0,73,0,30,0,22,0,24,0,14,0,73,0,32,0,69,0,74,0,35,0,35,0,26,0,29,0,Default Stride Loose,0,39,0,64,0,92,0,70,0,32,0,67,0,19,0,24,0,29,0,28,0,31,0,12,0,95,0,35,0,75,0
Javon,Kinlaw,Washington Commanders,DT,South Carolina,27,73,10/3/97,77,330,1,52,5,,77,0,72,0,76,0,75,0,86,0,75,0,24,0,75,0,12,0,16,0,34,0,16,0,31,0,62,0,3,0,71,0,80,0,85,0,75,0,29,0,12,0,19,0,10,0,33,0,17,0,7,0,73,0,45,0,45,0,45,0,6,0,72,0,76,0,16,0,78,0,17,0,45,0,45,0,45,0,Long Stride Loose,0,15,0,17,0,73,0,24,0,31,0,82,0,6,0,6,0,6,0,6,0,24,0,17,0,86,0,32,0,25,0
Jaylen,Wright,Miami Dolphins,HB,Tennessee,22,73,4/1/03,71,210,1,5,1,Elusive Back - HB,93,0,84,0,89,0,84,0,76,0,67,0,80,0,33,0,22,0,77,0,86,0,48,0,66,0,86,0,53,0,10,0,37,0,43,0,90,0,83,0,12,0,18,0,58,0,40,0,10,0,54,0,73,0,57,0,31,0,34,0,16,0,16,0,10,0,14,0,38,0,47,0,42,0,30,0,26,0,Default,0,60,0,48,0,93,0,76,0,74,0,34,0,12,0,16,0,22,0,17,0,26,0,17,0,89,0,80,0,17,0
Jaylin,Noel,Houston Texans,WR,Iowa State,22,73,9/4/02,70,194,1,82,0,Deep Threat - WR,94,0,89,0,84,0,90,0,66,0,68,0,83,0,39,0,38,0,70,0,73,0,79,0,82,0,86,0,78,0,33,0,39,0,51,0,93,0,77,0,30,0,29,0,80,0,35,0,25,0,76,0,73,0,29,0,24,0,30,0,35,0,35,0,28,0,25,0,42,0,72,0,55,0,25,0,27,0,Default,0,76,0,78,0,93,0,74,0,55,0,25,0,56,0,59,0,63,0,55,0,68,0,47,0,88,0,47,0,37,0
Jeremy,Reaves,Washington Commanders,FS,South Alabama,29,73,8/29/96,71,200,1,39,7,Run Support - S,85,0,76,0,76,0,88,0,61,0,75,0,66,0,52,0,10,0,49,0,64,0,48,0,59,0,74,0,10,0,41,0,85,0,55,0,84,0,74,0,13,0,16,0,35,0,11,0,65,0,13,0,73,0,35,0,35,0,35,0,6,0,75,0,33,0,71,0,81,0,15,0,35,0,35,0,35,0,Default Stride Loose,0,15,0,62,0,86,0,70,0,37,0,78,0,6,0,6,0,6,0,6,0,28,0,16,0,87,0,41,0,69,0
Jonah,Elliss,Denver Broncos,LE,Utah,22,73,4/3/03,74,248,1,52,1,Smaller Speed Rusher - DE,87,0,82,0,90,0,78,0,74,0,76,0,29,0,74,0,12,0,28,0,28,0,39,0,26,0,70,0,3,0,74,0,74,0,79,0,84,0,27,0,19,0,20,0,10,0,17,0,41,0,7,0,73,0,44,0,44,0,46,0,6,0,75,0,71,0,26,0,79,0,17,0,44,0,45,0,44,0,Default Stride Awkward,0,14,0,42,0,81,0,24,0,33,0,77,0,6,0,6,0,6,0,6,0,22,0,17,0,84,0,26,0,47,0
Jonah,Savaiinaea,Miami Dolphins,RG,Arizona,21,73,1/13/04,76,324,1,72,0,Agile - G,78,0,65,0,59,0,88,0,84,0,75,0,10,0,23,0,10,0,5,0,30,0,15,0,21,0,57,0,5,0,10,0,26,0,84,0,89,0,11,0,15,0,15,0,10,0,82,0,10,0,5,0,73,0,75,0,77,0,73,0,6,0,22,0,10,0,10,0,23,0,16,0,75,0,78,0,74,0,Long Stride Awkward,0,10,0,18,0,74,0,13,0,14,0,20,0,6,0,6,0,6,0,6,0,22,0,13,0,90,0,30,0,10,0
Jonathan,Bullard,New Orleans Saints,DT,Florida,31,73,10/22/93,75,290,1,58,9,,79,0,70,0,78,0,74,0,81,0,69,0,28,0,79,0,12,0,12,0,26,0,17,0,35,0,58,0,3,0,58,0,80,0,86,0,87,0,29,0,19,0,21,0,9,0,14,0,22,0,6,0,73,0,44,0,44,0,45,0,6,0,71,0,70,0,23,0,77,0,17,0,44,0,45,0,44,0,Default Stride Loose,0,13,0,20,0,71,0,25,0,31,0,87,0,6,0,6,0,6,0,6,0,22,0,16,0,87,0,38,0,29,0
Jordan,Burch,Arizona Cardinals,LE,Oregon,23,73,10/10/01,76,279,1,52,0,Power Rusher - DE,85,0,81,0,88,0,83,0,81,0,72,0,43,0,75,0,12,0,32,0,52,0,29,0,52,0,72,0,5,0,66,0,82,0,81,0,85,0,51,0,23,0,21,0,35,0,25,0,38,0,10,0,73,0,45,0,45,0,45,0,15,0,68,0,73,0,35,0,79,0,15,0,45,0,45,0,45,0,Long Stride Default,0,17,0,43,0,83,0,39,0,40,0,82,0,9,0,10,0,15,0,10,0,29,0,15,0,83,0,32,0,45,0
Jordan,James,San Francisco 49ers,HB,Oregon,21,73,3/29/04,70,208,1,29,0,Elusive Back - HB,92,0,85,0,80,0,84,0,72,0,65,0,80,0,33,0,16,0,78,0,92,0,58,0,62,0,84,0,48,0,30,0,30,0,33,0,93,0,82,0,14,0,17,0,78,0,28,0,20,0,54,0,73,0,48,0,37,0,38,0,31,0,28,0,27,0,22,0,35,0,49,0,34,0,25,0,28,0,Default,0,59,0,55,0,89,0,82,0,70,0,34,0,8,0,25,0,14,0,22,0,20,0,21,0,86,0,75,0,28,0
Jordan,Howden,New Orleans Saints,SS,Minnesota,25,73,5/14/00,72,209,1,31,2,Hybrid - S,93,0,88,0,93,0,90,0,58,0,72,0,67,0,50,0,12,0,51,0,55,0,57,0,65,0,84,0,30,0,35,0,84,0,51,0,92,0,68,0,9,0,10,0,60,0,23,0,68,0,37,0,73,0,30,0,30,0,30,0,6,0,70,0,41,0,65,0,71,0,32,0,30,0,35,0,35,0,Default Stride High and Tight,0,40,0,60,0,89,0,63,0,50,0,72,0,6,0,6,0,6,0,6,0,27,0,9,0,87,0,48,0,72,0
Josh,Oliver,Minnesota Vikings,TE,San Jose St.,28,73,3/21/97,77,259,1,84,6,Possession - TE,84,0,78,0,82,0,83,0,75,0,68,0,67,0,48,0,18,0,59,0,76,0,77,0,84,0,68,0,56,0,32,0,46,0,73,0,87,0,60,0,15,0,20,0,39,0,78,0,17,0,61,0,73,0,61,0,60,0,59,0,6,0,33,0,26,0,23,0,49,0,65,0,72,0,62,0,70,0,Long Stride High and Tight,0,67,0,79,0,86,0,54,0,64,0,47,0,6,0,10,0,15,0,10,0,24,0,10,0,81,0,69,0,26,0
Justin,Watson,Houston Texans,WR,Penn,30,73,4/4/95,74,215,1,84,7,Deep Threat - WR,92,0,80,0,92,0,81,0,69,0,79,0,72,0,27,0,22,0,70,0,76,0,82,0,81,0,79,0,77,0,10,0,19,0,53,0,87,0,69,0,15,0,17,0,70,0,42,0,17,0,75,0,73,0,39,0,34,0,31,0,6,0,18,0,10,0,15,0,29,0,75,0,50,0,30,0,36,0,Long Stride Loose,0,77,0,83,0,90,0,62,0,60,0,30,0,6,0,10,0,15,0,10,0,26,0,25,0,86,0,57,0,25,0
K'Lavon,Chaisson,New England Patriots,RE,LSU,26,73,7/25/99,75,245,1,44,5,Smaller Speed Rusher - DE,88,0,85,0,82,0,76,0,78,0,68,0,32,0,75,0,15,0,19,0,47,0,31,0,51,0,73,0,5,0,75,0,85,0,82,0,87,0,41,0,17,0,20,0,10,0,15,0,49,0,7,0,73,0,45,0,45,0,45,0,6,0,67,0,62,0,29,0,80,0,15,0,45,0,45,0,45,0,Default Stride Loose,0,12,0,33,0,86,0,34,0,37,0,76,0,6,0,6,0,6,0,6,0,26,0,13,0,78,0,30,0,54,0
Kelvin,Beachum,Arizona Cardinals,LT,SMU,36,73,6/8/89,75,308,1,68,13,Pass Protector - OT,61,0,57,0,70,0,86,0,87,0,88,0,15,0,40,0,12,0,12,0,30,0,10,0,42,0,44,0,5,0,30,0,25,0,84,0,94,0,20,0,17,0,12,0,10,0,73,0,15,0,5,0,73,0,79,0,76,0,81,0,6,0,15,0,30,0,10,0,30,0,15,0,74,0,76,0,72,0,Long Stride Awkward,0,10,0,15,0,63,0,25,0,17,0,45,0,6,0,6,0,6,0,6,0,12,0,14,0,71,0,24,0,25,0
Kenneth,Murray Jr,Dallas Cowboys,MLB,Oklahoma,26,73,11/17/98,74,241,1,59,5,Run Stopper - MLB,89,0,83,0,90,0,90,0,73,0,81,0,51,0,67,0,20,0,30,0,55,0,43,0,60,0,74,0,15,0,62,0,85,0,70,0,88,0,54,0,12,0,14,0,10,0,23,0,60,0,15,0,73,0,45,0,45,0,45,0,25,0,77,0,51,0,52,0,82,0,25,0,45,0,45,0,45,0,Default Stride Loose,0,15,0,47,0,87,0,48,0,45,0,85,0,19,0,20,0,22,0,21,0,25,0,28,0,85,0,35,0,58,0
Kevin,Givens,San Francisco 49ers,DT,Penn State,28,73,3/1/97,73,285,1,90,6,,66,0,63,0,76,0,76,0,88,0,80,0,16,0,75,0,12,0,17,0,27,0,10,0,32,0,58,0,2,0,68,0,76,0,82,0,86,0,17,0,20,0,20,0,10,0,32,0,19,0,3,0,73,0,45,0,45,0,45,0,6,0,77,0,74,0,10,0,78,0,12,0,45,0,45,0,45,0,Long Stride Awkward,0,10,0,12,0,73,0,13,0,24,0,82,0,6,0,6,0,6,0,6,0,25,0,10,0,88,0,35,0,29,0
Kirk,Cousins,Atlanta Falcons,QB,Michigan St.,37,73,8/19/88,75,205,1,18,13,Field General - QB,68,0,69,0,71,0,89,0,52,0,71,0,58,0,12,0,41,0,48,0,58,0,15,0,22,0,67,0,13,0,10,0,27,0,14,0,85,0,47,0,19,0,12,0,10,0,10,0,12,0,15,0,73,0,13,0,13,0,13,0,94,0,10,0,12,0,10,0,37,0,15,0,14,0,14,0,14,0,Default,0,15,0,15,0,69,0,45,0,31,0,38,0,83,0,83,0,86,0,85,0,86,0,84,0,93,0,28,0,12,0
Kris,Abrams-Draine,Denver Broncos,CB,Missouri,23,73,10/4/01,71,179,1,31,1,Slot - CB,93,0,91,0,81,0,87,0,40,0,67,0,68,0,41,0,15,0,64,0,57,0,64,0,74,0,90,0,16,0,33,0,57,0,39,0,93,0,71,0,15,0,22,0,55,0,14,0,75,0,23,0,73,0,25,0,19,0,15,0,8,0,69,0,25,0,62,0,75,0,24,0,35,0,26,0,25,0,Default Stride Loose,0,33,0,68,0,91,0,66,0,34,0,66,0,10,0,12,0,14,0,6,0,31,0,8,0,76,0,29,0,73,0
Landon,Jackson,Buffalo Bills,LE,Arkansas,22,73,1/2/03,78,264,1,94,0,Run Stopper - DE,85,0,79,0,90,0,81,0,81,0,72,0,29,0,78,0,18,0,26,0,41,0,21,0,35,0,64,0,7,0,71,0,80,0,80,0,83,0,31,0,16,0,21,0,25,0,28,0,26,0,8,0,73,0,45,0,45,0,45,0,25,0,73,0,72,0,27,0,80,0,12,0,45,0,45,0,45,0,Long Stride Loose,0,15,0,21,0,83,0,28,0,29,0,81,0,9,0,14,0,16,0,25,0,17,0,27,0,84,0,29,0,35,0
Laviska,Shenault Jr,Buffalo Bills,WR,Colorado,26,73,10/5/98,73,220,1,15,5,,88,0,87,0,90,0,85,0,74,0,69,0,87,0,53,0,33,0,82,0,78,0,81,0,80,0,85,0,70,0,27,0,55,0,54,0,85,0,87,0,14,0,20,0,78,0,39,0,24,0,72,0,73,0,44,0,26,0,30,0,26,0,31,0,31,0,21,0,51,0,75,0,58,0,29,0,31,0,Default,0,75,0,84,0,88,0,80,0,75,0,52,0,18,0,25,0,31,0,27,0,39,0,28,0,85,0,78,0,33,0
Lonnie,Johnson Jr,Las Vegas Raiders,FS,Kentucky,29,73,11/4/95,74,213,1,32,6,Hybrid - S,92,0,85,0,90,0,89,0,65,0,72,0,60,0,49,0,25,0,43,0,64,0,51,0,66,0,87,0,27,0,42,0,71,0,51,0,88,0,70,0,13,0,15,0,35,0,17,0,76,0,34,0,73,0,35,0,35,0,35,0,6,0,72,0,28,0,77,0,70,0,31,0,35,0,35,0,35,0,Default Stride Loose,0,39,0,60,0,92,0,64,0,10,0,56,0,8,0,14,0,18,0,22,0,29,0,14,0,85,0,25,0,73,0
Malcolm,Roach,Denver Broncos,DT,Texas,27,73,6/9/98,75,290,1,97,5,,80,0,64,0,74,0,73,0,83,0,78,0,33,0,77,0,12,0,25,0,40,0,33,0,49,0,50,0,19,0,74,0,78,0,82,0,80,0,21,0,25,0,25,0,11,0,14,0,27,0,28,0,73,0,50,0,45,0,45,0,6,0,77,0,67,0,10,0,76,0,28,0,48,0,45,0,45,0,Default Stride Awkward,0,31,0,41,0,74,0,17,0,35,0,82,0,6,0,6,0,6,0,6,0,26,0,15,0,80,0,28,0,32,0
Malcolm,Koonce,Las Vegas Raiders,RE,Buffalo,27,73,6/6/98,74,250,1,51,4,Smaller Speed Rusher - DE,82,0,81,0,82,0,72,0,75,0,75,0,45,0,76,0,12,0,29,0,52,0,42,0,47,0,69,0,18,0,78,0,78,0,78,0,88,0,43,0,17,0,20,0,15,0,28,0,38,0,24,0,73,0,45,0,45,0,45,0,6,0,73,0,72,0,28,0,82,0,29,0,45,0,45,0,45,0,Default Stride Loose,0,27,0,47,0,79,0,37,0,35,0,79,0,6,0,6,0,6,0,6,0,26,0,13,0,81,0,29,0,46,0
Malik,Harrison,Pittsburgh Steelers,ROLB,Ohio State,27,73,3/5/98,75,259,1,50,5,Run Stopper - OLB,86,0,84,0,86,0,82,0,75,0,73,0,44,0,74,0,40,0,36,0,55,0,42,0,58,0,73,0,16,0,60,0,83,0,79,0,87,0,55,0,46,0,55,0,33,0,14,0,54,0,21,0,73,0,45,0,45,0,45,0,21,0,72,0,70,0,55,0,83,0,20,0,45,0,45,0,45,0,Long Stride Loose,0,26,0,48,0,85,0,47,0,48,0,83,0,22,0,27,0,34,0,45,0,47,0,36,0,79,0,50,0,63,0
Markquese,Bell,Dallas Cowboys,SS,Florida AM,26,73,1/6/99,75,205,1,14,3,Run Support - S,94,0,77,0,87,0,85,0,68,0,70,0,61,0,65,0,31,0,52,0,57,0,53,0,66,0,79,0,29,0,54,0,85,0,63,0,90,0,64,0,11,0,13,0,35,0,23,0,63,0,31,0,73,0,34,0,34,0,34,0,26,0,68,0,44,0,64,0,77,0,27,0,35,0,35,0,35,0,Long Stride Loose,0,34,0,61,0,92,0,58,0,44,0,79,0,28,0,31,0,33,0,34,0,36,0,26,0,81,0,43,0,71,0
MarShawn,Lloyd,Green Bay Packers,HB,USC,24,73,1/5/01,69,215,1,32,1,Elusive Back - HB,92,0,88,0,86,0,85,0,73,0,73,0,77,0,25,0,22,0,79,0,81,0,50,0,63,0,87,0,52,0,10,0,24,0,32,0,78,0,81,0,12,0,18,0,55,0,27,0,10,0,55,0,73,0,53,0,29,0,32,0,16,0,16,0,10,0,14,0,33,0,50,0,29,0,18,0,23,0,Default,0,60,0,49,0,90,0,79,0,77,0,30,0,12,0,16,0,22,0,17,0,26,0,17,0,78,0,71,0,17,0
Mazi,Smith,Dallas Cowboys,DT,Michigan,24,73,6/16/01,75,337,1,58,2,,77,0,76,0,73,0,72,0,91,0,66,0,22,0,76,0,9,0,21,0,31,0,25,0,33,0,66,0,6,0,55,0,87,0,88,0,92,0,15,0,12,0,13,0,10,0,33,0,12,0,10,0,73,0,40,0,40,0,40,0,6,0,63,0,70,0,15,0,73,0,15,0,45,0,45,0,45,0,Default Stride Awkward,0,15,0,24,0,74,0,15,0,44,0,84,0,5,0,6,0,7,0,6,0,22,0,7,0,88,0,31,0,14,0
Michael,Mayer,Las Vegas Raiders,TE,Notre Dame,24,73,7/6/01,76,265,1,87,2,Possession - TE,86,0,76,0,85,0,88,0,79,0,63,0,73,0,52,0,18,0,63,0,75,0,82,0,82,0,71,0,58,0,43,0,55,0,73,0,93,0,70,0,14,0,15,0,25,0,61,0,23,0,63,0,73,0,60,0,58,0,61,0,12,0,35,0,39,0,29,0,56,0,63,0,64,0,63,0,64,0,Long Stride Default,0,68,0,81,0,82,0,61,0,73,0,54,0,6,0,10,0,15,0,10,0,25,0,10,0,93,0,70,0,34,0
Mike,Ford Jr,Atlanta Falcons,CB,SE Missouri St.,30,73,8/4/95,72,195,1,28,7,Manto Man - CB,92,0,92,0,93,0,87,0,58,0,71,0,68,0,51,0,15,0,55,0,62,0,56,0,69,0,87,0,29,0,45,0,57,0,45,0,85,0,75,0,15,0,21,0,60,0,15,0,75,0,36,0,73,0,35,0,35,0,35,0,6,0,70,0,40,0,71,0,74,0,44,0,35,0,35,0,35,0,Default Stride Loose,0,46,0,63,0,89,0,68,0,35,0,49,0,6,0,6,0,6,0,6,0,29,0,15,0,76,0,32,0,69,0
Mo,Alie-Cox,Indianapolis Colts,TE,Virginia Commonwealth,31,73,9/19/93,77,267,1,81,7,Vertical Threat - TE,81,0,73,0,87,0,86,0,70,0,73,0,63,0,19,0,18,0,62,0,72,0,81,0,83,0,64,0,64,0,10,0,12,0,65,0,89,0,62,0,14,0,19,0,10,0,54,0,10,0,66,0,73,0,61,0,57,0,60,0,6,0,21,0,10,0,10,0,25,0,72,0,66,0,61,0,65,0,Long Stride Loose,0,70,0,84,0,82,0,54,0,64,0,28,0,6,0,10,0,15,0,10,0,25,0,14,0,86,0,66,0,13,0
Morgan,Fox,Atlanta Falcons,DT,CSU-Pueblo,30,73,9/12/94,75,275,1,99,9,,76,0,73,0,84,0,80,0,82,0,77,0,37,0,75,0,12,0,18,0,44,0,31,0,35,0,67,0,8,0,60,0,78,0,85,0,94,0,28,0,14,0,18,0,13,0,12,0,24,0,12,0,73,0,45,0,45,0,44,0,6,0,75,0,76,0,13,0,77,0,16,0,45,0,45,0,45,0,Long Stride High and Tight,0,19,0,28,0,73,0,17,0,34,0,86,0,6,0,6,0,6,0,6,0,23,0,15,0,90,0,33,0,29,0
Nazeeh,Johnson,Kansas City Chiefs,CB,Marshall,27,73,7/17/98,70,199,1,13,3,Zone - CB,94,0,84,0,95,0,87,0,56,0,73,0,69,0,52,0,21,0,63,0,61,0,52,0,68,0,82,0,26,0,46,0,72,0,59,0,86,0,72,0,14,0,15,0,35,0,25,0,69,0,31,0,73,0,30,0,30,0,30,0,15,0,75,0,40,0,64,0,71,0,24,0,35,0,35,0,35,0,Default,0,36,0,58,0,93,0,64,0,48,0,55,0,10,0,10,0,15,0,15,0,25,0,12,0,86,0,52,0,73,0
Nohl,Williams,Kansas City Chiefs,CB,California,22,73,9/23/02,72,199,1,20,0,Manto Man - CB,89,0,84,0,83,0,94,0,63,0,73,0,75,0,56,0,19,0,52,0,68,0,68,0,79,0,83,0,34,0,32,0,69,0,57,0,92,0,72,0,18,0,30,0,79,0,24,0,75,0,36,0,73,0,35,0,35,0,25,0,6,0,73,0,31,0,76,0,75,0,37,0,35,0,35,0,25,0,Default,0,39,0,74,0,89,0,65,0,38,0,64,0,6,0,6,0,6,0,6,0,25,0,7,0,92,0,38,0,75,0
O'Cyrus,Torrence,Buffalo Bills,RG,Florida,25,73,1/20/00,77,347,1,64,2,Power - G,68,0,50,0,61,0,82,0,91,0,74,0,10,0,39,0,11,0,5,0,34,0,12,0,25,0,51,0,5,0,10,0,45,0,86,0,90,0,10,0,13,0,14,0,10,0,67,0,7,0,7,0,73,0,70,0,65,0,76,0,6,0,10,0,21,0,7,0,22,0,12,0,78,0,75,0,81,0,Long Stride Awkward,0,10,0,14,0,61,0,10,0,10,0,35,0,5,0,6,0,7,0,6,0,21,0,12,0,91,0,15,0,8,0
Olamide,Zaccheaus,Chicago Bears,WR,Virginia,28,73,7/23/97,68,193,1,14,6,,89,0,85,0,85,0,85,0,54,0,75,0,79,0,35,0,24,0,75,0,72,0,79,0,87,0,85,0,75,0,23,0,25,0,44,0,88,0,82,0,15,0,13,0,72,0,31,0,15,0,75,0,73,0,35,0,19,0,19,0,13,0,30,0,15,0,10,0,39,0,71,0,48,0,20,0,26,0,Default Stride Loose,0,77,0,80,0,90,0,75,0,39,0,35,0,7,0,12,0,19,0,10,0,31,0,20,0,84,0,35,0,23,0
P.J.,Locke,Denver Broncos,SS,Texas,28,73,2/12/97,70,202,1,6,6,Zone - S,86,0,80,0,86,0,91,0,66,0,77,0,56,0,57,0,15,0,40,0,58,0,48,0,67,0,82,0,10,0,58,0,83,0,69,0,87,0,64,0,18,0,21,0,60,0,23,0,65,0,10,0,73,0,25,0,33,0,34,0,15,0,76,0,52,0,63,0,77,0,23,0,16,0,33,0,33,0,Default Stride Loose,0,20,0,62,0,89,0,57,0,47,0,66,0,10,0,10,0,15,0,15,0,27,0,18,0,89,0,31,0,73,0
Payton,Turner,Dallas Cowboys,RE,Houston,26,73,1/7/99,78,270,1,98,4,Power Rusher - DE,84,0,83,0,85,0,74,0,82,0,68,0,27,0,73,0,12,0,16,0,39,0,19,0,37,0,72,0,4,0,66,0,86,0,86,0,85,0,36,0,15,0,15,0,10,0,17,0,23,0,7,0,73,0,45,0,45,0,45,0,6,0,63,0,75,0,16,0,82,0,16,0,45,0,45,0,45,0,Long Stride Loose,0,15,0,21,0,80,0,31,0,30,0,84,0,6,0,6,0,6,0,6,0,28,0,13,0,84,0,30,0,34,0
Richie,Grant,San Francisco 49ers,SS,UCF,27,73,11/9/97,72,200,1,24,4,Zone - S,91,0,89,0,83,0,93,0,58,0,76,0,73,0,58,0,15,0,53,0,65,0,65,0,75,0,82,0,34,0,55,0,85,0,62,0,91,0,72,0,16,0,19,0,62,0,41,0,64,0,35,0,73,0,35,0,35,0,35,0,11,0,74,0,43,0,62,0,75,0,34,0,35,0,35,0,35,0,Short Stride Loose,0,37,0,67,0,86,0,68,0,44,0,66,0,11,0,12,0,12,0,14,0,23,0,12,0,90,0,35,0,74,0
Ronnie,Hickman,Cleveland Browns,FS,Ohio State,23,73,10/11/01,73,209,1,33,2,Hybrid - S,89,0,81,0,84,0,83,0,65,0,75,0,58,0,57,0,27,0,49,0,60,0,54,0,64,0,78,0,10,0,37,0,86,0,62,0,90,0,68,0,12,0,14,0,45,0,24,0,74,0,11,0,73,0,30,0,25,0,25,0,15,0,75,0,47,0,70,0,74,0,17,0,35,0,35,0,35,0,Default Stride Loose,0,21,0,60,0,86,0,62,0,56,0,71,0,21,0,23,0,27,0,23,0,32,0,12,0,85,0,54,0,73,0
Roy,Robertson-Harris,NY Giants,DT,UTEP,32,73,7/23/93,77,290,1,95,9,,72,0,71,0,84,0,79,0,82,0,87,0,25,0,76,0,12,0,16,0,21,0,10,0,40,0,62,0,2,0,65,0,76,0,79,0,86,0,25,0,30,0,30,0,10,0,10,0,30,0,3,0,73,0,45,0,45,0,45,0,6,0,85,0,73,0,28,0,78,0,12,0,45,0,45,0,45,0,Default Stride Awkward,0,10,0,15,0,77,0,25,0,54,0,77,0,6,0,6,0,6,0,6,0,34,0,12,0,85,0,46,0,45,0
Ruke,Orhorhoro,Atlanta Falcons,DT,Clemson,23,73,10/13/01,76,290,1,98,1,,83,0,71,0,78,0,83,0,90,0,59,0,36,0,80,0,12,0,16,0,34,0,10,0,48,0,64,0,3,0,64,0,83,0,87,0,84,0,32,0,19,0,21,0,9,0,18,0,23,0,6,0,73,0,45,0,44,0,45,0,6,0,62,0,74,0,22,0,80,0,17,0,45,0,45,0,44,0,Default Stride Bread Loaf,0,13,0,12,0,76,0,27,0,36,0,80,0,6,0,6,0,6,0,6,0,22,0,15,0,88,0,33,0,29,0
Ryan,Rehkow,Cincinnati Bengals,P,BYU,26,73,9/11/98,76,235,1,8,1,Power - KP,71,0,67,0,66,0,83,0,53,0,54,0,10,0,14,0,20,0,10,0,33,0,10,0,29,0,53,0,10,0,11,0,27,0,20,0,87,0,10,0,76,0,96,0,10,0,14,0,10,0,10,0,73,0,14,0,14,0,14,0,16,0,19,0,11,0,10,0,27,0,12,0,15,0,15,0,15,0,Long Stride Awkward,0,10,0,12,0,68,0,10,0,10,0,28,0,10,0,15,0,20,0,21,0,33,0,17,0,78,0,10,0,10,0
Sean,Rhyan,Green Bay Packers,RG,UCLA,26,73,9/20/98,77,321,1,75,3,Pass Protector - G,73,0,66,0,83,0,79,0,84,0,74,0,31,0,25,0,19,0,27,0,45,0,30,0,35,0,59,0,10,0,10,0,42,0,87,0,86,0,14,0,22,0,26,0,10,0,76,0,10,0,14,0,73,0,79,0,76,0,81,0,5,0,21,0,10,0,10,0,35,0,15,0,74,0,75,0,73,0,Default Stride Awkward,0,18,0,28,0,64,0,15,0,39,0,43,0,12,0,15,0,21,0,7,0,28,0,5,0,82,0,31,0,10,0
Starling,Thomas V,Arizona Cardinals,CB,UAB,25,73,1/25/00,70,194,1,24,2,Manto Man - CB,90,0,82,0,89,0,85,0,56,0,73,0,70,0,42,0,23,0,62,0,52,0,57,0,65,0,82,0,30,0,42,0,70,0,40,0,88,0,73,0,18,0,15,0,64,0,24,0,73,0,34,0,73,0,30,0,25,0,25,0,14,0,74,0,32,0,69,0,70,0,35,0,35,0,35,0,35,0,Default Stride Loose,0,39,0,61,0,93,0,70,0,35,0,63,0,19,0,24,0,29,0,28,0,31,0,12,0,79,0,33,0,71,0
Sterling,Shepard,Tampa Bay Buccaneers,WR,Oklahoma,32,73,2/10/93,70,196,1,17,9,,90,0,89,0,90,0,84,0,68,0,71,0,84,0,24,0,26,0,76,0,75,0,81,0,80,0,85,0,75,0,11,0,15,0,46,0,81,0,84,0,22,0,23,0,73,0,26,0,16,0,74,0,73,0,41,0,15,0,11,0,18,0,21,0,11,0,16,0,40,0,78,0,60,0,32,0,39,0,Default,0,74,0,83,0,87,0,75,0,49,0,33,0,17,0,20,0,22,0,21,0,27,0,27,0,86,0,41,0,24,0
Sydney,Brown,Philadelphia Eagles,SS,Illinois,25,73,3/21/00,70,211,1,21,2,Hybrid - S,95,0,83,0,94,0,90,0,69,0,72,0,70,0,58,0,17,0,63,0,65,0,65,0,76,0,79,0,24,0,48,0,85,0,51,0,88,0,72,0,31,0,32,0,62,0,20,0,74,0,33,0,73,0,25,0,25,0,25,0,16,0,70,0,39,0,71,0,75,0,35,0,35,0,35,0,35,0,Default Stride Loose,0,37,0,69,0,90,0,63,0,45,0,64,0,24,0,28,0,34,0,27,0,42,0,17,0,83,0,44,0,67,0
Terence,Steele,Dallas Cowboys,RT,Texas Tech,28,73,6/4/97,78,310,1,78,5,Power - OT,76,0,57,0,69,0,87,0,88,0,77,0,10,0,25,0,12,0,5,0,40,0,21,0,41,0,46,0,10,0,10,0,20,0,83,0,91,0,10,0,12,0,17,0,10,0,82,0,15,0,12,0,73,0,66,0,61,0,72,0,6,0,15,0,10,0,10,0,24,0,14,0,83,0,84,0,82,0,Long Stride Loose,0,27,0,25,0,75,0,10,0,15,0,32,0,6,0,6,0,6,0,6,0,22,0,14,0,88,0,25,0,20,0
Thomas,Hennessy,NY Jets,LS,Duke,31,73,6/11/94,74,246,1,42,8,Accurate - LS,73,0,67,0,73,0,77,0,67,0,60,0,25,0,48,0,10,0,15,0,63,0,49,0,61,0,67,0,34,0,10,0,60,0,72,0,94,0,30,0,13,0,13,0,10,0,58,0,25,0,39,0,73,0,59,0,40,0,50,0,6,0,37,0,10,0,15,0,48,0,30,0,45,0,35,0,40,0,Long Stride Loose,0,44,0,52,0,74,0,25,0,45,0,59,0,6,0,6,0,6,0,6,0,38,0,10,0,76,0,34,0,24,0
Tim,Settle Jr,Houston Texans,DT,Virginia Tech,28,73,7/11/97,75,313,1,98,7,,66,0,56,0,65,0,80,0,88,0,74,0,23,0,76,0,12,0,16,0,27,0,15,0,26,0,50,0,3,0,71,0,79,0,89,0,93,0,25,0,15,0,15,0,10,0,33,0,18,0,7,0,73,0,45,0,45,0,45,0,6,0,77,0,77,0,14,0,78,0,15,0,45,0,45,0,45,0,Long Stride Awkward,0,15,0,15,0,69,0,14,0,33,0,83,0,6,0,6,0,6,0,6,0,16,0,15,0,89,0,39,0,27,0
Tre,Herndon,Indianapolis Colts,CB,Vanderbilt,29,73,3/5/96,71,190,1,42,7,Zone - CB,88,0,89,0,83,0,88,0,56,0,79,0,58,0,56,0,10,0,44,0,53,0,40,0,58,0,86,0,10,0,48,0,53,0,54,0,83,0,71,0,11,0,10,0,65,0,16,0,73,0,10,0,73,0,10,0,35,0,35,0,6,0,77,0,44,0,78,0,74,0,12,0,18,0,35,0,35,0,Short Stride Loose,0,20,0,60,0,87,0,62,0,31,0,49,0,6,0,6,0,6,0,6,0,25,0,11,0,82,0,25,0,78,0
Trent,Sieg,Dallas Cowboys,LS,Colorado St.,29,73,12/2/95,75,240,1,44,7,Power - LS,68,0,76,0,71,0,80,0,72,0,64,0,41,0,46,0,18,0,25,0,58,0,42,0,47,0,60,0,20,0,26,0,45,0,67,0,89,0,52,0,20,0,17,0,35,0,49,0,24,0,26,0,73,0,53,0,49,0,54,0,6,0,46,0,24,0,16,0,49,0,27,0,50,0,49,0,46,0,Default Stride Loose,0,30,0,45,0,75,0,42,0,44,0,65,0,6,0,6,0,6,0,6,0,29,0,10,0,88,0,45,0,25,0
Tress,Way,Washington Commanders,P,Oklahoma,35,73,4/18/90,73,220,0,10,12,Power - KP,73,0,62,0,67,0,82,0,44,0,63,0,10,0,10,0,17,0,10,0,51,0,10,0,45,0,49,0,10,0,10,0,12,0,14,0,92,0,10,0,74,0,90,0,10,0,14,0,13,0,10,0,73,0,11,0,11,0,11,0,30,0,19,0,10,0,10,0,25,0,12,0,14,0,14,0,14,0,Default Stride Awkward,0,10,0,12,0,73,0,10,0,10,0,29,0,47,0,50,0,54,0,28,0,54,0,34,0,65,0,10,0,27,0
Trey,Palmer,Tampa Bay Buccaneers,WR,Nebraska,24,73,4/2/01,72,192,1,10,2,Deep Threat - WR,92,0,80,0,79,0,81,0,54,0,76,0,81,0,36,0,21,0,71,0,72,0,78,0,83,0,86,0,77,0,20,0,40,0,47,0,90,0,73,0,15,0,18,0,77,0,28,0,33,0,75,0,73,0,30,0,25,0,22,0,6,0,31,0,13,0,37,0,46,0,71,0,57,0,35,0,29,0,Default,0,74,0,79,0,95,0,66,0,49,0,46,0,6,0,10,0,15,0,10,0,25,0,18,0,88,0,45,0,39,0
Ty,Johnson,Buffalo Bills,HB,Maryland,27,73,9/17/97,71,210,1,26,6,Elusive Back - HB,89,0,86,0,82,0,85,0,64,0,78,0,79,0,24,0,20,0,76,0,91,0,54,0,67,0,84,0,49,0,10,0,28,0,31,0,90,0,80,0,16,0,13,0,81,0,29,0,12,0,54,0,73,0,54,0,28,0,25,0,13,0,15,0,10,0,15,0,34,0,47,0,31,0,23,0,17,0,Default,0,63,0,52,0,90,0,73,0,71,0,31,0,10,0,15,0,20,0,15,0,23,0,11,0,79,0,65,0,15,0
Ty,Chandler,Minnesota Vikings,HB,North Carolina,27,73,5/12/98,71,204,1,32,3,Elusive Back - HB,95,0,81,0,77,0,87,0,65,0,76,0,80,0,25,0,19,0,77,0,90,0,56,0,67,0,79,0,51,0,10,0,26,0,36,0,92,0,79,0,17,0,22,0,76,0,41,0,11,0,57,0,73,0,42,0,35,0,30,0,18,0,11,0,10,0,10,0,35,0,51,0,46,0,32,0,25,0,Default,0,64,0,57,0,93,0,71,0,69,0,32,0,15,0,20,0,25,0,16,0,28,0,14,0,88,0,76,0,18,0
Tyler,Guyton,Dallas Cowboys,LT,Oklahoma,23,73,6/11/02,79,327,1,60,1,Agile - OT,75,0,71,0,83,0,85,0,85,0,77,0,19,0,29,0,12,0,18,0,39,0,22,0,33,0,59,0,15,0,24,0,33,0,87,0,91,0,41,0,8,0,9,0,10,0,82,0,16,0,17,0,73,0,80,0,76,0,80,0,7,0,33,0,23,0,13,0,39,0,15,0,76,0,78,0,74,0,Long Stride Awkward,0,21,0,25,0,67,0,35,0,32,0,28,0,7,0,9,0,12,0,5,0,25,0,7,0,84,0,25,0,14,0
Tyler,Loop,Baltimore Ravens,K,Arizona,24,73,8/4/01,71,191,1,33,0,Power - KP,75,0,67,0,59,0,83,0,40,0,60,0,17,0,10,0,13,0,12,0,34,0,13,0,30,0,53,0,10,0,10,0,13,0,12,0,87,0,18,0,72,0,97,0,10,0,13,0,10,0,12,0,73,0,12,0,13,0,11,0,16,0,14,0,10,0,10,0,24,0,12,0,10,0,10,0,10,0,Default Stride Awkward,0,14,0,13,0,74,0,12,0,16,0,20,0,20,0,28,0,30,0,16,0,25,0,15,0,66,0,12,0,11,0
Tyquan,Lewis,Indianapolis Colts,RE,Ohio State,30,73,1/30/95,75,277,1,94,7,Power Rusher - DE,87,0,74,0,85,0,76,0,83,0,69,0,36,0,78,0,13,0,25,0,28,0,27,0,33,0,66,0,4,0,62,0,81,0,81,0,82,0,29,0,13,0,17,0,10,0,17,0,29,0,8,0,73,0,45,0,45,0,45,0,6,0,70,0,76,0,21,0,81,0,13,0,45,0,45,0,45,0,Long Stride Default,0,15,0,24,0,80,0,21,0,28,0,82,0,6,0,6,0,6,0,6,0,20,0,15,0,88,0,26,0,38,0
Tyree,Wilson,Las Vegas Raiders,RE,Texas Tech,25,73,5/20/00,78,271,1,9,2,Power Rusher - DE,87,0,76,0,82,0,75,0,85,0,71,0,38,0,76,0,12,0,26,0,45,0,44,0,49,0,70,0,5,0,61,0,87,0,82,0,87,0,40,0,17,0,15,0,10,0,33,0,35,0,8,0,73,0,40,0,40,0,40,0,6,0,71,0,74,0,44,0,80,0,12,0,45,0,45,0,45,0,Long Stride Loose,0,10,0,47,0,81,0,32,0,62,0,81,0,6,0,6,0,6,0,6,0,22,0,17,0,90,0,48,0,45,0
Ugo,Amadi,New Orleans Saints,CB,Oregon,28,73,5/16/97,69,201,1,0,6,Slot - CB,88,0,82,0,82,0,90,0,62,0,71,0,69,0,53,0,19,0,51,0,62,0,56,0,69,0,84,0,20,0,48,0,75,0,56,0,90,0,72,0,20,0,20,0,81,0,17,0,74,0,25,0,73,0,35,0,35,0,35,0,20,0,71,0,42,0,76,0,74,0,25,0,35,0,35,0,35,0,Default Stride Loose,0,35,0,62,0,90,0,63,0,48,0,69,0,17,0,20,0,25,0,21,0,30,0,23,0,92,0,44,0,77,0
Upton,Stout,San Francisco 49ers,CB,W. Kentucky,23,73,1/9/02,69,181,1,20,0,Manto Man - CB,92,0,87,0,89,0,87,0,57,0,70,0,74,0,45,0,22,0,54,0,67,0,64,0,76,0,85,0,25,0,47,0,58,0,47,0,87,0,75,0,27,0,27,0,75,0,25,0,73,0,27,0,73,0,35,0,35,0,25,0,10,0,68,0,31,0,74,0,73,0,23,0,35,0,35,0,25,0,Default,0,31,0,72,0,91,0,68,0,40,0,65,0,6,0,6,0,10,0,6,0,18,0,10,0,85,0,31,0,73,0
Willie,Gay,Miami Dolphins,LOLB,Mississippi St.,27,73,2/15/98,73,243,1,40,5,Run Stopper - OLB,90,0,80,0,90,0,84,0,73,0,70,0,58,0,70,0,12,0,54,0,56,0,46,0,68,0,75,0,24,0,58,0,86,0,79,0,85,0,64,0,18,0,28,0,14,0,24,0,58,0,30,0,73,0,45,0,45,0,45,0,6,0,69,0,50,0,56,0,85,0,31,0,45,0,45,0,45,0,Default Stride Loose,0,35,0,64,0,87,0,57,0,45,0,84,0,6,0,6,0,6,0,6,0,25,0,16,0,84,0,43,0,62,0
Zamir,White,Las Vegas Raiders,HB,Georgia,25,73,9/18/99,72,215,1,3,3,Elusive Back - HB,91,0,84,0,80,0,87,0,78,0,75,0,81,0,37,0,20,0,80,0,89,0,46,0,62,0,82,0,34,0,10,0,35,0,40,0,86,0,80,0,17,0,21,0,60,0,25,0,11,0,43,0,73,0,52,0,23,0,28,0,14,0,13,0,10,0,14,0,43,0,43,0,39,0,26,0,32,0,Default Stride High and Tight,0,49,0,43,0,91,0,73,0,78,0,36,0,10,0,15,0,20,0,19,0,31,0,15,0,86,0,84,0,14,0
Adisa,Isaac,Baltimore Ravens,RE,Penn State,23,72,10/4/01,76,254,1,50,1,Smaller Speed Rusher - DE,86,0,77,0,83,0,78,0,72,0,73,0,24,0,71,0,14,0,13,0,24,0,21,0,25,0,71,0,5,0,75,0,74,0,78,0,83,0,41,0,21,0,22,0,10,0,20,0,42,0,7,0,72,0,49,0,51,0,48,0,6,0,71,0,71,0,42,0,80,0,12,0,49,0,50,0,45,0,Long Stride Bread Loaf,0,10,0,22,0,81,0,35,0,34,0,79,0,6,0,6,0,6,0,6,0,19,0,10,0,83,0,26,0,49,0
Aireontae,Ersery,Houston Texans,LT,Minnesota,23,72,2/19/02,78,331,1,79,0,Power - OT,76,0,58,0,73,0,88,0,85,0,74,0,19,0,45,0,11,0,16,0,30,0,18,0,19,0,50,0,5,0,26,0,32,0,82,0,89,0,10,0,28,0,15,0,10,0,82,0,11,0,5,0,72,0,76,0,74,0,78,0,6,0,20,0,31,0,10,0,21,0,13,0,75,0,74,0,77,0,Long Stride Awkward,0,15,0,18,0,72,0,10,0,36,0,32,0,6,0,6,0,6,0,6,0,18,0,10,0,88,0,31,0,12,0
Ameer,Abdullah,San Francisco 49ers,HB,Nebraska,32,72,6/13/93,69,203,1,38,10,Elusive Back - HB,91,0,86,0,90,0,84,0,68,0,76,0,76,0,30,0,26,0,74,0,83,0,56,0,72,0,86,0,45,0,5,0,21,0,22,0,91,0,84,0,21,0,23,0,84,0,24,0,10,0,55,0,72,0,54,0,44,0,48,0,10,0,23,0,5,0,25,0,17,0,53,0,37,0,18,0,19,0,Default Stride High and Tight,0,63,0,52,0,89,0,75,0,66,0,42,0,15,0,25,0,30,0,10,0,35,0,17,0,82,0,57,0,19,0
Andrew,Mukuba,Philadelphia Eagles,FS,Texas,22,72,12/7/02,71,186,1,24,0,Zone - S,91,0,82,0,85,0,89,0,64,0,70,0,69,0,57,0,14,0,57,0,64,0,61,0,73,0,84,0,29,0,33,0,78,0,53,0,85,0,68,0,18,0,20,0,43,0,25,0,66,0,33,0,72,0,35,0,35,0,35,0,6,0,67,0,35,0,70,0,82,0,36,0,35,0,35,0,35,0,Default Stride Loose,0,38,0,64,0,91,0,61,0,47,0,69,0,6,0,6,0,6,0,6,0,25,0,13,0,84,0,50,0,72,0
Anthony,Richardson Sr,Indianapolis Colts,QB,Florida,23,72,5/22/02,76,250,1,5,2,Scrambler - QB,92,0,88,0,93,0,73,0,73,0,61,0,91,0,27,0,82,0,80,0,57,0,17,0,39,0,87,0,13,0,10,0,26,0,34,0,86,0,78,0,17,0,22,0,20,0,28,0,11,0,16,0,72,0,16,0,15,0,20,0,86,0,17,0,10,0,10,0,29,0,17,0,25,0,23,0,20,0,Default,0,20,0,19,0,91,0,75,0,79,0,33,0,78,0,77,0,83,0,72,0,96,0,75,0,90,0,78,0,17,0
Ashton,Dulin,Indianapolis Colts,WR,Malone University,28,72,5/15/97,73,215,1,16,6,Deep Threat - WR,92,0,88,0,88,0,85,0,61,0,73,0,80,0,28,0,20,0,73,0,74,0,80,0,83,0,81,0,74,0,10,0,27,0,44,0,88,0,78,0,14,0,18,0,79,0,23,0,10,0,71,0,72,0,33,0,22,0,26,0,16,0,15,0,10,0,15,0,43,0,71,0,45,0,25,0,28,0,Default,0,72,0,79,0,92,0,74,0,49,0,41,0,12,0,16,0,22,0,21,0,35,0,20,0,83,0,47,0,18,0
BJ,Ojulari,Arizona Cardinals,RE,LSU,23,72,4/5/02,74,256,1,9,2,Smaller Speed Rusher - DE,91,0,84,0,81,0,78,0,75,0,61,0,24,0,68,0,14,0,13,0,30,0,21,0,29,0,73,0,5,0,74,0,84,0,71,0,85,0,41,0,21,0,22,0,10,0,45,0,41,0,7,0,72,0,49,0,51,0,48,0,6,0,62,0,66,0,42,0,84,0,12,0,49,0,50,0,45,0,Default Stride Bread Loaf,0,10,0,22,0,86,0,35,0,34,0,76,0,6,0,6,0,6,0,6,0,19,0,10,0,76,0,26,0,50,0
Blake,Brandel,Minnesota Vikings,LG,Oregon State,28,72,1/23/97,79,315,1,64,5,Power - G,63,0,52,0,76,0,79,0,87,0,81,0,10,0,15,0,12,0,5,0,29,0,10,0,23,0,47,0,5,0,10,0,35,0,83,0,88,0,10,0,27,0,37,0,10,0,81,0,12,0,5,0,72,0,75,0,71,0,79,0,6,0,15,0,15,0,10,0,22,0,12,0,74,0,77,0,71,0,Default Stride Awkward,0,10,0,12,0,69,0,10,0,10,0,29,0,6,0,6,0,6,0,6,0,25,0,5,0,92,0,15,0,15,0
Braelon,Allen,NY Jets,HB,Wisconsin,21,72,1/20/04,73,235,1,0,1,Elusive Back - HB,89,0,83,0,78,0,86,0,79,0,77,0,79,0,48,0,37,0,79,0,87,0,51,0,64,0,85,0,50,0,29,0,55,0,49,0,85,0,82,0,12,0,17,0,50,0,46,0,34,0,55,0,72,0,57,0,36,0,39,0,30,0,33,0,38,0,34,0,44,0,54,0,44,0,34,0,38,0,Long Stride Default,0,62,0,51,0,88,0,74,0,76,0,45,0,21,0,28,0,34,0,40,0,43,0,29,0,84,0,85,0,42,0
Brenton,Strange,Jacksonville Jaguars,TE,Penn State,24,72,12/27/00,75,247,1,85,2,Possession - TE,87,0,75,0,84,0,86,0,77,0,68,0,77,0,54,0,14,0,68,0,74,0,79,0,81,0,69,0,55,0,44,0,55,0,69,0,90,0,58,0,16,0,22,0,15,0,55,0,42,0,63,0,72,0,62,0,59,0,63,0,18,0,41,0,37,0,40,0,64,0,65,0,62,0,55,0,62,0,Long Stride Default,0,71,0,77,0,83,0,48,0,72,0,53,0,14,0,18,0,23,0,15,0,28,0,11,0,89,0,71,0,48,0
Broderick,Jones,Pittsburgh Steelers,LT,Georgia,24,72,5/16/01,77,311,1,77,2,Agile - OT,83,0,76,0,74,0,88,0,86,0,74,0,10,0,55,0,12,0,15,0,35,0,24,0,34,0,59,0,5,0,43,0,66,0,86,0,92,0,10,0,16,0,14,0,10,0,84,0,12,0,9,0,72,0,74,0,75,0,73,0,6,0,57,0,58,0,10,0,61,0,15,0,75,0,77,0,73,0,Long Stride Awkward,0,15,0,26,0,73,0,10,0,10,0,54,0,6,0,6,0,6,0,6,0,24,0,11,0,86,0,15,0,15,0
Bud,Dupree,Los Angeles Chargers,RE,Kentucky,32,72,2/12/93,76,269,1,48,10,Power Rusher - DE,85,0,75,0,93,0,80,0,76,0,75,0,39,0,75,0,12,0,15,0,50,0,26,0,62,0,66,0,5,0,65,0,88,0,82,0,81,0,46,0,20,0,25,0,10,0,19,0,43,0,5,0,72,0,45,0,45,0,45,0,6,0,76,0,75,0,56,0,84,0,30,0,45,0,45,0,45,0,Default,0,15,0,36,0,83,0,45,0,43,0,79,0,6,0,6,0,6,0,6,0,33,0,14,0,84,0,40,0,56,0
Caelen,Carson,Dallas Cowboys,CB,Wake Forest,23,72,3/3/02,72,193,1,21,1,Zone - CB,93,0,89,0,85,0,86,0,52,0,72,0,62,0,52,0,22,0,59,0,54,0,57,0,68,0,88,0,14,0,27,0,69,0,45,0,93,0,70,0,17,0,18,0,45,0,15,0,66,0,16,0,72,0,15,0,11,0,12,0,7,0,73,0,33,0,73,0,76,0,27,0,25,0,22,0,16,0,Default Stride Loose,0,26,0,56,0,88,0,67,0,44,0,66,0,6,0,11,0,19,0,15,0,27,0,11,0,84,0,26,0,73,0
Cam,Lewis,Buffalo Bills,SS,Buffalo,28,72,4/13/97,69,183,1,39,5,Zone - S,90,0,90,0,78,0,87,0,51,0,75,0,71,0,52,0,10,0,52,0,60,0,45,0,60,0,84,0,10,0,35,0,60,0,50,0,88,0,73,0,13,0,14,0,47,0,17,0,70,0,12,0,72,0,35,0,35,0,35,0,6,0,73,0,32,0,68,0,75,0,30,0,35,0,35,0,35,0,Short Stride Loose,0,22,0,58,0,90,0,60,0,33,0,59,0,6,0,6,0,6,0,6,0,35,0,15,0,83,0,19,0,73,0
Cam,Hart,Los Angeles Chargers,CB,Notre Dame,24,72,12/5/00,74,207,1,20,1,Manto Man - CB,92,0,80,0,93,0,85,0,59,0,69,0,75,0,61,0,32,0,67,0,66,0,65,0,70,0,81,0,48,0,32,0,72,0,61,0,86,0,75,0,22,0,21,0,65,0,25,0,73,0,51,0,72,0,35,0,32,0,31,0,26,0,68,0,23,0,76,0,73,0,60,0,35,0,35,0,35,0,Long Stride Loose,0,56,0,68,0,91,0,71,0,48,0,62,0,25,0,31,0,33,0,31,0,32,0,10,0,86,0,53,0,74,0
Cam,Ward,Tennessee Titans,QB,Miami,23,72,5/25/02,74,219,1,1,0,Scrambler - QB,85,0,83,0,80,0,92,0,66,0,72,0,73,0,40,0,77,0,63,0,65,0,28,0,45,0,81,0,19,0,39,0,34,0,30,0,93,0,62,0,28,0,24,0,28,0,32,0,33,0,17,0,72,0,26,0,33,0,36,0,80,0,32,0,38,0,33,0,24,0,25,0,32,0,33,0,33,0,Default Stride Loose,0,35,0,33,0,82,0,64,0,41,0,35,0,77,0,80,0,83,0,84,0,91,0,79,0,94,0,41,0,35,0
Cedric,Tillman,Cleveland Browns,WR,Tennessee,25,72,4/19/00,75,215,1,19,2,Deep Threat - WR,90,0,79,0,88,0,83,0,70,0,77,0,77,0,31,0,26,0,73,0,74,0,83,0,86,0,77,0,73,0,10,0,26,0,49,0,87,0,76,0,15,0,19,0,45,0,34,0,10,0,74,0,72,0,33,0,22,0,28,0,6,0,17,0,10,0,10,0,34,0,75,0,55,0,29,0,34,0,Long Stride Default,0,75,0,82,0,88,0,66,0,65,0,35,0,15,0,15,0,20,0,15,0,22,0,20,0,83,0,56,0,10,0
Christian,Haynes,Seattle Seahawks,RG,Connecticut,25,72,4/13/00,75,317,1,64,1,Power - G,75,0,68,0,80,0,86,0,87,0,76,0,33,0,20,0,7,0,32,0,33,0,31,0,29,0,56,0,10,0,10,0,38,0,83,0,95,0,27,0,15,0,15,0,10,0,82,0,12,0,11,0,72,0,73,0,72,0,75,0,11,0,23,0,10,0,10,0,29,0,21,0,74,0,74,0,73,0,Default Stride Awkward,0,19,0,32,0,71,0,23,0,44,0,33,0,13,0,15,0,21,0,9,0,23,0,7,0,93,0,35,0,15,0
Cole,Bishop,Buffalo Bills,FS,Utah,22,72,10/24/02,74,206,1,24,1,Zone - S,93,0,84,0,92,0,88,0,64,0,68,0,64,0,62,0,31,0,64,0,65,0,58,0,66,0,81,0,12,0,53,0,74,0,65,0,91,0,67,0,28,0,27,0,60,0,33,0,65,0,15,0,72,0,15,0,14,0,13,0,19,0,66,0,57,0,70,0,79,0,14,0,21,0,18,0,19,0,Default Stride Loose,0,15,0,68,0,91,0,66,0,53,0,66,0,24,0,32,0,35,0,32,0,36,0,24,0,87,0,49,0,75,0
Cordell,Volson,Cincinnati Bengals,LG,North Dakota St.,27,72,7/20/98,78,315,1,67,3,Power - G,70,0,56,0,78,0,88,0,85,0,78,0,44,0,42,0,14,0,30,0,44,0,33,0,37,0,52,0,28,0,37,0,40,0,79,0,94,0,33,0,37,0,40,0,10,0,84,0,15,0,31,0,72,0,70,0,66,0,73,0,6,0,39,0,38,0,10,0,42,0,33,0,78,0,77,0,78,0,Long Stride Awkward,0,34,0,35,0,63,0,30,0,44,0,42,0,6,0,8,0,10,0,6,0,25,0,10,0,78,0,40,0,20,0
Damone,Clark,Dallas Cowboys,MLB,LSU,25,72,6/28/00,75,240,1,18,3,Field General - MLB,89,0,80,0,87,0,85,0,67,0,67,0,52,0,68,0,21,0,44,0,58,0,48,0,57,0,74,0,25,0,46,0,81,0,81,0,83,0,61,0,15,0,16,0,10,0,32,0,65,0,29,0,72,0,45,0,45,0,45,0,11,0,63,0,49,0,46,0,81,0,31,0,45,0,45,0,45,0,Default,0,32,0,52,0,90,0,52,0,42,0,91,0,10,0,13,0,19,0,19,0,24,0,12,0,84,0,40,0,68,0
Darius,Alexander,NY Giants,DT,Toledo,25,72,8/26/00,76,305,1,91,0,,79,0,73,0,78,0,86,0,86,0,68,0,49,0,82,0,13,0,37,0,50,0,34,0,50,0,63,0,10,0,74,0,76,0,85,0,89,0,39,0,21,0,23,0,26,0,24,0,31,0,13,0,72,0,45,0,45,0,45,0,10,0,68,0,78,0,17,0,75,0,14,0,45,0,45,0,45,0,Long Stride Loose,0,16,0,44,0,74,0,31,0,49,0,77,0,6,0,6,0,9,0,10,0,22,0,7,0,89,0,42,0,37,0
Darnay,Holmes,Las Vegas Raiders,CB,UCLA,27,72,6/23/98,70,195,1,30,5,Manto Man - CB,89,0,89,0,87,0,89,0,56,0,73,0,66,0,47,0,10,0,48,0,62,0,62,0,75,0,88,0,47,0,45,0,57,0,44,0,88,0,74,0,14,0,16,0,78,0,18,0,73,0,51,0,72,0,35,0,35,0,35,0,6,0,72,0,36,0,71,0,73,0,40,0,35,0,35,0,35,0,Short Stride Loose,0,55,0,72,0,90,0,68,0,42,0,53,0,6,0,6,0,6,0,6,0,29,0,10,0,87,0,33,0,72,0
Darrell,Taylor,Houston Texans,RE,Tennessee,28,72,3/24/97,76,267,1,52,5,Smaller Speed Rusher - DE,86,0,74,0,75,0,79,0,86,0,68,0,47,0,75,0,12,0,25,0,62,0,55,0,59,0,64,0,34,0,73,0,79,0,86,0,88,0,43,0,13,0,18,0,45,0,24,0,49,0,41,0,72,0,45,0,45,0,45,0,6,0,64,0,68,0,53,0,81,0,38,0,45,0,45,0,45,0,Long Stride Loose,0,45,0,52,0,83,0,36,0,43,0,82,0,6,0,6,0,6,0,6,0,31,0,18,0,84,0,31,0,56,0
Darrick,Forrest,Buffalo Bills,SS,Cincinnati,26,72,5/22/99,71,200,1,28,4,Run Support - S,93,0,86,0,92,0,90,0,67,0,68,0,65,0,56,0,11,0,49,0,55,0,57,0,73,0,78,0,32,0,44,0,86,0,62,0,85,0,69,0,17,0,18,0,66,0,27,0,66,0,34,0,72,0,35,0,35,0,35,0,6,0,67,0,37,0,67,0,79,0,47,0,35,0,35,0,35,0,Default Stride Loose,0,36,0,68,0,91,0,65,0,45,0,73,0,10,0,12,0,14,0,6,0,24,0,10,0,78,0,37,0,70,0
DeAndre,Carter,Cleveland Browns,WR,Sacramento State,32,72,4/10/93,68,188,1,2,9,Slot - WR,92,0,91,0,87,0,84,0,60,0,73,0,73,0,34,0,24,0,64,0,69,0,77,0,85,0,89,0,73,0,23,0,25,0,42,0,88,0,80,0,15,0,13,0,80,0,31,0,15,0,75,0,72,0,28,0,19,0,19,0,13,0,22,0,15,0,10,0,39,0,70,0,36,0,20,0,26,0,Short Stride Loose,0,74,0,78,0,88,0,75,0,39,0,35,0,7,0,12,0,19,0,10,0,31,0,20,0,78,0,35,0,23,0
Dillon,Radunz,New Orleans Saints,LG,North Dakota St.,27,72,3/28/98,78,301,1,77,4,Power - G,73,0,74,0,78,0,83,0,84,0,81,0,16,0,32,0,11,0,8,0,29,0,25,0,28,0,57,0,5,0,20,0,35,0,86,0,84,0,19,0,18,0,18,0,10,0,79,0,13,0,5,0,72,0,73,0,71,0,75,0,6,0,18,0,25,0,15,0,29,0,20,0,76,0,78,0,74,0,Default Stride Awkward,0,15,0,15,0,69,0,11,0,21,0,31,0,6,0,6,0,6,0,6,0,19,0,14,0,94,0,25,0,15,0
Dorian,Strong,Buffalo Bills,CB,Virginia Tech,23,72,3/14/02,73,185,1,43,0,Slot - CB,91,0,96,0,86,0,87,0,60,0,67,0,71,0,49,0,25,0,45,0,58,0,61,0,73,0,92,0,27,0,29,0,69,0,52,0,87,0,70,0,17,0,18,0,82,0,25,0,68,0,27,0,72,0,35,0,35,0,25,0,31,0,66,0,29,0,72,0,74,0,31,0,35,0,35,0,25,0,Default,0,29,0,66,0,89,0,63,0,34,0,67,0,9,0,14,0,17,0,11,0,18,0,32,0,87,0,23,0,73,0
Eli,Apple,San Francisco 49ers,CB,Ohio State,30,72,8/9/95,73,199,1,30,9,Manto Man - CB,90,0,84,0,85,0,92,0,60,0,76,0,66,0,49,0,10,0,50,0,63,0,44,0,71,0,84,0,11,0,25,0,47,0,51,0,90,0,72,0,17,0,18,0,65,0,11,0,73,0,16,0,72,0,10,0,34,0,33,0,6,0,74,0,24,0,75,0,73,0,27,0,15,0,34,0,33,0,Default Stride Loose,0,26,0,62,0,88,0,64,0,37,0,53,0,6,0,6,0,6,0,6,0,27,0,11,0,84,0,26,0,69,0
Ennis,Rakestraw Jr,Detroit Lions,CB,Missouri,23,72,6/5/02,72,183,1,9,1,Manto Man - CB,93,0,87,0,85,0,87,0,57,0,69,0,66,0,45,0,18,0,65,0,53,0,51,0,58,0,85,0,10,0,37,0,61,0,44,0,85,0,72,0,10,0,11,0,55,0,15,0,74,0,14,0,72,0,35,0,23,0,21,0,7,0,70,0,29,0,69,0,68,0,25,0,35,0,25,0,27,0,Default Stride Loose,0,16,0,54,0,89,0,68,0,40,0,66,0,11,0,14,0,21,0,6,0,26,0,10,0,79,0,32,0,72,0
Ethan,Pocic,Cleveland Browns,C,LSU,30,72,8/5/95,78,320,1,55,8,Agile - C,64,0,56,0,68,0,87,0,88,0,75,0,15,0,33,0,12,0,7,0,28,0,14,0,34,0,50,0,7,0,10,0,40,0,83,0,86,0,20,0,12,0,12,0,10,0,88,0,12,0,13,0,72,0,71,0,70,0,71,0,6,0,32,0,10,0,10,0,27,0,16,0,82,0,84,0,78,0,Default Stride Awkward,0,23,0,17,0,71,0,15,0,27,0,36,0,6,0,6,0,6,0,6,0,24,0,11,0,87,0,34,0,12,0
Felix,Anudike-Uzomah,Kansas City Chiefs,RE,Kansas State,23,72,1/24/02,76,255,1,91,2,Smaller Speed Rusher - DE,82,0,85,0,82,0,77,0,72,0,71,0,31,0,73,0,12,0,33,0,34,0,21,0,32,0,72,0,5,0,74,0,86,0,79,0,90,0,36,0,29,0,34,0,10,0,15,0,24,0,7,0,72,0,35,0,35,0,35,0,6,0,68,0,72,0,32,0,84,0,13,0,40,0,40,0,40,0,Short Stride Loose,0,10,0,27,0,81,0,29,0,42,0,78,0,6,0,6,0,6,0,6,0,20,0,11,0,82,0,35,0,29,0
Foster,Moreau,New Orleans Saints,TE,LSU,28,72,5/6/97,76,250,1,87,6,Possession - TE,85,0,80,0,86,0,87,0,76,0,72,0,70,0,37,0,20,0,61,0,75,0,79,0,86,0,79,0,57,0,10,0,31,0,68,0,92,0,59,0,13,0,17,0,40,0,57,0,12,0,61,0,72,0,61,0,60,0,59,0,10,0,15,0,10,0,15,0,42,0,66,0,62,0,61,0,62,0,Long Stride Default,0,66,0,79,0,82,0,51,0,63,0,33,0,10,0,15,0,20,0,10,0,25,0,10,0,84,0,71,0,15,0
Hunter,Luepke,Dallas Cowboys,FB,North Dakota St.,25,72,2/28/00,73,230,1,40,2,Utility - FB,91,0,83,0,87,0,78,0,69,0,71,0,72,0,49,0,32,0,53,0,74,0,68,0,76,0,72,0,58,0,35,0,55,0,63,0,87,0,68,0,21,0,20,0,67,0,69,0,21,0,64,0,72,0,57,0,54,0,52,0,15,0,35,0,44,0,18,0,57,0,55,0,58,0,56,0,59,0,Default Stride High and Tight,0,66,0,62,0,86,0,61,0,68,0,49,0,23,0,31,0,35,0,28,0,43,0,13,0,87,0,71,0,28,0
Isaiah,Oliver,NY Jets,FS,Colorado,28,72,9/30/96,72,210,1,26,7,Hybrid - S,88,0,84,0,93,0,91,0,59,0,74,0,71,0,39,0,17,0,61,0,73,0,66,0,76,0,87,0,42,0,31,0,46,0,43,0,85,0,77,0,13,0,19,0,77,0,18,0,74,0,48,0,72,0,35,0,35,0,35,0,6,0,72,0,22,0,77,0,74,0,49,0,35,0,35,0,35,0,Default Stride Loose,0,54,0,71,0,89,0,69,0,25,0,58,0,6,0,6,0,6,0,6,0,40,0,16,0,85,0,23,0,72,0
Jack,Sanborn,Dallas Cowboys,MLB,Wisconsin,25,72,7/29/00,74,234,1,57,3,Run Stopper - MLB,87,0,79,0,83,0,85,0,72,0,78,0,53,0,77,0,15,0,47,0,63,0,50,0,65,0,71,0,24,0,45,0,83,0,85,0,92,0,54,0,21,0,22,0,12,0,35,0,53,0,30,0,72,0,35,0,35,0,35,0,6,0,77,0,62,0,37,0,85,0,25,0,40,0,40,0,40,0,Default,0,32,0,53,0,80,0,46,0,49,0,78,0,6,0,6,0,6,0,6,0,25,0,12,0,90,0,48,0,62,0
Jack,Sawyer,Pittsburgh Steelers,RE,Ohio State,23,72,5/6/02,76,260,1,33,0,Power Rusher - DE,86,0,71,0,82,0,83,0,77,0,76,0,38,0,77,0,12,0,33,0,50,0,37,0,49,0,63,0,5,0,65,0,83,0,80,0,92,0,33,0,25,0,32,0,33,0,28,0,37,0,10,0,72,0,45,0,45,0,45,0,10,0,74,0,74,0,33,0,84,0,12,0,45,0,45,0,45,0,Long Stride Loose,0,15,0,44,0,80,0,30,0,35,0,80,0,8,0,10,0,11,0,15,0,17,0,12,0,90,0,33,0,48,0
Jalen,Redmond,Minnesota Vikings,DT,Oklahoma,26,72,3/12/99,74,291,1,61,2,,85,0,74,0,83,0,67,0,85,0,70,0,22,0,77,0,10,0,10,0,42,0,30,0,37,0,64,0,5,0,71,0,79,0,85,0,83,0,27,0,12,0,14,0,10,0,34,0,18,0,6,0,72,0,40,0,40,0,40,0,5,0,71,0,66,0,25,0,76,0,15,0,45,0,45,0,45,0,Default Stride Awkward,0,10,0,35,0,79,0,25,0,35,0,79,0,6,0,6,0,6,0,6,0,22,0,5,0,81,0,35,0,24,0
Jamal,Agnew,Atlanta Falcons,WR,San Diego,30,72,4/3/95,70,190,1,14,8,,91,0,89,0,86,0,89,0,60,0,65,0,84,0,56,0,30,0,72,0,73,0,78,0,82,0,87,0,71,0,32,0,70,0,49,0,84,0,86,0,17,0,19,0,95,0,23,0,64,0,69,0,72,0,35,0,35,0,35,0,24,0,57,0,24,0,65,0,78,0,72,0,47,0,35,0,35,0,Short Stride Loose,0,72,0,79,0,91,0,78,0,58,0,63,0,30,0,35,0,40,0,25,0,49,0,30,0,74,0,42,0,62,0
Jameis,Winston,NY Giants,QB,Florida State,31,72,1/6/94,76,231,1,19,10,Strong Arm - QB,72,0,76,0,75,0,87,0,72,0,67,0,76,0,45,0,84,0,67,0,59,0,15,0,49,0,73,0,12,0,10,0,28,0,20,0,87,0,66,0,26,0,30,0,10,0,33,0,12,0,14,0,72,0,15,0,15,0,15,0,80,0,19,0,10,0,10,0,50,0,15,0,37,0,27,0,30,0,Default,0,15,0,20,0,76,0,72,0,71,0,45,0,82,0,80,0,85,0,82,0,91,0,77,0,95,0,64,0,13,0
Jamie,Gillan,NY Giants,P,Arkansas P.B.,28,72,7/4/97,73,207,0,12,6,Power - KP,74,0,64,0,87,0,84,0,69,0,59,0,34,0,28,0,22,0,25,0,40,0,14,0,37,0,56,0,15,0,10,0,64,0,21,0,87,0,36,0,76,0,90,0,10,0,14,0,13,0,15,0,72,0,18,0,18,0,18,0,17,0,23,0,10,0,10,0,50,0,16,0,17,0,17,0,17,0,Short Stride Loose,0,15,0,15,0,76,0,22,0,23,0,53,0,26,0,35,0,43,0,27,0,51,0,17,0,88,0,23,0,18,0
Jarquez,Hunter,Los Angeles Rams,HB,Auburn,22,72,12/29/02,69,204,1,35,0,Power Back - HB,91,0,78,0,86,0,86,0,73,0,73,0,77,0,42,0,31,0,83,0,88,0,49,0,65,0,75,0,40,0,31,0,41,0,37,0,93,0,76,0,21,0,21,0,82,0,36,0,40,0,52,0,72,0,48,0,36,0,38,0,26,0,46,0,29,0,44,0,49,0,47,0,39,0,29,0,32,0,Default,0,57,0,49,0,91,0,70,0,82,0,42,0,22,0,29,0,33,0,30,0,54,0,33,0,87,0,85,0,47,0
Jarrett,Patterson,Houston Texans,C,Notre Dame,26,72,9/1/99,76,310,1,54,2,Pass Protector - C,71,0,54,0,73,0,85,0,83,0,78,0,22,0,27,0,11,0,14,0,24,0,28,0,33,0,52,0,7,0,20,0,37,0,81,0,86,0,23,0,15,0,21,0,10,0,75,0,10,0,11,0,72,0,79,0,77,0,80,0,5,0,18,0,30,0,10,0,25,0,18,0,68,0,73,0,63,0,Long Stride Awkward,0,21,0,24,0,61,0,17,0,26,0,31,0,5,0,5,0,5,0,5,0,27,0,7,0,88,0,27,0,9,0
Jason,Pinnock,San Francisco 49ers,FS,Pittsburgh,26,72,6/30/99,72,205,1,25,4,Hybrid - S,93,0,87,0,93,0,89,0,61,0,74,0,69,0,52,0,12,0,51,0,56,0,61,0,72,0,86,0,40,0,37,0,61,0,55,0,89,0,72,0,20,0,20,0,60,0,28,0,68,0,44,0,72,0,35,0,35,0,35,0,6,0,73,0,33,0,73,0,68,0,51,0,39,0,39,0,39,0,Default Stride Loose,0,47,0,69,0,89,0,65,0,47,0,64,0,6,0,6,0,6,0,6,0,35,0,10,0,87,0,41,0,72,0
Jaydon,Blue,Dallas Cowboys,HB,Texas,21,72,1/8/04,69,195,1,34,0,Elusive Back - HB,95,0,89,0,77,0,81,0,65,0,61,0,82,0,30,0,18,0,78,0,84,0,59,0,71,0,88,0,59,0,27,0,27,0,40,0,86,0,80,0,25,0,24,0,69,0,33,0,29,0,64,0,72,0,52,0,36,0,39,0,20,0,37,0,25,0,26,0,43,0,60,0,36,0,24,0,27,0,Short Stride Default,0,68,0,60,0,93,0,72,0,76,0,30,0,15,0,19,0,24,0,20,0,11,0,31,0,86,0,79,0,31,0
Jaylin,Lane,Washington Commanders,WR,Virginia Tech,23,72,5/1/02,70,191,1,83,0,,93,0,91,0,90,0,88,0,58,0,65,0,80,0,36,0,28,0,76,0,72,0,76,0,84,0,90,0,73,0,28,0,32,0,38,0,86,0,79,0,20,0,24,0,82,0,24,0,34,0,70,0,72,0,22,0,11,0,20,0,33,0,28,0,27,0,25,0,31,0,71,0,46,0,23,0,22,0,Default,0,73,0,77,0,94,0,70,0,60,0,34,0,33,0,41,0,44,0,39,0,60,0,32,0,81,0,57,0,37,0
Joey,Slye,Tennessee Titans,K,Virginia Tech,29,72,4/10/96,71,213,1,6,6,Power - KP,73,0,62,0,61,0,85,0,66,0,56,0,16,0,24,0,15,0,15,0,40,0,10,0,35,0,49,0,10,0,10,0,11,0,10,0,87,0,21,0,72,0,98,0,10,0,10,0,12,0,10,0,72,0,16,0,10,0,10,0,10,0,10,0,10,0,10,0,29,0,12,0,19,0,10,0,10,0,Default Stride Awkward,0,10,0,12,0,71,0,25,0,11,0,31,0,24,0,30,0,31,0,11,0,29,0,16,0,58,0,15,0,12,0
Jonas,Sanker,New Orleans Saints,FS,Virginia,22,72,11/23/02,73,206,1,33,0,Zone - S,89,0,82,0,87,0,91,0,58,0,70,0,69,0,56,0,28,0,59,0,61,0,56,0,69,0,87,0,20,0,34,0,81,0,59,0,89,0,70,0,17,0,20,0,82,0,25,0,68,0,24,0,72,0,35,0,35,0,35,0,19,0,67,0,39,0,65,0,80,0,28,0,35,0,35,0,35,0,Default Stride Loose,0,31,0,61,0,90,0,62,0,49,0,70,0,17,0,20,0,25,0,25,0,31,0,22,0,89,0,48,0,73,0
Jonathan,Mingo,Dallas Cowboys,WR,Ole Miss,24,72,4/20/01,74,220,1,81,2,Deep Threat - WR,92,0,82,0,89,0,87,0,71,0,72,0,82,0,39,0,22,0,74,0,71,0,80,0,81,0,81,0,76,0,10,0,38,0,49,0,88,0,72,0,18,0,25,0,57,0,27,0,26,0,75,0,72,0,32,0,17,0,23,0,6,0,27,0,10,0,28,0,45,0,74,0,53,0,34,0,27,0,Default Stride Loose,0,76,0,82,0,90,0,67,0,60,0,43,0,6,0,10,0,15,0,10,0,30,0,20,0,85,0,58,0,36,0
Jordan,Whittington,Los Angeles Rams,WR,Texas,24,72,10/1/00,73,205,1,88,1,,90,0,90,0,86,0,82,0,64,0,73,0,79,0,28,0,24,0,77,0,73,0,76,0,86,0,87,0,71,0,10,0,16,0,53,0,81,0,79,0,15,0,19,0,33,0,34,0,13,0,74,0,72,0,34,0,22,0,28,0,6,0,17,0,10,0,15,0,34,0,71,0,54,0,29,0,34,0,Short Stride Default,0,74,0,78,0,89,0,69,0,57,0,28,0,15,0,15,0,20,0,15,0,22,0,20,0,77,0,54,0,18,0
Josaiah,Stewart,Los Angeles Rams,RE,Michigan,22,72,4/26/03,73,249,1,41,0,Power Rusher - DE,88,0,77,0,83,0,76,0,79,0,71,0,39,0,69,0,23,0,34,0,41,0,15,0,31,0,69,0,10,0,73,0,81,0,82,0,91,0,36,0,22,0,24,0,32,0,22,0,32,0,15,0,72,0,45,0,45,0,45,0,15,0,67,0,77,0,31,0,77,0,13,0,45,0,45,0,45,0,Default Stride Loose,0,20,0,15,0,82,0,27,0,35,0,78,0,8,0,10,0,20,0,18,0,22,0,20,0,89,0,36,0,41,0
Joseph,Ossai,Cincinnati Bengals,LE,Texas,25,72,4/12/00,76,263,1,58,4,Power Rusher - DE,90,0,80,0,90,0,75,0,80,0,66,0,42,0,70,0,12,0,25,0,57,0,43,0,53,0,65,0,5,0,68,0,84,0,84,0,85,0,34,0,38,0,45,0,10,0,17,0,45,0,5,0,72,0,45,0,45,0,45,0,6,0,62,0,75,0,47,0,78,0,15,0,45,0,45,0,45,0,Long Stride Default,0,10,0,46,0,84,0,30,0,37,0,79,0,6,0,6,0,6,0,6,0,24,0,10,0,85,0,39,0,54,0
Joshua,Karty,Los Angeles Rams,K,Stanford,23,72,3/7/02,74,207,1,16,1,Power - KP,80,0,64,0,68,0,84,0,45,0,55,0,23,0,11,0,14,0,14,0,26,0,14,0,32,0,56,0,12,0,10,0,21,0,14,0,92,0,21,0,77,0,96,0,10,0,10,0,11,0,15,0,72,0,20,0,17,0,17,0,20,0,15,0,10,0,9,0,25,0,16,0,20,0,16,0,16,0,Default Stride Awkward,0,19,0,19,0,75,0,15,0,10,0,24,0,20,0,21,0,31,0,24,0,34,0,15,0,78,0,12,0,14,0
K'Von,Wallace,NY Giants,FS,Clemson,28,72,7/25/97,71,205,1,34,5,Hybrid - S,90,0,89,0,90,0,87,0,64,0,72,0,61,0,60,0,19,0,49,0,55,0,55,0,62,0,86,0,25,0,48,0,79,0,60,0,88,0,71,0,15,0,15,0,41,0,15,0,67,0,33,0,72,0,25,0,35,0,35,0,6,0,71,0,40,0,71,0,73,0,35,0,35,0,35,0,35,0,Default Stride Loose,0,38,0,61,0,87,0,66,0,42,0,69,0,14,0,21,0,27,0,22,0,34,0,10,0,84,0,39,0,71,0
K.J.,Osborn,Washington Commanders,WR,Miami,28,72,6/10/97,71,203,1,13,5,Deep Threat - WR,90,0,82,0,87,0,88,0,64,0,76,0,81,0,39,0,25,0,73,0,75,0,78,0,86,0,78,0,73,0,10,0,35,0,45,0,90,0,79,0,12,0,18,0,78,0,30,0,12,0,76,0,72,0,37,0,16,0,20,0,6,0,14,0,10,0,16,0,41,0,74,0,47,0,28,0,35,0,Default,0,76,0,83,0,89,0,74,0,53,0,39,0,6,0,10,0,15,0,16,0,29,0,16,0,80,0,50,0,17,0
Kingsley,Suamataia,Kansas City Chiefs,LG,BYU,22,72,1/18/03,77,326,1,76,1,Power - G,76,0,67,0,70,0,88,0,89,0,69,0,28,0,30,0,11,0,20,0,31,0,31,0,35,0,52,0,11,0,33,0,30,0,84,0,91,0,15,0,25,0,31,0,10,0,81,0,15,0,12,0,72,0,74,0,69,0,77,0,9,0,20,0,35,0,15,0,27,0,14,0,75,0,76,0,73,0,Long Stride Awkward,0,14,0,32,0,71,0,15,0,35,0,40,0,9,0,11,0,15,0,9,0,78,0,12,0,85,0,40,0,20,0
KJ,Hamler,Buffalo Bills,WR,Penn State,26,72,7/8/99,69,178,1,19,5,,95,0,91,0,85,0,83,0,58,0,61,0,82,0,23,0,26,0,73,0,73,0,77,0,78,0,88,0,73,0,10,0,22,0,38,0,79,0,81,0,14,0,18,0,82,0,22,0,13,0,71,0,72,0,27,0,11,0,10,0,15,0,15,0,10,0,13,0,30,0,65,0,54,0,26,0,23,0,Short Stride Loose,0,73,0,80,0,93,0,76,0,46,0,24,0,10,0,15,0,20,0,26,0,30,0,22,0,81,0,31,0,22,0
Kyle,Williams,New England Patriots,WR,Wash. St.,22,72,11/13/02,72,190,0,18,0,Deep Threat - WR,93,0,87,0,87,0,92,0,66,0,70,0,84,0,31,0,37,0,76,0,72,0,79,0,81,0,85,0,74,0,28,0,29,0,42,0,83,0,76,0,21,0,32,0,70,0,28,0,29,0,75,0,72,0,27,0,18,0,24,0,34,0,40,0,25,0,28,0,33,0,78,0,49,0,24,0,23,0,Default,0,75,0,77,0,92,0,71,0,66,0,29,0,38,0,43,0,48,0,41,0,59,0,32,0,85,0,60,0,36,0
Layden,Robinson,New England Patriots,RG,Texas AM,24,72,5/3/01,76,315,1,64,1,Power - G,72,0,60,0,67,0,85,0,88,0,80,0,35,0,16,0,13,0,31,0,40,0,35,0,40,0,56,0,11,0,10,0,39,0,84,0,91,0,25,0,10,0,11,0,10,0,83,0,11,0,21,0,72,0,66,0,69,0,74,0,9,0,26,0,10,0,10,0,24,0,15,0,74,0,77,0,75,0,Default Stride Awkward,0,22,0,30,0,72,0,25,0,30,0,36,0,5,0,5,0,8,0,8,0,21,0,7,0,85,0,33,0,11,0
Logan,Hall,Tampa Bay Buccaneers,DT,Houston,25,72,4/22/00,78,283,1,90,3,,83,0,75,0,74,0,79,0,85,0,73,0,32,0,72,0,12,0,23,0,35,0,25,0,37,0,66,0,10,0,66,0,77,0,85,0,90,0,29,0,15,0,15,0,10,0,24,0,20,0,14,0,72,0,45,0,45,0,45,0,6,0,73,0,74,0,25,0,79,0,21,0,45,0,45,0,45,0,Long Stride Loose,0,21,0,32,0,76,0,25,0,41,0,82,0,6,0,6,0,6,0,6,0,28,0,13,0,86,0,42,0,28,0
Mario,Edwards Jr,Houston Texans,DT,Florida State,31,72,4/19/94,75,280,1,97,10,Power Rusher - DT,70,0,66,0,79,0,75,0,88,0,73,0,15,0,76,0,12,0,10,0,45,0,15,0,47,0,59,0,4,0,66,0,88,0,89,0,86,0,15,0,25,0,21,0,10,0,17,0,24,0,8,0,72,0,45,0,45,0,45,0,6,0,72,0,78,0,15,0,76,0,15,0,45,0,45,0,45,0,Default Stride Awkward,0,15,0,15,0,75,0,15,0,25,0,81,0,6,0,6,0,6,0,6,0,33,0,15,0,75,0,25,0,29,0
Marist,Liufau,Dallas Cowboys,LOLB,Notre Dame,24,72,2/9/01,74,234,1,35,1,Run Stopper - OLB,88,0,78,0,74,0,83,0,73,0,71,0,51,0,75,0,24,0,28,0,62,0,49,0,60,0,78,0,24,0,61,0,88,0,78,0,90,0,57,0,24,0,28,0,10,0,42,0,68,0,29,0,72,0,40,0,40,0,41,0,13,0,70,0,72,0,63,0,83,0,29,0,45,0,45,0,45,0,Default Stride High and Tight,0,31,0,54,0,84,0,53,0,48,0,75,0,19,0,21,0,23,0,21,0,26,0,19,0,90,0,53,0,67,0
Marshawn,Kneeland,Dallas Cowboys,LE,W. Michigan,24,72,7/8/01,75,267,1,94,1,Power Rusher - DE,84,0,79,0,85,0,77,0,78,0,74,0,34,0,75,0,12,0,28,0,24,0,10,0,26,0,75,0,2,0,69,0,78,0,81,0,89,0,34,0,18,0,23,0,10,0,10,0,31,0,3,0,72,0,45,0,45,0,45,0,6,0,75,0,75,0,28,0,79,0,12,0,45,0,45,0,45,0,Long Stride Loose,0,10,0,15,0,81,0,25,0,23,0,79,0,6,0,6,0,6,0,6,0,34,0,12,0,83,0,31,0,32,0
Marte,Mapu,New England Patriots,SS,Sacramento State,25,72,11/8/99,75,230,1,15,2,Run Support - S,88,0,83,0,82,0,87,0,68,0,68,0,72,0,64,0,50,0,62,0,63,0,62,0,73,0,80,0,34,0,58,0,85,0,64,0,88,0,67,0,21,0,22,0,45,0,34,0,70,0,38,0,72,0,35,0,35,0,35,0,35,0,66,0,41,0,66,0,81,0,44,0,35,0,35,0,35,0,Default Stride Loose,0,42,0,64,0,88,0,63,0,55,0,80,0,39,0,41,0,46,0,46,0,54,0,31,0,84,0,55,0,67,0
Mason,Taylor,NY Jets,TE,LSU,21,72,5/8/04,77,246,1,85,0,Possession - TE,86,0,83,0,81,0,91,0,75,0,67,0,75,0,42,0,25,0,67,0,71,0,78,0,82,0,69,0,58,0,39,0,39,0,67,0,92,0,66,0,30,0,18,0,22,0,57,0,34,0,66,0,72,0,60,0,58,0,61,0,10,0,31,0,36,0,18,0,42,0,71,0,62,0,59,0,63,0,Long Stride Default,0,71,0,78,0,83,0,54,0,66,0,39,0,11,0,14,0,7,0,26,0,22,0,35,0,92,0,65,0,37,0
Matt,Pryor,Philadelphia Eagles,RG,TCU,30,72,12/16/94,79,332,1,79,7,Power - G,53,0,57,0,63,0,81,0,86,0,77,0,12,0,22,0,12,0,18,0,21,0,15,0,23,0,49,0,5,0,17,0,30,0,84,0,87,0,17,0,13,0,17,0,10,0,82,0,10,0,5,0,72,0,76,0,73,0,79,0,6,0,14,0,21,0,10,0,25,0,12,0,75,0,78,0,72,0,Default Stride Awkward,0,10,0,15,0,60,0,15,0,21,0,27,0,6,0,6,0,6,0,6,0,19,0,13,0,85,0,24,0,12,0
Michael,Gallup,Washington Commanders,WR,Colorado St.,29,72,4/4/96,73,198,1,12,6,,87,0,86,0,93,0,87,0,68,0,75,0,85,0,28,0,20,0,77,0,77,0,82,0,83,0,81,0,75,0,10,0,28,0,44,0,85,0,81,0,15,0,19,0,55,0,20,0,15,0,73,0,72,0,28,0,20,0,24,0,10,0,17,0,10,0,13,0,31,0,76,0,48,0,29,0,26,0,Short Stride Default,0,73,0,84,0,88,0,76,0,77,0,32,0,10,0,15,0,20,0,10,0,25,0,18,0,85,0,47,0,20,0
Micheal,Clemons,NY Jets,RE,Texas AM,28,72,8/21/97,77,281,1,72,3,Power Rusher - DE,84,0,74,0,84,0,73,0,80,0,74,0,29,0,77,0,19,0,23,0,28,0,20,0,30,0,65,0,4,0,60,0,81,0,84,0,86,0,27,0,12,0,15,0,10,0,18,0,20,0,8,0,72,0,45,0,45,0,45,0,6,0,72,0,74,0,26,0,82,0,12,0,45,0,45,0,45,0,Long Stride Awkward,0,10,0,26,0,77,0,29,0,31,0,82,0,10,0,15,0,20,0,10,0,23,0,12,0,87,0,27,0,28,0
Mike,Hall Jr,Cleveland Browns,DT,Ohio State,22,72,6/13/03,74,300,1,51,1,,85,0,67,0,80,0,77,0,79,0,73,0,33,0,78,0,12,0,24,0,36,0,28,0,33,0,58,0,3,0,73,0,80,0,83,0,88,0,34,0,12,0,16,0,10,0,18,0,21,0,5,0,72,0,45,0,45,0,45,0,6,0,72,0,75,0,13,0,77,0,12,0,45,0,45,0,45,0,Default Stride Loose,0,10,0,27,0,81,0,34,0,46,0,83,0,6,0,6,0,6,0,6,0,30,0,17,0,87,0,49,0,27,0
Nik,Needham,Cleveland Browns,CB,UTEP,28,72,11/4/96,73,196,1,25,6,Manto Man - CB,86,0,86,0,75,0,88,0,56,0,79,0,56,0,52,0,10,0,55,0,60,0,58,0,71,0,87,0,25,0,36,0,58,0,46,0,87,0,72,0,11,0,10,0,63,0,17,0,73,0,28,0,72,0,35,0,35,0,35,0,6,0,77,0,32,0,73,0,67,0,30,0,35,0,35,0,35,0,Default Stride Loose,0,33,0,66,0,87,0,68,0,38,0,63,0,6,0,6,0,6,0,6,0,27,0,16,0,80,0,31,0,72,0
Nyheim,Hines,Los Angeles Chargers,HB,N.C. State,28,72,11/12/96,69,196,1,31,7,Elusive Back - HB,92,0,88,0,85,0,85,0,62,0,69,0,78,0,20,0,20,0,74,0,85,0,70,0,73,0,82,0,62,0,10,0,15,0,27,0,86,0,84,0,13,0,19,0,91,0,26,0,11,0,67,0,72,0,53,0,31,0,28,0,15,0,16,0,5,0,10,0,33,0,60,0,26,0,17,0,20,0,Short Stride Default,0,72,0,62,0,90,0,77,0,72,0,27,0,10,0,15,0,20,0,16,0,25,0,16,0,81,0,46,0,18,0
Ogbo,Okoronkwo,Philadelphia Eagles,LE,Oklahoma,30,72,4/24/95,74,250,1,50,7,Smaller Speed Rusher - DE,83,0,78,0,90,0,74,0,83,0,77,0,36,0,76,0,13,0,39,0,40,0,25,0,41,0,69,0,15,0,73,0,75,0,83,0,85,0,39,0,10,0,15,0,10,0,25,0,45,0,15,0,72,0,45,0,45,0,45,0,5,0,74,0,67,0,30,0,84,0,15,0,45,0,45,0,45,0,Short Stride Default,0,15,0,15,0,81,0,35,0,10,0,77,0,5,0,5,0,5,0,5,0,19,0,16,0,85,0,25,0,51,0
Parker,Washington,Jacksonville Jaguars,WR,Penn State,23,72,3/21/02,70,212,1,11,2,,91,0,87,0,89,0,85,0,66,0,72,0,83,0,20,0,20,0,77,0,75,0,81,0,82,0,87,0,71,0,10,0,31,0,48,0,89,0,79,0,18,0,20,0,80,0,29,0,10,0,74,0,72,0,24,0,12,0,15,0,6,0,16,0,10,0,10,0,20,0,66,0,43,0,24,0,18,0,Short Stride Default,0,74,0,84,0,89,0,74,0,52,0,30,0,6,0,10,0,15,0,10,0,25,0,20,0,87,0,59,0,10,0
Patrick,Paul,Miami Dolphins,LT,Houston,23,72,11/1/01,80,331,1,52,1,Power - OT,73,0,63,0,72,0,88,0,90,0,71,0,30,0,41,0,11,0,20,0,35,0,31,0,33,0,57,0,11,0,35,0,44,0,85,0,93,0,22,0,21,0,25,0,10,0,81,0,14,0,21,0,72,0,75,0,72,0,79,0,5,0,20,0,33,0,11,0,32,0,25,0,76,0,76,0,74,0,Long Stride Awkward,0,23,0,38,0,68,0,21,0,39,0,44,0,11,0,11,0,14,0,5,0,32,0,5,0,85,0,40,0,11,0
Patrick,Jones II,Carolina Panthers,LE,Pittsburgh,26,72,9/29/98,76,264,1,91,4,Power Rusher - DE,86,0,72,0,78,0,78,0,78,0,76,0,28,0,74,0,12,0,23,0,41,0,22,0,38,0,65,0,5,0,68,0,76,0,82,0,89,0,37,0,12,0,17,0,10,0,16,0,30,0,5,0,72,0,45,0,45,0,45,0,6,0,74,0,76,0,26,0,79,0,12,0,45,0,45,0,45,0,Long Stride Loose,0,10,0,23,0,77,0,33,0,31,0,79,0,6,0,6,0,6,0,6,0,18,0,16,0,82,0,27,0,39,0
Princely,Umanmielen,Carolina Panthers,RE,Ole Miss,23,72,4/18/02,76,244,1,33,0,Smaller Speed Rusher - DE,89,0,80,0,89,0,80,0,79,0,70,0,31,0,79,0,22,0,24,0,39,0,23,0,32,0,69,0,7,0,77,0,78,0,76,0,88,0,39,0,23,0,22,0,28,0,25,0,46,0,8,0,72,0,45,0,45,0,45,0,6,0,66,0,70,0,39,0,78,0,15,0,45,0,45,0,45,0,Long Stride Loose,0,15,0,22,0,82,0,33,0,31,0,74,0,6,0,10,0,19,0,6,0,25,0,10,0,86,0,25,0,52,0
Quincy,Riley,New Orleans Saints,CB,Louisville,24,72,5/26/01,71,194,1,29,0,Manto Man - CB,90,0,90,0,85,0,89,0,64,0,71,0,74,0,44,0,28,0,45,0,66,0,65,0,77,0,85,0,30,0,32,0,56,0,48,0,86,0,72,0,17,0,22,0,75,0,26,0,74,0,33,0,72,0,35,0,35,0,25,0,27,0,68,0,32,0,73,0,72,0,33,0,35,0,35,0,25,0,Short Stride Loose,0,32,0,71,0,90,0,66,0,35,0,48,0,12,0,12,0,20,0,25,0,28,0,29,0,85,0,33,0,74,0
Roschon,Johnson,Chicago Bears,HB,Texas,24,72,1/31/01,72,225,1,23,2,Power Back - HB,89,0,82,0,77,0,81,0,78,0,77,0,83,0,32,0,43,0,81,0,93,0,46,0,66,0,81,0,37,0,10,0,36,0,45,0,89,0,77,0,24,0,26,0,72,0,33,0,10,0,45,0,72,0,58,0,37,0,43,0,38,0,14,0,10,0,13,0,39,0,44,0,33,0,20,0,25,0,Long Stride Default,0,53,0,47,0,86,0,72,0,73,0,33,0,31,0,38,0,44,0,46,0,50,0,36,0,85,0,81,0,15,0
Roy,Lopez,Detroit Lions,DT,Arizona,28,72,8/7/97,74,318,1,51,4,,68,0,69,0,76,0,78,0,90,0,74,0,14,0,76,0,12,0,20,0,23,0,13,0,22,0,60,0,5,0,67,0,74,0,82,0,90,0,17,0,13,0,17,0,15,0,29,0,12,0,8,0,72,0,45,0,45,0,45,0,6,0,78,0,75,0,11,0,75,0,12,0,45,0,45,0,45,0,Long Stride Awkward,0,10,0,12,0,66,0,16,0,27,0,78,0,6,0,6,0,6,0,6,0,21,0,16,0,86,0,30,0,19,0
Shemar,Turner,Chicago Bears,DT,Texas AM,22,72,1/14/03,75,290,1,95,0,Power Rusher - DT,85,0,72,0,79,0,84,0,88,0,74,0,34,0,77,0,17,0,29,0,41,0,22,0,29,0,62,0,10,0,64,0,80,0,76,0,86,0,30,0,19,0,27,0,27,0,25,0,15,0,13,0,72,0,45,0,45,0,45,0,14,0,69,0,75,0,20,0,73,0,12,0,45,0,45,0,45,0,Long Stride Loose,0,15,0,24,0,80,0,25,0,31,0,76,0,8,0,10,0,15,0,15,0,27,0,13,0,93,0,39,0,20,0
Skyy,Moore,Kansas City Chiefs,WR,W. Michigan,24,72,9/10/00,70,195,1,24,3,,95,0,86,0,86,0,85,0,69,0,68,0,85,0,31,0,32,0,77,0,79,0,76,0,83,0,89,0,73,0,10,0,27,0,41,0,84,0,83,0,18,0,20,0,60,0,25,0,25,0,71,0,72,0,31,0,23,0,20,0,30,0,28,0,10,0,24,0,34,0,76,0,47,0,34,0,28,0,Short Stride Default,0,73,0,78,0,89,0,74,0,57,0,30,0,34,0,35,0,42,0,42,0,55,0,32,0,80,0,60,0,32,0
Tre,Harris,Los Angeles Chargers,WR,Ole Miss,23,72,2/28/02,74,205,1,9,0,Deep Threat - WR,91,0,82,0,91,0,87,0,68,0,74,0,80,0,38,0,36,0,74,0,71,0,82,0,82,0,82,0,75,0,33,0,30,0,45,0,87,0,81,0,25,0,33,0,69,0,31,0,24,0,72,0,72,0,21,0,14,0,21,0,32,0,36,0,31,0,25,0,37,0,74,0,52,0,33,0,30,0,Long Stride Default,0,74,0,85,0,88,0,75,0,54,0,21,0,40,0,44,0,51,0,43,0,64,0,33,0,89,0,46,0,27,0
Trent,Sherfield Sr,Denver Broncos,WR,Vanderbilt,29,72,2/25/96,73,205,0,5,7,Slot - WR,91,0,86,0,79,0,82,0,54,0,74,0,72,0,35,0,31,0,69,0,73,0,81,0,85,0,82,0,71,0,10,0,53,0,42,0,90,0,80,0,11,0,19,0,60,0,22,0,30,0,73,0,72,0,40,0,27,0,25,0,31,0,18,0,10,0,27,0,58,0,70,0,57,0,15,0,25,0,Default Stride Loose,0,76,0,79,0,89,0,70,0,47,0,50,0,29,0,35,0,40,0,36,0,49,0,24,0,68,0,42,0,44,0
Trevor,Etienne,Carolina Panthers,HB,Georgia,21,72,7/9/04,69,198,0,23,0,Elusive Back - HB,93,0,79,0,84,0,85,0,69,0,71,0,81,0,37,0,24,0,80,0,90,0,49,0,70,0,81,0,54,0,29,0,35,0,34,0,84,0,81,0,28,0,30,0,81,0,29,0,27,0,56,0,72,0,47,0,32,0,36,0,27,0,36,0,30,0,25,0,35,0,56,0,34,0,28,0,31,0,Default,0,63,0,46,0,92,0,75,0,77,0,40,0,23,0,32,0,40,0,12,0,45,0,28,0,85,0,82,0,35,0
Troy,Franklin,Denver Broncos,WR,Oregon,22,72,2/6/03,74,176,1,11,1,,91,0,86,0,91,0,88,0,58,0,69,0,80,0,33,0,22,0,74,0,76,0,77,0,81,0,87,0,76,0,10,0,35,0,44,0,90,0,81,0,18,0,21,0,44,0,27,0,25,0,72,0,72,0,29,0,20,0,20,0,6,0,27,0,10,0,10,0,42,0,69,0,40,0,30,0,21,0,Long Stride Loose,0,73,0,78,0,92,0,74,0,55,0,35,0,6,0,10,0,15,0,10,0,23,0,19,0,82,0,48,0,32,0
Van,Jefferson,Tennessee Titans,WR,Florida,29,72,7/26/96,73,200,1,11,5,Slot - WR,92,0,84,0,85,0,87,0,59,0,76,0,78,0,34,0,24,0,68,0,77,0,82,0,81,0,80,0,73,0,10,0,23,0,43,0,89,0,75,0,14,0,18,0,73,0,20,0,16,0,75,0,72,0,41,0,22,0,28,0,21,0,15,0,10,0,14,0,38,0,75,0,36,0,25,0,31,0,Long Stride Loose,0,77,0,83,0,89,0,72,0,57,0,34,0,22,0,27,0,32,0,28,0,36,0,25,0,85,0,34,0,23,0
Will,Harris,Washington Commanders,SS,Boston College,29,72,12/19/95,73,207,1,3,6,Zone - S,90,0,83,0,87,0,85,0,65,0,74,0,64,0,52,0,14,0,56,0,68,0,52,0,68,0,82,0,28,0,33,0,77,0,56,0,90,0,72,0,11,0,15,0,45,0,15,0,66,0,32,0,72,0,35,0,35,0,35,0,15,0,72,0,27,0,65,0,73,0,39,0,35,0,35,0,35,0,Default Stride Loose,0,37,0,65,0,89,0,64,0,35,0,68,0,10,0,10,0,15,0,15,0,23,0,14,0,86,0,35,0,73,0
Adam,Trautman,Denver Broncos,TE,Dayton,28,71,2/5/97,77,253,1,82,5,Possession - TE,83,0,84,0,84,0,85,0,74,0,61,0,73,0,31,0,48,0,63,0,77,0,80,0,83,0,73,0,55,0,10,0,31,0,68,0,89,0,66,0,20,0,27,0,35,0,54,0,13,0,61,0,71,0,63,0,63,0,60,0,48,0,16,0,10,0,17,0,34,0,66,0,66,0,67,0,63,0,Default,0,66,0,81,0,82,0,66,0,70,0,33,0,47,0,55,0,61,0,56,0,65,0,47,0,89,0,69,0,19,0
Akayleb,Evans,Carolina Panthers,CB,Missouri,26,71,6/2/99,74,198,1,29,3,Zone - CB,93,0,81,0,86,0,86,0,65,0,69,0,54,0,49,0,21,0,45,0,55,0,48,0,59,0,86,0,17,0,40,0,66,0,55,0,85,0,65,0,13,0,14,0,40,0,26,0,66,0,23,0,71,0,33,0,33,0,33,0,11,0,68,0,35,0,78,0,70,0,27,0,35,0,35,0,35,0,Long Stride Default,0,28,0,52,0,90,0,60,0,33,0,56,0,10,0,10,0,15,0,19,0,24,0,11,0,83,0,38,0,76,0
Akeem,Davis-Gaither,Arizona Cardinals,ROLB,Appalach. St.,27,71,9/21/97,74,228,1,27,5,Run Stopper - OLB,91,0,85,0,86,0,84,0,70,0,73,0,52,0,67,0,15,0,38,0,62,0,45,0,63,0,78,0,18,0,58,0,82,0,76,0,85,0,63,0,19,0,25,0,40,0,17,0,60,0,28,0,71,0,40,0,35,0,35,0,15,0,73,0,52,0,60,0,83,0,15,0,35,0,35,0,35,0,Default,0,33,0,60,0,87,0,60,0,46,0,79,0,10,0,10,0,15,0,15,0,30,0,10,0,88,0,54,0,67,0
Al-Quadin,Muhammad,Detroit Lions,RE,Miami,30,71,3/28/95,76,250,1,96,8,Power Rusher - DE,82,0,73,0,75,0,85,0,78,0,74,0,37,0,74,0,28,0,18,0,37,0,28,0,41,0,64,0,3,0,66,0,76,0,83,0,93,0,39,0,19,0,20,0,12,0,10,0,31,0,7,0,71,0,45,0,45,0,45,0,6,0,75,0,75,0,17,0,81,0,12,0,45,0,45,0,45,0,Long Stride Loose,0,14,0,24,0,80,0,27,0,40,0,78,0,6,0,6,0,6,0,6,0,34,0,10,0,84,0,33,0,42,0
Alex,Cappa,Las Vegas Raiders,RG,Humboldt State,30,71,1/27/95,78,310,1,65,7,Power - G,62,0,58,0,67,0,93,0,85,0,83,0,39,0,39,0,12,0,35,0,46,0,39,0,51,0,51,0,16,0,39,0,35,0,79,0,89,0,32,0,18,0,21,0,11,0,79,0,12,0,24,0,71,0,70,0,67,0,73,0,6,0,34,0,43,0,10,0,28,0,40,0,74,0,72,0,76,0,Default Stride Awkward,0,34,0,37,0,68,0,30,0,40,0,43,0,6,0,6,0,6,0,6,0,16,0,16,0,96,0,40,0,12,0
Ambry,Thomas,Minnesota Vikings,CB,Michigan,25,71,9/9/99,72,190,1,23,4,Zone - CB,90,0,82,0,90,0,86,0,61,0,72,0,68,0,46,0,10,0,44,0,54,0,49,0,69,0,82,0,10,0,37,0,63,0,50,0,89,0,80,0,12,0,15,0,74,0,17,0,63,0,15,0,71,0,35,0,35,0,35,0,6,0,72,0,33,0,76,0,71,0,35,0,35,0,35,0,35,0,Default Stride Loose,0,25,0,65,0,91,0,70,0,28,0,66,0,6,0,6,0,6,0,6,0,10,0,13,0,86,0,24,0,73,0
Andrei,Iosivas,Cincinnati Bengals,WR,Princeton,25,71,10/15/99,75,212,1,80,2,,91,0,89,0,90,0,87,0,67,0,72,0,81,0,28,0,27,0,76,0,73,0,80,0,83,0,87,0,74,0,11,0,22,0,35,0,88,0,75,0,21,0,24,0,50,0,17,0,10,0,72,0,71,0,22,0,15,0,19,0,21,0,15,0,10,0,16,0,31,0,64,0,37,0,14,0,21,0,Long Stride Loose,0,71,0,78,0,92,0,71,0,54,0,28,0,10,0,15,0,20,0,19,0,30,0,22,0,86,0,50,0,10,0
Anthony,Belton,Green Bay Packers,LT,N.C. State,24,71,2/23/01,78,336,1,71,0,Power - OT,68,0,59,0,74,0,88,0,86,0,74,0,22,0,44,0,12,0,11,0,24,0,15,0,22,0,55,0,5,0,32,0,39,0,84,0,90,0,14,0,15,0,11,0,23,0,82,0,13,0,5,0,71,0,75,0,75,0,79,0,6,0,12,0,39,0,10,0,30,0,16,0,74,0,73,0,75,0,Long Stride Awkward,0,16,0,21,0,64,0,23,0,33,0,31,0,6,0,9,0,6,0,6,0,15,0,11,0,90,0,31,0,15,0
Anton,Harrison,Jacksonville Jaguars,RT,Oklahoma,23,71,2/2/02,77,315,1,77,2,Agile - OT,79,0,62,0,71,0,86,0,82,0,81,0,14,0,38,0,12,0,15,0,27,0,26,0,32,0,53,0,7,0,26,0,42,0,78,0,91,0,18,0,13,0,19,0,10,0,75,0,14,0,13,0,71,0,77,0,78,0,75,0,6,0,26,0,33,0,12,0,33,0,18,0,73,0,76,0,70,0,Long Stride Awkward,0,21,0,22,0,73,0,14,0,26,0,29,0,6,0,6,0,6,0,6,0,21,0,13,0,78,0,21,0,11,0
Antonio,Johnson,Jacksonville Jaguars,SS,Texas AM,23,71,10/29/01,75,195,1,26,2,Hybrid - S,92,0,80,0,76,0,87,0,55,0,69,0,66,0,53,0,10,0,71,0,54,0,53,0,64,0,80,0,33,0,49,0,85,0,51,0,89,0,71,0,16,0,19,0,60,0,24,0,73,0,40,0,71,0,35,0,35,0,35,0,15,0,67,0,35,0,74,0,80,0,49,0,35,0,35,0,35,0,Long Stride Default,0,45,0,63,0,88,0,64,0,51,0,70,0,10,0,10,0,15,0,15,0,23,0,11,0,85,0,52,0,69,0
Blake,Fisher,Houston Texans,RT,Notre Dame,22,71,3/25/03,78,312,1,57,1,Power - OT,69,0,59,0,70,0,85,0,83,0,63,0,15,0,25,0,12,0,9,0,33,0,10,0,22,0,56,0,7,0,15,0,30,0,87,0,90,0,12,0,17,0,22,0,10,0,85,0,8,0,8,0,71,0,75,0,73,0,77,0,8,0,24,0,15,0,10,0,31,0,14,0,77,0,77,0,79,0,Long Stride Awkward,0,10,0,12,0,66,0,10,0,10,0,34,0,6,0,7,0,9,0,7,0,22,0,11,0,88,0,23,0,9,0
Bradyn,Swinson,New England Patriots,LE,LSU,23,71,7/4/02,76,255,1,43,0,Smaller Speed Rusher - DE,88,0,78,0,85,0,75,0,82,0,64,0,32,0,72,0,23,0,28,0,40,0,15,0,30,0,70,0,7,0,76,0,78,0,84,0,86,0,40,0,20,0,27,0,32,0,27,0,39,0,8,0,71,0,45,0,45,0,45,0,25,0,62,0,73,0,33,0,77,0,13,0,45,0,45,0,45,0,Long Stride Loose,0,15,0,15,0,84,0,38,0,39,0,77,0,8,0,16,0,13,0,16,0,8,0,21,0,87,0,30,0,49,0
Bralen,Trice,Atlanta Falcons,LE,Washington,24,71,2/26/01,76,274,1,48,1,Smaller Speed Rusher - DE,85,0,77,0,78,0,79,0,76,0,70,0,32,0,74,0,12,0,16,0,30,0,21,0,28,0,68,0,4,0,75,0,76,0,80,0,88,0,26,0,19,0,22,0,10,0,19,0,43,0,8,0,71,0,45,0,45,0,45,0,6,0,69,0,72,0,24,0,79,0,23,0,45,0,45,0,45,0,Long Stride Awkward,0,15,0,30,0,82,0,20,0,32,0,78,0,6,0,6,0,6,0,6,0,27,0,16,0,85,0,35,0,49,0
Brandin,Echols,Pittsburgh Steelers,CB,Kentucky,27,71,10/16/97,70,175,1,26,4,Zone - CB,93,0,88,0,95,0,90,0,52,0,72,0,68,0,43,0,31,0,45,0,62,0,52,0,63,0,88,0,37,0,38,0,47,0,39,0,87,0,74,0,16,0,21,0,65,0,14,0,65,0,40,0,71,0,35,0,35,0,35,0,23,0,71,0,29,0,75,0,65,0,33,0,35,0,35,0,35,0,Default Stride Loose,0,45,0,56,0,92,0,64,0,32,0,55,0,12,0,14,0,19,0,21,0,32,0,13,0,85,0,33,0,70,0
Brandon,Dorlus,Atlanta Falcons,DT,Oregon,24,71,3/22/01,75,283,1,54,1,,82,0,70,0,75,0,85,0,84,0,67,0,28,0,79,0,12,0,12,0,26,0,17,0,35,0,52,0,3,0,70,0,81,0,87,0,88,0,29,0,19,0,21,0,9,0,14,0,22,0,6,0,71,0,44,0,44,0,45,0,6,0,64,0,75,0,23,0,78,0,17,0,44,0,45,0,44,0,Default Stride Awkward,0,13,0,20,0,77,0,25,0,31,0,79,0,6,0,6,0,6,0,6,0,22,0,16,0,89,0,38,0,29,0
Broderick,Washington,Baltimore Ravens,DT,Texas Tech,28,71,12/4/96,74,314,1,96,5,,73,0,61,0,65,0,73,0,83,0,76,0,19,0,77,0,12,0,11,0,34,0,10,0,23,0,52,0,2,0,63,0,79,0,85,0,89,0,13,0,13,0,17,0,10,0,54,0,19,0,3,0,71,0,55,0,52,0,55,0,6,0,79,0,73,0,10,0,77,0,12,0,57,0,54,0,56,0,Long Stride Loose,0,10,0,12,0,70,0,11,0,26,0,79,0,6,0,6,0,6,0,6,0,27,0,16,0,88,0,31,0,26,0
Cade,Mays,Carolina Panthers,C,Tennessee,26,71,4/26/99,78,325,1,64,3,Agile - C,69,0,60,0,66,0,82,0,82,0,78,0,11,0,24,0,10,0,7,0,19,0,12,0,21,0,55,0,5,0,15,0,23,0,83,0,86,0,10,0,10,0,11,0,10,0,80,0,10,0,5,0,71,0,75,0,75,0,75,0,6,0,22,0,21,0,10,0,22,0,15,0,77,0,79,0,75,0,Default Stride Awkward,0,15,0,15,0,64,0,10,0,18,0,21,0,6,0,6,0,6,0,6,0,20,0,10,0,87,0,20,0,10,0
Caleb,Rogers,Las Vegas Raiders,RG,Texas Tech,23,71,10/3/01,77,312,1,76,0,Power - G,72,0,70,0,66,0,87,0,86,0,72,0,13,0,24,0,12,0,14,0,24,0,10,0,24,0,64,0,5,0,10,0,28,0,82,0,90,0,10,0,13,0,15,0,10,0,80,0,10,0,10,0,71,0,73,0,72,0,74,0,6,0,25,0,10,0,10,0,26,0,12,0,75,0,73,0,75,0,Long Stride Awkward,0,10,0,15,0,69,0,11,0,15,0,22,0,6,0,6,0,6,0,6,0,22,0,10,0,87,0,29,0,10,0
Cam,Sample,Cincinnati Bengals,LE,Tulane,25,71,9/20/99,75,272,1,96,4,Power Rusher - DE,81,0,70,0,86,0,80,0,78,0,70,0,25,0,76,0,12,0,15,0,36,0,24,0,35,0,65,0,3,0,67,0,80,0,83,0,88,0,35,0,30,0,30,0,6,0,18,0,38,0,6,0,71,0,45,0,45,0,45,0,6,0,73,0,75,0,36,0,82,0,13,0,45,0,45,0,45,0,Default Stride Loose,0,14,0,24,0,77,0,27,0,28,0,84,0,6,0,6,0,6,0,6,0,27,0,10,0,82,0,25,0,47,0
Christian,Harris,Houston Texans,ROLB,Alabama,24,71,1/16/01,73,226,1,48,3,Pass Coverage - OLB,93,0,84,0,83,0,84,0,69,0,71,0,51,0,66,0,15,0,37,0,55,0,50,0,69,0,82,0,29,0,62,0,86,0,81,0,90,0,57,0,24,0,22,0,39,0,26,0,65,0,31,0,71,0,45,0,45,0,45,0,6,0,72,0,55,0,58,0,84,0,37,0,45,0,45,0,45,0,Default Stride Loose,0,35,0,62,0,90,0,46,0,44,0,77,0,6,0,6,0,6,0,6,0,25,0,10,0,80,0,45,0,66,0
Corey,Ballentine,Indianapolis Colts,CB,Washburn,29,71,4/13/96,71,196,1,38,6,Manto Man - CB,90,0,87,0,91,0,88,0,61,0,73,0,63,0,55,0,14,0,54,0,52,0,55,0,65,0,85,0,27,0,42,0,68,0,45,0,88,0,74,0,17,0,18,0,84,0,15,0,72,0,34,0,71,0,13,0,34,0,33,0,6,0,71,0,38,0,71,0,74,0,34,0,18,0,34,0,33,0,Default Stride Loose,0,44,0,63,0,89,0,70,0,42,0,58,0,6,0,6,0,6,0,6,0,22,0,13,0,82,0,43,0,68,0
Craig,Woodson,New England Patriots,FS,California,24,71,2/20/01,72,200,1,31,0,Zone - S,92,0,85,0,86,0,92,0,59,0,68,0,67,0,55,0,14,0,55,0,62,0,59,0,71,0,85,0,27,0,32,0,79,0,60,0,86,0,66,0,17,0,20,0,42,0,25,0,65,0,31,0,71,0,35,0,35,0,35,0,6,0,65,0,33,0,68,0,76,0,34,0,35,0,35,0,35,0,Default Stride Loose,0,36,0,62,0,91,0,59,0,45,0,68,0,6,0,6,0,6,0,6,0,24,0,12,0,85,0,48,0,72,0
Damarri,Mathis,Denver Broncos,CB,Pittsburgh,26,71,4/12/99,71,195,1,27,3,Zone - CB,93,0,84,0,97,0,91,0,61,0,70,0,64,0,47,0,14,0,53,0,55,0,56,0,67,0,83,0,20,0,40,0,68,0,47,0,87,0,73,0,11,0,13,0,50,0,15,0,68,0,25,0,71,0,30,0,30,0,30,0,6,0,69,0,34,0,75,0,67,0,32,0,35,0,35,0,35,0,Default Stride Loose,0,30,0,63,0,93,0,65,0,36,0,48,0,6,0,6,0,6,0,6,0,29,0,10,0,86,0,33,0,72,0
Dane,Jackson,Buffalo Bills,CB,Pittsburgh,28,71,11/29/96,71,180,1,23,5,Manto Man - CB,88,0,86,0,84,0,90,0,54,0,75,0,70,0,52,0,40,0,56,0,65,0,49,0,65,0,88,0,24,0,40,0,54,0,51,0,90,0,73,0,34,0,44,0,50,0,14,0,73,0,30,0,71,0,35,0,35,0,35,0,27,0,74,0,37,0,72,0,73,0,35,0,35,0,35,0,35,0,Default Stride Loose,0,34,0,65,0,88,0,67,0,39,0,52,0,35,0,32,0,36,0,34,0,50,0,33,0,85,0,35,0,76,0
Daniel,Ekuale,Pittsburgh Steelers,DT,Wash. St.,31,71,1/13/94,75,305,1,96,7,,68,0,64,0,77,0,72,0,81,0,73,0,10,0,76,0,12,0,15,0,37,0,15,0,35,0,50,0,2,0,58,0,80,0,82,0,84,0,35,0,20,0,21,0,10,0,12,0,15,0,3,0,71,0,45,0,45,0,45,0,6,0,74,0,71,0,25,0,77,0,26,0,45,0,45,0,45,0,Default Stride Awkward,0,10,0,15,0,67,0,25,0,10,0,88,0,6,0,6,0,6,0,6,0,10,0,10,0,79,0,25,0,25,0
Darrynton,Evans,Buffalo Bills,HB,Appalach. St.,27,71,7/9/98,70,203,1,21,5,Elusive Back - HB,89,0,88,0,87,0,81,0,69,0,69,0,78,0,36,0,27,0,72,0,89,0,51,0,67,0,81,0,44,0,21,0,34,0,36,0,81,0,78,0,14,0,17,0,81,0,30,0,27,0,51,0,71,0,51,0,25,0,28,0,26,0,27,0,13,0,27,0,43,0,51,0,33,0,23,0,26,0,Short Stride Default,0,59,0,49,0,93,0,75,0,65,0,39,0,27,0,31,0,39,0,35,0,40,0,24,0,79,0,56,0,39,0
David,Moore,Carolina Panthers,WR,East Central Univ.,30,71,1/15/95,72,219,1,83,8,Deep Threat - WR,86,0,82,0,86,0,80,0,74,0,78,0,78,0,33,0,22,0,76,0,72,0,82,0,85,0,76,0,74,0,10,0,28,0,55,0,86,0,77,0,25,0,33,0,70,0,33,0,18,0,75,0,71,0,56,0,29,0,30,0,15,0,25,0,10,0,33,0,40,0,73,0,57,0,20,0,27,0,Default Stride High and Tight,0,74,0,85,0,88,0,63,0,71,0,37,0,15,0,25,0,29,0,22,0,35,0,19,0,85,0,56,0,25,0
Dawuane,Smoot,Jacksonville Jaguars,LE,Illinois,30,71,3/2/95,75,264,1,58,8,Smaller Speed Rusher - DE,77,0,79,0,73,0,81,0,82,0,78,0,34,0,75,0,12,0,18,0,28,0,20,0,35,0,61,0,2,0,74,0,80,0,85,0,90,0,41,0,15,0,20,0,6,0,10,0,26,0,3,0,71,0,45,0,45,0,45,0,6,0,77,0,64,0,24,0,80,0,12,0,45,0,45,0,45,0,Long Stride Loose,0,10,0,22,0,79,0,22,0,37,0,77,0,6,0,6,0,6,0,6,0,20,0,14,0,89,0,30,0,35,0
Dean,Lowry,Pittsburgh Steelers,DT,Northwestern,31,71,6/9/94,78,296,1,94,9,,76,0,69,0,79,0,82,0,86,0,71,0,36,0,72,0,12,0,16,0,47,0,37,0,48,0,56,0,3,0,61,0,79,0,81,0,94,0,32,0,19,0,21,0,9,0,18,0,23,0,6,0,71,0,45,0,44,0,45,0,6,0,69,0,73,0,22,0,77,0,17,0,45,0,45,0,44,0,Long Stride Default,0,13,0,33,0,76,0,27,0,36,0,86,0,6,0,6,0,6,0,6,0,22,0,15,0,89,0,33,0,29,0
Dee,Alford,Atlanta Falcons,CB,Tusculum College,27,71,11/5/97,71,175,1,20,4,Manto Man - CB,90,0,85,0,85,0,85,0,49,0,74,0,78,0,41,0,12,0,67,0,60,0,62,0,71,0,84,0,21,0,33,0,51,0,37,0,88,0,74,0,15,0,14,0,75,0,15,0,73,0,25,0,71,0,13,0,34,0,33,0,6,0,73,0,30,0,67,0,69,0,33,0,18,0,34,0,33,0,Default Stride Loose,0,30,0,72,0,89,0,67,0,32,0,56,0,6,0,6,0,6,0,6,0,22,0,12,0,78,0,33,0,70,0
Devin,Neal,New Orleans Saints,HB,Kansas,22,71,8/12/03,71,213,1,30,0,Elusive Back - HB,89,0,81,0,89,0,90,0,71,0,67,0,84,0,34,0,31,0,79,0,91,0,54,0,68,0,84,0,49,0,30,0,36,0,42,0,93,0,83,0,18,0,23,0,68,0,38,0,26,0,55,0,71,0,48,0,42,0,43,0,28,0,36,0,28,0,25,0,40,0,53,0,40,0,31,0,30,0,Default,0,60,0,53,0,87,0,79,0,67,0,40,0,23,0,29,0,36,0,34,0,45,0,31,0,89,0,74,0,30,0
DJ,Johnson,Carolina Panthers,LE,Oregon,26,71,10/21/98,76,260,1,52,2,Power Rusher - DE,93,0,73,0,78,0,83,0,82,0,66,0,65,0,74,0,24,0,48,0,71,0,69,0,68,0,66,0,42,0,57,0,87,0,83,0,86,0,61,0,20,0,20,0,35,0,57,0,45,0,48,0,71,0,52,0,54,0,50,0,15,0,67,0,71,0,48,0,84,0,57,0,54,0,56,0,49,0,Default Stride Loose,0,51,0,67,0,89,0,55,0,55,0,77,0,21,0,22,0,25,0,23,0,35,0,14,0,88,0,59,0,52,0
DJ,Giddens,Indianapolis Colts,HB,Kansas State,22,71,8/26/03,72,212,1,21,0,Power Back - HB,92,0,77,0,91,0,87,0,70,0,72,0,82,0,39,0,30,0,80,0,92,0,52,0,63,0,80,0,52,0,32,0,36,0,38,0,90,0,80,0,18,0,35,0,38,0,31,0,21,0,57,0,71,0,49,0,39,0,41,0,30,0,26,0,29,0,21,0,36,0,50,0,35,0,30,0,32,0,Default,0,59,0,51,0,91,0,74,0,81,0,35,0,18,0,13,0,12,0,21,0,28,0,33,0,89,0,80,0,27,0
Drew,Sanders,Denver Broncos,MLB,Arkansas,23,71,12/31/01,77,233,1,41,2,Run Stopper - MLB,89,0,81,0,88,0,89,0,72,0,73,0,53,0,73,0,52,0,52,0,67,0,58,0,64,0,74,0,4,0,71,0,83,0,85,0,88,0,51,0,15,0,17,0,10,0,34,0,70,0,8,0,71,0,35,0,35,0,35,0,44,0,75,0,73,0,69,0,85,0,12,0,40,0,40,0,40,0,Long Stride Loose,0,10,0,59,0,84,0,43,0,51,0,76,0,40,0,45,0,51,0,47,0,52,0,33,0,84,0,51,0,62,0
Dustin,Hopkins,Cleveland Browns,K,Florida State,34,71,10/1/90,74,210,1,7,12,Power - KP,75,0,62,0,73,0,88,0,61,0,58,0,10,0,10,0,15,0,5,0,40,0,10,0,35,0,49,0,10,0,10,0,15,0,15,0,85,0,10,0,74,0,93,0,10,0,15,0,10,0,10,0,71,0,20,0,15,0,15,0,20,0,15,0,10,0,10,0,25,0,12,0,20,0,15,0,15,0,Default Stride Awkward,0,10,0,12,0,73,0,10,0,10,0,28,0,25,0,30,0,35,0,20,0,43,0,14,0,65,0,10,0,20,0
Dylan,Fairchild,Cincinnati Bengals,LG,Georgia,22,71,5/8/03,77,325,1,63,0,Power - G,78,0,60,0,69,0,89,0,86,0,74,0,17,0,43,0,12,0,18,0,39,0,13,0,27,0,54,0,10,0,34,0,43,0,82,0,90,0,16,0,12,0,19,0,10,0,81,0,11,0,12,0,71,0,74,0,73,0,75,0,6,0,25,0,37,0,10,0,30,0,12,0,74,0,74,0,75,0,Long Stride Awkward,0,14,0,25,0,71,0,13,0,15,0,18,0,6,0,6,0,6,0,6,0,23,0,10,0,88,0,26,0,10,0
Elic,Ayomanor,Tennessee Titans,WR,Stanford,22,71,6/3/03,74,206,1,5,0,Deep Threat - WR,92,0,81,0,91,0,84,0,68,0,69,0,78,0,39,0,31,0,73,0,74,0,81,0,80,0,79,0,77,0,35,0,42,0,52,0,84,0,71,0,16,0,31,0,73,0,36,0,28,0,74,0,71,0,23,0,18,0,24,0,28,0,34,0,30,0,25,0,43,0,75,0,55,0,32,0,30,0,Long Stride Default,0,73,0,83,0,91,0,67,0,56,0,27,0,10,0,19,0,27,0,21,0,13,0,24,0,80,0,49,0,32,0
Elijah,Jones,Arizona Cardinals,CB,Boston College,25,71,1/8/00,74,184,1,28,1,Manto Man - CB,93,0,82,0,96,0,85,0,48,0,61,0,70,0,43,0,21,0,65,0,57,0,65,0,77,0,86,0,10,0,35,0,63,0,55,0,88,0,71,0,10,0,11,0,35,0,14,0,73,0,16,0,71,0,26,0,19,0,15,0,14,0,60,0,29,0,74,0,74,0,15,0,34,0,26,0,25,0,Default Stride Loose,0,23,0,72,0,91,0,66,0,47,0,65,0,15,0,19,0,21,0,23,0,23,0,12,0,84,0,33,0,67,0
Elijah,Chatman,NY Giants,DT,SMU,24,71,12/5/00,72,278,1,94,1,,79,0,56,0,70,0,76,0,88,0,65,0,33,0,76,0,19,0,26,0,52,0,34,0,44,0,61,0,7,0,65,0,80,0,86,0,87,0,29,0,17,0,20,0,21,0,16,0,28,0,7,0,71,0,24,0,18,0,25,0,14,0,64,0,73,0,24,0,77,0,17,0,45,0,45,0,45,0,Long Stride Awkward,0,7,0,37,0,82,0,24,0,17,0,83,0,11,0,13,0,16,0,8,0,19,0,15,0,82,0,30,0,36,0
Emari,Demercado,Arizona Cardinals,HB,TCU,26,71,1/20/99,69,215,1,31,2,Elusive Back - HB,91,0,83,0,78,0,83,0,65,0,72,0,78,0,31,0,30,0,76,0,90,0,56,0,67,0,84,0,48,0,10,0,45,0,48,0,92,0,79,0,14,0,19,0,78,0,44,0,14,0,55,0,71,0,58,0,45,0,45,0,10,0,19,0,10,0,20,0,35,0,45,0,49,0,36,0,35,0,Short Stride Loose,0,63,0,57,0,91,0,72,0,82,0,35,0,14,0,16,0,23,0,15,0,30,0,13,0,85,0,76,0,18,0
Emmanuel,Forbes Jr,Los Angeles Rams,CB,Mississippi St.,24,71,1/13/01,72,173,1,25,2,Manto Man - CB,95,0,89,0,89,0,89,0,44,0,67,0,83,0,37,0,15,0,77,0,65,0,72,0,78,0,85,0,40,0,31,0,52,0,35,0,88,0,80,0,12,0,11,0,75,0,14,0,74,0,44,0,71,0,35,0,35,0,35,0,6,0,64,0,20,0,58,0,63,0,28,0,35,0,35,0,35,0,Default Stride Loose,0,50,0,75,0,94,0,70,0,35,0,41,0,10,0,12,0,15,0,6,0,24,0,10,0,79,0,30,0,70,0
Greg,Joseph,San Francisco 49ers,K,FAU,31,71,8/4/94,72,206,1,3,7,Power - KP,71,0,64,0,49,0,88,0,41,0,55,0,22,0,15,0,25,0,20,0,40,0,10,0,34,0,50,0,10,0,10,0,12,0,10,0,84,0,30,0,74,0,95,0,10,0,10,0,12,0,10,0,71,0,16,0,10,0,10,0,10,0,12,0,10,0,10,0,19,0,12,0,24,0,10,0,10,0,Default Stride Awkward,0,10,0,12,0,73,0,35,0,10,0,33,0,27,0,33,0,37,0,8,0,29,0,13,0,65,0,25,0,12,0
Harold,Fannin Jr.,Cleveland Browns,TE,Bowling Green St.,21,71,7/20/04,75,241,1,88,0,Possession - TE,85,0,81,0,82,0,86,0,75,0,57,0,79,0,34,0,55,0,71,0,75,0,79,0,83,0,73,0,60,0,32,0,27,0,66,0,93,0,74,0,32,0,33,0,30,0,57,0,23,0,65,0,71,0,58,0,59,0,59,0,53,0,21,0,28,0,10,0,30,0,67,0,63,0,63,0,60,0,Long Stride Default,0,70,0,79,0,82,0,67,0,72,0,30,0,60,0,63,0,65,0,52,0,77,0,52,0,90,0,71,0,24,0
Harrison,Bryant,Philadelphia Eagles,TE,FAU,27,71,4/23/98,77,230,1,85,5,Vertical Threat - TE,86,0,77,0,79,0,85,0,71,0,74,0,75,0,50,0,12,0,66,0,73,0,77,0,79,0,74,0,60,0,45,0,47,0,66,0,89,0,65,0,18,0,20,0,38,0,56,0,23,0,62,0,71,0,63,0,62,0,60,0,5,0,36,0,39,0,27,0,54,0,70,0,62,0,62,0,58,0,Long Stride Default,0,66,0,80,0,83,0,62,0,67,0,47,0,10,0,15,0,15,0,10,0,34,0,10,0,84,0,71,0,31,0
Isaiah,Hodgins,San Francisco 49ers,WR,Oregon State,26,71,10/21/98,75,201,0,18,5,Slot - WR,89,0,84,0,86,0,87,0,60,0,72,0,77,0,36,0,21,0,70,0,75,0,84,0,86,0,86,0,71,0,10,0,30,0,45,0,87,0,73,0,15,0,19,0,48,0,30,0,24,0,74,0,71,0,33,0,17,0,20,0,6,0,29,0,10,0,27,0,42,0,73,0,53,0,24,0,34,0,Long Stride Default,0,73,0,83,0,87,0,64,0,65,0,38,0,15,0,15,0,20,0,15,0,26,0,17,0,80,0,45,0,34,0
Israel,Mukuamu,Dallas Cowboys,FS,South Carolina,25,71,11/28/99,76,205,1,24,4,Hybrid - S,90,0,79,0,87,0,86,0,65,0,72,0,61,0,49,0,13,0,54,0,59,0,56,0,72,0,77,0,10,0,35,0,55,0,54,0,87,0,71,0,23,0,28,0,37,0,26,0,71,0,17,0,71,0,35,0,35,0,35,0,11,0,71,0,28,0,80,0,72,0,32,0,35,0,35,0,35,0,Long Stride Loose,0,21,0,75,0,88,0,65,0,45,0,66,0,12,0,13,0,19,0,11,0,31,0,11,0,68,0,35,0,73,0
Ja'Sir,Taylor,Los Angeles Chargers,CB,Wake Forest,26,71,1/8/99,70,185,1,36,3,Manto Man - CB,93,0,89,0,88,0,88,0,53,0,73,0,70,0,43,0,17,0,59,0,60,0,55,0,65,0,86,0,16,0,39,0,50,0,40,0,90,0,74,0,18,0,19,0,70,0,14,0,71,0,23,0,71,0,35,0,35,0,35,0,6,0,72,0,34,0,64,0,66,0,24,0,35,0,35,0,35,0,Default,0,33,0,58,0,92,0,67,0,34,0,50,0,6,0,6,0,6,0,6,0,28,0,10,0,74,0,37,0,66,0
Ja'Tavion,Sanders,Carolina Panthers,TE,Texas,22,71,3/27/03,76,243,1,0,1,Vertical Threat - TE,90,0,79,0,78,0,82,0,67,0,76,0,78,0,27,0,18,0,70,0,78,0,77,0,82,0,75,0,58,0,25,0,49,0,60,0,92,0,72,0,12,0,18,0,6,0,55,0,16,0,64,0,71,0,55,0,54,0,53,0,6,0,31,0,35,0,20,0,42,0,67,0,54,0,57,0,51,0,Long Stride Default,0,66,0,78,0,83,0,66,0,65,0,49,0,6,0,10,0,15,0,14,0,31,0,13,0,89,0,67,0,21,0
Jack,Gibbens,New England Patriots,MLB,Minnesota,26,71,11/24/98,75,242,1,51,3,Field General - MLB,85,0,79,0,82,0,87,0,68,0,72,0,51,0,70,0,15,0,23,0,52,0,41,0,58,0,78,0,5,0,47,0,82,0,82,0,91,0,38,0,14,0,12,0,10,0,35,0,59,0,9,0,71,0,40,0,35,0,35,0,6,0,73,0,56,0,43,0,82,0,15,0,45,0,40,0,40,0,Default Stride High and Tight,0,15,0,45,0,78,0,26,0,35,0,85,0,6,0,7,0,9,0,7,0,23,0,5,0,89,0,39,0,69,0
Jacob,Cowing,San Francisco 49ers,WR,Arizona,24,71,2/4/01,68,168,1,19,1,,93,0,83,0,86,0,84,0,52,0,52,0,81,0,24,0,19,0,73,0,71,0,77,0,79,0,85,0,76,0,10,0,21,0,34,0,91,0,81,0,19,0,19,0,67,0,21,0,17,0,76,0,71,0,25,0,12,0,12,0,6,0,17,0,10,0,15,0,27,0,74,0,39,0,25,0,20,0,Default,0,77,0,77,0,93,0,75,0,44,0,26,0,15,0,20,0,25,0,18,0,25,0,15,0,85,0,49,0,25,0
Jalen,Royals,Kansas City Chiefs,WR,Utah State,22,71,2/18/03,72,205,1,11,0,Slot - WR,93,0,85,0,86,0,83,0,64,0,73,0,84,0,43,0,27,0,74,0,75,0,81,0,81,0,83,0,71,0,36,0,45,0,40,0,87,0,75,0,29,0,19,0,79,0,26,0,29,0,72,0,71,0,27,0,19,0,28,0,28,0,23,0,34,0,19,0,42,0,71,0,49,0,28,0,28,0,Default,0,75,0,80,0,92,0,69,0,52,0,23,0,20,0,25,0,29,0,31,0,43,0,30,0,86,0,48,0,31,0
Jalen,Reagor,Los Angeles Chargers,WR,TCU,26,71,1/2/99,71,197,1,88,5,,90,0,90,0,94,0,86,0,62,0,60,0,82,0,26,0,28,0,73,0,69,0,78,0,78,0,88,0,73,0,10,0,25,0,42,0,88,0,81,0,16,0,18,0,82,0,25,0,13,0,70,0,71,0,32,0,17,0,10,0,10,0,18,0,10,0,14,0,32,0,68,0,43,0,29,0,32,0,Default Stride Loose,0,72,0,82,0,92,0,76,0,65,0,28,0,10,0,15,0,20,0,20,0,31,0,19,0,86,0,56,0,23,0
Jalin,Hyatt,NY Giants,WR,Tennessee,23,71,9/25/01,72,190,1,13,2,Deep Threat - WR,95,0,82,0,90,0,82,0,57,0,68,0,83,0,20,0,18,0,69,0,75,0,75,0,82,0,83,0,77,0,10,0,17,0,38,0,89,0,76,0,19,0,19,0,40,0,21,0,10,0,76,0,71,0,28,0,18,0,13,0,6,0,15,0,10,0,10,0,25,0,70,0,50,0,25,0,18,0,Long Stride Loose,0,75,0,77,0,94,0,66,0,40,0,17,0,6,0,10,0,15,0,10,0,25,0,19,0,83,0,35,0,10,0
Jalyx,Hunt,Philadelphia Eagles,RE,Houston Christian,24,71,3/13/01,75,252,1,58,1,Smaller Speed Rusher - DE,90,0,79,0,89,0,78,0,77,0,72,0,52,0,68,0,22,0,34,0,27,0,45,0,30,0,72,0,5,0,71,0,72,0,77,0,90,0,48,0,12,0,14,0,10,0,25,0,56,0,7,0,71,0,40,0,40,0,40,0,6,0,71,0,74,0,46,0,79,0,15,0,45,0,45,0,45,0,Default Stride Loose,0,10,0,47,0,84,0,45,0,45,0,75,0,6,0,6,0,6,0,6,0,30,0,12,0,83,0,44,0,58,0
James,Pierre,Pittsburgh Steelers,CB,FAU,28,71,9/16/96,74,185,1,42,5,Zone - CB,89,0,83,0,81,0,87,0,60,0,73,0,65,0,46,0,13,0,53,0,56,0,57,0,71,0,82,0,35,0,37,0,68,0,43,0,92,0,75,0,15,0,11,0,76,0,13,0,68,0,42,0,71,0,26,0,35,0,35,0,6,0,73,0,29,0,71,0,72,0,49,0,34,0,35,0,35,0,Default Stride Loose,0,52,0,65,0,91,0,63,0,32,0,60,0,6,0,6,0,6,0,6,0,27,0,10,0,80,0,25,0,74,0
Jaylon,Moore,Kansas City Chiefs,LT,W. Michigan,27,71,1/9/98,76,311,1,77,4,Agile - OT,67,0,58,0,75,0,82,0,84,0,75,0,33,0,34,0,12,0,22,0,46,0,38,0,38,0,52,0,9,0,37,0,41,0,81,0,91,0,20,0,11,0,16,0,10,0,77,0,12,0,16,0,71,0,79,0,82,0,76,0,6,0,36,0,39,0,10,0,40,0,24,0,72,0,73,0,72,0,Default Stride Awkward,0,27,0,36,0,63,0,15,0,20,0,44,0,6,0,6,0,6,0,6,0,13,0,10,0,73,0,35,0,13,0
Jeff,Okudah,Minnesota Vikings,CB,Ohio State,26,71,2/2/99,73,202,1,21,5,Manto Man - CB,89,0,88,0,91,0,89,0,66,0,69,0,65,0,51,0,33,0,54,0,64,0,52,0,62,0,85,0,27,0,38,0,58,0,55,0,83,0,71,0,12,0,15,0,50,0,16,0,71,0,33,0,71,0,23,0,35,0,35,0,21,0,68,0,32,0,77,0,71,0,39,0,27,0,35,0,35,0,Long Stride Loose,0,36,0,63,0,90,0,64,0,39,0,62,0,7,0,11,0,16,0,22,0,21,0,14,0,75,0,33,0,74,0
Jeremy,Crawshaw,Denver Broncos,P,Florida,24,71,5/22/01,76,205,1,16,0,Power - KP,82,0,66,0,61,0,83,0,60,0,56,0,22,0,16,0,23,0,23,0,44,0,21,0,35,0,57,0,10,0,10,0,23,0,18,0,86,0,24,0,76,0,90,0,10,0,15,0,12,0,15,0,71,0,16,0,13,0,18,0,20,0,21,0,10,0,10,0,32,0,12,0,21,0,15,0,11,0,Default Stride Awkward,0,18,0,18,0,77,0,15,0,21,0,32,0,23,0,28,0,30,0,25,0,32,0,21,0,78,0,20,0,10,0
Jerry,Tillery,Kansas City Chiefs,DT,Notre Dame,28,71,10/8/96,78,295,1,99,6,,78,0,72,0,78,0,82,0,85,0,72,0,24,0,75,0,12,0,19,0,35,0,21,0,30,0,66,0,2,0,63,0,83,0,88,0,90,0,25,0,24,0,27,0,10,0,45,0,22,0,3,0,71,0,52,0,53,0,50,0,6,0,69,0,72,0,10,0,75,0,12,0,51,0,47,0,51,0,Long Stride Loose,0,10,0,18,0,75,0,15,0,32,0,82,0,6,0,6,0,6,0,6,0,19,0,10,0,81,0,20,0,28,0
Joe,Milton III,Dallas Cowboys,QB,Tennessee,25,71,3/6/00,77,246,1,10,1,Strong Arm - QB,85,0,79,0,83,0,78,0,64,0,68,0,72,0,22,0,70,0,51,0,60,0,10,0,27,0,77,0,10,0,10,0,21,0,24,0,84,0,56,0,21,0,22,0,10,0,19,0,10,0,10,0,71,0,12,0,12,0,14,0,72,0,16,0,10,0,10,0,24,0,13,0,17,0,10,0,10,0,Long Stride Default,0,10,0,10,0,85,0,50,0,40,0,24,0,72,0,77,0,84,0,79,0,99,0,75,0,82,0,60,0,12,0
Joe,Flacco,Cleveland Browns,QB,Delaware,40,71,1/16/85,78,245,1,15,17,Field General - QB,71,0,68,0,71,0,77,0,66,0,73,0,60,0,24,0,39,0,40,0,59,0,10,0,31,0,62,0,10,0,10,0,12,0,30,0,93,0,44,0,24,0,25,0,10,0,18,0,15,0,10,0,71,0,15,0,15,0,25,0,80,0,15,0,10,0,10,0,30,0,12,0,15,0,20,0,20,0,Default,0,10,0,12,0,75,0,25,0,49,0,29,0,79,0,80,0,86,0,80,0,89,0,79,0,92,0,40,0,20,0
John Michael,Schmitz Jr,NY Giants,C,Minnesota,26,71,3/19/99,76,310,1,61,2,Power - C,72,0,57,0,73,0,87,0,84,0,76,0,32,0,28,0,19,0,30,0,33,0,29,0,35,0,57,0,5,0,25,0,39,0,79,0,92,0,20,0,15,0,19,0,15,0,85,0,10,0,8,0,71,0,72,0,70,0,73,0,15,0,15,0,26,0,10,0,34,0,15,0,80,0,82,0,78,0,Long Stride Awkward,0,10,0,31,0,61,0,15,0,32,0,35,0,18,0,24,0,28,0,20,0,26,0,15,0,91,0,30,0,10,0
Jordan,Phillips,Miami Dolphins,DT,Maryland,21,71,6/30/04,74,313,1,94,0,,81,0,59,0,76,0,75,0,89,0,66,0,21,0,75,0,14,0,22,0,38,0,18,0,23,0,56,0,11,0,67,0,75,0,87,0,88,0,22,0,18,0,21,0,26,0,24,0,9,0,14,0,71,0,45,0,45,0,45,0,16,0,65,0,72,0,12,0,74,0,16,0,45,0,45,0,45,0,Long Stride Awkward,0,17,0,18,0,72,0,16,0,30,0,84,0,14,0,17,0,27,0,8,0,15,0,12,0,88,0,29,0,11,0
Josh,Jones,Seattle Seahawks,RT,Houston,28,71,6/22/97,79,310,1,74,5,Power - OT,67,0,59,0,71,0,86,0,85,0,72,0,10,0,20,0,12,0,6,0,40,0,15,0,36,0,52,0,5,0,10,0,20,0,85,0,90,0,10,0,25,0,25,0,10,0,83,0,12,0,5,0,71,0,79,0,80,0,78,0,6,0,15,0,10,0,10,0,28,0,15,0,75,0,75,0,76,0,Long Stride Awkward,0,15,0,15,0,67,0,10,0,30,0,35,0,6,0,6,0,6,0,6,0,30,0,13,0,85,0,20,0,15,0
Josh,Newton,Cincinnati Bengals,CB,TCU,24,71,9/14/00,72,190,1,28,1,Manto Man - CB,90,0,85,0,82,0,86,0,61,0,68,0,74,0,43,0,23,0,65,0,63,0,67,0,77,0,89,0,51,0,38,0,61,0,54,0,95,0,75,0,18,0,15,0,64,0,24,0,74,0,56,0,71,0,30,0,25,0,25,0,14,0,64,0,32,0,75,0,70,0,57,0,35,0,35,0,35,0,Default Stride Loose,0,55,0,72,0,89,0,72,0,44,0,55,0,19,0,24,0,29,0,28,0,31,0,12,0,79,0,33,0,67,0
Josh,Myers,NY Jets,C,Ohio State,27,71,7/16/98,77,310,1,71,4,Power - C,57,0,60,0,68,0,84,0,89,0,80,0,12,0,31,0,12,0,10,0,28,0,14,0,31,0,49,0,5,0,24,0,31,0,86,0,86,0,12,0,12,0,18,0,10,0,83,0,12,0,6,0,71,0,75,0,73,0,78,0,6,0,21,0,29,0,10,0,35,0,15,0,73,0,74,0,71,0,Default Stride Awkward,0,11,0,16,0,62,0,11,0,14,0,31,0,6,0,6,0,6,0,6,0,26,0,10,0,84,0,27,0,12,0
Joshua,Farmer,New England Patriots,DT,Florida State,22,71,1/17/03,75,305,1,92,0,,74,0,67,0,72,0,78,0,88,0,68,0,48,0,76,0,15,0,40,0,55,0,36,0,40,0,59,0,28,0,58,0,79,0,84,0,89,0,36,0,22,0,27,0,25,0,24,0,20,0,33,0,71,0,45,0,45,0,45,0,31,0,68,0,73,0,16,0,75,0,38,0,45,0,45,0,45,0,Default Stride Awkward,0,39,0,39,0,69,0,30,0,43,0,81,0,25,0,15,0,27,0,11,0,20,0,12,0,86,0,40,0,16,0
Junior,Colson,Los Angeles Chargers,MLB,Michigan,22,71,12/6/02,74,247,1,25,1,Field General - MLB,90,0,77,0,81,0,84,0,75,0,65,0,55,0,76,0,22,0,41,0,57,0,52,0,55,0,75,0,5,0,45,0,83,0,83,0,89,0,63,0,15,0,20,0,35,0,48,0,65,0,9,0,71,0,40,0,39,0,37,0,15,0,60,0,54,0,69,0,83,0,15,0,45,0,45,0,45,0,Default Stride High and Tight,0,15,0,55,0,86,0,57,0,48,0,83,0,11,0,21,0,24,0,14,0,25,0,15,0,94,0,51,0,69,0
Justin,Strnad,Denver Broncos,ROLB,Wake Forest,29,71,8/21/96,75,235,1,40,5,Pass Coverage - OLB,84,0,81,0,74,0,85,0,71,0,76,0,46,0,67,0,13,0,18,0,58,0,51,0,60,0,75,0,7,0,55,0,81,0,71,0,86,0,43,0,15,0,20,0,30,0,17,0,62,0,14,0,71,0,45,0,45,0,45,0,15,0,73,0,48,0,51,0,83,0,17,0,45,0,45,0,45,0,Default Stride Loose,0,24,0,57,0,88,0,35,0,39,0,82,0,10,0,10,0,15,0,15,0,30,0,14,0,77,0,29,0,67,0
Justin,Walley,Indianapolis Colts,CB,Minnesota,22,71,9/22/02,70,190,1,27,0,Manto Man - CB,91,0,83,0,78,0,91,0,55,0,66,0,78,0,44,0,15,0,57,0,65,0,64,0,74,0,82,0,18,0,39,0,56,0,42,0,91,0,70,0,25,0,30,0,48,0,24,0,72,0,19,0,71,0,35,0,35,0,25,0,6,0,67,0,22,0,75,0,69,0,22,0,35,0,35,0,25,0,Default,0,23,0,70,0,92,0,66,0,31,0,56,0,6,0,6,0,6,0,6,0,21,0,8,0,94,0,41,0,76,0
K.J.,Britt,Miami Dolphins,ROLB,Auburn,26,71,6/4/99,72,235,1,3,4,Run Stopper - OLB,82,0,72,0,79,0,82,0,74,0,75,0,33,0,67,0,12,0,21,0,55,0,28,0,49,0,69,0,5,0,49,0,87,0,82,0,88,0,35,0,20,0,20,0,10,0,29,0,61,0,5,0,71,0,45,0,45,0,45,0,6,0,75,0,52,0,47,0,84,0,15,0,45,0,45,0,45,0,Default Stride Awkward,0,15,0,25,0,81,0,34,0,42,0,81,0,6,0,6,0,6,0,6,0,30,0,15,0,88,0,42,0,68,0
Kei'Trel,Clark,Arizona Cardinals,CB,Louisville,24,71,3/19/01,70,181,1,13,2,Manto Man - CB,95,0,90,0,83,0,88,0,51,0,70,0,80,0,39,0,15,0,77,0,59,0,57,0,73,0,87,0,36,0,30,0,55,0,39,0,85,0,79,0,11,0,15,0,77,0,15,0,71,0,35,0,71,0,20,0,20,0,20,0,6,0,68,0,21,0,59,0,68,0,26,0,21,0,21,0,21,0,Short Stride Loose,0,42,0,65,0,92,0,70,0,25,0,45,0,6,0,6,0,6,0,6,0,26,0,10,0,74,0,25,0,66,0
Kendall,Lamm,Philadelphia Eagles,LT,Appalach. St.,33,71,6/5/92,77,310,1,74,10,Agile - OT,54,0,67,0,66,0,81,0,80,0,77,0,15,0,35,0,12,0,7,0,36,0,25,0,45,0,52,0,12,0,10,0,38,0,79,0,90,0,10,0,11,0,16,0,10,0,81,0,12,0,18,0,71,0,79,0,81,0,76,0,6,0,28,0,10,0,10,0,32,0,20,0,73,0,75,0,71,0,Default Stride Awkward,0,30,0,15,0,68,0,10,0,20,0,42,0,6,0,6,0,6,0,6,0,13,0,10,0,81,0,35,0,13,0
Kentavius,Street,Atlanta Falcons,DT,N.C. State,29,71,5/8/96,74,287,1,93,7,,80,0,72,0,79,0,81,0,89,0,69,0,41,0,74,0,12,0,26,0,49,0,37,0,45,0,57,0,27,0,72,0,82,0,84,0,89,0,41,0,15,0,16,0,12,0,33,0,25,0,31,0,71,0,45,0,45,0,45,0,6,0,66,0,63,0,21,0,74,0,35,0,45,0,45,0,45,0,Long Stride Loose,0,35,0,40,0,77,0,32,0,42,0,78,0,6,0,6,0,6,0,6,0,26,0,11,0,86,0,42,0,30,0
Kevin,Winston Jr.,Tennessee Titans,SS,Penn State,21,71,12/2/03,74,213,1,23,0,Zone - S,94,0,84,0,86,0,84,0,64,0,69,0,71,0,56,0,14,0,56,0,62,0,52,0,66,0,81,0,12,0,36,0,82,0,55,0,87,0,65,0,17,0,20,0,79,0,25,0,62,0,14,0,71,0,35,0,35,0,35,0,6,0,66,0,35,0,70,0,80,0,21,0,35,0,35,0,35,0,Default Stride Loose,0,24,0,59,0,89,0,64,0,51,0,69,0,6,0,6,0,6,0,6,0,24,0,12,0,89,0,52,0,71,0
KhaDarel,Hodge,Atlanta Falcons,WR,P. View AM,30,71,1/3/95,74,208,1,4,7,Deep Threat - WR,88,0,83,0,88,0,82,0,60,0,76,0,74,0,29,0,41,0,73,0,72,0,79,0,83,0,80,0,76,0,10,0,51,0,44,0,88,0,81,0,16,0,20,0,67,0,21,0,13,0,74,0,71,0,35,0,17,0,10,0,39,0,18,0,10,0,18,0,38,0,70,0,49,0,10,0,19,0,Default Stride Loose,0,75,0,83,0,90,0,75,0,47,0,31,0,36,0,41,0,45,0,48,0,57,0,32,0,83,0,40,0,25,0
Khalen,Saunders,New Orleans Saints,DT,W. Illinois,29,71,8/9/96,72,324,1,50,6,,76,0,67,0,75,0,69,0,84,0,73,0,48,0,75,0,12,0,45,0,49,0,39,0,49,0,59,0,20,0,73,0,77,0,86,0,83,0,34,0,12,0,18,0,10,0,49,0,18,0,23,0,71,0,45,0,45,0,45,0,6,0,71,0,66,0,11,0,77,0,28,0,45,0,45,0,45,0,Long Stride Default,0,28,0,49,0,72,0,22,0,39,0,82,0,6,0,6,0,6,0,6,0,25,0,12,0,87,0,58,0,27,0
Khyiris,Tonga,New England Patriots,DT,BYU,29,71,7/7/96,76,338,1,95,4,,75,0,56,0,74,0,78,0,91,0,69,0,39,0,79,0,12,0,21,0,39,0,28,0,30,0,54,0,12,0,62,0,74,0,86,0,88,0,33,0,28,0,27,0,5,0,42,0,18,0,16,0,71,0,48,0,47,0,52,0,6,0,67,0,73,0,13,0,77,0,27,0,49,0,46,0,50,0,Long Stride Default,0,22,0,29,0,68,0,33,0,43,0,76,0,6,0,6,0,6,0,6,0,23,0,10,0,85,0,52,0,24,0
Kingsley,Enagbare,Green Bay Packers,LE,South Carolina,25,71,1/18/00,76,258,1,55,3,Power Rusher - DE,83,0,67,0,87,0,78,0,83,0,70,0,27,0,77,0,15,0,21,0,31,0,22,0,28,0,63,0,5,0,66,0,83,0,86,0,87,0,35,0,21,0,19,0,10,0,20,0,28,0,7,0,71,0,45,0,45,0,45,0,6,0,67,0,74,0,28,0,80,0,20,0,45,0,45,0,45,0,Default Stride Loose,0,14,0,27,0,77,0,33,0,42,0,82,0,6,0,6,0,6,0,6,0,20,0,11,0,88,0,38,0,43,0
Kyle,Monangai,Chicago Bears,HB,Rutgers,23,71,6/6/02,68,211,1,25,0,Power Back - HB,88,0,81,0,83,0,92,0,77,0,64,0,81,0,33,0,32,0,82,0,96,0,48,0,68,0,78,0,37,0,30,0,35,0,41,0,91,0,79,0,22,0,30,0,72,0,43,0,22,0,46,0,71,0,49,0,39,0,44,0,28,0,26,0,28,0,21,0,38,0,46,0,43,0,30,0,32,0,Default Stride High and Tight,0,53,0,46,0,86,0,76,0,78,0,36,0,21,0,27,0,10,0,25,0,24,0,36,0,94,0,84,0,24,0
Kyle,Philips,Las Vegas Raiders,WR,UCLA,26,71,6/17/99,71,189,1,15,3,Slot - WR,93,0,89,0,81,0,86,0,62,0,69,0,81,0,28,0,16,0,72,0,76,0,78,0,82,0,90,0,69,0,10,0,25,0,43,0,86,0,78,0,15,0,19,0,73,0,30,0,21,0,75,0,71,0,32,0,28,0,22,0,6,0,25,0,10,0,22,0,43,0,71,0,52,0,37,0,31,0,Short Stride Default,0,76,0,81,0,87,0,69,0,52,0,31,0,6,0,10,0,15,0,10,0,29,0,13,0,83,0,51,0,29,0
LeQuint,Allen,Jacksonville Jaguars,HB,Syracuse,21,71,8/5/04,72,204,1,36,0,Elusive Back - HB,92,0,86,0,85,0,91,0,72,0,66,0,78,0,58,0,27,0,80,0,90,0,61,0,69,0,86,0,57,0,45,0,52,0,34,0,90,0,78,0,22,0,18,0,75,0,37,0,48,0,62,0,71,0,52,0,36,0,38,0,28,0,30,0,33,0,43,0,65,0,61,0,40,0,23,0,27,0,Long Stride Default,0,67,0,59,0,89,0,76,0,77,0,55,0,20,0,27,0,32,0,30,0,51,0,30,0,88,0,79,0,53,0
Luke,Schoonmaker,Dallas Cowboys,TE,Michigan,26,71,9/28/98,77,250,1,86,2,Possession - TE,88,0,89,0,87,0,81,0,72,0,71,0,73,0,43,0,13,0,53,0,73,0,80,0,80,0,76,0,53,0,25,0,47,0,66,0,88,0,60,0,14,0,18,0,15,0,57,0,34,0,59,0,71,0,61,0,57,0,61,0,6,0,40,0,18,0,34,0,55,0,63,0,64,0,59,0,63,0,Long Stride High and Tight,0,66,0,79,0,85,0,55,0,59,0,52,0,6,0,10,0,15,0,10,0,37,0,15,0,85,0,62,0,39,0
Mac,McWilliams,Philadelphia Eagles,CB,UCF,23,71,11/29/01,70,191,1,22,0,Manto Man - CB,93,0,86,0,82,0,88,0,59,0,67,0,71,0,46,0,30,0,49,0,56,0,51,0,67,0,86,0,30,0,26,0,55,0,51,0,81,0,74,0,28,0,24,0,75,0,26,0,73,0,31,0,71,0,35,0,35,0,25,0,21,0,69,0,29,0,69,0,73,0,30,0,35,0,35,0,25,0,Short Stride Default,0,29,0,64,0,92,0,65,0,41,0,51,0,23,0,27,0,19,0,7,0,25,0,21,0,80,0,30,0,73,0
Matt,Goncalves,Indianapolis Colts,RG,Pittsburgh,24,71,1/26/01,78,317,1,71,1,Power - G,71,0,54,0,75,0,83,0,84,0,73,0,10,0,28,0,11,0,10,0,25,0,10,0,12,0,51,0,8,0,10,0,25,0,82,0,85,0,10,0,14,0,16,0,10,0,79,0,11,0,10,0,71,0,75,0,73,0,77,0,5,0,13,0,10,0,9,0,31,0,12,0,72,0,67,0,77,0,Long Stride Awkward,0,10,0,12,0,66,0,10,0,26,0,32,0,5,0,6,0,7,0,7,0,17,0,5,0,86,0,20,0,11,0
Matthew,Wright,Carolina Panthers,K,UCF,29,71,3/22/96,71,174,1,37,5,Power - KP,81,0,58,0,49,0,78,0,44,0,54,0,12,0,19,0,15,0,5,0,28,0,15,0,20,0,57,0,12,0,10,0,16,0,16,0,85,0,13,0,75,0,95,0,10,0,15,0,11,0,14,0,71,0,17,0,17,0,17,0,15,0,17,0,10,0,10,0,23,0,14,0,17,0,16,0,16,0,Default Stride Awkward,0,16,0,15,0,73,0,11,0,10,0,27,0,15,0,20,0,32,0,15,0,24,0,16,0,63,0,10,0,17,0
Michael,Carter,Arizona Cardinals,HB,North Carolina,26,71,5/7/99,68,201,1,22,4,Elusive Back - HB,85,0,88,0,82,0,87,0,66,0,64,0,80,0,24,0,31,0,79,0,89,0,53,0,69,0,90,0,47,0,10,0,22,0,34,0,88,0,85,0,16,0,20,0,80,0,31,0,10,0,56,0,71,0,52,0,38,0,34,0,21,0,17,0,10,0,16,0,32,0,45,0,33,0,24,0,18,0,Default,0,63,0,54,0,87,0,78,0,79,0,27,0,27,0,31,0,36,0,32,0,39,0,21,0,84,0,80,0,16,0
Mike,Pennel,Kansas City Chiefs,DT,CSU-Pueblo,34,71,5/9/91,76,332,1,69,12,,67,0,54,0,71,0,72,0,85,0,71,0,15,0,77,0,12,0,10,0,40,0,15,0,32,0,47,0,3,0,48,0,75,0,88,0,88,0,15,0,16,0,15,0,10,0,36,0,15,0,7,0,71,0,45,0,45,0,45,0,6,0,74,0,70,0,16,0,76,0,15,0,45,0,45,0,45,0,Default Stride Awkward,0,15,0,15,0,67,0,12,0,27,0,84,0,6,0,6,0,6,0,6,0,20,0,10,0,75,0,25,0,20,0
Miles,Boykin,Chicago Bears,WR,Notre Dame,28,71,10/12/96,76,220,1,80,6,Deep Threat - WR,88,0,87,0,92,0,80,0,68,0,74,0,79,0,29,0,19,0,71,0,73,0,83,0,83,0,85,0,70,0,10,0,20,0,57,0,85,0,78,0,11,0,16,0,42,0,30,0,15,0,72,0,71,0,34,0,20,0,21,0,10,0,17,0,10,0,14,0,34,0,73,0,57,0,29,0,36,0,Default Stride Loose,0,73,0,84,0,90,0,69,0,57,0,28,0,19,0,23,0,31,0,25,0,37,0,20,0,77,0,45,0,21,0
Netane,Muti,Detroit Lions,LG,Fresno State,26,71,3/27/99,75,315,1,52,5,Power - G,56,0,62,0,68,0,83,0,96,0,66,0,24,0,39,0,12,0,22,0,40,0,15,0,17,0,51,0,5,0,28,0,50,0,88,0,83,0,24,0,28,0,15,0,10,0,82,0,11,0,5,0,71,0,70,0,67,0,72,0,6,0,33,0,41,0,10,0,35,0,15,0,74,0,72,0,76,0,Default Stride Awkward,0,15,0,15,0,67,0,21,0,33,0,44,0,6,0,6,0,6,0,6,0,17,0,10,0,92,0,34,0,9,0
Neville,Gallimore,Indianapolis Colts,DT,Oklahoma,28,71,1/17/97,74,302,1,92,5,Speed Rusher - DT,82,0,71,0,75,0,73,0,80,0,74,0,26,0,73,0,12,0,12,0,38,0,23,0,34,0,63,0,5,0,75,0,78,0,84,0,88,0,29,0,15,0,20,0,10,0,35,0,16,0,7,0,71,0,45,0,45,0,45,0,6,0,71,0,69,0,15,0,77,0,17,0,45,0,45,0,45,0,Long Stride Loose,0,15,0,25,0,80,0,24,0,26,0,84,0,6,0,6,0,6,0,6,0,29,0,10,0,86,0,27,0,24,0
Nick,Martin,San Francisco 49ers,ROLB,Oklahoma St.,22,71,10/13/02,72,221,1,45,0,Run Stopper - OLB,93,0,79,0,90,0,87,0,74,0,73,0,57,0,70,0,22,0,43,0,68,0,52,0,60,0,82,0,23,0,61,0,76,0,73,0,88,0,61,0,21,0,23,0,10,0,29,0,58,0,26,0,71,0,45,0,45,0,45,0,6,0,71,0,55,0,48,0,82,0,27,0,45,0,45,0,45,0,Default Stride Loose,0,29,0,54,0,88,0,55,0,51,0,78,0,6,0,6,0,6,0,6,0,22,0,12,0,88,0,47,0,63,0
Nick,Scott,Carolina Panthers,SS,Penn State,30,71,5/17/95,71,200,1,21,6,Zone - S,93,0,82,0,92,0,89,0,64,0,75,0,73,0,53,0,17,0,60,0,69,0,49,0,69,0,82,0,20,0,50,0,85,0,58,0,91,0,73,0,14,0,18,0,40,0,17,0,63,0,26,0,71,0,45,0,35,0,35,0,6,0,74,0,28,0,64,0,76,0,21,0,35,0,35,0,35,0,Short Stride Loose,0,39,0,65,0,90,0,67,0,50,0,65,0,6,0,6,0,6,0,6,0,28,0,17,0,84,0,50,0,67,0
Noah,Igbinoghene,Washington Commanders,CB,Auburn,25,71,11/27/99,71,197,1,6,5,Manto Man - CB,91,0,88,0,93,0,87,0,61,0,68,0,74,0,49,0,17,0,58,0,65,0,49,0,64,0,87,0,47,0,37,0,57,0,48,0,83,0,78,0,14,0,18,0,82,0,17,0,71,0,53,0,71,0,35,0,35,0,35,0,6,0,67,0,28,0,75,0,73,0,44,0,35,0,35,0,35,0,Default Stride Loose,0,58,0,67,0,91,0,71,0,41,0,56,0,6,0,6,0,6,0,6,0,28,0,17,0,82,0,33,0,67,0
Ollie,Gordon II,Miami Dolphins,HB,Oklahoma St.,21,71,1/15/04,73,226,1,31,0,Power Back - HB,88,0,83,0,87,0,89,0,76,0,72,0,82,0,36,0,33,0,82,0,89,0,48,0,69,0,82,0,50,0,30,0,37,0,35,0,92,0,78,0,25,0,25,0,69,0,34,0,27,0,56,0,71,0,54,0,36,0,40,0,29,0,28,0,29,0,22,0,42,0,56,0,37,0,28,0,29,0,Long Stride Default,0,62,0,48,0,86,0,73,0,83,0,38,0,31,0,32,0,38,0,39,0,51,0,35,0,87,0,82,0,20,0
Omarr,Norman-Lott,Kansas City Chiefs,DT,Tennessee,23,71,3/11/02,74,303,1,55,0,,82,0,71,0,77,0,72,0,85,0,71,0,25,0,78,0,16,0,28,0,40,0,19,0,24,0,61,0,10,0,71,0,83,0,84,0,83,0,19,0,15,0,21,0,19,0,26,0,10,0,13,0,71,0,45,0,45,0,45,0,8,0,68,0,78,0,10,0,76,0,15,0,45,0,45,0,45,0,Long Stride Awkward,0,19,0,19,0,67,0,19,0,31,0,77,0,6,0,10,0,15,0,10,0,24,0,13,0,81,0,27,0,13,0
Ozzy,Trapilo,Chicago Bears,LT,Boston College,23,71,10/17/01,80,316,1,75,0,Agile - OT,74,0,61,0,74,0,86,0,87,0,74,0,10,0,28,0,13,0,6,0,34,0,17,0,24,0,57,0,5,0,23,0,24,0,83,0,84,0,15,0,27,0,22,0,10,0,83,0,14,0,5,0,71,0,78,0,77,0,76,0,6,0,22,0,29,0,10,0,26,0,21,0,75,0,76,0,75,0,Long Stride Awkward,0,15,0,20,0,65,0,10,0,12,0,21,0,6,0,6,0,6,0,6,0,14,0,14,0,83,0,29,0,16,0
Parris,Campbell,Dallas Cowboys,WR,Ohio State,28,71,7/16/97,72,208,1,80,6,,91,0,89,0,89,0,82,0,56,0,63,0,83,0,41,0,22,0,73,0,73,0,78,0,82,0,88,0,72,0,10,0,23,0,50,0,80,0,83,0,12,0,14,0,76,0,36,0,16,0,70,0,71,0,43,0,26,0,28,0,6,0,21,0,10,0,16,0,45,0,67,0,50,0,30,0,28,0,Short Stride Default,0,72,0,79,0,92,0,76,0,59,0,38,0,6,0,10,0,15,0,10,0,26,0,18,0,78,0,46,0,24,0
Percy,Butler,Washington Commanders,SS,UL Lafayette,25,71,5/29/00,72,191,1,35,3,Hybrid - S,95,0,83,0,84,0,88,0,57,0,72,0,58,0,51,0,19,0,46,0,59,0,53,0,60,0,84,0,26,0,37,0,77,0,48,0,87,0,72,0,15,0,20,0,35,0,21,0,72,0,31,0,71,0,34,0,34,0,34,0,7,0,72,0,30,0,60,0,73,0,26,0,34,0,34,0,34,0,Default Stride Loose,0,35,0,57,0,92,0,65,0,33,0,58,0,10,0,13,0,16,0,16,0,26,0,8,0,73,0,36,0,69,0
Pharaoh,Brown,Miami Dolphins,TE,Oregon,31,71,5/5/94,77,246,1,85,8,Possession - TE,77,0,73,0,83,0,86,0,75,0,71,0,70,0,26,0,15,0,66,0,74,0,79,0,83,0,66,0,56,0,27,0,39,0,70,0,86,0,74,0,19,0,24,0,15,0,56,0,12,0,62,0,71,0,62,0,58,0,62,0,6,0,18,0,20,0,15,0,33,0,68,0,65,0,64,0,61,0,Long Stride Loose,0,67,0,78,0,80,0,66,0,71,0,35,0,6,0,10,0,15,0,10,0,25,0,10,0,71,0,62,0,17,0
Phillip,Dorsett II,Las Vegas Raiders,WR,Miami,32,71,1/5/93,70,192,1,13,10,,90,0,88,0,88,0,82,0,62,0,63,0,81,0,28,0,24,0,75,0,71,0,78,0,82,0,85,0,72,0,10,0,14,0,46,0,82,0,84,0,15,0,21,0,81,0,26,0,18,0,71,0,71,0,32,0,15,0,20,0,6,0,24,0,10,0,10,0,34,0,65,0,55,0,33,0,39,0,Default Stride Loose,0,72,0,80,0,92,0,77,0,34,0,20,0,6,0,10,0,15,0,10,0,34,0,20,0,75,0,28,0,25,0
Quez,Watkins,Arizona Cardinals,WR,Southern Miss,27,71,6/9/98,72,193,1,16,5,Deep Threat - WR,94,0,85,0,87,0,86,0,41,0,65,0,79,0,20,0,27,0,75,0,72,0,78,0,84,0,82,0,75,0,10,0,21,0,41,0,88,0,75,0,12,0,16,0,79,0,24,0,12,0,73,0,71,0,27,0,10,0,10,0,6,0,16,0,10,0,13,0,38,0,67,0,41,0,23,0,32,0,Short Stride Default,0,74,0,78,0,93,0,73,0,49,0,29,0,6,0,10,0,15,0,18,0,24,0,16,0,78,0,36,0,16,0
Reid,Ferguson,Buffalo Bills,LS,LSU,31,71,3/24/94,74,235,1,69,9,Accurate - LS,70,0,63,0,69,0,79,0,65,0,68,0,45,0,39,0,11,0,43,0,54,0,54,0,57,0,62,0,42,0,17,0,27,0,46,0,94,0,51,0,19,0,21,0,18,0,35,0,14,0,47,0,71,0,54,0,40,0,50,0,17,0,22,0,17,0,17,0,48,0,48,0,50,0,42,0,47,0,Long Stride Loose,0,51,0,51,0,73,0,47,0,52,0,33,0,13,0,16,0,18,0,19,0,27,0,10,0,83,0,46,0,21,0
Rock,Ya-Sin,Detroit Lions,CB,Temple,29,71,5/23/96,71,192,1,23,6,Manto Man - CB,88,0,85,0,93,0,88,0,68,0,67,0,64,0,51,0,13,0,55,0,59,0,59,0,69,0,83,0,10,0,36,0,55,0,52,0,89,0,71,0,18,0,20,0,58,0,10,0,75,0,12,0,71,0,35,0,35,0,35,0,6,0,63,0,24,0,83,0,75,0,17,0,35,0,35,0,35,0,Long Stride Loose,0,22,0,63,0,90,0,63,0,29,0,52,0,6,0,6,0,6,0,6,0,27,0,10,0,87,0,25,0,70,0
Rodney,Thomas II,Indianapolis Colts,FS,Yale,26,71,6/26/99,73,196,1,25,3,Zone - S,92,0,83,0,94,0,86,0,61,0,73,0,57,0,56,0,26,0,47,0,57,0,52,0,73,0,87,0,20,0,44,0,67,0,52,0,91,0,65,0,14,0,13,0,37,0,16,0,65,0,26,0,71,0,35,0,35,0,35,0,22,0,71,0,36,0,66,0,76,0,23,0,35,0,35,0,35,0,Default Stride Loose,0,30,0,63,0,89,0,59,0,41,0,60,0,13,0,15,0,22,0,24,0,24,0,15,0,78,0,40,0,71,0
Ryan,Bates,Chicago Bears,RG,Penn State,28,71,2/14/97,76,302,1,71,6,Agile - G,78,0,67,0,68,0,82,0,86,0,75,0,12,0,26,0,12,0,11,0,26,0,16,0,20,0,55,0,5,0,10,0,27,0,83,0,91,0,15,0,12,0,15,0,11,0,79,0,12,0,8,0,71,0,74,0,75,0,73,0,6,0,10,0,10,0,10,0,27,0,12,0,72,0,76,0,66,0,Long Stride Awkward,0,10,0,14,0,67,0,10,0,20,0,31,0,6,0,6,0,6,0,6,0,17,0,14,0,87,0,30,0,12,0
Shy,Tuttle,Carolina Panthers,DT,Tennessee,29,71,10/20/95,75,300,1,99,6,,74,0,71,0,70,0,78,0,82,0,68,0,17,0,75,0,12,0,10,0,30,0,29,0,44,0,59,0,3,0,68,0,79,0,82,0,89,0,25,0,12,0,15,0,10,0,27,0,22,0,7,0,71,0,45,0,45,0,45,0,6,0,70,0,60,0,20,0,80,0,15,0,45,0,45,0,45,0,Default Stride Loose,0,15,0,33,0,75,0,30,0,53,0,84,0,6,0,6,0,6,0,6,0,16,0,10,0,85,0,34,0,26,0
Sincere,McCormick,Las Vegas Raiders,HB,UTSA,24,71,9/10/00,69,205,1,28,3,Power Back - HB,88,0,80,0,81,0,84,0,75,0,75,0,81,0,32,0,27,0,79,0,92,0,56,0,70,0,78,0,48,0,10,0,30,0,41,0,89,0,80,0,23,0,28,0,15,0,39,0,12,0,53,0,71,0,52,0,27,0,33,0,18,0,19,0,10,0,15,0,38,0,48,0,36,0,28,0,33,0,Default,0,59,0,55,0,87,0,67,0,80,0,34,0,18,0,24,0,30,0,29,0,37,0,22,0,87,0,81,0,12,0
Solomon,Thomas,Dallas Cowboys,DT,Stanford,30,71,8/26/95,75,295,1,90,8,,83,0,77,0,84,0,79,0,87,0,65,0,18,0,72,0,12,0,10,0,40,0,25,0,32,0,59,0,14,0,74,0,81,0,87,0,91,0,32,0,11,0,16,0,10,0,14,0,29,0,18,0,71,0,45,0,45,0,45,0,6,0,66,0,61,0,34,0,76,0,20,0,45,0,45,0,45,0,Long Stride Default,0,25,0,25,0,82,0,23,0,27,0,82,0,6,0,6,0,6,0,6,0,18,0,17,0,88,0,30,0,43,0
Tahj,Brooks,Cincinnati Bengals,HB,Texas Tech,23,71,5/13/02,69,214,1,25,0,Elusive Back - HB,92,0,87,0,86,0,93,0,68,0,66,0,79,0,35,0,16,0,81,0,91,0,50,0,70,0,85,0,51,0,23,0,29,0,44,0,94,0,79,0,23,0,24,0,73,0,40,0,24,0,57,0,71,0,51,0,41,0,46,0,25,0,37,0,28,0,26,0,37,0,55,0,41,0,30,0,33,0,Short Stride Default,0,61,0,50,0,88,0,73,0,72,0,35,0,25,0,17,0,16,0,9,0,21,0,32,0,92,0,73,0,27,0
Tai,Felton,Minnesota Vikings,WR,Maryland,22,71,3/15/03,73,183,1,13,0,,93,0,84,0,89,0,91,0,59,0,62,0,83,0,28,0,18,0,73,0,70,0,77,0,81,0,85,0,76,0,25,0,24,0,35,0,86,0,82,0,27,0,18,0,71,0,21,0,33,0,71,0,71,0,26,0,17,0,24,0,27,0,36,0,23,0,25,0,30,0,70,0,40,0,20,0,22,0,Default,0,72,0,79,0,93,0,77,0,59,0,49,0,22,0,15,0,24,0,23,0,22,0,33,0,89,0,52,0,46,0
Tanoh,Kpassagnon,Chicago Bears,RE,Villanova,31,71,6/14/94,79,289,1,69,8,Power Rusher - DE,81,0,73,0,74,0,76,0,82,0,72,0,37,0,76,0,12,0,23,0,44,0,41,0,47,0,60,0,6,0,66,0,84,0,83,0,87,0,43,0,29,0,15,0,15,0,19,0,42,0,10,0,71,0,45,0,45,0,45,0,6,0,71,0,75,0,38,0,79,0,23,0,45,0,45,0,45,0,Long Stride Default,0,20,0,40,0,80,0,28,0,36,0,79,0,6,0,6,0,6,0,6,0,15,0,10,0,80,0,32,0,50,0
Tate,Ratledge,Detroit Lions,C,Georgia,24,71,4/26/01,79,308,1,69,0,Agile - C,78,0,71,0,78,0,82,0,88,0,77,0,31,0,35,0,13,0,27,0,41,0,30,0,42,0,61,0,13,0,30,0,37,0,82,0,82,0,23,0,56,0,59,0,10,0,83,0,20,0,19,0,71,0,73,0,74,0,73,0,6,0,35,0,35,0,15,0,34,0,26,0,75,0,76,0,76,0,Long Stride Awkward,0,26,0,29,0,73,0,22,0,33,0,38,0,6,0,6,0,6,0,6,0,10,0,10,0,80,0,40,0,27,0
Taven,Bryan,Cincinnati Bengals,DT,Florida,29,71,3/11/96,76,291,1,70,7,,79,0,75,0,84,0,75,0,88,0,69,0,34,0,71,0,13,0,33,0,37,0,23,0,31,0,62,0,3,0,62,0,85,0,89,0,94,0,32,0,13,0,18,0,10,0,30,0,22,0,5,0,71,0,45,0,45,0,45,0,8,0,70,0,74,0,20,0,76,0,12,0,45,0,45,0,45,0,Long Stride Default,0,10,0,18,0,77,0,26,0,37,0,81,0,7,0,10,0,13,0,7,0,22,0,15,0,94,0,53,0,29,0
Tavierre,Thomas,Minnesota Vikings,FS,Ferris State,29,71,3/11/96,70,205,1,37,7,Hybrid - S,90,0,79,0,81,0,90,0,55,0,75,0,59,0,50,0,16,0,56,0,58,0,37,0,64,0,78,0,10,0,43,0,46,0,47,0,92,0,71,0,14,0,18,0,74,0,12,0,74,0,13,0,71,0,35,0,35,0,35,0,6,0,75,0,35,0,73,0,74,0,14,0,35,0,35,0,35,0,Default Stride Loose,0,23,0,60,0,90,0,63,0,31,0,59,0,6,0,6,0,6,0,6,0,25,0,13,0,84,0,32,0,75,0
Teddye,Buchanan,Baltimore Ravens,ROLB,California,22,71,10/3/02,74,233,1,40,0,Run Stopper - OLB,89,0,82,0,90,0,88,0,78,0,70,0,45,0,66,0,36,0,37,0,65,0,52,0,61,0,78,0,22,0,60,0,81,0,76,0,89,0,49,0,18,0,23,0,10,0,25,0,61,0,25,0,71,0,40,0,40,0,40,0,20,0,68,0,54,0,44,0,80,0,26,0,40,0,40,0,40,0,Default Stride Loose,0,28,0,54,0,86,0,43,0,39,0,82,0,23,0,26,0,29,0,34,0,28,0,23,0,87,0,40,0,67,0
Terrace,Marshall Jr,Philadelphia Eagles,WR,LSU,25,71,6/9/00,74,200,1,46,4,,88,0,84,0,91,0,84,0,67,0,70,0,79,0,28,0,21,0,78,0,74,0,81,0,83,0,83,0,73,0,10,0,25,0,46,0,87,0,78,0,15,0,19,0,45,0,25,0,12,0,74,0,71,0,32,0,17,0,20,0,6,0,15,0,10,0,17,0,32,0,73,0,58,0,23,0,29,0,Default,0,76,0,82,0,90,0,73,0,58,0,27,0,10,0,15,0,20,0,15,0,26,0,17,0,82,0,57,0,17,0
Terrell,Burgess,New Orleans Saints,SS,Utah,26,71,11/12/98,71,202,1,24,5,Hybrid - S,89,0,87,0,81,0,87,0,62,0,72,0,65,0,56,0,11,0,44,0,62,0,55,0,64,0,87,0,30,0,50,0,71,0,58,0,87,0,74,0,20,0,20,0,65,0,15,0,71,0,36,0,71,0,35,0,35,0,35,0,6,0,69,0,40,0,71,0,74,0,35,0,35,0,35,0,35,0,Default Stride Loose,0,43,0,60,0,89,0,67,0,39,0,67,0,6,0,6,0,6,0,6,0,35,0,11,0,88,0,33,0,67,0
Tory,Horton,Seattle Seahawks,WR,Colorado St.,22,71,11/29/02,75,196,1,15,0,,94,0,87,0,88,0,85,0,68,0,62,0,79,0,31,0,19,0,74,0,71,0,78,0,81,0,88,0,75,0,27,0,31,0,48,0,83,0,76,0,23,0,24,0,79,0,31,0,50,0,75,0,71,0,28,0,14,0,21,0,28,0,32,0,26,0,24,0,33,0,74,0,53,0,24,0,24,0,Default Stride Loose,0,76,0,78,0,93,0,73,0,61,0,39,0,12,0,19,0,27,0,16,0,31,0,26,0,84,0,53,0,37,0
Troy,Andersen,Atlanta Falcons,ROLB,Montana State,26,71,4/23/99,76,235,1,44,3,Run Stopper - OLB,93,0,87,0,86,0,85,0,68,0,76,0,76,0,68,0,63,0,71,0,76,0,58,0,67,0,85,0,24,0,45,0,84,0,79,0,85,0,65,0,21,0,24,0,10,0,59,0,54,0,30,0,71,0,53,0,52,0,54,0,53,0,72,0,40,0,55,0,80,0,37,0,56,0,57,0,54,0,Long Stride Default,0,35,0,57,0,91,0,55,0,58,0,81,0,44,0,46,0,51,0,55,0,53,0,39,0,86,0,63,0,58,0
Ty,Hamilton,Los Angeles Rams,DT,Ohio State,23,71,4/15/02,75,299,1,57,0,,80,0,61,0,79,0,82,0,89,0,69,0,23,0,76,0,11,0,26,0,36,0,15,0,25,0,57,0,10,0,64,0,79,0,84,0,91,0,21,0,17,0,20,0,26,0,25,0,11,0,13,0,71,0,45,0,45,0,45,0,11,0,69,0,71,0,14,0,73,0,15,0,45,0,45,0,45,0,Default Stride Awkward,0,16,0,16,0,75,0,21,0,28,0,78,0,7,0,8,0,13,0,11,0,17,0,14,0,89,0,28,0,17,0
Ty,Robinson,Philadelphia Eagles,DT,Nebraska,24,71,5/3/01,78,288,1,95,0,,80,0,65,0,83,0,87,0,89,0,69,0,43,0,80,0,18,0,39,0,59,0,50,0,55,0,64,0,42,0,65,0,82,0,85,0,92,0,43,0,30,0,22,0,25,0,26,0,21,0,45,0,71,0,45,0,45,0,45,0,12,0,67,0,73,0,19,0,74,0,48,0,45,0,45,0,45,0,Long Stride Awkward,0,48,0,52,0,78,0,34,0,45,0,73,0,10,0,12,0,15,0,13,0,21,0,14,0,91,0,43,0,23,0
Tylan,Wallace,Baltimore Ravens,WR,Oklahoma St.,26,71,5/13/99,71,198,1,16,4,,92,0,90,0,88,0,83,0,64,0,70,0,82,0,38,0,22,0,75,0,71,0,82,0,82,0,86,0,70,0,10,0,32,0,53,0,85,0,76,0,22,0,20,0,82,0,27,0,24,0,70,0,71,0,36,0,26,0,21,0,6,0,24,0,10,0,26,0,48,0,66,0,60,0,33,0,28,0,Default,0,70,0,84,0,90,0,72,0,70,0,40,0,6,0,10,0,15,0,10,0,27,0,18,0,80,0,61,0,31,0
Tyler,Scott,Chicago Bears,WR,Cincinnati,23,71,10/12/01,71,185,1,10,2,,93,0,84,0,91,0,81,0,53,0,71,0,80,0,34,0,15,0,73,0,73,0,81,0,80,0,87,0,75,0,18,0,37,0,40,0,88,0,76,0,15,0,20,0,71,0,18,0,31,0,74,0,71,0,25,0,16,0,10,0,6,0,34,0,14,0,32,0,43,0,66,0,41,0,24,0,18,0,Default,0,73,0,81,0,92,0,71,0,45,0,40,0,6,0,10,0,15,0,10,0,26,0,13,0,85,0,41,0,40,0
Tyler,Davis,Los Angeles Rams,DT,Clemson,24,71,11/1/00,74,300,1,90,1,,78,0,60,0,71,0,85,0,89,0,60,0,31,0,75,0,23,0,35,0,40,0,15,0,22,0,51,0,4,0,67,0,83,0,86,0,88,0,37,0,17,0,23,0,8,0,11,0,17,0,4,0,71,0,23,0,18,0,25,0,15,0,65,0,72,0,10,0,77,0,13,0,45,0,45,0,45,0,Default Stride Awkward,0,4,0,15,0,72,0,23,0,24,0,85,0,17,0,16,0,13,0,11,0,12,0,15,0,87,0,25,0,19,0
Will,Shipley,Philadelphia Eagles,HB,Clemson,23,71,8/29/02,71,210,1,28,1,Elusive Back - HB,91,0,87,0,90,0,90,0,68,0,68,0,80,0,25,0,25,0,74,0,82,0,52,0,64,0,89,0,55,0,10,0,26,0,32,0,83,0,83,0,17,0,22,0,76,0,29,0,11,0,62,0,71,0,45,0,35,0,30,0,18,0,17,0,10,0,10,0,35,0,58,0,30,0,32,0,25,0,Default Stride Loose,0,67,0,53,0,91,0,74,0,73,0,32,0,15,0,22,0,28,0,24,0,36,0,22,0,83,0,76,0,18,0
Will,Levis,Tennessee Titans,QB,Kentucky,26,71,6/27/99,76,229,1,8,2,Strong Arm - QB,85,0,83,0,89,0,80,0,69,0,62,0,82,0,18,0,67,0,73,0,62,0,13,0,47,0,79,0,11,0,10,0,20,0,26,0,87,0,66,0,16,0,27,0,10,0,19,0,10,0,13,0,71,0,13,0,10,0,10,0,78,0,12,0,10,0,10,0,22,0,14,0,20,0,16,0,12,0,Default,0,16,0,16,0,80,0,73,0,53,0,25,0,80,0,80,0,83,0,80,0,94,0,77,0,93,0,68,0,15,0
Wyatt,Milum,Jacksonville Jaguars,RG,West Virginia,22,71,12/27/02,79,313,1,64,0,Power - G,67,0,65,0,70,0,88,0,87,0,69,0,26,0,43,0,12,0,27,0,40,0,28,0,38,0,58,0,13,0,45,0,26,0,88,0,87,0,33,0,13,0,12,0,10,0,79,0,12,0,15,0,71,0,75,0,73,0,75,0,6,0,30,0,42,0,10,0,35,0,15,0,76,0,74,0,76,0,Long Stride Awkward,0,20,0,27,0,63,0,30,0,30,0,25,0,6,0,6,0,6,0,6,0,18,0,10,0,88,0,27,0,11,0
Xavier,Thomas,Arizona Cardinals,RE,Clemson,25,71,12/20/99,74,245,1,54,1,Smaller Speed Rusher - DE,86,0,76,0,79,0,76,0,78,0,71,0,45,0,69,0,17,0,30,0,42,0,41,0,60,0,66,0,11,0,72,0,74,0,78,0,85,0,50,0,17,0,20,0,10,0,32,0,38,0,16,0,71,0,35,0,35,0,35,0,7,0,70,0,72,0,37,0,77,0,21,0,40,0,40,0,40,0,Default Stride Loose,0,22,0,46,0,85,0,45,0,33,0,79,0,6,0,8,0,10,0,8,0,25,0,13,0,84,0,40,0,42,0
Xavier,Gipson,NY Jets,WR,Stephen F. Austin,24,71,3/8/01,70,189,1,3,2,,94,0,87,0,83,0,84,0,56,0,64,0,78,0,38,0,21,0,72,0,72,0,78,0,81,0,92,0,73,0,10,0,35,0,46,0,86,0,79,0,11,0,16,0,82,0,30,0,21,0,72,0,71,0,26,0,20,0,21,0,6,0,25,0,10,0,30,0,37,0,66,0,47,0,25,0,21,0,Default Stride Loose,0,71,0,79,0,92,0,73,0,48,0,39,0,6,0,10,0,15,0,10,0,34,0,15,0,82,0,53,0,27,0
Zach,Pascal,NY Giants,WR,Old Dominion,30,71,12/18/94,74,215,1,83,8,Slot - WR,90,0,83,0,86,0,87,0,71,0,74,0,67,0,28,0,22,0,73,0,75,0,81,0,84,0,80,0,71,0,10,0,28,0,57,0,93,0,76,0,18,0,23,0,78,0,30,0,19,0,74,0,71,0,49,0,30,0,34,0,18,0,15,0,10,0,15,0,40,0,73,0,56,0,21,0,27,0,Default Stride Loose,0,76,0,83,0,89,0,72,0,68,0,31,0,20,0,24,0,30,0,27,0,46,0,19,0,88,0,65,0,18,0
A.T.,Perry,Denver Broncos,WR,Wake Forest,25,70,10/26/99,77,205,1,87,2,Deep Threat - WR,93,0,85,0,86,0,86,0,68,0,67,0,79,0,31,0,22,0,74,0,74,0,82,0,82,0,81,0,71,0,10,0,34,0,51,0,91,0,74,0,49,0,53,0,44,0,33,0,24,0,73,0,70,0,34,0,20,0,20,0,6,0,23,0,10,0,31,0,42,0,71,0,56,0,24,0,31,0,Long Stride High and Tight,0,75,0,84,0,90,0,67,0,53,0,38,0,6,0,10,0,15,0,10,0,23,0,19,0,90,0,60,0,32,0
Adam,Gotsis,Tampa Bay Buccaneers,DT,Georgia Tech,32,70,9/23/92,76,290,1,97,9,,74,0,62,0,79,0,76,0,82,0,71,0,23,0,76,0,12,0,22,0,43,0,14,0,39,0,52,0,3,0,64,0,81,0,86,0,90,0,20,0,17,0,17,0,9,0,14,0,18,0,6,0,70,0,44,0,45,0,44,0,6,0,73,0,72,0,13,0,78,0,15,0,44,0,45,0,46,0,Default Stride High and Tight,0,13,0,16,0,74,0,17,0,30,0,79,0,6,0,6,0,6,0,6,0,23,0,17,0,81,0,40,0,26,0
Alex,Austin,New England Patriots,CB,Oregon State,24,70,5/22/01,73,191,1,28,2,Manto Man - CB,90,0,85,0,80,0,88,0,49,0,76,0,65,0,40,0,14,0,49,0,59,0,59,0,72,0,83,0,12,0,35,0,63,0,38,0,90,0,69,0,19,0,21,0,55,0,15,0,70,0,16,0,70,0,30,0,30,0,30,0,8,0,74,0,30,0,68,0,73,0,19,0,35,0,35,0,35,0,Default Stride Loose,0,24,0,61,0,88,0,64,0,48,0,52,0,8,0,8,0,8,0,12,0,27,0,11,0,90,0,29,0,73,0
Andrew,Vorhees,Baltimore Ravens,LG,USC,26,70,1/21/99,78,310,1,72,2,Power - G,74,0,51,0,72,0,80,0,97,0,72,0,15,0,35,0,6,0,15,0,32,0,24,0,30,0,48,0,14,0,25,0,39,0,81,0,81,0,10,0,10,0,11,0,10,0,77,0,8,0,16,0,70,0,70,0,67,0,75,0,5,0,23,0,40,0,8,0,21,0,15,0,72,0,75,0,68,0,Long Stride Awkward,0,22,0,25,0,65,0,10,0,32,0,29,0,5,0,5,0,5,0,5,0,15,0,7,0,89,0,25,0,9,0
Andy,Dalton,Carolina Panthers,QB,TCU,37,70,10/29/87,74,220,1,14,14,Field General - QB,67,0,73,0,73,0,80,0,54,0,70,0,63,0,12,0,55,0,47,0,64,0,52,0,55,0,70,0,10,0,10,0,12,0,14,0,93,0,52,0,19,0,12,0,10,0,10,0,12,0,20,0,70,0,13,0,13,0,13,0,82,0,10,0,10,0,10,0,23,0,24,0,14,0,14,0,14,0,Default,0,30,0,47,0,74,0,51,0,28,0,15,0,81,0,81,0,85,0,81,0,87,0,80,0,92,0,23,0,12,0
Audric,Estime,Denver Broncos,HB,Notre Dame,21,70,9/6/03,71,227,1,23,1,Elusive Back - HB,90,0,85,0,88,0,83,0,75,0,77,0,79,0,32,0,26,0,77,0,86,0,59,0,66,0,81,0,41,0,11,0,29,0,37,0,93,0,78,0,12,0,17,0,65,0,33,0,10,0,48,0,70,0,51,0,36,0,39,0,16,0,18,0,16,0,18,0,37,0,45,0,34,0,35,0,29,0,Default,0,55,0,60,0,87,0,72,0,76,0,35,0,10,0,15,0,20,0,23,0,25,0,17,0,91,0,78,0,20,0
Barryn,Sorrell,Green Bay Packers,LE,Texas,22,70,12/22/02,75,256,1,99,0,Power Rusher - DE,85,0,80,0,82,0,87,0,82,0,71,0,36,0,73,0,17,0,28,0,47,0,43,0,47,0,73,0,27,0,67,0,79,0,79,0,90,0,32,0,19,0,24,0,31,0,26,0,36,0,32,0,70,0,45,0,45,0,45,0,15,0,69,0,71,0,32,0,76,0,34,0,45,0,45,0,45,0,Long Stride Loose,0,37,0,45,0,83,0,29,0,36,0,75,0,7,0,10,0,15,0,18,0,13,0,12,0,91,0,28,0,46,0
Beaux,Limmer,Los Angeles Rams,C,Arkansas,24,70,6/10/01,77,307,1,50,1,Agile - C,75,0,67,0,86,0,82,0,85,0,75,0,16,0,35,0,9,0,5,0,20,0,15,0,24,0,59,0,5,0,10,0,29,0,81,0,90,0,13,0,21,0,20,0,10,0,83,0,8,0,5,0,70,0,72,0,73,0,71,0,7,0,17,0,10,0,8,0,22,0,15,0,77,0,79,0,75,0,Default Stride Awkward,0,15,0,15,0,65,0,10,0,27,0,30,0,6,0,6,0,7,0,6,0,21,0,14,0,92,0,25,0,7,0
Ben,Sauls,Pittsburgh Steelers,K,Pittsburgh,24,70,7/31/01,70,186,0,29,0,Power - KP,73,0,60,0,47,0,84,0,46,0,53,0,10,0,13,0,17,0,10,0,26,0,10,0,19,0,52,0,10,0,10,0,16,0,17,0,85,0,35,0,77,0,93,0,10,0,14,0,11,0,10,0,70,0,10,0,12,0,10,0,12,0,14,0,10,0,16,0,24,0,11,0,12,0,12,0,24,0,Default Stride Awkward,0,10,0,14,0,73,0,22,0,36,0,20,0,25,0,28,0,31,0,18,0,24,0,18,0,62,0,12,0,13,0
Ben,Skowronek,Pittsburgh Steelers,WR,Notre Dame,28,70,6/27/97,75,224,1,15,4,Physical - WR,89,0,80,0,88,0,82,0,68,0,74,0,73,0,41,0,32,0,73,0,73,0,82,0,88,0,78,0,69,0,22,0,51,0,49,0,86,0,72,0,19,0,15,0,55,0,29,0,23,0,73,0,70,0,39,0,27,0,33,0,25,0,23,0,16,0,22,0,52,0,73,0,54,0,28,0,32,0,Long Stride Default,0,74,0,83,0,85,0,66,0,59,0,47,0,10,0,10,0,15,0,10,0,30,0,25,0,83,0,55,0,30,0
Ben,Sinnott,Washington Commanders,TE,Kansas State,23,70,6/14/02,76,250,1,82,1,Vertical Threat - TE,89,0,88,0,90,0,82,0,70,0,67,0,76,0,50,0,23,0,70,0,74,0,76,0,79,0,78,0,55,0,45,0,58,0,62,0,90,0,70,0,18,0,23,0,28,0,56,0,33,0,62,0,70,0,57,0,57,0,52,0,10,0,40,0,54,0,31,0,55,0,67,0,59,0,58,0,52,0,Long Stride Default,0,68,0,77,0,83,0,67,0,68,0,55,0,5,0,10,0,15,0,10,0,26,0,15,0,86,0,72,0,46,0
Billy,Bowman Jr.,Atlanta Falcons,SS,Oklahoma,22,70,1/29/03,70,192,1,33,0,Zone - S,92,0,89,0,85,0,90,0,61,0,63,0,66,0,52,0,15,0,54,0,62,0,59,0,70,0,88,0,27,0,38,0,75,0,58,0,90,0,64,0,15,0,19,0,81,0,25,0,69,0,31,0,70,0,35,0,35,0,35,0,6,0,60,0,38,0,66,0,78,0,34,0,35,0,35,0,35,0,Default Stride High and Tight,0,36,0,62,0,92,0,58,0,44,0,65,0,6,0,6,0,6,0,6,0,24,0,12,0,90,0,46,0,74,0
Boogie,Basham Jr,Carolina Panthers,DT,Wake Forest,27,70,12/16/97,75,274,1,54,4,,86,0,76,0,82,0,77,0,81,0,72,0,34,0,75,0,12,0,22,0,45,0,30,0,42,0,65,0,14,0,70,0,81,0,80,0,89,0,29,0,11,0,17,0,10,0,30,0,28,0,16,0,70,0,45,0,45,0,45,0,6,0,69,0,65,0,24,0,75,0,27,0,45,0,45,0,45,0,Long Stride Loose,0,21,0,35,0,85,0,26,0,38,0,77,0,6,0,6,0,6,0,6,0,14,0,16,0,90,0,41,0,41,0
Brennan,Jackson,Los Angeles Rams,LE,Wash. St.,24,70,10/14/00,76,264,1,44,1,Run Stopper - DE,88,0,70,0,81,0,79,0,80,0,71,0,45,0,75,0,17,0,30,0,42,0,37,0,50,0,65,0,11,0,69,0,77,0,81,0,81,0,50,0,17,0,20,0,10,0,31,0,39,0,16,0,70,0,35,0,35,0,35,0,7,0,73,0,70,0,37,0,78,0,21,0,40,0,40,0,40,0,Default Stride Loose,0,22,0,39,0,83,0,45,0,33,0,78,0,6,0,8,0,10,0,8,0,25,0,13,0,84,0,40,0,45,0
Bub,Means,New Orleans Saints,WR,Pittsburgh,25,70,3/3/00,74,215,1,16,1,,92,0,81,0,90,0,81,0,67,0,74,0,78,0,32,0,25,0,73,0,69,0,80,0,82,0,80,0,70,0,10,0,34,0,47,0,90,0,80,0,15,0,19,0,32,0,32,0,20,0,71,0,70,0,35,0,31,0,23,0,6,0,21,0,10,0,15,0,33,0,68,0,47,0,40,0,33,0,Long Stride Loose,0,73,0,81,0,91,0,70,0,58,0,36,0,15,0,15,0,20,0,15,0,40,0,16,0,82,0,54,0,29,0
Byron,Young,Philadelphia Eagles,DT,Alabama,24,70,11/10/00,75,297,1,94,2,,81,0,59,0,66,0,76,0,82,0,70,0,21,0,76,0,12,0,15,0,40,0,22,0,37,0,49,0,5,0,53,0,79,0,78,0,93,0,29,0,11,0,14,0,10,0,24,0,15,0,7,0,70,0,35,0,35,0,35,0,8,0,71,0,64,0,25,0,76,0,29,0,40,0,40,0,40,0,Default Stride Awkward,0,10,0,23,0,71,0,25,0,35,0,81,0,6,0,6,0,7,0,9,0,10,0,10,0,82,0,25,0,23,0
Cam,Jackson,Carolina Panthers,DT,Florida,23,70,8/7/02,78,328,1,55,0,,70,0,60,0,63,0,79,0,87,0,69,0,20,0,77,0,17,0,24,0,35,0,18,0,17,0,54,0,10,0,53,0,78,0,85,0,90,0,20,0,18,0,21,0,28,0,31,0,10,0,13,0,70,0,45,0,45,0,45,0,11,0,70,0,69,0,13,0,74,0,19,0,45,0,45,0,45,0,Long Stride Awkward,0,15,0,18,0,67,0,16,0,34,0,80,0,10,0,12,0,14,0,12,0,24,0,13,0,92,0,33,0,12,0
Cameron,Mitchell,Cleveland Browns,CB,Northwestern,23,70,9/8/01,72,195,1,29,2,Manto Man - CB,93,0,87,0,84,0,92,0,61,0,68,0,70,0,40,0,10,0,54,0,54,0,51,0,62,0,89,0,18,0,40,0,56,0,41,0,88,0,73,0,19,0,20,0,70,0,11,0,73,0,21,0,70,0,10,0,22,0,34,0,15,0,66,0,30,0,72,0,62,0,22,0,12,0,33,0,34,0,Default Stride Loose,0,22,0,57,0,90,0,67,0,42,0,40,0,10,0,10,0,15,0,15,0,28,0,16,0,82,0,31,0,66,0
Cameron,Thomas,Cleveland Browns,RE,San Diego St.,25,70,1/7/00,76,267,1,99,3,Power Rusher - DE,84,0,82,0,81,0,78,0,77,0,65,0,41,0,75,0,15,0,33,0,41,0,38,0,39,0,73,0,28,0,66,0,78,0,87,0,92,0,39,0,14,0,15,0,10,0,26,0,25,0,31,0,70,0,45,0,45,0,45,0,6,0,64,0,73,0,18,0,82,0,34,0,45,0,45,0,45,0,Default Stride Loose,0,34,0,37,0,78,0,36,0,39,0,83,0,6,0,6,0,6,0,6,0,22,0,9,0,85,0,34,0,35,0
Carson,Steele,Kansas City Chiefs,HB,UCLA,22,70,11/24/02,73,225,0,42,1,Power Back - HB,90,0,82,0,87,0,85,0,80,0,75,0,79,0,38,0,33,0,79,0,85,0,61,0,70,0,78,0,53,0,17,0,46,0,51,0,93,0,77,0,16,0,20,0,56,0,50,0,24,0,61,0,70,0,50,0,35,0,38,0,31,0,24,0,13,0,26,0,48,0,63,0,49,0,33,0,36,0,Default,0,68,0,58,0,86,0,72,0,79,0,41,0,28,0,37,0,39,0,37,0,42,0,29,0,89,0,82,0,34,0
Casey,Kreiter,NY Giants,LS,Iowa,35,70,8/13/90,73,250,1,59,11,Accurate - LS,71,0,68,0,78,0,80,0,67,0,61,0,20,0,45,0,10,0,15,0,64,0,47,0,62,0,63,0,40,0,16,0,59,0,68,0,92,0,16,0,14,0,11,0,10,0,53,0,22,0,45,0,70,0,57,0,40,0,50,0,10,0,13,0,24,0,10,0,42,0,42,0,48,0,35,0,40,0,Default,0,50,0,45,0,72,0,10,0,15,0,49,0,10,0,10,0,10,0,10,0,10,0,10,0,82,0,22,0,19,0
Chad,Muma,Jacksonville Jaguars,LOLB,Wyoming,26,70,8/18/99,75,239,1,48,3,Run Stopper - OLB,89,0,86,0,93,0,88,0,76,0,71,0,63,0,61,0,21,0,36,0,63,0,61,0,66,0,76,0,10,0,46,0,82,0,70,0,91,0,48,0,18,0,22,0,10,0,24,0,61,0,14,0,70,0,45,0,45,0,45,0,11,0,68,0,48,0,42,0,84,0,15,0,45,0,45,0,45,0,Default,0,21,0,59,0,85,0,40,0,37,0,82,0,10,0,10,0,15,0,17,0,21,0,12,0,79,0,32,0,62,0
Charles,Grant,Las Vegas Raiders,LT,William  Mary,23,70,3/22/02,77,309,1,60,0,Agile - OT,77,0,73,0,68,0,88,0,85,0,71,0,16,0,27,0,12,0,15,0,25,0,18,0,28,0,62,0,6,0,32,0,35,0,86,0,89,0,22,0,13,0,11,0,10,0,78,0,11,0,6,0,70,0,72,0,76,0,74,0,6,0,23,0,28,0,10,0,27,0,14,0,74,0,75,0,73,0,Default Stride Bread Loaf,0,15,0,25,0,75,0,15,0,22,0,33,0,6,0,6,0,6,0,6,0,14,0,7,0,88,0,40,0,13,0
Charlie,Jones,Cincinnati Bengals,WR,Purdue,26,70,10/29/98,72,188,1,15,2,Slot - WR,89,0,88,0,87,0,82,0,56,0,62,0,78,0,28,0,20,0,70,0,73,0,83,0,86,0,89,0,72,0,10,0,24,0,38,0,82,0,70,0,14,0,18,0,85,0,19,0,22,0,74,0,70,0,29,0,19,0,20,0,6,0,24,0,10,0,25,0,41,0,60,0,46,0,27,0,20,0,Default,0,74,0,78,0,90,0,64,0,42,0,34,0,6,0,10,0,15,0,10,0,29,0,17,0,83,0,40,0,29,0
Chau,Smith-Wade,Carolina Panthers,CB,Wash. St.,22,70,9/17/02,71,176,1,26,1,Manto Man - CB,92,0,86,0,83,0,85,0,57,0,73,0,64,0,41,0,10,0,59,0,50,0,47,0,69,0,84,0,11,0,27,0,51,0,42,0,88,0,71,0,27,0,29,0,56,0,15,0,72,0,16,0,70,0,10,0,34,0,33,0,6,0,72,0,26,0,65,0,71,0,27,0,15,0,34,0,33,0,Default Stride Loose,0,26,0,54,0,88,0,67,0,31,0,53,0,9,0,14,0,17,0,9,0,27,0,11,0,85,0,26,0,71,0
Chimere,Dike,Tennessee Titans,WR,Florida,23,70,12/14/01,73,196,1,17,0,Deep Threat - WR,94,0,88,0,91,0,86,0,65,0,73,0,75,0,38,0,29,0,69,0,73,0,77,0,76,0,86,0,72,0,31,0,40,0,50,0,85,0,73,0,18,0,20,0,77,0,34,0,53,0,70,0,70,0,26,0,15,0,24,0,21,0,39,0,31,0,26,0,43,0,69,0,54,0,29,0,30,0,Default Stride Loose,0,70,0,77,0,94,0,70,0,45,0,49,0,14,0,10,0,21,0,8,0,11,0,35,0,81,0,37,0,47,0
Chris,Manhertz,NY Giants,TE,Canisius,33,70,4/10/92,78,235,1,85,10,Blocking - TE,83,0,81,0,84,0,83,0,77,0,65,0,61,0,29,0,19,0,59,0,65,0,72,0,72,0,73,0,47,0,17,0,27,0,69,0,95,0,66,0,19,0,21,0,18,0,73,0,14,0,52,0,70,0,66,0,61,0,66,0,6,0,22,0,17,0,17,0,37,0,62,0,71,0,69,0,71,0,Long Stride Default,0,57,0,73,0,78,0,69,0,66,0,33,0,6,0,6,0,6,0,6,0,30,0,10,0,79,0,63,0,21,0
Christian,Mahogany,Detroit Lions,LG,Boston College,24,70,10/11/00,75,314,1,73,1,Power - G,76,0,60,0,79,0,85,0,89,0,61,0,24,0,32,0,9,0,23,0,21,0,21,0,28,0,63,0,9,0,23,0,38,0,85,0,87,0,22,0,12,0,19,0,10,0,82,0,8,0,11,0,70,0,73,0,72,0,74,0,7,0,24,0,34,0,10,0,25,0,14,0,75,0,75,0,76,0,Default Stride Awkward,0,15,0,22,0,68,0,16,0,25,0,27,0,5,0,6,0,7,0,5,0,26,0,8,0,93,0,31,0,9,0
Colby,Parkinson,Los Angeles Rams,TE,Stanford,26,70,1/8/99,79,251,1,84,5,Possession - TE,83,0,78,0,84,0,81,0,73,0,71,0,71,0,47,0,12,0,52,0,78,0,77,0,85,0,68,0,56,0,20,0,46,0,64,0,86,0,58,0,16,0,21,0,41,0,47,0,16,0,64,0,70,0,62,0,61,0,58,0,6,0,46,0,20,0,19,0,47,0,68,0,63,0,62,0,59,0,Long Stride Default,0,69,0,82,0,82,0,52,0,62,0,48,0,6,0,10,0,15,0,10,0,23,0,13,0,84,0,61,0,22,0
Collin,Oliver,Green Bay Packers,RE,Oklahoma St.,22,70,9/23/02,74,240,1,45,0,Smaller Speed Rusher - DE,91,0,82,0,91,0,78,0,77,0,66,0,49,0,77,0,30,0,33,0,49,0,41,0,50,0,75,0,26,0,72,0,75,0,78,0,85,0,47,0,24,0,25,0,33,0,38,0,51,0,29,0,70,0,45,0,45,0,45,0,19,0,64,0,69,0,42,0,75,0,32,0,45,0,45,0,45,0,Default Stride Loose,0,34,0,42,0,87,0,42,0,43,0,73,0,15,0,13,0,22,0,17,0,29,0,26,0,83,0,41,0,58,0
Dadrion,Taylor-Demerson,Arizona Cardinals,FS,Texas Tech,24,70,1/20/01,71,195,1,42,1,Hybrid - S,93,0,85,0,90,0,85,0,57,0,65,0,79,0,51,0,22,0,74,0,71,0,66,0,70,0,86,0,39,0,32,0,74,0,49,0,89,0,78,0,11,0,12,0,55,0,19,0,66,0,45,0,70,0,22,0,15,0,14,0,9,0,68,0,27,0,67,0,75,0,44,0,25,0,19,0,15,0,Default Stride Loose,0,52,0,64,0,92,0,72,0,48,0,69,0,14,0,20,0,25,0,21,0,31,0,8,0,84,0,54,0,68,0
Damien,Martinez,Seattle Seahawks,HB,Miami,21,70,1/31/04,72,217,1,22,0,Power Back - HB,91,0,78,0,82,0,85,0,74,0,68,0,80,0,37,0,25,0,81,0,92,0,56,0,64,0,74,0,46,0,24,0,38,0,49,0,90,0,78,0,32,0,31,0,66,0,41,0,24,0,51,0,70,0,46,0,41,0,45,0,31,0,33,0,32,0,24,0,41,0,45,0,42,0,32,0,36,0,Default Stride Loose,0,55,0,52,0,89,0,75,0,80,0,41,0,19,0,23,0,16,0,23,0,26,0,34,0,90,0,83,0,29,0
Daniel,Brunskill,Miami Dolphins,RG,San Diego St.,31,70,1/27/94,77,300,1,64,8,Agile - G,64,0,60,0,71,0,86,0,81,0,78,0,50,0,20,0,12,0,32,0,49,0,50,0,53,0,51,0,21,0,10,0,38,0,79,0,91,0,48,0,20,0,21,0,10,0,81,0,12,0,29,0,70,0,76,0,75,0,77,0,6,0,15,0,10,0,10,0,29,0,35,0,75,0,77,0,73,0,Long Stride Default,0,39,0,46,0,71,0,23,0,44,0,33,0,6,0,6,0,6,0,6,0,27,0,6,0,88,0,39,0,15,0
Daniel,Bellinger,NY Giants,TE,San Diego St.,24,70,9/22/00,77,253,1,82,3,Possession - TE,89,0,79,0,84,0,88,0,79,0,75,0,69,0,49,0,15,0,56,0,74,0,74,0,84,0,70,0,54,0,31,0,40,0,65,0,91,0,63,0,16,0,16,0,30,0,61,0,23,0,59,0,70,0,61,0,61,0,57,0,6,0,39,0,34,0,24,0,55,0,66,0,62,0,59,0,61,0,Long Stride Default,0,67,0,74,0,85,0,57,0,62,0,44,0,6,0,10,0,15,0,10,0,25,0,10,0,88,0,64,0,31,0
Danny,Stutsman,New Orleans Saints,ROLB,Oklahoma,22,70,3/10/03,75,233,1,47,0,Run Stopper - OLB,90,0,79,0,79,0,88,0,74,0,69,0,53,0,69,0,25,0,41,0,63,0,59,0,67,0,77,0,29,0,59,0,80,0,73,0,87,0,57,0,20,0,23,0,10,0,25,0,55,0,32,0,70,0,45,0,45,0,45,0,6,0,66,0,56,0,45,0,81,0,34,0,45,0,45,0,45,0,Long Stride Default,0,35,0,61,0,87,0,51,0,47,0,82,0,6,0,6,0,6,0,6,0,23,0,11,0,87,0,45,0,61,0
Dante,Pettis,New Orleans Saints,WR,Washington,29,70,10/23/95,73,195,1,17,7,,91,0,89,0,89,0,83,0,50,0,60,0,82,0,20,0,20,0,75,0,75,0,78,0,80,0,83,0,70,0,10,0,17,0,39,0,80,0,83,0,14,0,20,0,84,0,22,0,15,0,71,0,70,0,28,0,23,0,27,0,23,0,15,0,10,0,20,0,32,0,72,0,45,0,25,0,38,0,Default Stride Loose,0,70,0,80,0,88,0,76,0,63,0,30,0,30,0,34,0,37,0,30,0,44,0,23,0,83,0,34,0,24,0
Dante,Stills,Arizona Cardinals,DT,West Virginia,25,70,12/14/99,76,286,1,55,2,,83,0,71,0,71,0,81,0,80,0,74,0,25,0,78,0,21,0,22,0,40,0,39,0,44,0,60,0,12,0,68,0,78,0,71,0,91,0,35,0,8,0,10,0,10,0,24,0,23,0,14,0,70,0,35,0,35,0,35,0,9,0,71,0,74,0,20,0,76,0,15,0,40,0,40,0,40,0,Default Stride Awkward,0,15,0,39,0,76,0,30,0,30,0,78,0,10,0,15,0,19,0,15,0,25,0,12,0,84,0,35,0,28,0
Dawand,Jones,Cleveland Browns,LT,Ohio State,24,70,8/6/01,80,375,1,79,2,Power - OT,65,0,42,0,70,0,76,0,95,0,75,0,13,0,42,0,15,0,25,0,33,0,13,0,22,0,45,0,5,0,10,0,55,0,93,0,88,0,12,0,9,0,9,0,10,0,67,0,9,0,5,0,70,0,74,0,70,0,80,0,6,0,15,0,35,0,10,0,15,0,12,0,71,0,74,0,68,0,Long Stride Awkward,0,10,0,21,0,61,0,10,0,44,0,40,0,6,0,6,0,6,0,6,0,15,0,5,0,91,0,45,0,9,0
DeAngelo,Malone,Atlanta Falcons,RE,W. Kentucky,26,70,7/12/99,76,240,1,51,3,Smaller Speed Rusher - DE,90,0,82,0,85,0,76,0,72,0,67,0,30,0,68,0,15,0,22,0,32,0,29,0,37,0,74,0,6,0,71,0,80,0,72,0,92,0,43,0,27,0,32,0,10,0,21,0,20,0,8,0,70,0,45,0,45,0,45,0,6,0,63,0,63,0,24,0,78,0,12,0,45,0,45,0,45,0,Long Stride Loose,0,15,0,31,0,87,0,35,0,31,0,75,0,6,0,6,0,6,0,6,0,21,0,10,0,78,0,32,0,30,0
Denzel,Burke,Arizona Cardinals,CB,Ohio State,22,70,10/10/02,71,186,1,29,0,Zone - CB,92,0,84,0,85,0,90,0,61,0,72,0,69,0,52,0,18,0,49,0,56,0,59,0,71,0,82,0,28,0,35,0,68,0,53,0,85,0,71,0,25,0,33,0,77,0,24,0,68,0,27,0,70,0,35,0,35,0,25,0,18,0,71,0,32,0,66,0,75,0,33,0,35,0,35,0,25,0,Default,0,28,0,66,0,90,0,64,0,41,0,51,0,13,0,17,0,21,0,10,0,22,0,13,0,83,0,29,0,72,0
Derius,Davis,Los Angeles Chargers,WR,TCU,24,70,9/11/00,68,165,1,12,2,,94,0,82,0,77,0,80,0,63,0,60,0,83,0,25,0,18,0,70,0,72,0,79,0,82,0,83,0,73,0,10,0,24,0,32,0,85,0,80,0,16,0,17,0,87,0,17,0,20,0,72,0,70,0,26,0,17,0,10,0,6,0,26,0,10,0,23,0,33,0,59,0,44,0,24,0,19,0,Short Stride Default,0,71,0,80,0,94,0,74,0,36,0,34,0,6,0,10,0,15,0,10,0,23,0,14,0,82,0,34,0,26,0
Deshaun,Watson,Cleveland Browns,QB,Clemson,29,70,9/14/95,75,223,1,4,8,Scrambler - QB,87,0,87,0,81,0,90,0,69,0,60,0,85,0,22,0,83,0,78,0,65,0,34,0,51,0,84,0,15,0,10,0,22,0,42,0,74,0,79,0,27,0,25,0,10,0,35,0,15,0,17,0,70,0,23,0,15,0,25,0,84,0,19,0,10,0,10,0,34,0,25,0,27,0,15,0,15,0,Default Stride Loose,0,25,0,52,0,84,0,76,0,58,0,34,0,77,0,76,0,83,0,81,0,89,0,77,0,88,0,65,0,20,0
Deuce,Vaughn,Dallas Cowboys,HB,Kansas State,23,70,11/2/01,66,176,1,42,2,Elusive Back - HB,91,0,90,0,83,0,89,0,58,0,52,0,83,0,23,0,22,0,72,0,92,0,45,0,66,0,88,0,54,0,10,0,21,0,27,0,91,0,82,0,12,0,19,0,69,0,28,0,10,0,59,0,70,0,44,0,33,0,28,0,15,0,15,0,10,0,13,0,32,0,45,0,35,0,27,0,20,0,Short Stride Default,0,65,0,47,0,89,0,73,0,59,0,25,0,14,0,15,0,19,0,26,0,24,0,16,0,89,0,49,0,16,0
Devin,White,Las Vegas Raiders,ROLB,LSU,27,70,2/17/98,72,237,1,45,6,Run Stopper - OLB,88,0,80,0,93,0,91,0,76,0,65,0,63,0,68,0,12,0,34,0,62,0,41,0,69,0,81,0,12,0,68,0,83,0,80,0,94,0,65,0,14,0,18,0,10,0,23,0,59,0,19,0,70,0,45,0,45,0,45,0,6,0,62,0,62,0,53,0,84,0,26,0,45,0,45,0,45,0,Short Stride Default,0,24,0,46,0,88,0,48,0,60,0,78,0,6,0,6,0,6,0,6,0,23,0,10,0,91,0,47,0,66,0
Devontez,Walker,Baltimore Ravens,WR,North Carolina,24,70,6/19/01,74,193,1,81,1,Deep Threat - WR,93,0,87,0,94,0,81,0,63,0,54,0,77,0,31,0,22,0,75,0,70,0,81,0,79,0,84,0,74,0,10,0,28,0,49,0,89,0,78,0,16,0,20,0,42,0,31,0,12,0,73,0,70,0,38,0,20,0,20,0,6,0,17,0,10,0,10,0,29,0,73,0,52,0,35,0,28,0,Long Stride Default,0,72,0,85,0,94,0,75,0,56,0,33,0,6,0,10,0,15,0,10,0,23,0,19,0,81,0,52,0,20,0
DeWayne,Carter,Buffalo Bills,DT,Duke,24,70,12/10/00,74,302,1,90,1,,78,0,57,0,78,0,84,0,82,0,73,0,40,0,78,0,23,0,43,0,40,0,15,0,22,0,56,0,4,0,70,0,79,0,84,0,90,0,44,0,17,0,23,0,8,0,11,0,17,0,4,0,70,0,23,0,18,0,25,0,15,0,71,0,73,0,10,0,78,0,12,0,45,0,45,0,45,0,Long Stride Awkward,0,4,0,15,0,73,0,23,0,24,0,79,0,17,0,16,0,13,0,11,0,12,0,16,0,88,0,25,0,19,0
Duke,Shelley,Indianapolis Colts,CB,Kansas State,28,70,10/8/96,69,176,1,34,6,Manto Man - CB,90,0,82,0,82,0,90,0,53,0,71,0,72,0,52,0,10,0,60,0,60,0,53,0,68,0,85,0,10,0,35,0,61,0,50,0,83,0,68,0,13,0,14,0,47,0,17,0,75,0,12,0,70,0,35,0,35,0,35,0,6,0,68,0,32,0,66,0,71,0,30,0,35,0,35,0,35,0,Default Stride Loose,0,22,0,65,0,88,0,60,0,33,0,61,0,6,0,6,0,6,0,6,0,35,0,15,0,82,0,19,0,73,0
Durham,Smythe,Chicago Bears,TE,Notre Dame,30,70,8/9/95,78,246,1,81,7,Possession - TE,83,0,75,0,76,0,86,0,75,0,75,0,63,0,19,0,18,0,62,0,75,0,74,0,86,0,73,0,56,0,10,0,12,0,71,0,90,0,68,0,14,0,19,0,10,0,58,0,10,0,62,0,70,0,60,0,59,0,56,0,6,0,21,0,10,0,10,0,25,0,65,0,62,0,62,0,57,0,Default Stride Loose,0,66,0,76,0,81,0,50,0,67,0,28,0,6,0,10,0,15,0,10,0,25,0,14,0,86,0,71,0,13,0
Emery,Jones Jr.,Baltimore Ravens,RT,LSU,21,70,3/5/04,77,315,1,51,0,Power - OT,74,0,57,0,71,0,87,0,88,0,68,0,14,0,35,0,12,0,13,0,33,0,22,0,21,0,54,0,5,0,23,0,33,0,85,0,88,0,10,0,16,0,14,0,10,0,81,0,11,0,5,0,70,0,75,0,74,0,76,0,6,0,26,0,42,0,10,0,33,0,13,0,74,0,73,0,75,0,Long Stride Awkward,0,20,0,21,0,70,0,10,0,10,0,31,0,6,0,6,0,6,0,6,0,20,0,10,0,88,0,30,0,12,0
Erick,All Jr,Cincinnati Bengals,TE,Iowa,24,70,9/13/00,77,252,1,83,1,Vertical Threat - TE,87,0,83,0,83,0,81,0,72,0,67,0,74,0,41,0,16,0,66,0,73,0,77,0,80,0,74,0,64,0,10,0,48,0,63,0,78,0,67,0,12,0,19,0,25,0,56,0,16,0,61,0,70,0,58,0,57,0,56,0,6,0,16,0,10,0,19,0,42,0,65,0,60,0,59,0,58,0,Long Stride Default,0,66,0,75,0,86,0,59,0,66,0,46,0,6,0,10,0,15,0,10,0,24,0,15,0,86,0,66,0,22,0
Gardner,Minshew II,Kansas City Chiefs,QB,Wash. St.,29,70,5/16/96,73,225,1,17,6,Scrambler - QB,82,0,78,0,81,0,80,0,62,0,68,0,74,0,24,0,81,0,57,0,60,0,16,0,26,0,76,0,12,0,10,0,31,0,25,0,92,0,64,0,16,0,20,0,13,0,14,0,13,0,14,0,70,0,15,0,14,0,18,0,83,0,16,0,10,0,10,0,32,0,15,0,23,0,16,0,22,0,Default,0,15,0,15,0,80,0,63,0,33,0,31,0,80,0,81,0,87,0,84,0,86,0,81,0,95,0,34,0,12,0
Isaiah,McGuire,Cleveland Browns,LE,Missouri,24,70,7/27/01,76,271,1,57,2,Power Rusher - DE,88,0,75,0,86,0,76,0,79,0,66,0,34,0,77,0,12,0,20,0,35,0,21,0,34,0,66,0,6,0,63,0,87,0,82,0,92,0,38,0,15,0,16,0,10,0,18,0,29,0,9,0,70,0,45,0,45,0,45,0,6,0,65,0,74,0,40,0,79,0,13,0,45,0,45,0,45,0,Long Stride High and Tight,0,15,0,32,0,79,0,33,0,50,0,78,0,6,0,6,0,6,0,6,0,20,0,10,0,84,0,35,0,42,0
Isaiah,Foskey,New Orleans Saints,RE,Notre Dame,24,70,10/30/00,77,265,1,55,2,Power Rusher - DE,90,0,74,0,82,0,85,0,76,0,66,0,53,0,71,0,17,0,42,0,52,0,48,0,48,0,69,0,32,0,62,0,88,0,82,0,94,0,50,0,22,0,25,0,20,0,33,0,39,0,39,0,70,0,45,0,45,0,45,0,6,0,62,0,72,0,44,0,79,0,44,0,45,0,45,0,45,0,Default Stride Loose,0,45,0,50,0,86,0,48,0,51,0,83,0,6,0,6,0,6,0,6,0,24,0,10,0,84,0,52,0,47,0
Jacoby,Brissett,Arizona Cardinals,QB,N.C. State,32,70,12/11/92,76,235,1,7,9,Field General - QB,75,0,77,0,72,0,89,0,73,0,69,0,80,0,21,0,61,0,70,0,65,0,20,0,27,0,71,0,15,0,9,0,11,0,31,0,91,0,62,0,20,0,21,0,14,0,36,0,12,0,17,0,70,0,17,0,18,0,14,0,81,0,21,0,9,0,9,0,28,0,19,0,16,0,10,0,10,0,Default Stride Loose,0,18,0,20,0,79,0,60,0,48,0,39,0,80,0,79,0,85,0,80,0,90,0,81,0,90,0,63,0,18,0
Jaden,Crumedy,Carolina Panthers,DT,Mississippi St.,25,70,7/30/00,76,301,1,96,1,,81,0,61,0,73,0,84,0,84,0,61,0,24,0,77,0,12,0,13,0,37,0,26,0,34,0,59,0,3,0,69,0,82,0,86,0,85,0,21,0,17,0,17,0,9,0,20,0,29,0,5,0,70,0,44,0,45,0,44,0,6,0,63,0,68,0,13,0,77,0,15,0,45,0,45,0,45,0,Long Stride Awkward,0,13,0,28,0,73,0,17,0,35,0,82,0,6,0,6,0,6,0,6,0,23,0,10,0,86,0,32,0,45,0
Jamaree,Caldwell,Los Angeles Chargers,DT,Oregon,25,70,8/30/00,74,332,1,99,0,,72,0,67,0,68,0,75,0,87,0,70,0,24,0,78,0,17,0,25,0,36,0,18,0,19,0,61,0,10,0,57,0,80,0,89,0,89,0,19,0,26,0,24,0,29,0,26,0,12,0,13,0,70,0,45,0,45,0,45,0,15,0,69,0,73,0,16,0,76,0,16,0,45,0,45,0,45,0,Long Stride Awkward,0,16,0,18,0,67,0,18,0,33,0,75,0,6,0,8,0,14,0,16,0,25,0,18,0,90,0,34,0,14,0
Jaquelin,Roy,New England Patriots,DT,LSU,24,70,10/22/00,75,305,1,94,2,,68,0,57,0,66,0,76,0,91,0,64,0,12,0,77,0,13,0,10,0,28,0,12,0,26,0,54,0,5,0,47,0,82,0,87,0,90,0,15,0,10,0,11,0,10,0,52,0,10,0,8,0,70,0,49,0,47,0,51,0,7,0,68,0,63,0,13,0,69,0,25,0,54,0,51,0,55,0,Default Stride Awkward,0,12,0,13,0,68,0,13,0,25,0,81,0,6,0,7,0,12,0,6,0,21,0,14,0,83,0,29,0,12,0
Jared,Wiley,Kansas City Chiefs,TE,TCU,24,70,11/2/00,78,249,1,12,1,Vertical Threat - TE,89,0,77,0,88,0,83,0,75,0,62,0,75,0,33,0,16,0,69,0,75,0,79,0,81,0,72,0,58,0,10,0,36,0,60,0,88,0,69,0,12,0,19,0,25,0,57,0,16,0,65,0,70,0,56,0,55,0,56,0,6,0,18,0,10,0,16,0,35,0,67,0,58,0,58,0,56,0,Long Stride Default,0,68,0,80,0,85,0,60,0,68,0,39,0,6,0,10,0,15,0,10,0,24,0,15,0,88,0,68,0,22,0
Jaylin,Smith,Houston Texans,CB,USC,21,70,11/5/03,71,187,1,30,0,Zone - CB,86,0,86,0,79,0,90,0,54,0,72,0,74,0,42,0,20,0,46,0,59,0,66,0,68,0,85,0,30,0,41,0,50,0,45,0,83,0,73,0,22,0,21,0,78,0,25,0,69,0,33,0,70,0,35,0,35,0,25,0,6,0,70,0,28,0,69,0,70,0,36,0,35,0,35,0,25,0,Default Stride Loose,0,36,0,73,0,91,0,66,0,32,0,61,0,6,0,6,0,6,0,6,0,27,0,8,0,79,0,28,0,74,0
Jaylon,Jones,Arizona Cardinals,CB,Ole Miss,27,70,10/14/97,71,190,1,37,3,Slot - CB,93,0,91,0,85,0,85,0,63,0,65,0,61,0,52,0,10,0,45,0,60,0,53,0,57,0,90,0,19,0,26,0,68,0,54,0,79,0,69,0,12,0,15,0,30,0,23,0,67,0,22,0,70,0,35,0,35,0,35,0,6,0,66,0,36,0,67,0,74,0,15,0,35,0,35,0,35,0,Default Stride Loose,0,25,0,54,0,92,0,62,0,35,0,64,0,6,0,6,0,6,0,6,0,26,0,14,0,78,0,32,0,69,0
Jaylon,Carlies,Indianapolis Colts,ROLB,Missouri,23,70,9/13/01,75,227,1,57,1,Pass Coverage - OLB,90,0,83,0,83,0,82,0,72,0,73,0,43,0,60,0,12,0,35,0,61,0,64,0,76,0,71,0,7,0,62,0,86,0,71,0,93,0,56,0,13,0,14,0,10,0,26,0,60,0,8,0,70,0,35,0,35,0,35,0,8,0,69,0,51,0,70,0,78,0,12,0,45,0,40,0,40,0,Default Stride High and Tight,0,15,0,67,0,89,0,55,0,42,0,77,0,6,0,15,0,16,0,9,0,22,0,8,0,85,0,45,0,70,0
Jermaine,Burton,Cincinnati Bengals,WR,Alabama,24,70,6/28/01,72,196,1,81,1,Deep Threat - WR,92,0,90,0,90,0,84,0,58,0,56,0,78,0,30,0,23,0,74,0,74,0,83,0,86,0,89,0,74,0,10,0,29,0,41,0,85,0,75,0,12,0,16,0,43,0,24,0,12,0,73,0,70,0,27,0,10,0,10,0,6,0,16,0,10,0,13,0,32,0,67,0,43,0,26,0,23,0,Default,0,72,0,81,0,91,0,70,0,47,0,31,0,6,0,10,0,15,0,18,0,24,0,16,0,84,0,45,0,16,0
Joe,Noteboom,Baltimore Ravens,LT,TCU,30,70,6/19/95,77,300,1,68,7,Agile - OT,75,0,60,0,62,0,83,0,87,0,79,0,13,0,30,0,12,0,11,0,25,0,15,0,20,0,53,0,5,0,10,0,33,0,80,0,83,0,15,0,12,0,15,0,11,0,76,0,12,0,8,0,70,0,74,0,76,0,72,0,6,0,10,0,10,0,10,0,31,0,15,0,71,0,74,0,67,0,Long Stride Awkward,0,10,0,14,0,71,0,12,0,18,0,31,0,6,0,6,0,6,0,6,0,17,0,14,0,87,0,20,0,12,0
Jordan,Jefferson,Jacksonville Jaguars,DT,LSU,23,70,9/24/01,75,305,1,98,1,,72,0,67,0,76,0,80,0,91,0,60,0,16,0,75,0,12,0,14,0,24,0,13,0,22,0,50,0,3,0,66,0,83,0,87,0,90,0,16,0,15,0,15,0,30,0,53,0,13,0,5,0,70,0,52,0,53,0,55,0,6,0,64,0,72,0,14,0,73,0,12,0,45,0,45,0,45,0,Default Stride Awkward,0,10,0,13,0,69,0,13,0,26,0,82,0,6,0,6,0,6,0,6,0,15,0,10,0,87,0,35,0,18,0
Jowon,Briggs,Cleveland Browns,DT,Cincinnati,24,70,9/1/01,73,313,1,97,1,,73,0,66,0,66,0,82,0,88,0,61,0,43,0,76,0,12,0,33,0,46,0,18,0,48,0,57,0,17,0,67,0,82,0,86,0,90,0,36,0,19,0,23,0,15,0,18,0,19,0,22,0,70,0,47,0,45,0,45,0,6,0,64,0,71,0,19,0,74,0,29,0,45,0,45,0,45,0,Long Stride Loose,0,15,0,15,0,72,0,32,0,45,0,82,0,6,0,6,0,6,0,6,0,21,0,10,0,88,0,56,0,27,0
Justin,Eboigbe,Los Angeles Chargers,DT,Alabama,24,70,4/9/01,77,297,1,92,1,,71,0,67,0,70,0,77,0,83,0,69,0,11,0,77,0,19,0,19,0,52,0,34,0,44,0,50,0,7,0,65,0,80,0,86,0,80,0,29,0,17,0,20,0,21,0,16,0,41,0,7,0,70,0,24,0,18,0,25,0,14,0,72,0,70,0,18,0,77,0,17,0,45,0,45,0,45,0,Long Stride Awkward,0,7,0,37,0,66,0,24,0,17,0,82,0,11,0,13,0,16,0,8,0,19,0,15,0,85,0,40,0,45,0
Kalel,Mullings,Tennessee Titans,HB,Michigan,22,70,10/4/02,74,226,1,28,0,Power Back - HB,91,0,79,0,75,0,82,0,79,0,67,0,80,0,63,0,30,0,77,0,93,0,48,0,61,0,77,0,35,0,40,0,62,0,50,0,88,0,76,0,30,0,26,0,75,0,44,0,55,0,44,0,70,0,50,0,43,0,49,0,25,0,23,0,46,0,53,0,70,0,41,0,45,0,36,0,32,0,Default Stride High and Tight,0,51,0,48,0,87,0,72,0,79,0,62,0,25,0,32,0,37,0,29,0,42,0,25,0,90,0,83,0,62,0
Karl,Brooks,Green Bay Packers,DT,Bowling Green St.,25,70,5/8/00,75,296,1,94,2,Power Rusher - DT,79,0,67,0,73,0,75,0,84,0,74,0,19,0,75,0,15,0,14,0,41,0,38,0,44,0,47,0,5,0,67,0,86,0,84,0,93,0,26,0,9,0,10,0,10,0,28,0,22,0,6,0,70,0,45,0,45,0,45,0,7,0,73,0,76,0,27,0,71,0,11,0,45,0,45,0,45,0,Default Stride Awkward,0,12,0,37,0,70,0,23,0,24,0,77,0,6,0,7,0,8,0,6,0,23,0,14,0,79,0,26,0,30,0
KeAndre,Lambert-Smith,Los Angeles Chargers,WR,Auburn,23,70,10/16/01,73,190,1,84,0,Slot - WR,94,0,92,0,83,0,85,0,60,0,65,0,78,0,33,0,33,0,71,0,75,0,78,0,80,0,95,0,70,0,28,0,33,0,32,0,91,0,72,0,30,0,22,0,74,0,26,0,57,0,71,0,70,0,20,0,21,0,30,0,20,0,46,0,28,0,30,0,41,0,68,0,43,0,26,0,26,0,Default Stride Loose,0,73,0,77,0,93,0,70,0,49,0,44,0,25,0,19,0,13,0,16,0,21,0,35,0,84,0,44,0,66,0
Kendall,Sheffield,Miami Dolphins,CB,Ohio State,29,70,5/30/96,70,212,1,14,6,Manto Man - CB,92,0,91,0,92,0,88,0,56,0,65,0,58,0,57,0,11,0,59,0,63,0,51,0,59,0,90,0,10,0,28,0,60,0,47,0,83,0,72,0,15,0,15,0,71,0,15,0,69,0,10,0,70,0,35,0,35,0,35,0,6,0,68,0,24,0,72,0,72,0,25,0,35,0,35,0,35,0,Default Stride Loose,0,20,0,60,0,91,0,67,0,24,0,58,0,6,0,6,0,6,0,6,0,30,0,13,0,81,0,22,0,71,0
Khristian,Boyd,New Orleans Saints,DT,Northern Iowa,25,70,2/23/00,74,320,1,97,1,,69,0,55,0,71,0,83,0,88,0,67,0,10,0,76,0,12,0,10,0,40,0,10,0,30,0,50,0,6,0,67,0,80,0,86,0,88,0,10,0,21,0,26,0,15,0,25,0,12,0,10,0,70,0,47,0,45,0,45,0,6,0,68,0,69,0,10,0,76,0,12,0,45,0,45,0,45,0,Default Stride Awkward,0,15,0,12,0,63,0,10,0,32,0,82,0,6,0,6,0,6,0,6,0,29,0,10,0,89,0,28,0,20,0
Kindle,Vildor,Tampa Bay Buccaneers,CB,Ga. Southern,27,70,12/11/97,70,189,1,22,5,Zone - CB,88,0,89,0,93,0,89,0,56,0,77,0,68,0,50,0,21,0,49,0,58,0,49,0,68,0,88,0,20,0,38,0,53,0,48,0,92,0,77,0,37,0,40,0,60,0,15,0,62,0,26,0,70,0,35,0,35,0,35,0,29,0,75,0,34,0,73,0,73,0,30,0,35,0,35,0,35,0,Short Stride Loose,0,32,0,67,0,89,0,71,0,30,0,55,0,17,0,22,0,33,0,30,0,37,0,27,0,80,0,16,0,71,0
Lajohntay,Wester,Baltimore Ravens,WR,Colorado,23,70,3/29/02,70,163,1,83,0,,91,0,88,0,79,0,87,0,62,0,63,0,81,0,26,0,21,0,71,0,68,0,82,0,79,0,92,0,72,0,22,0,21,0,34,0,91,0,74,0,21,0,20,0,76,0,21,0,66,0,73,0,70,0,20,0,10,0,18,0,21,0,34,0,19,0,24,0,24,0,71,0,44,0,15,0,15,0,Default Stride Loose,0,75,0,83,0,90,0,71,0,40,0,28,0,16,0,15,0,15,0,17,0,15,0,31,0,90,0,39,0,22,0
Leki,Fotu,Las Vegas Raiders,DT,Utah,27,70,8/23/98,77,334,1,95,5,,68,0,60,0,74,0,82,0,88,0,73,0,33,0,74,0,12,0,27,0,42,0,23,0,36,0,54,0,12,0,55,0,82,0,89,0,89,0,23,0,15,0,15,0,40,0,43,0,13,0,14,0,70,0,45,0,45,0,45,0,6,0,74,0,68,0,14,0,76,0,12,0,45,0,45,0,45,0,Long Stride Loose,0,18,0,22,0,72,0,19,0,31,0,78,0,6,0,6,0,6,0,6,0,19,0,10,0,91,0,46,0,24,0
Lewis,Cine,Philadelphia Eagles,SS,Georgia,25,70,10/5/99,74,202,1,38,3,Run Support - S,94,0,83,0,88,0,88,0,58,0,60,0,56,0,59,0,19,0,53,0,64,0,55,0,61,0,79,0,10,0,32,0,89,0,65,0,86,0,69,0,35,0,34,0,35,0,19,0,64,0,13,0,70,0,25,0,35,0,35,0,6,0,63,0,27,0,63,0,78,0,12,0,18,0,35,0,35,0,Default,0,15,0,58,0,92,0,63,0,46,0,74,0,6,0,6,0,6,0,6,0,21,0,12,0,88,0,49,0,72,0
Logan,Lee,Pittsburgh Steelers,DT,Iowa,25,70,6/12/00,77,286,1,91,1,,73,0,78,0,77,0,84,0,83,0,70,0,26,0,75,0,12,0,20,0,38,0,24,0,40,0,69,0,3,0,68,0,81,0,81,0,90,0,19,0,10,0,16,0,10,0,18,0,17,0,7,0,70,0,45,0,45,0,45,0,6,0,68,0,73,0,21,0,79,0,13,0,45,0,45,0,45,0,Default Stride Awkward,0,12,0,23,0,71,0,14,0,30,0,81,0,6,0,6,0,6,0,6,0,23,0,10,0,88,0,32,0,26,0
Luke,McCaffrey,Washington Commanders,WR,Rice,24,70,4/2/01,74,198,1,11,1,,91,0,92,0,86,0,86,0,55,0,52,0,80,0,30,0,50,0,73,0,76,0,84,0,83,0,90,0,70,0,10,0,30,0,40,0,89,0,77,0,16,0,21,0,52,0,29,0,13,0,74,0,70,0,28,0,18,0,20,0,47,0,16,0,10,0,10,0,37,0,64,0,41,0,29,0,23,0,Default,0,75,0,78,0,90,0,71,0,46,0,32,0,43,0,45,0,53,0,46,0,58,0,51,0,83,0,55,0,19,0
Luke,Musgrave,Green Bay Packers,TE,Oregon State,24,70,9/2/00,78,253,1,88,2,Vertical Threat - TE,90,0,82,0,86,0,82,0,75,0,65,0,66,0,50,0,13,0,56,0,73,0,74,0,85,0,71,0,64,0,47,0,50,0,67,0,86,0,58,0,14,0,18,0,15,0,58,0,14,0,62,0,70,0,56,0,52,0,56,0,6,0,38,0,43,0,24,0,46,0,62,0,61,0,61,0,59,0,Long Stride Default,0,66,0,77,0,89,0,50,0,60,0,60,0,6,0,10,0,15,0,10,0,23,0,15,0,86,0,63,0,23,0
M.J.,Stewart Jr,Houston Texans,FS,North Carolina,29,70,9/16/95,71,200,1,29,7,Hybrid - S,88,0,84,0,84,0,90,0,66,0,63,0,63,0,55,0,17,0,56,0,63,0,63,0,66,0,79,0,10,0,40,0,76,0,58,0,87,0,74,0,11,0,10,0,76,0,14,0,72,0,15,0,70,0,35,0,35,0,35,0,6,0,65,0,32,0,81,0,78,0,20,0,35,0,35,0,35,0,Default Stride Loose,0,25,0,64,0,88,0,63,0,37,0,66,0,6,0,6,0,6,0,6,0,25,0,10,0,86,0,36,0,79,0
Malachi,Corley,NY Jets,WR,W. Kentucky,23,70,3/21/02,71,207,1,6,1,,90,0,85,0,85,0,88,0,66,0,63,0,86,0,36,0,35,0,77,0,70,0,76,0,85,0,86,0,69,0,11,0,36,0,51,0,91,0,82,0,22,0,23,0,54,0,36,0,26,0,71,0,70,0,43,0,33,0,27,0,24,0,24,0,11,0,25,0,41,0,71,0,52,0,38,0,33,0,Short Stride Loose,0,75,0,79,0,88,0,74,0,64,0,40,0,22,0,28,0,36,0,31,0,42,0,26,0,87,0,60,0,31,0
Malik,Washington,Miami Dolphins,WR,Virginia,24,70,10/20/00,69,191,1,6,1,,92,0,88,0,87,0,87,0,59,0,62,0,80,0,20,0,27,0,72,0,68,0,79,0,85,0,86,0,70,0,10,0,26,0,35,0,88,0,81,0,15,0,19,0,78,0,22,0,18,0,71,0,70,0,24,0,33,0,38,0,18,0,16,0,10,0,15,0,28,0,67,0,42,0,27,0,19,0,Default,0,73,0,77,0,90,0,74,0,54,0,29,0,19,0,27,0,30,0,25,0,42,0,29,0,83,0,44,0,16,0
Matthew,Hayball,New Orleans Saints,P,Vanderbilt,28,70,3/12/97,72,189,0,43,1,Power - KP,72,0,63,0,64,0,82,0,51,0,53,0,28,0,28,0,21,0,14,0,47,0,18,0,38,0,55,0,12,0,10,0,33,0,22,0,84,0,18,0,77,0,91,0,10,0,16,0,18,0,12,0,70,0,20,0,17,0,19,0,18,0,24,0,10,0,13,0,24,0,12,0,20,0,18,0,18,0,Default Stride Awkward,0,12,0,14,0,74,0,22,0,16,0,29,0,26,0,32,0,37,0,26,0,39,0,18,0,72,0,21,0,26,0
Mekhi,Wingo,Detroit Lions,DT,LSU,22,70,4/17/03,73,295,1,94,1,,86,0,73,0,77,0,86,0,79,0,66,0,15,0,76,0,12,0,10,0,40,0,36,0,45,0,66,0,2,0,67,0,82,0,86,0,86,0,10,0,25,0,35,0,10,0,20,0,15,0,3,0,70,0,45,0,45,0,45,0,6,0,64,0,72,0,10,0,79,0,12,0,45,0,45,0,45,0,Default Stride Awkward,0,10,0,39,0,77,0,10,0,47,0,83,0,6,0,6,0,6,0,6,0,27,0,16,0,89,0,50,0,20,0
Michael,Burton,Denver Broncos,FB,Rutgers,33,70,2/1/92,72,247,1,20,10,Blocking - FB,78,0,74,0,80,0,80,0,82,0,79,0,72,0,28,0,12,0,29,0,74,0,48,0,63,0,71,0,27,0,30,0,63,0,71,0,91,0,61,0,14,0,14,0,35,0,82,0,10,0,35,0,70,0,66,0,43,0,48,0,5,0,15,0,25,0,15,0,43,0,54,0,69,0,55,0,59,0,Default,0,45,0,49,0,80,0,63,0,70,0,45,0,5,0,10,0,15,0,5,0,30,0,17,0,75,0,76,0,15,0
Mike,Edwards,Kansas City Chiefs,FS,Kentucky,29,70,5/18/96,70,205,1,34,6,Zone - S,90,0,85,0,88,0,91,0,63,0,70,0,72,0,57,0,15,0,50,0,60,0,53,0,78,0,81,0,10,0,28,0,78,0,57,0,89,0,69,0,25,0,25,0,40,0,12,0,65,0,15,0,70,0,35,0,35,0,35,0,6,0,67,0,25,0,73,0,78,0,15,0,35,0,35,0,35,0,Default Stride Loose,0,25,0,63,0,88,0,65,0,39,0,63,0,6,0,6,0,6,0,6,0,22,0,14,0,90,0,25,0,73,0
Mohamed,Kamara,Miami Dolphins,LE,Colorado St.,25,70,6/9/00,73,248,1,50,1,Smaller Speed Rusher - DE,91,0,72,0,83,0,78,0,73,0,70,0,45,0,73,0,17,0,30,0,30,0,20,0,25,0,64,0,5,0,71,0,76,0,79,0,90,0,50,0,17,0,20,0,10,0,30,0,41,0,6,0,70,0,35,0,35,0,35,0,7,0,69,0,69,0,37,0,77,0,16,0,40,0,40,0,40,0,Default,0,10,0,25,0,87,0,45,0,33,0,76,0,6,0,8,0,10,0,8,0,25,0,13,0,83,0,40,0,46,0
Montaric,Brown,Jacksonville Jaguars,CB,Arkansas,26,70,8/24/99,72,190,1,30,3,Zone - CB,90,0,78,0,82,0,89,0,57,0,72,0,60,0,49,0,16,0,49,0,61,0,56,0,70,0,79,0,32,0,34,0,52,0,53,0,90,0,68,0,14,0,17,0,45,0,23,0,73,0,36,0,70,0,35,0,35,0,35,0,6,0,70,0,27,0,72,0,69,0,39,0,35,0,35,0,35,0,Default Stride Loose,0,41,0,67,0,87,0,63,0,30,0,48,0,6,0,6,0,6,0,6,0,23,0,6,0,75,0,31,0,77,0
Mykal,Walker,Arizona Cardinals,MLB,Fresno State,28,70,8/28/97,75,230,1,43,5,Field General - MLB,87,0,79,0,80,0,87,0,72,0,73,0,53,0,66,0,12,0,44,0,47,0,42,0,68,0,74,0,20,0,63,0,84,0,76,0,91,0,60,0,14,0,17,0,10,0,24,0,59,0,25,0,70,0,47,0,45,0,45,0,6,0,72,0,56,0,42,0,81,0,20,0,47,0,45,0,45,0,Default Stride Loose,0,33,0,52,0,87,0,51,0,52,0,81,0,6,0,6,0,6,0,6,0,25,0,15,0,88,0,40,0,66,0
Myles,Murphy,Cincinnati Bengals,RE,Clemson,23,70,1/3/02,77,275,0,99,2,Power Rusher - DE,90,0,77,0,76,0,84,0,82,0,64,0,45,0,73,0,31,0,25,0,45,0,28,0,40,0,74,0,7,0,59,0,85,0,88,0,93,0,39,0,14,0,15,0,10,0,33,0,28,0,8,0,70,0,40,0,40,0,40,0,15,0,62,0,72,0,31,0,79,0,16,0,45,0,45,0,45,0,Long Stride Loose,0,15,0,35,0,88,0,31,0,47,0,76,0,27,0,32,0,42,0,21,0,51,0,11,0,88,0,42,0,37,0
Nick,McCloud,Chicago Bears,CB,Notre Dame,27,70,7/9/98,72,193,1,24,4,Zone - CB,92,0,88,0,82,0,83,0,58,0,71,0,55,0,51,0,15,0,43,0,52,0,53,0,67,0,85,0,16,0,34,0,58,0,50,0,90,0,70,0,15,0,15,0,50,0,23,0,65,0,21,0,70,0,35,0,35,0,35,0,6,0,69,0,26,0,71,0,70,0,24,0,35,0,35,0,35,0,Default Stride Loose,0,24,0,66,0,90,0,61,0,33,0,62,0,6,0,6,0,6,0,6,0,31,0,15,0,79,0,34,0,71,0
Nick,Moore,Baltimore Ravens,LS,Georgia,32,70,12/9/92,74,253,1,46,5,Accurate - LS,74,0,74,0,74,0,82,0,70,0,64,0,48,0,43,0,18,0,20,0,68,0,52,0,70,0,67,0,38,0,24,0,53,0,56,0,88,0,48,0,24,0,25,0,10,0,53,0,36,0,43,0,70,0,54,0,40,0,50,0,10,0,42,0,19,0,33,0,58,0,44,0,51,0,35,0,40,0,Default Stride Loose,0,48,0,58,0,70,0,41,0,42,0,57,0,10,0,10,0,10,0,10,0,39,0,10,0,83,0,34,0,42,0
Oren,Burks,Cincinnati Bengals,ROLB,Vanderbilt,30,70,3/21/95,75,233,1,42,7,Pass Coverage - OLB,86,0,84,0,89,0,85,0,72,0,73,0,41,0,64,0,12,0,21,0,63,0,52,0,70,0,74,0,5,0,60,0,83,0,71,0,90,0,49,0,13,0,18,0,10,0,18,0,63,0,5,0,70,0,45,0,45,0,45,0,6,0,71,0,51,0,53,0,80,0,12,0,45,0,45,0,45,0,Default,0,15,0,49,0,87,0,38,0,33,0,81,0,6,0,6,0,6,0,6,0,16,0,10,0,92,0,42,0,69,0
Phidarian,Mathis,NY Jets,DT,Alabama,27,70,4/26/98,76,312,1,98,3,,69,0,56,0,61,0,76,0,89,0,70,0,25,0,75,0,15,0,20,0,25,0,15,0,24,0,50,0,9,0,60,0,75,0,87,0,88,0,20,0,12,0,15,0,10,0,31,0,15,0,12,0,70,0,45,0,45,0,45,0,6,0,68,0,71,0,10,0,76,0,8,0,45,0,45,0,45,0,Long Stride Loose,0,15,0,20,0,63,0,19,0,39,0,83,0,6,0,6,0,6,0,6,0,22,0,11,0,84,0,34,0,20,0
Rakeem,Nunez-Roches Sr,NY Giants,DT,Southern Miss,32,70,7/3/93,74,307,1,93,10,,72,0,58,0,82,0,78,0,81,0,72,0,10,0,74,0,12,0,10,0,40,0,15,0,30,0,53,0,4,0,58,0,77,0,80,0,86,0,10,0,25,0,15,0,10,0,18,0,20,0,8,0,70,0,45,0,45,0,45,0,6,0,75,0,72,0,20,0,76,0,15,0,45,0,45,0,45,0,Default Stride Awkward,0,15,0,15,0,72,0,10,0,10,0,84,0,6,0,6,0,6,0,6,0,16,0,10,0,76,0,15,0,29,0
Robert,Jones,Dallas Cowboys,LG,Mid Tenn St.,26,70,1/28/99,76,325,1,65,4,Power - G,68,0,49,0,76,0,77,0,88,0,78,0,40,0,35,0,12,0,32,0,37,0,10,0,24,0,53,0,5,0,10,0,42,0,84,0,89,0,20,0,20,0,22,0,10,0,80,0,10,0,5,0,70,0,71,0,70,0,72,0,6,0,10,0,15,0,10,0,27,0,12,0,73,0,74,0,72,0,Long Stride Awkward,0,10,0,12,0,65,0,15,0,32,0,32,0,6,0,6,0,6,0,6,0,15,0,13,0,83,0,34,0,11,0
Roman,Wilson,Pittsburgh Steelers,WR,Michigan,24,70,6/19/01,72,185,1,10,1,Deep Threat - WR,94,0,86,0,89,0,82,0,56,0,61,0,81,0,26,0,21,0,71,0,74,0,80,0,82,0,92,0,73,0,10,0,25,0,46,0,85,0,74,0,15,0,19,0,70,0,31,0,12,0,71,0,70,0,32,0,17,0,20,0,6,0,15,0,10,0,17,0,32,0,71,0,50,0,34,0,28,0,Default,0,74,0,82,0,93,0,69,0,41,0,27,0,10,0,15,0,20,0,15,0,26,0,17,0,81,0,34,0,17,0
Royce,Newman,Arizona Cardinals,RG,Ole Miss,28,70,8/17/97,77,310,1,71,4,Pass Protector - G,74,0,54,0,70,0,91,0,83,0,82,0,20,0,23,0,12,0,8,0,27,0,10,0,22,0,45,0,5,0,10,0,23,0,85,0,92,0,12,0,12,0,12,0,10,0,79,0,12,0,5,0,70,0,75,0,76,0,74,0,6,0,10,0,10,0,10,0,25,0,12,0,69,0,72,0,65,0,Default Stride Awkward,0,10,0,12,0,67,0,15,0,21,0,23,0,6,0,6,0,6,0,6,0,13,0,10,0,72,0,26,0,12,0
Russell,Gage Jr,San Francisco 49ers,WR,LSU,29,70,1/22/96,72,185,1,84,7,,91,0,83,0,92,0,86,0,60,0,66,0,81,0,58,0,28,0,76,0,71,0,80,0,84,0,84,0,70,0,10,0,48,0,52,0,82,0,78,0,12,0,16,0,33,0,29,0,10,0,72,0,70,0,30,0,20,0,25,0,30,0,16,0,10,0,10,0,66,0,69,0,52,0,31,0,37,0,Short Stride Loose,0,74,0,83,0,88,0,76,0,46,0,58,0,41,0,38,0,43,0,36,0,59,0,44,0,90,0,53,0,15,0
Ryan,Fitzgerald,Carolina Panthers,K,Florida State,25,70,8/13/00,71,194,1,35,0,Power - KP,71,0,58,0,51,0,83,0,53,0,54,0,13,0,12,0,14,0,13,0,32,0,10,0,29,0,50,0,10,0,10,0,18,0,13,0,86,0,11,0,75,0,94,0,10,0,11,0,12,0,10,0,70,0,12,0,13,0,11,0,18,0,13,0,10,0,10,0,26,0,12,0,15,0,11,0,20,0,Default Stride Awkward,0,10,0,14,0,72,0,13,0,15,0,24,0,26,0,28,0,29,0,18,0,23,0,16,0,65,0,12,0,14,0
Sai'vion,Jones,Denver Broncos,DT,LSU,22,70,7/3/03,77,283,1,95,0,,88,0,79,0,80,0,78,0,80,0,75,0,33,0,74,0,12,0,27,0,38,0,17,0,29,0,68,0,7,0,68,0,79,0,83,0,89,0,38,0,21,0,21,0,32,0,26,0,25,0,8,0,70,0,45,0,45,0,45,0,15,0,71,0,71,0,30,0,78,0,14,0,45,0,45,0,45,0,Long Stride Loose,0,15,0,17,0,81,0,31,0,37,0,76,0,9,0,10,0,18,0,10,0,24,0,15,0,88,0,27,0,33,0
Sam,Mustipher,Tennessee Titans,LG,Notre Dame,29,70,8/13/96,74,306,1,60,6,Power - G,56,0,53,0,67,0,89,0,83,0,85,0,10,0,25,0,12,0,6,0,40,0,10,0,25,0,51,0,5,0,20,0,43,0,79,0,90,0,10,0,25,0,25,0,10,0,82,0,12,0,5,0,70,0,72,0,70,0,74,0,6,0,21,0,22,0,10,0,33,0,12,0,72,0,69,0,75,0,Long Stride Awkward,0,10,0,12,0,61,0,10,0,10,0,37,0,6,0,6,0,6,0,6,0,30,0,10,0,88,0,10,0,15,0
Savion,Williams,Green Bay Packers,WR,TCU,23,70,11/22/01,76,222,1,83,0,,90,0,86,0,89,0,89,0,71,0,75,0,85,0,42,0,44,0,75,0,75,0,83,0,79,0,84,0,66,0,36,0,40,0,41,0,88,0,78,0,32,0,26,0,69,0,27,0,35,0,68,0,70,0,24,0,14,0,21,0,41,0,29,0,33,0,22,0,41,0,69,0,48,0,32,0,33,0,Long Stride Default,0,69,0,82,0,90,0,72,0,57,0,26,0,49,0,48,0,47,0,50,0,55,0,39,0,82,0,59,0,37,0
Scott,Miller,Pittsburgh Steelers,WR,Bowling Green St.,28,70,7/31/97,69,174,1,13,6,Deep Threat - WR,92,0,85,0,82,0,84,0,54,0,64,0,76,0,24,0,23,0,66,0,72,0,80,0,84,0,90,0,74,0,10,0,18,0,36,0,86,0,76,0,13,0,17,0,74,0,18,0,19,0,71,0,70,0,26,0,11,0,10,0,19,0,24,0,10,0,18,0,36,0,67,0,46,0,11,0,15,0,Short Stride Default,0,72,0,81,0,94,0,69,0,48,0,27,0,18,0,30,0,35,0,30,0,35,0,24,0,80,0,30,0,26,0
Shaun,Wade,Chicago Bears,CB,Ohio State,26,70,9/16/98,73,191,1,26,4,Zone - CB,92,0,83,0,89,0,86,0,60,0,70,0,63,0,55,0,15,0,54,0,58,0,55,0,67,0,80,0,20,0,48,0,61,0,59,0,84,0,69,0,12,0,19,0,40,0,19,0,68,0,26,0,70,0,35,0,35,0,35,0,6,0,69,0,42,0,73,0,67,0,38,0,35,0,35,0,35,0,Default Stride Loose,0,31,0,62,0,90,0,63,0,44,0,64,0,6,0,6,0,6,0,6,0,22,0,13,0,74,0,35,0,70,0
Tanor,Bortolini,Indianapolis Colts,C,Wisconsin,23,70,6/18/02,76,303,1,60,1,Agile - C,82,0,78,0,79,0,85,0,82,0,77,0,10,0,25,0,7,0,6,0,40,0,10,0,25,0,70,0,6,0,20,0,38,0,81,0,91,0,10,0,12,0,9,0,10,0,82,0,12,0,7,0,70,0,74,0,75,0,73,0,5,0,21,0,22,0,9,0,33,0,13,0,73,0,75,0,72,0,Default Stride Awkward,0,10,0,12,0,74,0,10,0,10,0,37,0,5,0,6,0,7,0,5,0,21,0,8,0,82,0,10,0,12,0
Tavius,Robinson,Baltimore Ravens,LE,Ole Miss,26,70,1/3/99,78,258,1,95,2,Power Rusher - DE,91,0,71,0,81,0,74,0,79,0,67,0,43,0,74,0,16,0,31,0,36,0,31,0,35,0,62,0,10,0,58,0,82,0,80,0,86,0,50,0,14,0,13,0,10,0,32,0,31,0,15,0,70,0,45,0,45,0,45,0,6,0,66,0,73,0,32,0,79,0,12,0,45,0,45,0,45,0,Long Stride Loose,0,20,0,35,0,84,0,45,0,43,0,80,0,6,0,6,0,6,0,6,0,20,0,16,0,77,0,32,0,38,0
Tommy,Tremble,Carolina Panthers,TE,Notre Dame,25,70,6/2/00,76,250,1,82,4,Possession - TE,89,0,80,0,83,0,85,0,75,0,67,0,68,0,37,0,16,0,55,0,74,0,78,0,77,0,73,0,61,0,10,0,26,0,71,0,89,0,67,0,14,0,18,0,27,0,62,0,15,0,64,0,70,0,58,0,54,0,57,0,6,0,23,0,10,0,21,0,36,0,63,0,62,0,62,0,58,0,Default,0,69,0,77,0,86,0,63,0,64,0,34,0,6,0,10,0,15,0,10,0,26,0,10,0,82,0,66,0,22,0
Tre,Hawkins III,NY Giants,CB,Old Dominion,25,70,8/1/00,75,195,1,37,2,Manto Man - CB,94,0,91,0,89,0,86,0,63,0,66,0,67,0,55,0,21,0,62,0,55,0,59,0,70,0,87,0,35,0,43,0,67,0,47,0,91,0,73,0,22,0,24,0,55,0,23,0,67,0,37,0,70,0,34,0,34,0,34,0,6,0,65,0,32,0,72,0,73,0,43,0,35,0,35,0,35,0,Default Stride Loose,0,40,0,66,0,92,0,66,0,52,0,60,0,6,0,6,0,6,0,11,0,30,0,13,0,80,0,44,0,66,0
Trenton,Irwin,Jacksonville Jaguars,WR,Stanford,29,70,12/10/95,74,200,0,83,5,Slot - WR,88,0,82,0,82,0,81,0,66,0,74,0,80,0,29,0,21,0,74,0,71,0,82,0,86,0,77,0,74,0,11,0,17,0,44,0,90,0,75,0,21,0,22,0,75,0,24,0,14,0,73,0,70,0,33,0,20,0,18,0,6,0,16,0,11,0,13,0,34,0,67,0,49,0,33,0,27,0,Long Stride Default,0,74,0,80,0,88,0,72,0,42,0,29,0,15,0,15,0,20,0,15,0,25,0,18,0,84,0,44,0,21,0
Trevin,Wallace,Carolina Panthers,MLB,Kentucky,22,70,2/22/03,74,241,1,32,1,Field General - MLB,88,0,81,0,89,0,83,0,70,0,71,0,64,0,73,0,51,0,50,0,64,0,57,0,66,0,75,0,12,0,67,0,83,0,80,0,90,0,66,0,20,0,21,0,50,0,31,0,68,0,24,0,70,0,40,0,34,0,35,0,37,0,67,0,62,0,65,0,81,0,26,0,45,0,44,0,45,0,Default Stride Loose,0,38,0,62,0,89,0,63,0,65,0,80,0,42,0,44,0,47,0,44,0,50,0,35,0,85,0,67,0,67,0
Trey,Pipkins III,Los Angeles Chargers,LT,Sioux Falls,28,70,9/5/96,78,307,1,79,6,Agile - OT,74,0,64,0,81,0,84,0,83,0,82,0,10,0,40,0,12,0,5,0,42,0,34,0,47,0,53,0,15,0,30,0,35,0,82,0,88,0,10,0,11,0,21,0,10,0,78,0,12,0,20,0,70,0,74,0,72,0,76,0,6,0,24,0,40,0,10,0,35,0,37,0,75,0,77,0,73,0,Long Stride Awkward,0,26,0,32,0,69,0,10,0,10,0,40,0,6,0,6,0,6,0,6,0,16,0,13,0,85,0,21,0,12,0
Troy,Dye,Los Angeles Chargers,ROLB,Oregon,28,70,9/18/96,75,231,1,43,5,Run Stopper - OLB,87,0,81,0,84,0,81,0,71,0,73,0,54,0,68,0,12,0,46,0,55,0,50,0,61,0,75,0,25,0,55,0,80,0,72,0,87,0,62,0,19,0,15,0,35,0,16,0,60,0,31,0,70,0,45,0,45,0,45,0,15,0,72,0,46,0,59,0,81,0,26,0,45,0,45,0,45,0,Long Stride Loose,0,37,0,52,0,87,0,55,0,41,0,79,0,10,0,10,0,15,0,15,0,30,0,13,0,89,0,40,0,65,0
Victor,Dimukeje,NY Giants,LE,Duke,25,70,11/18/99,74,262,1,52,4,Power Rusher - DE,78,0,75,0,86,0,81,0,82,0,69,0,34,0,74,0,12,0,20,0,40,0,28,0,45,0,67,0,2,0,64,0,75,0,85,0,90,0,34,0,20,0,30,0,10,0,11,0,38,0,3,0,70,0,45,0,45,0,45,0,6,0,68,0,76,0,25,0,79,0,13,0,45,0,45,0,45,0,Short Stride Loose,0,10,0,34,0,77,0,29,0,39,0,79,0,6,0,6,0,6,0,6,0,10,0,13,0,87,0,33,0,49,0
Wanya,Morris,Kansas City Chiefs,RT,Oklahoma,24,70,10/10/00,77,307,1,64,2,Agile - OT,70,0,63,0,71,0,84,0,83,0,74,0,13,0,33,0,14,0,11,0,20,0,17,0,23,0,57,0,5,0,10,0,29,0,77,0,86,0,15,0,10,0,12,0,10,0,86,0,12,0,7,0,70,0,73,0,70,0,76,0,6,0,10,0,10,0,13,0,36,0,15,0,77,0,82,0,72,0,Long Stride Awkward,0,16,0,15,0,69,0,12,0,22,0,30,0,7,0,7,0,7,0,7,0,21,0,7,0,87,0,28,0,12,0
Woody,Marks,Houston Texans,HB,USC,24,70,12/29/00,70,213,1,27,0,Elusive Back - HB,88,0,83,0,85,0,87,0,70,0,66,0,81,0,32,0,29,0,77,0,93,0,49,0,71,0,83,0,43,0,24,0,25,0,39,0,89,0,80,0,23,0,23,0,76,0,39,0,22,0,53,0,70,0,51,0,42,0,40,0,30,0,32,0,24,0,24,0,34,0,60,0,40,0,33,0,29,0,Default Stride High and Tight,0,64,0,55,0,88,0,75,0,71,0,31,0,10,0,12,0,9,0,10,0,27,0,23,0,88,0,76,0,25,0
Xavier,Watts,Atlanta Falcons,SS,Notre Dame,23,70,11/22/01,72,205,1,31,0,Zone - S,88,0,82,0,84,0,90,0,62,0,70,0,70,0,54,0,29,0,59,0,65,0,60,0,74,0,82,0,30,0,33,0,78,0,57,0,93,0,71,0,17,0,20,0,80,0,25,0,67,0,35,0,70,0,35,0,35,0,35,0,20,0,67,0,36,0,67,0,75,0,36,0,35,0,35,0,35,0,Default Stride Loose,0,40,0,65,0,86,0,63,0,51,0,67,0,17,0,21,0,25,0,25,0,31,0,22,0,90,0,52,0,76,0
Zach,Cunningham,Detroit Lions,MLB,Vanderbilt,30,70,12/12/94,75,237,1,52,8,Run Stopper - MLB,87,0,79,0,84,0,87,0,80,0,69,0,44,0,74,0,12,0,22,0,51,0,31,0,59,0,71,0,5,0,60,0,83,0,84,0,85,0,37,0,20,0,20,0,10,0,13,0,56,0,5,0,70,0,45,0,45,0,45,0,6,0,68,0,49,0,48,0,82,0,25,0,45,0,45,0,45,0,Long Stride Loose,0,15,0,36,0,84,0,24,0,48,0,80,0,6,0,6,0,6,0,6,0,25,0,10,0,87,0,43,0,62,0
Zach,Harrison,Atlanta Falcons,DT,Ohio State,24,70,8/14/01,78,272,1,96,2,,87,0,73,0,83,0,72,0,81,0,68,0,46,0,76,0,26,0,34,0,35,0,41,0,46,0,61,0,24,0,60,0,85,0,85,0,89,0,44,0,12,0,15,0,10,0,32,0,35,0,26,0,70,0,40,0,40,0,40,0,5,0,65,0,69,0,44,0,75,0,32,0,45,0,45,0,45,0,Long Stride Loose,0,29,0,49,0,83,0,37,0,64,0,81,0,13,0,14,0,20,0,22,0,23,0,12,0,83,0,45,0,44,0
Zah,Frazier,Chicago Bears,CB,UTSA,24,70,10/5/00,75,186,1,20,0,Manto Man - CB,96,0,82,0,88,0,80,0,56,0,65,0,62,0,44,0,23,0,42,0,61,0,62,0,74,0,84,0,24,0,24,0,59,0,45,0,86,0,70,0,25,0,28,0,79,0,24,0,69,0,25,0,70,0,35,0,35,0,25,0,18,0,64,0,23,0,61,0,70,0,32,0,35,0,35,0,25,0,Long Stride Default,0,26,0,69,0,94,0,61,0,31,0,69,0,23,0,20,0,9,0,13,0,22,0,32,0,84,0,23,0,65,0
Zak,Zinter,Cleveland Browns,LG,Michigan,24,70,4/17/01,78,315,1,70,1,Power - G,65,0,54,0,65,0,82,0,88,0,74,0,21,0,39,0,12,0,22,0,40,0,21,0,22,0,49,0,5,0,28,0,50,0,84,0,79,0,16,0,11,0,15,0,10,0,81,0,8,0,7,0,70,0,72,0,70,0,74,0,6,0,31,0,41,0,10,0,35,0,15,0,74,0,75,0,73,0,Long Stride Awkward,0,15,0,15,0,63,0,14,0,30,0,44,0,6,0,7,0,9,0,9,0,21,0,10,0,96,0,30,0,9,0
Zonovan,Knight,Arizona Cardinals,HB,N.C. State,24,70,4/11/01,70,209,1,35,3,Elusive Back - HB,89,0,85,0,80,0,79,0,69,0,71,0,76,0,20,0,24,0,81,0,83,0,56,0,66,0,87,0,44,0,12,0,35,0,29,0,89,0,82,0,15,0,17,0,78,0,26,0,10,0,51,0,70,0,49,0,34,0,32,0,10,0,24,0,10,0,10,0,33,0,44,0,35,0,33,0,31,0,Default Stride Loose,0,59,0,59,0,88,0,78,0,67,0,36,0,15,0,25,0,30,0,10,0,25,0,11,0,85,0,77,0,12,0
Aaron,Stinnie,NY Giants,LG,J. Madison,31,69,2/18/94,75,312,1,64,7,Pass Protector - G,62,0,61,0,68,0,82,0,83,0,82,0,10,0,20,0,12,0,5,0,20,0,10,0,35,0,49,0,5,0,10,0,12,0,77,0,83,0,10,0,12,0,16,0,10,0,79,0,12,0,5,0,69,0,75,0,79,0,71,0,6,0,10,0,10,0,10,0,23,0,12,0,71,0,67,0,75,0,Default Stride Awkward,0,10,0,12,0,70,0,10,0,10,0,29,0,6,0,6,0,6,0,6,0,21,0,10,0,86,0,15,0,12,0
Ainias,Smith,Philadelphia Eagles,WR,Texas AM,24,69,5/31/01,69,176,1,82,1,,91,0,89,0,85,0,86,0,60,0,49,0,82,0,31,0,16,0,74,0,75,0,80,0,81,0,87,0,72,0,10,0,27,0,39,0,86,0,81,0,13,0,19,0,81,0,27,0,24,0,73,0,69,0,25,0,20,0,15,0,15,0,24,0,10,0,23,0,38,0,69,0,46,0,31,0,23,0,Short Stride Loose,0,75,0,80,0,87,0,76,0,52,0,32,0,10,0,10,0,15,0,15,0,26,0,18,0,83,0,51,0,30,0
Andre,Dillard,San Francisco 49ers,LT,Wash. St.,29,69,10/3/95,77,315,1,65,6,Agile - OT,78,0,69,0,72,0,84,0,86,0,79,0,10,0,35,0,12,0,7,0,38,0,25,0,22,0,53,0,5,0,15,0,33,0,77,0,86,0,10,0,21,0,22,0,10,0,77,0,13,0,5,0,69,0,68,0,67,0,69,0,6,0,20,0,25,0,10,0,29,0,40,0,76,0,79,0,73,0,Default Stride Awkward,0,15,0,15,0,73,0,10,0,19,0,36,0,6,0,6,0,6,0,6,0,30,0,10,0,86,0,23,0,15,0
Andrew,Beck,NY Jets,FB,Texas,29,69,5/15/96,75,255,1,47,6,Utility - FB,87,0,78,0,82,0,80,0,77,0,59,0,69,0,47,0,15,0,64,0,67,0,65,0,72,0,75,0,52,0,20,0,36,0,66,0,84,0,64,0,15,0,22,0,70,0,66,0,31,0,57,0,69,0,69,0,52,0,55,0,6,0,40,0,35,0,26,0,52,0,60,0,65,0,65,0,61,0,Default Stride Loose,0,63,0,66,0,86,0,57,0,65,0,47,0,6,0,10,0,15,0,10,0,30,0,15,0,88,0,67,0,37,0
Andrew,Booth Jr,Dallas Cowboys,CB,Clemson,24,69,9/28/00,72,194,1,25,3,Manto Man - CB,91,0,90,0,89,0,85,0,62,0,64,0,66,0,55,0,23,0,54,0,58,0,57,0,71,0,91,0,30,0,39,0,72,0,56,0,82,0,74,0,18,0,15,0,64,0,24,0,69,0,34,0,69,0,35,0,35,0,35,0,14,0,64,0,32,0,73,0,75,0,35,0,35,0,35,0,35,0,Default Stride Loose,0,39,0,75,0,91,0,69,0,39,0,54,0,19,0,24,0,29,0,28,0,31,0,12,0,87,0,35,0,68,0
Anthony,Gould,Indianapolis Colts,WR,Oregon State,24,69,4/6/01,68,174,1,6,1,Deep Threat - WR,95,0,86,0,89,0,80,0,47,0,58,0,74,0,16,0,16,0,67,0,67,0,78,0,78,0,89,0,73,0,10,0,14,0,33,0,87,0,72,0,13,0,19,0,82,0,21,0,10,0,72,0,69,0,24,0,18,0,12,0,15,0,17,0,10,0,14,0,23,0,70,0,34,0,25,0,19,0,Short Stride Default,0,71,0,78,0,94,0,64,0,31,0,20,0,10,0,10,0,15,0,15,0,26,0,18,0,81,0,27,0,16,0
Artie,Burns,Miami Dolphins,CB,Miami,30,69,5/1/95,72,187,1,23,9,Manto Man - CB,88,0,82,0,79,0,89,0,56,0,74,0,64,0,39,0,15,0,55,0,60,0,45,0,63,0,79,0,11,0,41,0,53,0,45,0,85,0,74,0,17,0,18,0,56,0,15,0,70,0,16,0,69,0,33,0,34,0,33,0,6,0,73,0,35,0,77,0,66,0,27,0,34,0,34,0,33,0,Default Stride Loose,0,26,0,60,0,89,0,69,0,29,0,51,0,6,0,6,0,6,0,6,0,27,0,11,0,73,0,28,0,73,0
Austin,McNamara,NY Jets,P,Texas Tech,24,69,2/24/01,77,204,1,14,1,Power - KP,80,0,68,0,76,0,83,0,45,0,52,0,53,0,21,0,22,0,38,0,40,0,20,0,40,0,63,0,15,0,10,0,15,0,12,0,90,0,49,0,70,0,93,0,50,0,6,0,15,0,15,0,69,0,18,0,5,0,5,0,23,0,27,0,10,0,22,0,26,0,15,0,15,0,6,0,6,0,Long Stride Awkward,0,15,0,23,0,76,0,48,0,41,0,25,0,51,0,54,0,55,0,40,0,42,0,24,0,78,0,38,0,25,0
Austin,Booker,Chicago Bears,LE,Kansas,22,69,12/14/02,77,253,1,94,1,Smaller Speed Rusher - DE,83,0,74,0,79,0,75,0,76,0,72,0,47,0,72,0,12,0,29,0,34,0,34,0,34,0,69,0,6,0,74,0,75,0,80,0,90,0,46,0,22,0,21,0,10,0,16,0,38,0,10,0,69,0,45,0,45,0,45,0,6,0,70,0,66,0,36,0,78,0,24,0,45,0,45,0,45,0,Default Stride Loose,0,17,0,30,0,79,0,32,0,44,0,75,0,6,0,6,0,6,0,6,0,25,0,15,0,83,0,36,0,45,0
Ben,Bartch,San Francisco 49ers,LG,St. John's,27,69,7/22/98,78,315,1,78,5,Agile - G,61,0,68,0,70,0,86,0,85,0,75,0,33,0,15,0,12,0,40,0,56,0,40,0,54,0,52,0,24,0,10,0,35,0,83,0,87,0,36,0,27,0,37,0,10,0,84,0,12,0,33,0,69,0,69,0,71,0,68,0,6,0,15,0,15,0,10,0,22,0,34,0,72,0,74,0,70,0,Long Stride Default,0,40,0,44,0,67,0,30,0,27,0,29,0,6,0,6,0,6,0,6,0,25,0,5,0,92,0,46,0,15,0
Ben,Bredeson,Tampa Bay Buccaneers,LG,Michigan,27,69,2/20/98,77,315,1,68,5,Power - G,60,0,52,0,65,0,83,0,86,0,78,0,10,0,15,0,12,0,14,0,20,0,15,0,12,0,50,0,5,0,10,0,12,0,81,0,85,0,10,0,16,0,19,0,10,0,76,0,10,0,5,0,69,0,73,0,69,0,77,0,6,0,10,0,10,0,10,0,19,0,10,0,71,0,71,0,71,0,Long Stride Awkward,0,10,0,10,0,71,0,10,0,10,0,20,0,6,0,6,0,6,0,6,0,17,0,12,0,89,0,10,0,11,0
Bilhal,Kone,Baltimore Ravens,CB,W. Michigan,23,69,3/3/02,73,190,1,31,0,Manto Man - CB,92,0,87,0,84,0,88,0,58,0,66,0,70,0,45,0,30,0,44,0,54,0,54,0,69,0,82,0,16,0,25,0,51,0,46,0,88,0,72,0,27,0,22,0,82,0,23,0,70,0,17,0,69,0,35,0,35,0,25,0,19,0,65,0,26,0,70,0,72,0,27,0,35,0,35,0,25,0,Default,0,18,0,65,0,91,0,64,0,39,0,58,0,24,0,27,0,24,0,18,0,29,0,31,0,88,0,28,0,66,0
Bo,Richter,Minnesota Vikings,LE,Air Force,25,69,8/13/00,73,248,1,54,1,Smaller Speed Rusher - DE,92,0,81,0,88,0,81,0,72,0,57,0,26,0,69,0,12,0,15,0,32,0,20,0,44,0,72,0,5,0,71,0,78,0,77,0,86,0,33,0,24,0,25,0,10,0,11,0,42,0,5,0,69,0,45,0,45,0,45,0,6,0,56,0,58,0,34,0,79,0,25,0,45,0,45,0,45,0,Default,0,15,0,20,0,87,0,28,0,28,0,78,0,6,0,6,0,6,0,6,0,27,0,13,0,84,0,27,0,49,0
Brad,Robbins,Buffalo Bills,P,Michigan,26,69,10/6/98,73,203,1,40,2,Power - KP,76,0,67,0,68,0,84,0,47,0,51,0,19,0,24,0,24,0,12,0,25,0,15,0,26,0,62,0,15,0,10,0,28,0,15,0,82,0,26,0,76,0,90,0,10,0,15,0,11,0,15,0,69,0,15,0,15,0,15,0,22,0,17,0,10,0,10,0,32,0,15,0,16,0,16,0,16,0,Default Stride Awkward,0,15,0,15,0,75,0,21,0,10,0,28,0,21,0,26,0,31,0,25,0,36,0,15,0,75,0,12,0,10,0
Brashard,Smith,Kansas City Chiefs,HB,SMU,22,69,4/11/03,70,194,1,30,0,Elusive Back - HB,93,0,84,0,79,0,83,0,64,0,56,0,79,0,29,0,18,0,76,0,87,0,60,0,69,0,85,0,58,0,25,0,24,0,29,0,87,0,81,0,18,0,18,0,84,0,27,0,20,0,63,0,69,0,47,0,12,0,21,0,20,0,29,0,23,0,22,0,39,0,62,0,33,0,25,0,24,0,Default,0,66,0,63,0,93,0,77,0,69,0,27,0,10,0,15,0,21,0,21,0,25,0,18,0,85,0,55,0,24,0
Cam,Smith,Miami Dolphins,CB,South Carolina,24,69,12/21/00,72,180,1,24,2,Zone - CB,95,0,90,0,90,0,90,0,45,0,68,0,71,0,42,0,13,0,70,0,56,0,65,0,72,0,87,0,35,0,34,0,77,0,39,0,86,0,37,0,15,0,11,0,64,0,13,0,65,0,42,0,69,0,26,0,35,0,35,0,6,0,67,0,29,0,65,0,70,0,49,0,34,0,35,0,35,0,Default Stride Loose,0,52,0,72,0,91,0,63,0,32,0,50,0,6,0,6,0,6,0,6,0,27,0,10,0,85,0,34,0,69,0
Carlos,Watkins,Tennessee Titans,DT,Clemson,31,69,12/5/93,75,305,1,96,8,,71,0,66,0,70,0,76,0,86,0,72,0,38,0,71,0,12,0,15,0,44,0,38,0,50,0,50,0,9,0,70,0,78,0,84,0,90,0,28,0,15,0,15,0,10,0,12,0,24,0,13,0,69,0,45,0,45,0,45,0,6,0,69,0,62,0,24,0,75,0,16,0,45,0,45,0,45,0,Long Stride Loose,0,20,0,41,0,75,0,22,0,37,0,81,0,6,0,6,0,6,0,6,0,16,0,14,0,86,0,38,0,32,0
Casey,Toohill,Houston Texans,RE,Stanford,29,69,8/22/96,77,254,1,94,5,Smaller Speed Rusher - DE,88,0,81,0,89,0,77,0,75,0,58,0,26,0,74,0,12,0,16,0,43,0,33,0,50,0,71,0,3,0,72,0,77,0,77,0,89,0,31,0,14,0,17,0,10,0,12,0,33,0,6,0,69,0,45,0,45,0,45,0,6,0,59,0,66,0,21,0,78,0,15,0,45,0,45,0,45,0,Long Stride Loose,0,13,0,32,0,85,0,24,0,28,0,80,0,6,0,6,0,6,0,6,0,18,0,11,0,85,0,31,0,49,0
Cedric,Gray,Tennessee Titans,MLB,North Carolina,22,69,10/30/02,74,234,1,51,1,Pass Coverage - MLB,91,0,77,0,85,0,85,0,69,0,66,0,57,0,67,0,23,0,54,0,60,0,62,0,70,0,74,0,15,0,67,0,80,0,70,0,95,0,64,0,14,0,15,0,45,0,34,0,67,0,21,0,69,0,25,0,23,0,24,0,16,0,65,0,59,0,66,0,81,0,18,0,28,0,27,0,23,0,Default Stride Loose,0,21,0,65,0,84,0,56,0,53,0,77,0,14,0,19,0,17,0,24,0,14,0,15,0,90,0,52,0,71,0
Channing,Tindall,Miami Dolphins,ROLB,Georgia,25,69,3/28/00,74,232,1,41,3,Run Stopper - OLB,94,0,75,0,95,0,80,0,69,0,64,0,50,0,65,0,15,0,32,0,55,0,42,0,49,0,81,0,15,0,54,0,86,0,77,0,89,0,61,0,17,0,19,0,30,0,21,0,57,0,20,0,69,0,45,0,45,0,45,0,15,0,60,0,59,0,46,0,87,0,19,0,45,0,45,0,45,0,Default Stride Loose,0,25,0,45,0,91,0,55,0,55,0,82,0,9,0,10,0,15,0,15,0,29,0,10,0,83,0,49,0,53,0
Charles,Snowden,Las Vegas Raiders,LE,Virginia,27,69,3/27/98,79,240,1,49,4,Smaller Speed Rusher - DE,86,0,83,0,82,0,81,0,69,0,62,0,55,0,70,0,12,0,47,0,56,0,59,0,64,0,72,0,33,0,72,0,68,0,81,0,85,0,63,0,14,0,19,0,10,0,20,0,48,0,36,0,69,0,45,0,45,0,45,0,6,0,66,0,67,0,35,0,79,0,47,0,45,0,45,0,45,0,Long Stride Default,0,40,0,60,0,83,0,58,0,53,0,78,0,6,0,6,0,6,0,6,0,25,0,12,0,75,0,54,0,54,0
Chris,Smith,Detroit Lions,DT,Notre Dame,25,69,12/15/99,73,316,1,90,2,,74,0,75,0,76,0,74,0,92,0,54,0,35,0,74,0,12,0,23,0,28,0,20,0,34,0,61,0,5,0,58,0,79,0,82,0,88,0,25,0,26,0,30,0,10,0,35,0,19,0,5,0,69,0,45,0,45,0,45,0,6,0,54,0,72,0,15,0,76,0,15,0,45,0,45,0,45,0,Long Stride Loose,0,10,0,18,0,70,0,20,0,49,0,83,0,6,0,6,0,6,0,6,0,16,0,18,0,82,0,56,0,27,0
Cody,Simon,Arizona Cardinals,MLB,Ohio State,23,69,4/1/02,74,232,1,50,0,Field General - MLB,93,0,77,0,81,0,87,0,73,0,71,0,53,0,67,0,22,0,38,0,61,0,56,0,64,0,74,0,25,0,58,0,79,0,71,0,88,0,56,0,21,0,23,0,10,0,25,0,57,0,28,0,69,0,45,0,45,0,45,0,6,0,69,0,56,0,46,0,81,0,31,0,45,0,45,0,45,0,Default Stride Loose,0,33,0,58,0,87,0,51,0,47,0,80,0,6,0,6,0,6,0,6,0,23,0,12,0,88,0,43,0,63,0
Cody,Ford,Cincinnati Bengals,RG,Oklahoma,28,69,12/28/96,75,345,1,61,6,Power - G,66,0,55,0,71,0,83,0,87,0,70,0,10,0,14,0,12,0,8,0,36,0,15,0,23,0,52,0,5,0,10,0,20,0,81,0,84,0,10,0,12,0,14,0,10,0,82,0,16,0,5,0,69,0,71,0,68,0,73,0,6,0,24,0,10,0,10,0,23,0,15,0,72,0,71,0,74,0,Default Stride Awkward,0,15,0,15,0,67,0,10,0,10,0,14,0,6,0,6,0,6,0,6,0,16,0,7,0,88,0,10,0,12,0
Collin,Johnson,Las Vegas Raiders,WR,Texas,27,69,9/23/97,78,220,1,17,5,Physical - WR,89,0,83,0,90,0,85,0,70,0,72,0,76,0,29,0,25,0,71,0,73,0,82,0,83,0,79,0,65,0,10,0,32,0,58,0,86,0,76,0,15,0,19,0,45,0,39,0,15,0,69,0,69,0,40,0,27,0,30,0,6,0,13,0,10,0,20,0,30,0,71,0,59,0,30,0,38,0,Long Stride Default,0,70,0,84,0,86,0,71,0,70,0,31,0,6,0,10,0,15,0,10,0,25,0,18,0,83,0,64,0,18,0
Daniel,Jones,Indianapolis Colts,QB,Duke,28,69,5/27/97,77,230,1,17,6,Scrambler - QB,87,0,83,0,80,0,83,0,67,0,59,0,89,0,22,0,71,0,71,0,56,0,26,0,38,0,75,0,12,0,10,0,14,0,24,0,83,0,70,0,50,0,60,0,10,0,23,0,13,0,13,0,69,0,15,0,15,0,18,0,81,0,19,0,10,0,10,0,31,0,11,0,15,0,12,0,17,0,Default Stride High and Tight,0,14,0,41,0,87,0,54,0,45,0,24,0,78,0,82,0,85,0,82,0,87,0,78,0,94,0,55,0,18,0
Darius,Rush,Kansas City Chiefs,CB,South Carolina,25,69,2/22/00,74,198,1,46,2,Manto Man - CB,93,0,85,0,84,0,89,0,53,0,60,0,71,0,46,0,41,0,66,0,63,0,67,0,72,0,81,0,46,0,45,0,68,0,51,0,91,0,72,0,15,0,20,0,72,0,25,0,70,0,49,0,69,0,25,0,25,0,25,0,41,0,60,0,40,0,77,0,69,0,55,0,35,0,35,0,35,0,Long Stride Loose,0,52,0,71,0,93,0,66,0,45,0,49,0,38,0,41,0,43,0,52,0,50,0,31,0,80,0,48,0,69,0
David,Walker,Tampa Bay Buccaneers,LE,Central Arkansas,25,69,6/3/00,73,263,1,51,0,Power Rusher - DE,85,0,79,0,84,0,85,0,78,0,71,0,55,0,71,0,22,0,42,0,58,0,53,0,60,0,70,0,23,0,65,0,79,0,75,0,89,0,59,0,20,0,24,0,10,0,27,0,56,0,26,0,69,0,45,0,45,0,45,0,6,0,69,0,72,0,44,0,81,0,28,0,45,0,45,0,45,0,Default Stride Loose,0,30,0,55,0,83,0,53,0,49,0,75,0,6,0,6,0,6,0,6,0,25,0,12,0,89,0,46,0,62,0
David,Long Jr,Indianapolis Colts,CB,Michigan,27,69,2/6/98,71,196,1,34,6,Manto Man - CB,91,0,92,0,92,0,90,0,61,0,60,0,73,0,48,0,15,0,67,0,65,0,56,0,68,0,90,0,22,0,32,0,50,0,53,0,90,0,76,0,25,0,25,0,45,0,15,0,71,0,28,0,69,0,35,0,35,0,35,0,6,0,56,0,25,0,76,0,71,0,21,0,35,0,35,0,35,0,Default Stride Loose,0,35,0,62,0,90,0,71,0,26,0,52,0,6,0,6,0,6,0,6,0,22,0,11,0,82,0,25,0,73,0
David,Bell,Cleveland Browns,WR,Purdue,24,69,12/14/00,73,212,1,18,3,Slot - WR,90,0,79,0,85,0,87,0,68,0,76,0,78,0,24,0,20,0,76,0,79,0,81,0,85,0,76,0,66,0,11,0,20,0,40,0,90,0,74,0,22,0,23,0,33,0,27,0,14,0,71,0,69,0,27,0,16,0,18,0,6,0,15,0,11,0,13,0,32,0,74,0,41,0,24,0,15,0,Long Stride Loose,0,73,0,82,0,86,0,66,0,55,0,21,0,15,0,15,0,20,0,15,0,25,0,16,0,83,0,57,0,19,0
Decamerion,Richardson,Las Vegas Raiders,CB,Mississippi St.,24,69,3/16/01,74,195,1,25,1,Slot - CB,92,0,85,0,84,0,87,0,52,0,57,0,65,0,52,0,10,0,62,0,52,0,47,0,55,0,86,0,26,0,33,0,62,0,51,0,90,0,71,0,12,0,11,0,59,0,14,0,66,0,31,0,69,0,31,0,22,0,23,0,13,0,55,0,26,0,75,0,75,0,33,0,35,0,25,0,24,0,Default Stride Loose,0,36,0,50,0,94,0,69,0,34,0,77,0,15,0,22,0,23,0,16,0,24,0,15,0,88,0,35,0,70,0
Dee,Eskridge,Miami Dolphins,WR,W. Michigan,28,69,3/23/97,69,190,1,82,4,,93,0,86,0,84,0,81,0,58,0,64,0,82,0,43,0,13,0,71,0,71,0,76,0,78,0,85,0,71,0,19,0,34,0,39,0,78,0,81,0,13,0,19,0,83,0,20,0,22,0,68,0,69,0,31,0,22,0,17,0,6,0,24,0,13,0,28,0,47,0,71,0,43,0,38,0,29,0,Short Stride Loose,0,68,0,79,0,92,0,75,0,49,0,40,0,6,0,10,0,15,0,10,0,22,0,15,0,76,0,31,0,29,0
DeMarcco,Hellams,Atlanta Falcons,FS,Alabama,25,69,6/5/00,73,213,1,23,2,Run Support - S,92,0,76,0,76,0,87,0,70,0,69,0,74,0,63,0,42,0,67,0,68,0,65,0,71,0,74,0,47,0,49,0,84,0,64,0,92,0,73,0,15,0,25,0,67,0,35,0,65,0,49,0,69,0,35,0,35,0,35,0,21,0,67,0,45,0,71,0,75,0,52,0,35,0,35,0,35,0,Default Stride Loose,0,55,0,71,0,87,0,64,0,52,0,75,0,25,0,31,0,35,0,38,0,38,0,23,0,85,0,52,0,66,0
Demetric,Felton Jr,Washington Commanders,HB,UCLA,27,69,7/16/98,69,190,1,25,4,Elusive Back - HB,89,0,87,0,79,0,85,0,60,0,66,0,75,0,36,0,29,0,73,0,89,0,61,0,70,0,84,0,60,0,18,0,36,0,40,0,89,0,81,0,10,0,16,0,77,0,38,0,19,0,66,0,69,0,46,0,29,0,31,0,21,0,24,0,13,0,21,0,42,0,68,0,39,0,31,0,27,0,Default,0,70,0,61,0,88,0,77,0,67,0,40,0,21,0,31,0,37,0,31,0,38,0,27,0,83,0,54,0,26,0
Deone,Walker,Buffalo Bills,DT,Kentucky,21,69,3/11/04,80,328,1,96,0,,73,0,70,0,64,0,88,0,82,0,72,0,32,0,79,0,20,0,24,0,42,0,18,0,30,0,62,0,12,0,73,0,81,0,77,0,85,0,31,0,18,0,18,0,24,0,23,0,17,0,14,0,69,0,45,0,45,0,45,0,14,0,71,0,76,0,14,0,71,0,16,0,45,0,45,0,45,0,Long Stride Loose,0,16,0,18,0,61,0,23,0,29,0,79,0,10,0,11,0,12,0,18,0,22,0,17,0,86,0,26,0,22,0
Dominique,Robinson,Chicago Bears,LE,Miami Univ.,27,69,7/2/98,77,253,1,90,3,Smaller Speed Rusher - DE,87,0,76,0,91,0,76,0,79,0,64,0,54,0,72,0,47,0,46,0,61,0,59,0,65,0,72,0,37,0,73,0,81,0,79,0,89,0,52,0,12,0,16,0,10,0,28,0,32,0,41,0,69,0,45,0,45,0,45,0,41,0,64,0,62,0,30,0,81,0,42,0,45,0,45,0,45,0,Long Stride Default,0,43,0,57,0,80,0,43,0,43,0,78,0,42,0,50,0,55,0,52,0,62,0,39,0,80,0,50,0,45,0
Elijah,Roberts,Tampa Bay Buccaneers,DT,SMU,23,69,12/24/01,76,285,1,95,0,,83,0,76,0,77,0,77,0,83,0,67,0,32,0,76,0,23,0,26,0,40,0,18,0,28,0,57,0,7,0,71,0,76,0,84,0,89,0,31,0,25,0,27,0,31,0,28,0,29,0,8,0,69,0,45,0,45,0,45,0,18,0,66,0,75,0,24,0,72,0,15,0,45,0,45,0,45,0,Long Stride Loose,0,15,0,18,0,80,0,29,0,36,0,76,0,21,0,12,0,13,0,9,0,22,0,15,0,92,0,26,0,37,0
Eyioma,Uwazurike,Denver Broncos,DT,Iowa State,27,69,5/6/98,78,320,1,96,3,,68,0,65,0,80,0,69,0,83,0,73,0,25,0,76,0,10,0,19,0,32,0,23,0,31,0,55,0,15,0,63,0,73,0,88,0,91,0,15,0,18,0,25,0,15,0,35,0,13,0,18,0,69,0,45,0,45,0,45,0,6,0,72,0,70,0,11,0,75,0,26,0,45,0,45,0,45,0,Long Stride Awkward,0,22,0,22,0,62,0,12,0,35,0,82,0,6,0,6,0,6,0,6,0,19,0,8,0,92,0,45,0,14,0
Grant,Calcaterra,Philadelphia Eagles,TE,SMU,26,69,12/4/98,76,240,1,81,3,Vertical Threat - TE,89,0,80,0,80,0,86,0,72,0,73,0,72,0,23,0,17,0,58,0,75,0,72,0,83,0,77,0,60,0,10,0,22,0,57,0,79,0,66,0,13,0,18,0,10,0,57,0,12,0,63,0,69,0,58,0,58,0,55,0,6,0,22,0,10,0,15,0,23,0,66,0,57,0,55,0,53,0,Long Stride Default,0,68,0,75,0,85,0,62,0,61,0,30,0,6,0,10,0,15,0,10,0,25,0,13,0,84,0,64,0,15,0
Greg,Dulcich,NY Giants,TE,UCLA,25,69,3/26/00,76,245,1,89,3,Vertical Threat - TE,88,0,82,0,82,0,85,0,67,0,60,0,78,0,34,0,24,0,65,0,77,0,78,0,81,0,75,0,65,0,10,0,25,0,60,0,79,0,77,0,22,0,24,0,35,0,56,0,15,0,66,0,69,0,53,0,55,0,50,0,6,0,21,0,10,0,33,0,41,0,68,0,54,0,55,0,52,0,Long Stride Default,0,69,0,81,0,84,0,73,0,67,0,32,0,6,0,10,0,15,0,10,0,29,0,10,0,83,0,63,0,23,0
Harrison,Mevis,NY Jets,K,Missouri,23,69,3/27/02,72,241,1,45,1,Power - KP,77,0,67,0,62,0,82,0,44,0,50,0,21,0,15,0,41,0,19,0,29,0,10,0,31,0,51,0,10,0,10,0,20,0,10,0,90,0,27,0,74,0,96,0,10,0,10,0,10,0,10,0,69,0,15,0,10,0,10,0,25,0,10,0,10,0,10,0,26,0,11,0,20,0,10,0,10,0,Default Stride Awkward,0,10,0,10,0,70,0,19,0,29,0,25,0,22,0,28,0,30,0,28,0,28,0,20,0,73,0,28,0,9,0
Hassan,Haskins,Los Angeles Chargers,HB,Michigan,25,69,11/26/99,74,228,1,28,3,Power Back - HB,91,0,80,0,85,0,86,0,77,0,69,0,76,0,34,0,27,0,78,0,91,0,50,0,66,0,80,0,43,0,18,0,37,0,44,0,86,0,77,0,14,0,15,0,66,0,46,0,18,0,52,0,69,0,56,0,32,0,37,0,23,0,30,0,17,0,21,0,42,0,44,0,44,0,30,0,35,0,Default,0,58,0,51,0,89,0,71,0,77,0,41,0,15,0,20,0,25,0,25,0,35,0,24,0,84,0,82,0,26,0
Ian,Thomas,Las Vegas Raiders,TE,Indiana,29,69,6/6/96,76,260,1,80,7,Vertical Threat - TE,88,0,77,0,86,0,88,0,68,0,69,0,68,0,27,0,18,0,65,0,74,0,76,0,79,0,74,0,56,0,20,0,15,0,67,0,92,0,77,0,12,0,18,0,6,0,47,0,12,0,64,0,69,0,58,0,57,0,54,0,6,0,15,0,20,0,10,0,31,0,68,0,60,0,57,0,60,0,Long Stride Loose,0,69,0,75,0,82,0,56,0,70,0,31,0,19,0,22,0,27,0,14,0,31,0,13,0,85,0,68,0,14,0
Isaiah,Adams,Arizona Cardinals,RG,Illinois,25,69,7/21/00,77,320,1,74,1,Power - G,70,0,59,0,63,0,85,0,86,0,69,0,33,0,37,0,14,0,35,0,29,0,37,0,32,0,56,0,14,0,32,0,50,0,82,0,90,0,32,0,11,0,15,0,5,0,82,0,11,0,15,0,69,0,74,0,74,0,74,0,21,0,31,0,32,0,11,0,35,0,13,0,73,0,76,0,74,0,Default Stride Awkward,0,21,0,15,0,65,0,26,0,25,0,40,0,22,0,24,0,31,0,15,0,31,0,14,0,90,0,42,0,11,0
Isaiah,Davis,NY Jets,HB,S. Dakota St.,23,69,2/21/02,72,218,1,32,1,Elusive Back - HB,90,0,82,0,82,0,87,0,73,0,67,0,80,0,40,0,29,0,77,0,92,0,46,0,67,0,80,0,42,0,24,0,46,0,35,0,84,0,80,0,22,0,25,0,71,0,29,0,18,0,53,0,69,0,49,0,24,0,32,0,25,0,14,0,18,0,23,0,43,0,53,0,35,0,20,0,20,0,Default,0,64,0,48,0,87,0,74,0,77,0,40,0,19,0,23,0,32,0,31,0,49,0,28,0,81,0,74,0,26,0
Israel,Abanikanda,Green Bay Packers,HB,Pittsburgh,22,69,10/5/02,71,215,1,23,2,Elusive Back - HB,90,0,83,0,88,0,83,0,67,0,64,0,78,0,37,0,23,0,75,0,86,0,49,0,61,0,85,0,37,0,19,0,30,0,38,0,85,0,80,0,13,0,18,0,79,0,35,0,37,0,46,0,69,0,49,0,30,0,36,0,15,0,40,0,18,0,40,0,48,0,53,0,48,0,33,0,25,0,Default,0,52,0,46,0,92,0,76,0,62,0,43,0,10,0,15,0,20,0,16,0,24,0,14,0,82,0,61,0,45,0
Jack,Kiser,Jacksonville Jaguars,ROLB,Notre Dame,24,69,9/10/00,74,229,1,54,0,Run Stopper - OLB,88,0,78,0,83,0,87,0,70,0,69,0,48,0,66,0,35,0,42,0,67,0,44,0,55,0,75,0,15,0,59,0,80,0,71,0,88,0,46,0,18,0,22,0,10,0,26,0,57,0,18,0,69,0,45,0,45,0,45,0,19,0,68,0,57,0,45,0,83,0,22,0,45,0,45,0,45,0,Default Stride Loose,0,23,0,48,0,83,0,40,0,42,0,81,0,22,0,25,0,28,0,33,0,26,0,22,0,88,0,48,0,64,0
Jake,Bobo,Seattle Seahawks,WR,UCLA,27,69,8/4/98,76,207,1,19,2,Physical - WR,86,0,80,0,88,0,88,0,62,0,73,0,82,0,25,0,22,0,72,0,74,0,84,0,85,0,77,0,70,0,11,0,28,0,45,0,91,0,70,0,18,0,17,0,32,0,27,0,10,0,72,0,69,0,31,0,19,0,21,0,6,0,15,0,11,0,22,0,33,0,69,0,52,0,27,0,31,0,Long Stride Default,0,74,0,85,0,85,0,65,0,61,0,33,0,6,0,10,0,15,0,10,0,31,0,19,0,91,0,55,0,10,0
Jake,Moody,San Francisco 49ers,K,Michigan,25,69,11/23/99,73,210,1,4,2,Power - KP,64,0,59,0,66,0,85,0,51,0,51,0,16,0,21,0,17,0,15,0,40,0,12,0,33,0,51,0,7,0,10,0,30,0,16,0,91,0,21,0,72,0,97,0,10,0,10,0,12,0,8,0,69,0,15,0,10,0,10,0,16,0,10,0,10,0,10,0,32,0,12,0,15,0,10,0,10,0,Default Stride Awkward,0,10,0,15,0,65,0,25,0,11,0,29,0,26,0,32,0,34,0,19,0,35,0,17,0,60,0,15,0,15,0
Jamari,Thrash,Cleveland Browns,WR,Louisville,24,69,12/19/00,72,188,1,80,1,,93,0,84,0,84,0,81,0,56,0,62,0,79,0,29,0,23,0,71,0,73,0,76,0,82,0,84,0,71,0,10,0,22,0,38,0,83,0,79,0,20,0,20,0,35,0,24,0,18,0,72,0,69,0,27,0,17,0,20,0,17,0,14,0,10,0,15,0,31,0,70,0,44,0,29,0,22,0,Short Stride Default,0,74,0,79,0,90,0,73,0,42,0,28,0,13,0,18,0,20,0,19,0,28,0,17,0,85,0,43,0,23,0
James,Houston IV,Dallas Cowboys,LE,Jackson St.,26,69,11/16/98,73,248,1,53,3,Power Rusher - DE,91,0,70,0,92,0,76,0,72,0,66,0,42,0,69,0,22,0,29,0,35,0,29,0,32,0,67,0,5,0,69,0,84,0,80,0,91,0,45,0,15,0,17,0,10,0,20,0,27,0,5,0,69,0,45,0,45,0,45,0,10,0,63,0,76,0,31,0,83,0,15,0,45,0,45,0,45,0,Default Stride Loose,0,15,0,30,0,84,0,40,0,39,0,77,0,12,0,17,0,22,0,15,0,21,0,14,0,82,0,34,0,34,0
James,Burnip,New Orleans Saints,P,Alabama,24,69,2/20/01,78,235,1,46,0,Power - KP,69,0,61,0,62,0,83,0,54,0,51,0,10,0,14,0,16,0,10,0,23,0,10,0,27,0,50,0,10,0,11,0,27,0,20,0,87,0,10,0,75,0,91,0,10,0,14,0,10,0,10,0,69,0,14,0,11,0,13,0,16,0,19,0,11,0,10,0,27,0,12,0,13,0,15,0,16,0,Long Stride Awkward,0,10,0,12,0,71,0,10,0,10,0,28,0,27,0,26,0,28,0,21,0,33,0,17,0,78,0,10,0,10,0
Jared,Wilson,New England Patriots,C,Georgia,22,69,6/5/03,75,310,1,58,0,Agile - C,79,0,70,0,78,0,81,0,86,0,69,0,12,0,25,0,10,0,6,0,34,0,16,0,28,0,62,0,5,0,14,0,16,0,80,0,89,0,13,0,13,0,16,0,10,0,80,0,11,0,5,0,69,0,74,0,76,0,72,0,6,0,24,0,13,0,10,0,20,0,14,0,74,0,76,0,73,0,Default Stride Awkward,0,11,0,18,0,78,0,11,0,13,0,28,0,6,0,6,0,6,0,6,0,18,0,8,0,86,0,20,0,14,0
Jason,Marshall Jr.,Miami Dolphins,CB,Florida,22,69,9/6/02,72,194,1,33,0,Manto Man - CB,93,0,88,0,88,0,89,0,60,0,69,0,72,0,43,0,32,0,51,0,55,0,55,0,69,0,84,0,25,0,36,0,55,0,41,0,86,0,73,0,17,0,25,0,80,0,24,0,71,0,26,0,69,0,35,0,35,0,25,0,27,0,71,0,24,0,60,0,69,0,34,0,35,0,35,0,25,0,Default,0,27,0,64,0,89,0,65,0,43,0,52,0,19,0,10,0,16,0,12,0,23,0,18,0,86,0,32,0,64,0
Javon,Baker,New England Patriots,WR,UCF,23,69,2/18/02,73,202,1,6,1,Deep Threat - WR,89,0,86,0,88,0,85,0,59,0,66,0,77,0,25,0,16,0,74,0,74,0,82,0,78,0,85,0,73,0,10,0,18,0,48,0,88,0,78,0,13,0,19,0,43,0,35,0,22,0,71,0,69,0,41,0,29,0,25,0,15,0,18,0,10,0,13,0,23,0,72,0,49,0,31,0,24,0,Long Stride Default,0,70,0,84,0,88,0,71,0,52,0,27,0,10,0,10,0,15,0,15,0,26,0,18,0,86,0,49,0,21,0
Javon,Solomon,Buffalo Bills,RE,Troy,24,69,1/17/01,73,246,1,56,1,Smaller Speed Rusher - DE,84,0,75,0,88,0,80,0,77,0,70,0,46,0,73,0,12,0,24,0,33,0,35,0,47,0,64,0,5,0,72,0,76,0,80,0,90,0,47,0,10,0,12,0,10,0,29,0,36,0,6,0,69,0,45,0,45,0,45,0,6,0,69,0,70,0,29,0,76,0,15,0,45,0,45,0,45,0,Default Stride Loose,0,10,0,37,0,82,0,41,0,37,0,79,0,6,0,6,0,6,0,6,0,22,0,15,0,81,0,39,0,40,0
Jay,Ward,Minnesota Vikings,SS,LSU,25,69,7/13/00,73,188,1,24,2,Run Support - S,93,0,79,0,86,0,87,0,58,0,69,0,72,0,60,0,10,0,63,0,64,0,63,0,70,0,83,0,27,0,32,0,77,0,49,0,90,0,73,0,16,0,19,0,63,0,22,0,65,0,30,0,69,0,35,0,35,0,35,0,15,0,72,0,27,0,73,0,77,0,34,0,35,0,35,0,35,0,Default Stride Loose,0,33,0,69,0,87,0,64,0,55,0,66,0,10,0,10,0,15,0,15,0,23,0,11,0,75,0,40,0,67,0
Jelani,Woods,Indianapolis Colts,TE,Virginia,26,69,10/9/98,79,253,1,80,3,Vertical Threat - TE,87,0,84,0,89,0,85,0,78,0,57,0,74,0,35,0,66,0,67,0,72,0,77,0,78,0,73,0,61,0,20,0,37,0,62,0,89,0,71,0,14,0,15,0,15,0,59,0,12,0,63,0,69,0,61,0,61,0,59,0,58,0,15,0,15,0,35,0,40,0,64,0,63,0,63,0,61,0,Long Stride Loose,0,65,0,82,0,85,0,65,0,72,0,38,0,62,0,61,0,67,0,66,0,79,0,53,0,85,0,71,0,20,0
Jeremiah,Ledbetter,NY Giants,DT,Arkansas,31,69,5/29/94,75,299,1,96,8,,78,0,67,0,81,0,70,0,85,0,70,0,18,0,72,0,12,0,10,0,28,0,24,0,34,0,51,0,5,0,72,0,81,0,83,0,85,0,17,0,25,0,21,0,10,0,31,0,23,0,9,0,69,0,45,0,45,0,45,0,6,0,68,0,57,0,15,0,74,0,15,0,45,0,45,0,45,0,Long Stride Loose,0,17,0,18,0,77,0,14,0,25,0,80,0,6,0,6,0,6,0,6,0,32,0,10,0,79,0,25,0,30,0
Jeremiah,Pharms Jr,New England Patriots,DT,Friends University,28,69,10/16/96,75,300,1,98,3,,76,0,75,0,63,0,73,0,83,0,73,0,25,0,73,0,15,0,13,0,30,0,15,0,33,0,65,0,2,0,70,0,79,0,78,0,89,0,22,0,11,0,14,0,10,0,23,0,12,0,3,0,69,0,44,0,45,0,45,0,7,0,72,0,61,0,10,0,72,0,12,0,45,0,45,0,45,0,Default Stride Awkward,0,10,0,25,0,74,0,25,0,22,0,79,0,6,0,7,0,9,0,7,0,13,0,5,0,84,0,26,0,14,0
Jeremy,McNichols,Washington Commanders,HB,Boise State,29,69,12/26/95,69,205,1,26,9,Elusive Back - HB,90,0,82,0,83,0,83,0,72,0,78,0,77,0,25,0,18,0,75,0,84,0,55,0,67,0,78,0,50,0,10,0,20,0,42,0,87,0,82,0,21,0,11,0,78,0,44,0,13,0,58,0,69,0,54,0,24,0,29,0,18,0,12,0,10,0,20,0,36,0,46,0,41,0,25,0,25,0,Default,0,64,0,52,0,88,0,73,0,73,0,25,0,24,0,28,0,33,0,26,0,30,0,11,0,81,0,73,0,12,0
Joe,Andreessen,Buffalo Bills,MLB,Buffalo,25,69,2/7/00,73,240,1,44,1,Run Stopper - MLB,89,0,77,0,87,0,87,0,77,0,66,0,50,0,71,0,12,0,42,0,63,0,15,0,66,0,80,0,5,0,51,0,86,0,83,0,91,0,58,0,20,0,20,0,10,0,19,0,51,0,5,0,69,0,45,0,45,0,45,0,6,0,69,0,58,0,55,0,82,0,15,0,45,0,45,0,45,0,Default Stride Loose,0,15,0,25,0,84,0,44,0,49,0,80,0,6,0,6,0,6,0,6,0,30,0,15,0,86,0,42,0,62,0
John Parker,Romo,New England Patriots,K,Virginia Tech,28,69,8/24/97,71,175,1,37,2,Power - KP,71,0,62,0,49,0,80,0,38,0,53,0,10,0,24,0,15,0,5,0,20,0,15,0,18,0,54,0,15,0,10,0,13,0,16,0,85,0,10,0,74,0,94,0,10,0,16,0,11,0,15,0,69,0,17,0,17,0,17,0,15,0,17,0,10,0,10,0,29,0,15,0,16,0,16,0,16,0,Default Stride Awkward,0,15,0,15,0,75,0,10,0,10,0,26,0,12,0,15,0,32,0,15,0,26,0,16,0,83,0,10,0,17,0
Jon,Weeks,San Francisco 49ers,LS,Baylor,39,69,2/17/86,70,242,1,46,15,Power - LS,71,0,68,0,54,0,70,0,69,0,68,0,33,0,66,0,15,0,20,0,65,0,47,0,64,0,60,0,31,0,55,0,67,0,55,0,94,0,21,0,18,0,29,0,10,0,40,0,26,0,36,0,69,0,55,0,40,0,50,0,12,0,55,0,59,0,21,0,65,0,21,0,47,0,35,0,40,0,Default,0,41,0,44,0,69,0,21,0,22,0,67,0,12,0,12,0,12,0,12,0,40,0,14,0,84,0,33,0,34,0
Jonah,Laulu,Las Vegas Raiders,DT,Oklahoma,25,69,6/30/00,77,292,1,96,1,,79,0,65,0,86,0,78,0,84,0,68,0,38,0,76,0,12,0,19,0,40,0,25,0,36,0,61,0,3,0,70,0,79,0,84,0,87,0,24,0,21,0,25,0,10,0,19,0,22,0,7,0,69,0,45,0,45,0,45,0,6,0,66,0,70,0,18,0,78,0,24,0,45,0,45,0,45,0,Long Stride Loose,0,15,0,20,0,74,0,17,0,33,0,79,0,6,0,6,0,6,0,6,0,19,0,10,0,87,0,41,0,31,0
Jordan,Watkins,San Francisco 49ers,WR,Ole Miss,23,69,2/15/02,71,196,1,17,0,Deep Threat - WR,93,0,82,0,86,0,84,0,66,0,68,0,77,0,36,0,31,0,70,0,75,0,77,0,84,0,83,0,73,0,29,0,33,0,36,0,92,0,71,0,22,0,30,0,76,0,25,0,60,0,71,0,69,0,20,0,17,0,26,0,16,0,35,0,28,0,25,0,40,0,67,0,42,0,23,0,21,0,Default Stride Loose,0,70,0,75,0,93,0,69,0,37,0,42,0,15,0,22,0,25,0,16,0,29,0,33,0,91,0,45,0,32,0
Jordan,Elliott,San Francisco 49ers,DT,Missouri,27,69,11/23/97,76,303,1,92,5,,78,0,61,0,69,0,81,0,82,0,73,0,21,0,72,0,12,0,14,0,28,0,20,0,32,0,55,0,4,0,62,0,77,0,83,0,93,0,19,0,10,0,13,0,10,0,23,0,16,0,6,0,69,0,45,0,45,0,45,0,6,0,74,0,70,0,10,0,76,0,14,0,45,0,45,0,45,0,Long Stride Awkward,0,12,0,19,0,71,0,16,0,24,0,80,0,6,0,6,0,6,0,6,0,23,0,14,0,87,0,26,0,23,0
Jordan,Hancock,Buffalo Bills,SS,Ohio State,22,69,8/12/03,72,186,1,37,0,Hybrid - S,94,0,82,0,95,0,84,0,60,0,71,0,70,0,48,0,25,0,45,0,56,0,60,0,71,0,81,0,31,0,43,0,68,0,50,0,85,0,71,0,30,0,31,0,51,0,24,0,65,0,30,0,69,0,35,0,35,0,25,0,32,0,72,0,32,0,56,0,74,0,35,0,35,0,35,0,25,0,Default,0,30,0,64,0,91,0,63,0,33,0,60,0,15,0,7,0,21,0,18,0,22,0,35,0,84,0,25,0,67,0
Josh,Hayes,Tampa Bay Buccaneers,CB,Kansas State,26,69,4/4/99,71,180,1,32,2,Manto Man - CB,91,0,81,0,78,0,88,0,58,0,69,0,66,0,45,0,10,0,60,0,55,0,57,0,67,0,77,0,10,0,36,0,79,0,44,0,87,0,67,0,15,0,21,0,50,0,21,0,71,0,11,0,69,0,35,0,35,0,35,0,6,0,73,0,31,0,67,0,74,0,39,0,35,0,35,0,35,0,Default Stride Loose,0,21,0,64,0,91,0,62,0,35,0,53,0,6,0,6,0,6,0,6,0,27,0,16,0,86,0,40,0,69,0
Josh,Butler,Dallas Cowboys,CB,Michigan St.,28,69,11/25/96,71,182,1,31,2,Zone - CB,93,0,83,0,86,0,80,0,56,0,65,0,65,0,48,0,22,0,53,0,54,0,51,0,60,0,85,0,8,0,33,0,58,0,44,0,85,0,72,0,11,0,12,0,42,0,15,0,68,0,15,0,69,0,26,0,19,0,21,0,12,0,62,0,28,0,68,0,71,0,20,0,30,0,23,0,24,0,Default Stride Loose,0,20,0,51,0,91,0,64,0,35,0,61,0,15,0,21,0,24,0,14,0,21,0,14,0,78,0,43,0,72,0
Josh,Whyle,Tennessee Titans,TE,Cincinnati,25,69,9/8/99,79,248,1,81,2,Vertical Threat - TE,85,0,83,0,85,0,84,0,71,0,70,0,77,0,41,0,13,0,60,0,71,0,75,0,84,0,71,0,52,0,10,0,38,0,66,0,84,0,71,0,14,0,18,0,15,0,55,0,10,0,61,0,69,0,60,0,60,0,57,0,6,0,18,0,10,0,17,0,43,0,61,0,62,0,60,0,56,0,Long Stride Loose,0,65,0,78,0,83,0,62,0,61,0,37,0,6,0,10,0,15,0,10,0,30,0,15,0,81,0,66,0,15,0
Joshua,Dobbs,New England Patriots,QB,Tennessee,30,69,1/26/95,75,220,1,11,8,Scrambler - QB,86,0,84,0,80,0,75,0,74,0,63,0,87,0,27,0,77,0,75,0,57,0,42,0,52,0,77,0,10,0,10,0,39,0,36,0,84,0,75,0,15,0,20,0,15,0,26,0,18,0,20,0,69,0,24,0,20,0,20,0,81,0,18,0,10,0,15,0,34,0,28,0,20,0,15,0,15,0,Long Stride Default,0,30,0,40,0,88,0,69,0,64,0,33,0,78,0,79,0,84,0,81,0,85,0,80,0,84,0,73,0,25,0
Julian,Okwara,Cleveland Browns,LE,Notre Dame,27,69,12/27/97,77,250,1,53,5,Smaller Speed Rusher - DE,88,0,77,0,78,0,77,0,81,0,65,0,35,0,71,0,12,0,20,0,57,0,40,0,54,0,63,0,5,0,73,0,80,0,85,0,86,0,36,0,11,0,16,0,10,0,15,0,45,0,6,0,69,0,45,0,45,0,45,0,6,0,61,0,66,0,23,0,79,0,13,0,45,0,45,0,45,0,Long Stride Loose,0,14,0,43,0,85,0,29,0,31,0,73,0,6,0,6,0,6,0,6,0,23,0,10,0,87,0,34,0,51,0
Kendrick,Green,Buffalo Bills,RG,Illinois,26,69,12/22/98,76,315,1,53,4,Agile - G,80,0,58,0,85,0,85,0,86,0,79,0,13,0,48,0,12,0,9,0,29,0,15,0,23,0,56,0,5,0,24,0,33,0,86,0,84,0,10,0,11,0,11,0,10,0,83,0,12,0,5,0,69,0,67,0,70,0,65,0,6,0,26,0,45,0,10,0,41,0,15,0,72,0,74,0,70,0,Long Stride Default,0,10,0,16,0,75,0,10,0,12,0,48,0,6,0,6,0,6,0,6,0,25,0,11,0,79,0,25,0,12,0
Kenyon,Green,Philadelphia Eagles,LG,Texas AM,24,69,3/15/01,76,323,1,76,3,Power - G,74,0,56,0,71,0,83,0,84,0,72,0,21,0,37,0,13,0,14,0,22,0,23,0,25,0,46,0,12,0,24,0,44,0,87,0,90,0,14,0,13,0,14,0,10,0,81,0,10,0,18,0,69,0,69,0,67,0,72,0,6,0,24,0,28,0,10,0,38,0,15,0,75,0,77,0,73,0,Default Stride Awkward,0,25,0,26,0,64,0,12,0,31,0,34,0,6,0,6,0,6,0,6,0,24,0,10,0,87,0,31,0,11,0
Konata,Mumpfield,Los Angeles Rams,WR,Pittsburgh,22,69,10/24/02,71,186,1,15,0,Deep Threat - WR,88,0,90,0,85,0,89,0,63,0,63,0,77,0,33,0,30,0,68,0,70,0,79,0,83,0,88,0,73,0,26,0,31,0,33,0,90,0,74,0,28,0,22,0,74,0,27,0,50,0,74,0,69,0,22,0,16,0,22,0,16,0,37,0,23,0,25,0,39,0,73,0,44,0,19,0,21,0,Default Stride Loose,0,74,0,79,0,86,0,71,0,41,0,39,0,15,0,19,0,19,0,9,0,22,0,20,0,88,0,40,0,41,0
Kyle,Kennard,Los Angeles Chargers,LE,South Carolina,23,69,12/12/01,76,254,1,54,0,Run Stopper - DE,86,0,75,0,81,0,82,0,78,0,68,0,42,0,76,0,12,0,22,0,45,0,35,0,48,0,68,0,19,0,70,0,80,0,78,0,91,0,35,0,25,0,21,0,27,0,24,0,45,0,19,0,69,0,45,0,45,0,45,0,10,0,68,0,62,0,34,0,80,0,14,0,45,0,45,0,45,0,Long Stride Default,0,19,0,41,0,81,0,28,0,28,0,78,0,7,0,10,0,18,0,12,0,23,0,14,0,87,0,31,0,54,0
Kylen,Granson,Philadelphia Eagles,TE,SMU,27,69,3/27/98,74,242,1,83,4,Vertical Threat - TE,88,0,81,0,87,0,84,0,69,0,69,0,76,0,37,0,20,0,65,0,74,0,77,0,79,0,75,0,58,0,10,0,29,0,63,0,92,0,71,0,17,0,20,0,33,0,54,0,11,0,59,0,69,0,60,0,56,0,59,0,7,0,20,0,10,0,16,0,41,0,67,0,59,0,59,0,55,0,Long Stride Default,0,64,0,78,0,85,0,64,0,70,0,38,0,5,0,10,0,15,0,10,0,27,0,10,0,83,0,72,0,19,0
Kyu Blu,Kelly,Las Vegas Raiders,CB,Stanford,24,69,5/22/01,72,192,1,36,2,Zone - CB,94,0,86,0,86,0,87,0,54,0,71,0,66,0,42,0,12,0,44,0,57,0,64,0,73,0,83,0,12,0,42,0,57,0,40,0,91,0,72,0,17,0,20,0,52,0,11,0,65,0,15,0,69,0,28,0,22,0,22,0,6,0,64,0,28,0,76,0,67,0,22,0,34,0,35,0,34,0,Default Stride Loose,0,21,0,69,0,88,0,65,0,45,0,51,0,6,0,10,0,15,0,10,0,31,0,10,0,83,0,32,0,72,0
L.J.,Collier,Arizona Cardinals,DT,TCU,29,69,9/12/95,74,291,1,91,6,,76,0,64,0,74,0,72,0,83,0,74,0,26,0,73,0,12,0,20,0,38,0,24,0,40,0,56,0,3,0,65,0,82,0,85,0,85,0,19,0,10,0,16,0,10,0,18,0,17,0,7,0,69,0,45,0,45,0,45,0,6,0,71,0,72,0,21,0,74,0,13,0,45,0,45,0,45,0,Long Stride Loose,0,12,0,23,0,77,0,14,0,30,0,80,0,6,0,6,0,6,0,6,0,23,0,10,0,84,0,32,0,26,0
Lathan,Ransom,Carolina Panthers,FS,Ohio State,23,69,7/16/02,72,203,1,22,0,Zone - S,91,0,83,0,87,0,89,0,66,0,68,0,66,0,53,0,14,0,54,0,61,0,58,0,69,0,80,0,25,0,36,0,79,0,53,0,80,0,65,0,16,0,19,0,43,0,25,0,62,0,30,0,69,0,35,0,35,0,35,0,6,0,65,0,37,0,62,0,77,0,33,0,35,0,35,0,35,0,Default Stride Loose,0,35,0,61,0,86,0,58,0,44,0,70,0,6,0,6,0,6,0,6,0,24,0,12,0,81,0,47,0,70,0
Levi Drake,Rodriguez,Minnesota Vikings,DT,Texas AM-Commerce,25,69,8/4/00,76,290,1,50,1,,64,0,63,0,66,0,84,0,84,0,67,0,33,0,76,0,12,0,24,0,26,0,18,0,42,0,58,0,4,0,66,0,81,0,82,0,90,0,31,0,12,0,16,0,10,0,18,0,21,0,8,0,69,0,45,0,45,0,45,0,9,0,67,0,65,0,25,0,76,0,15,0,45,0,45,0,45,0,Default Stride Awkward,0,15,0,15,0,72,0,21,0,34,0,82,0,9,0,9,0,9,0,9,0,20,0,17,0,85,0,32,0,28,0
Maason,Smith,Jacksonville Jaguars,DT,LSU,22,69,10/13/02,78,310,1,94,1,,75,0,64,0,76,0,80,0,83,0,64,0,38,0,77,0,12,0,14,0,46,0,10,0,39,0,58,0,2,0,71,0,81,0,84,0,83,0,35,0,20,0,30,0,10,0,14,0,24,0,3,0,69,0,45,0,45,0,45,0,6,0,62,0,72,0,19,0,79,0,20,0,45,0,45,0,45,0,Long Stride Awkward,0,10,0,15,0,72,0,45,0,52,0,84,0,6,0,6,0,6,0,6,0,28,0,15,0,86,0,54,0,47,0
Mac,Jones,San Francisco 49ers,QB,Alabama,26,69,9/5/98,75,214,1,10,4,Field General - QB,81,0,81,0,75,0,82,0,60,0,72,0,73,0,20,0,54,0,36,0,68,0,15,0,28,0,75,0,12,0,10,0,13,0,19,0,90,0,52,0,29,0,41,0,10,0,32,0,10,0,14,0,69,0,14,0,14,0,14,0,83,0,16,0,10,0,10,0,20,0,15,0,32,0,23,0,20,0,Default,0,15,0,15,0,84,0,43,0,34,0,18,0,79,0,78,0,88,0,79,0,85,0,80,0,91,0,50,0,14,0
Maddux,Trujillo,Indianapolis Colts,K,Temple,22,69,4/12/03,72,172,1,48,0,Power - KP,74,0,62,0,54,0,84,0,39,0,51,0,11,0,11,0,11,0,10,0,22,0,10,0,24,0,55,0,10,0,10,0,12,0,9,0,84,0,24,0,74,0,96,0,5,0,7,0,13,0,10,0,69,0,9,0,9,0,9,0,11,0,13,0,10,0,9,0,29,0,13,0,10,0,10,0,10,0,Default Stride Awkward,0,10,0,13,0,74,0,17,0,9,0,13,0,24,0,30,0,35,0,21,0,31,0,12,0,57,0,12,0,15,0
Marco,Wilson,Cincinnati Bengals,CB,Florida,26,69,3/3/99,72,191,1,24,4,Manto Man - CB,92,0,87,0,94,0,89,0,66,0,70,0,53,0,45,0,15,0,44,0,53,0,52,0,67,0,88,0,22,0,53,0,46,0,46,0,86,0,68,0,15,0,21,0,58,0,15,0,68,0,24,0,69,0,35,0,35,0,35,0,6,0,67,0,45,0,66,0,65,0,36,0,35,0,35,0,35,0,Short Stride Default,0,34,0,66,0,91,0,61,0,32,0,48,0,6,0,6,0,6,0,6,0,34,0,15,0,85,0,31,0,68,0
Marcus,Mariota,Washington Commanders,QB,Oregon,31,69,10/30/93,76,222,1,18,10,Scrambler - QB,88,0,85,0,84,0,74,0,60,0,71,0,86,0,25,0,77,0,73,0,64,0,26,0,62,0,82,0,19,0,10,0,25,0,43,0,79,0,73,0,35,0,37,0,10,0,29,0,10,0,29,0,69,0,20,0,15,0,15,0,81,0,30,0,10,0,10,0,35,0,23,0,28,0,20,0,20,0,Default,0,39,0,31,0,87,0,72,0,62,0,28,0,75,0,78,0,82,0,80,0,86,0,79,0,90,0,41,0,24,0
Marcus,Harris,Tennessee Titans,CB,California,24,69,3/6/01,71,188,1,26,0,Manto Man - CB,92,0,79,0,87,0,92,0,59,0,63,0,73,0,47,0,26,0,44,0,60,0,61,0,74,0,86,0,29,0,26,0,57,0,50,0,90,0,67,0,23,0,23,0,81,0,21,0,70,0,30,0,69,0,35,0,35,0,25,0,21,0,62,0,27,0,68,0,72,0,31,0,33,0,35,0,25,0,Default,0,31,0,67,0,93,0,60,0,33,0,67,0,7,0,12,0,16,0,19,0,13,0,27,0,90,0,25,0,66,0
Marques,Sigle,San Francisco 49ers,FS,Kansas State,23,69,7/18/02,71,199,1,36,0,Zone - S,92,0,84,0,90,0,87,0,64,0,64,0,64,0,50,0,14,0,52,0,60,0,57,0,68,0,81,0,25,0,37,0,77,0,54,0,90,0,62,0,15,0,19,0,43,0,25,0,67,0,29,0,69,0,35,0,35,0,35,0,6,0,61,0,36,0,67,0,75,0,32,0,35,0,35,0,35,0,Default Stride Loose,0,34,0,60,0,92,0,56,0,42,0,66,0,6,0,6,0,6,0,6,0,24,0,12,0,88,0,44,0,71,0
McKinnley,Jackson,Cincinnati Bengals,DT,Texas AM,23,69,12/26/01,74,325,1,93,1,,72,0,55,0,60,0,76,0,84,0,71,0,40,0,76,0,23,0,41,0,40,0,15,0,22,0,51,0,4,0,65,0,77,0,87,0,85,0,38,0,17,0,23,0,8,0,11,0,17,0,4,0,69,0,23,0,18,0,25,0,15,0,74,0,66,0,10,0,75,0,12,0,45,0,45,0,45,0,Default Stride Awkward,0,4,0,15,0,64,0,23,0,24,0,80,0,17,0,16,0,13,0,11,0,12,0,20,0,83,0,25,0,19,0
Miles,Frazier,Detroit Lions,LG,LSU,23,69,9/12/01,78,317,1,71,0,Power - G,71,0,59,0,58,0,90,0,89,0,70,0,29,0,42,0,15,0,30,0,37,0,43,0,43,0,53,0,26,0,38,0,36,0,83,0,91,0,24,0,14,0,16,0,10,0,80,0,22,0,30,0,69,0,71,0,69,0,72,0,6,0,29,0,42,0,10,0,28,0,28,0,72,0,70,0,73,0,Long Stride Awkward,0,34,0,46,0,64,0,24,0,38,0,28,0,6,0,6,0,6,0,6,0,21,0,13,0,88,0,28,0,24,0
Nehemiah,Pritchett,Seattle Seahawks,CB,Auburn,24,69,2/11/01,72,190,1,28,1,Zone - CB,92,0,85,0,83,0,85,0,50,0,64,0,67,0,44,0,21,0,66,0,55,0,50,0,62,0,86,0,25,0,32,0,55,0,42,0,89,0,71,0,18,0,22,0,83,0,14,0,66,0,30,0,69,0,30,0,21,0,22,0,9,0,62,0,23,0,74,0,69,0,42,0,35,0,24,0,25,0,Default Stride High and Tight,0,35,0,58,0,94,0,65,0,43,0,53,0,6,0,8,0,12,0,6,0,24,0,10,0,75,0,23,0,73,0
Nick,Bellore,Washington Commanders,MLB,Central Michigan,36,69,5/12/89,73,250,1,57,14,Field General - MLB,80,0,79,0,79,0,78,0,80,0,71,0,50,0,67,0,12,0,28,0,68,0,47,0,61,0,76,0,33,0,50,0,73,0,67,0,87,0,56,0,16,0,20,0,10,0,77,0,58,0,40,0,69,0,66,0,38,0,43,0,6,0,68,0,64,0,50,0,76,0,41,0,63,0,53,0,57,0,Default Stride Awkward,0,52,0,40,0,85,0,48,0,55,0,83,0,6,0,6,0,6,0,6,0,25,0,10,0,80,0,60,0,70,0
Nick,Hampton,Los Angeles Rams,LE,Appalach. St.,25,69,4/5/00,74,250,1,6,2,Smaller Speed Rusher - DE,92,0,83,0,85,0,76,0,65,0,62,0,43,0,68,0,23,0,23,0,45,0,40,0,40,0,69,0,15,0,66,0,80,0,66,0,87,0,55,0,13,0,14,0,15,0,25,0,44,0,20,0,69,0,35,0,35,0,35,0,11,0,63,0,67,0,47,0,83,0,12,0,40,0,40,0,40,0,Default Stride Loose,0,20,0,39,0,86,0,47,0,45,0,78,0,14,0,17,0,22,0,19,0,31,0,9,0,88,0,33,0,52,0
Olusegun,Oluwatimi,Seattle Seahawks,C,Michigan,26,69,8/5/99,75,308,1,55,2,Power - C,71,0,60,0,72,0,87,0,84,0,74,0,10,0,21,0,14,0,5,0,25,0,22,0,27,0,53,0,5,0,21,0,39,0,84,0,92,0,10,0,20,0,21,0,10,0,78,0,12,0,8,0,69,0,72,0,67,0,75,0,6,0,26,0,31,0,10,0,26,0,12,0,73,0,70,0,76,0,Default Stride Awkward,0,10,0,26,0,60,0,10,0,10,0,28,0,6,0,6,0,6,0,6,0,27,0,10,0,90,0,15,0,10,0
Pat,Bryant,Denver Broncos,WR,Illinois,22,69,12/10/02,74,204,1,13,0,Physical - WR,88,0,84,0,90,0,88,0,69,0,71,0,76,0,36,0,25,0,72,0,74,0,81,0,80,0,86,0,68,0,31,0,26,0,55,0,90,0,78,0,25,0,18,0,73,0,37,0,32,0,73,0,69,0,23,0,15,0,24,0,30,0,29,0,28,0,22,0,45,0,80,0,57,0,30,0,31,0,Long Stride Default,0,71,0,81,0,85,0,70,0,51,0,37,0,11,0,19,0,23,0,21,0,10,0,35,0,90,0,51,0,38,0
Pierre,Strong Jr,Cleveland Browns,HB,S. Dakota St.,26,69,12/10/98,71,215,1,20,3,Elusive Back - HB,93,0,85,0,88,0,89,0,66,0,64,0,77,0,35,0,35,0,76,0,82,0,49,0,63,0,83,0,42,0,10,0,36,0,42,0,90,0,83,0,16,0,22,0,69,0,41,0,23,0,51,0,69,0,47,0,25,0,25,0,28,0,29,0,10,0,19,0,44,0,53,0,40,0,28,0,33,0,Default,0,57,0,48,0,92,0,73,0,73,0,38,0,28,0,38,0,44,0,40,0,41,0,28,0,86,0,74,0,31,0
Raheim,Sanders,Los Angeles Chargers,HB,South Carolina,22,69,6/8/03,72,217,1,35,0,Elusive Back - HB,89,0,84,0,87,0,85,0,72,0,69,0,78,0,37,0,28,0,79,0,88,0,51,0,67,0,84,0,42,0,31,0,32,0,55,0,83,0,80,0,19,0,22,0,64,0,35,0,25,0,52,0,69,0,46,0,37,0,35,0,21,0,39,0,27,0,27,0,34,0,48,0,37,0,30,0,28,0,Default,0,60,0,49,0,90,0,70,0,74,0,34,0,10,0,15,0,18,0,16,0,22,0,21,0,82,0,78,0,31,0
Ricky,Stromberg,Chicago Bears,RG,Arkansas,24,69,11/10/00,76,313,1,67,2,Agile - G,75,0,67,0,79,0,87,0,83,0,71,0,15,0,51,0,12,0,5,0,26,0,15,0,21,0,59,0,5,0,39,0,51,0,75,0,91,0,10,0,13,0,17,0,10,0,82,0,12,0,5,0,69,0,68,0,68,0,68,0,6,0,39,0,49,0,10,0,50,0,12,0,78,0,82,0,73,0,Default Stride Awkward,0,10,0,12,0,64,0,10,0,10,0,46,0,6,0,6,0,6,0,6,0,23,0,10,0,90,0,25,0,13,0
Robert,Rochell,Dallas Cowboys,CB,Central Arkansas,27,69,4/26/98,74,195,1,30,4,Zone - CB,92,0,91,0,94,0,88,0,55,0,69,0,65,0,41,0,10,0,44,0,59,0,53,0,66,0,90,0,26,0,33,0,49,0,42,0,87,0,74,0,20,0,20,0,59,0,13,0,64,0,31,0,69,0,35,0,35,0,35,0,6,0,67,0,26,0,64,0,61,0,33,0,35,0,35,0,35,0,Default Stride Loose,0,36,0,63,0,92,0,67,0,34,0,52,0,6,0,6,0,6,0,6,0,35,0,11,0,72,0,35,0,69,0
Robert,Longerbeam,Baltimore Ravens,CB,Rutgers,24,69,1/18/01,71,175,1,37,0,Manto Man - CB,92,0,85,0,87,0,88,0,57,0,65,0,76,0,42,0,46,0,52,0,60,0,60,0,73,0,87,0,15,0,27,0,46,0,42,0,85,0,73,0,30,0,24,0,45,0,25,0,69,0,18,0,69,0,35,0,35,0,25,0,41,0,64,0,23,0,65,0,71,0,25,0,35,0,35,0,25,0,Short Stride Default,0,20,0,66,0,93,0,62,0,39,0,47,0,41,0,44,0,48,0,49,0,48,0,41,0,85,0,34,0,68,0
Ronnie,Bell,Detroit Lions,WR,Michigan,25,69,1/28/00,72,192,1,10,2,,90,0,90,0,91,0,81,0,58,0,62,0,79,0,26,0,31,0,76,0,70,0,77,0,81,0,90,0,70,0,10,0,25,0,46,0,84,0,74,0,12,0,18,0,68,0,31,0,13,0,71,0,69,0,33,0,22,0,20,0,22,0,14,0,10,0,12,0,31,0,66,0,54,0,25,0,24,0,Default,0,73,0,83,0,88,0,72,0,47,0,26,0,21,0,26,0,30,0,32,0,47,0,26,0,81,0,54,0,18,0
Salvon,Ahmed,Indianapolis Colts,HB,Washington,26,69,12/29/98,71,197,1,36,5,Elusive Back - HB,91,0,83,0,83,0,84,0,62,0,68,0,77,0,30,0,24,0,77,0,86,0,47,0,65,0,81,0,50,0,12,0,20,0,36,0,87,0,81,0,10,0,16,0,75,0,37,0,31,0,53,0,69,0,54,0,30,0,35,0,15,0,30,0,10,0,22,0,41,0,46,0,30,0,23,0,19,0,Default Stride Loose,0,56,0,44,0,91,0,73,0,63,0,31,0,15,0,20,0,25,0,15,0,30,0,20,0,83,0,61,0,27,0
Sam,Franklin Jr,Denver Broncos,FS,Temple,29,69,2/2/96,75,210,1,42,5,Zone - S,88,0,84,0,85,0,87,0,66,0,73,0,68,0,59,0,14,0,49,0,57,0,64,0,68,0,79,0,29,0,58,0,78,0,62,0,89,0,73,0,17,0,18,0,45,0,19,0,65,0,38,0,69,0,35,0,34,0,33,0,6,0,72,0,50,0,59,0,73,0,40,0,35,0,34,0,33,0,Default Stride Loose,0,41,0,62,0,86,0,62,0,50,0,63,0,6,0,6,0,6,0,6,0,27,0,19,0,79,0,39,0,70,0
Scott,Matlock,Los Angeles Chargers,FB,Boise State,25,69,6/28/00,76,296,1,44,2,Blocking - FB,81,0,73,0,73,0,74,0,85,0,72,0,26,0,67,0,13,0,30,0,70,0,55,0,68,0,61,0,38,0,64,0,77,0,78,0,90,0,41,0,16,0,18,0,10,0,87,0,15,0,47,0,69,0,66,0,51,0,55,0,8,0,67,0,70,0,20,0,79,0,48,0,70,0,58,0,61,0,Default Stride Awkward,0,58,0,56,0,74,0,35,0,35,0,76,0,7,0,10,0,13,0,7,0,22,0,9,0,79,0,40,0,19,0
Spencer,Shrader,Indianapolis Colts,K,Notre Dame,26,69,5/19/99,74,201,1,3,1,Power - KP,65,0,60,0,59,0,78,0,42,0,50,0,15,0,11,0,14,0,10,0,29,0,12,0,32,0,51,0,7,0,10,0,16,0,19,0,87,0,10,0,78,0,94,0,10,0,12,0,11,0,8,0,69,0,13,0,13,0,13,0,20,0,10,0,10,0,10,0,21,0,12,0,12,0,12,0,12,0,Default Stride Awkward,0,10,0,15,0,67,0,10,0,15,0,25,0,21,0,28,0,33,0,18,0,28,0,17,0,63,0,14,0,12,0
Spencer,Rattler,New Orleans Saints,QB,South Carolina,24,69,9/28/00,73,211,1,2,1,Scrambler - QB,85,0,77,0,78,0,84,0,56,0,63,0,73,0,21,0,78,0,44,0,61,0,18,0,39,0,78,0,10,0,10,0,15,0,18,0,90,0,60,0,20,0,20,0,10,0,10,0,10,0,16,0,69,0,14,0,15,0,13,0,71,0,15,0,10,0,10,0,26,0,18,0,16,0,10,0,14,0,Default,0,23,0,18,0,82,0,55,0,39,0,19,0,76,0,78,0,82,0,83,0,90,0,79,0,88,0,31,0,14,0
T.J.,Slaton,Cincinnati Bengals,DT,Florida,27,69,10/3/97,76,330,1,98,4,,77,0,58,0,72,0,74,0,87,0,67,0,16,0,74,0,12,0,14,0,24,0,13,0,22,0,54,0,3,0,61,0,77,0,88,0,90,0,16,0,15,0,15,0,30,0,53,0,13,0,5,0,69,0,52,0,53,0,55,0,6,0,68,0,73,0,14,0,75,0,12,0,58,0,54,0,61,0,Long Stride Awkward,0,10,0,13,0,69,0,13,0,26,0,81,0,6,0,6,0,6,0,6,0,15,0,10,0,88,0,35,0,18,0
T.J.,Tampa,Baltimore Ravens,CB,Iowa State,23,69,3/13/02,74,200,1,27,1,Manto Man - CB,88,0,86,0,91,0,86,0,60,0,68,0,71,0,51,0,24,0,66,0,62,0,67,0,73,0,87,0,47,0,43,0,72,0,56,0,93,0,70,0,15,0,20,0,68,0,25,0,71,0,51,0,69,0,15,0,10,0,12,0,21,0,72,0,35,0,75,0,69,0,53,0,25,0,20,0,20,0,Default Stride Loose,0,54,0,71,0,88,0,66,0,45,0,54,0,23,0,32,0,33,0,22,0,40,0,11,0,85,0,44,0,68,0
Ta'Quon,Graham,Atlanta Falcons,DT,Texas,26,69,12/1/98,76,294,1,95,4,,79,0,72,0,79,0,77,0,86,0,64,0,41,0,75,0,12,0,24,0,25,0,14,0,25,0,57,0,3,0,65,0,80,0,81,0,92,0,32,0,17,0,17,0,9,0,14,0,19,0,5,0,69,0,44,0,45,0,44,0,6,0,62,0,72,0,19,0,76,0,15,0,45,0,45,0,46,0,Long Stride Loose,0,12,0,14,0,74,0,27,0,28,0,78,0,6,0,6,0,6,0,6,0,23,0,12,0,88,0,30,0,27,0
Terell,Smith,Chicago Bears,CB,Minnesota,26,69,7/27/99,73,207,1,32,2,Zone - CB,95,0,83,0,82,0,89,0,63,0,64,0,70,0,56,0,14,0,67,0,56,0,58,0,65,0,81,0,16,0,45,0,79,0,58,0,87,0,70,0,11,0,19,0,66,0,25,0,63,0,26,0,69,0,35,0,35,0,35,0,6,0,65,0,35,0,76,0,74,0,25,0,35,0,35,0,35,0,Long Stride Loose,0,33,0,63,0,92,0,65,0,58,0,64,0,6,0,6,0,6,0,6,0,26,0,12,0,85,0,48,0,70,0
Terrance,Ferguson,Los Angeles Rams,TE,Oregon,22,69,3/7/03,77,247,1,18,0,Vertical Threat - TE,87,0,78,0,92,0,87,0,73,0,67,0,76,0,46,0,32,0,70,0,76,0,76,0,76,0,68,0,56,0,45,0,33,0,65,0,90,0,61,0,21,0,36,0,27,0,55,0,39,0,62,0,69,0,55,0,53,0,55,0,28,0,37,0,41,0,22,0,48,0,70,0,57,0,59,0,54,0,Long Stride Default,0,68,0,80,0,85,0,53,0,71,0,39,0,18,0,11,0,10,0,25,0,29,0,21,0,89,0,69,0,46,0
Tez,Johnson,Tampa Bay Buccaneers,WR,Oregon,23,69,5/18/02,70,160,1,83,0,,91,0,93,0,88,0,85,0,58,0,55,0,79,0,22,0,32,0,69,0,75,0,77,0,82,0,90,0,67,0,17,0,18,0,43,0,88,0,83,0,22,0,27,0,77,0,29,0,21,0,69,0,69,0,22,0,15,0,22,0,29,0,37,0,18,0,21,0,19,0,64,0,51,0,15,0,17,0,Short Stride Default,0,70,0,76,0,89,0,76,0,36,0,19,0,44,0,43,0,49,0,47,0,63,0,39,0,78,0,29,0,28,0
Tommy,Eichenberg,Las Vegas Raiders,MLB,Ohio State,24,69,1/11/01,74,233,1,44,1,Run Stopper - MLB,84,0,81,0,79,0,84,0,75,0,64,0,45,0,74,0,26,0,33,0,55,0,50,0,58,0,77,0,6,0,52,0,80,0,79,0,90,0,61,0,22,0,21,0,10,0,45,0,60,0,10,0,69,0,40,0,35,0,35,0,11,0,69,0,66,0,45,0,86,0,17,0,45,0,40,0,40,0,Short Stride Loose,0,20,0,52,0,78,0,55,0,54,0,80,0,11,0,21,0,25,0,14,0,35,0,14,0,93,0,49,0,55,0
Travis,Homer,Chicago Bears,HB,Miami,27,69,8/7/98,70,202,1,21,6,Elusive Back - HB,93,0,81,0,90,0,83,0,62,0,73,0,76,0,38,0,23,0,74,0,84,0,53,0,69,0,83,0,45,0,10,0,32,0,46,0,90,0,80,0,14,0,19,0,73,0,37,0,15,0,52,0,69,0,55,0,36,0,41,0,13,0,20,0,10,0,17,0,39,0,53,0,34,0,24,0,25,0,Default Stride High and Tight,0,60,0,50,0,91,0,71,0,65,0,35,0,12,0,15,0,21,0,15,0,25,0,11,0,82,0,72,0,20,0
Tre,Flowers,Chicago Bears,CB,Oklahoma St.,30,69,6/2/95,75,200,1,37,7,Zone - CB,92,0,80,0,83,0,89,0,66,0,68,0,59,0,59,0,27,0,44,0,60,0,51,0,67,0,79,0,10,0,40,0,74,0,59,0,90,0,65,0,10,0,19,0,35,0,19,0,67,0,12,0,69,0,35,0,35,0,35,0,6,0,67,0,33,0,76,0,76,0,22,0,35,0,35,0,35,0,Default Stride Loose,0,22,0,60,0,90,0,59,0,44,0,66,0,6,0,6,0,6,0,6,0,26,0,10,0,87,0,45,0,71,0
Tyler,Badie,Denver Broncos,HB,Missouri,25,69,2/7/00,68,197,1,28,3,Elusive Back - HB,94,0,83,0,81,0,87,0,74,0,68,0,76,0,30,0,23,0,75,0,90,0,53,0,69,0,82,0,52,0,10,0,31,0,37,0,87,0,76,0,15,0,18,0,72,0,38,0,19,0,58,0,69,0,45,0,28,0,23,0,14,0,24,0,10,0,20,0,36,0,55,0,39,0,27,0,21,0,Default,0,62,0,55,0,90,0,72,0,70,0,34,0,10,0,15,0,20,0,17,0,25,0,12,0,85,0,76,0,28,0
Tyler,Hall,Seattle Seahawks,CB,Wyoming,26,69,10/31/98,70,190,1,33,5,Manto Man - CB,86,0,83,0,90,0,86,0,56,0,68,0,72,0,58,0,15,0,58,0,57,0,60,0,61,0,83,0,23,0,44,0,64,0,52,0,88,0,78,0,18,0,19,0,83,0,14,0,73,0,30,0,69,0,35,0,35,0,35,0,6,0,71,0,38,0,70,0,75,0,24,0,35,0,35,0,35,0,Short Stride Loose,0,35,0,63,0,91,0,71,0,42,0,58,0,6,0,6,0,6,0,6,0,31,0,14,0,81,0,38,0,71,0
Tyler,Baron,NY Jets,LE,Miami,23,69,10/22/01,77,258,1,94,0,Power Rusher - DE,89,0,73,0,84,0,76,0,76,0,69,0,33,0,78,0,22,0,24,0,44,0,29,0,36,0,65,0,6,0,68,0,81,0,77,0,86,0,30,0,21,0,19,0,27,0,27,0,31,0,10,0,69,0,45,0,45,0,45,0,15,0,67,0,72,0,26,0,76,0,20,0,45,0,45,0,45,0,Long Stride Loose,0,15,0,27,0,85,0,30,0,31,0,77,0,19,0,10,0,16,0,13,0,12,0,15,0,82,0,24,0,38,0
Tyler,Steen,Philadelphia Eagles,RG,Alabama,25,69,6/24/00,78,321,1,56,2,Agile - G,73,0,59,0,73,0,85,0,91,0,75,0,23,0,52,0,10,0,10,0,23,0,10,0,24,0,59,0,6,0,45,0,51,0,83,0,94,0,10,0,11,0,12,0,10,0,69,0,12,0,8,0,69,0,76,0,78,0,73,0,6,0,47,0,51,0,10,0,53,0,12,0,68,0,70,0,66,0,Long Stride Awkward,0,10,0,15,0,64,0,10,0,17,0,48,0,6,0,8,0,10,0,6,0,26,0,7,0,85,0,22,0,13,0
Tyler,Johnson,NY Jets,WR,Minnesota,27,69,8/25/98,73,206,1,16,5,,90,0,82,0,86,0,88,0,68,0,67,0,83,0,32,0,47,0,76,0,72,0,83,0,82,0,80,0,69,0,10,0,30,0,45,0,88,0,79,0,16,0,19,0,50,0,30,0,23,0,72,0,69,0,30,0,18,0,20,0,46,0,26,0,10,0,27,0,37,0,73,0,45,0,27,0,25,0,Default,0,72,0,81,0,87,0,74,0,60,0,37,0,43,0,46,0,49,0,52,0,56,0,46,0,87,0,48,0,37,0
Tyrod,Taylor,NY Jets,QB,Virginia Tech,36,69,8/3/89,73,217,1,2,14,Scrambler - QB,86,0,86,0,85,0,75,0,57,0,66,0,84,0,25,0,76,0,71,0,66,0,54,0,63,0,83,0,15,0,10,0,12,0,34,0,82,0,72,0,17,0,19,0,15,0,25,0,18,0,24,0,69,0,23,0,20,0,18,0,77,0,20,0,10,0,15,0,35,0,33,0,20,0,15,0,15,0,Default,0,35,0,55,0,86,0,69,0,60,0,37,0,78,0,77,0,83,0,80,0,87,0,79,0,80,0,42,0,25,0
Velus,Jones Jr,New Orleans Saints,HB,Tennessee,28,69,5/11/97,72,200,1,13,3,Receiving Back - HB,95,0,80,0,81,0,79,0,64,0,67,0,80,0,21,0,24,0,74,0,70,0,78,0,78,0,76,0,72,0,10,0,19,0,44,0,92,0,79,0,11,0,16,0,84,0,30,0,11,0,68,0,69,0,30,0,18,0,22,0,10,0,16,0,10,0,13,0,26,0,73,0,46,0,33,0,26,0,Default,0,71,0,77,0,94,0,70,0,64,0,21,0,10,0,15,0,20,0,16,0,28,0,20,0,82,0,41,0,16,0
Vernon,Broughton,New Orleans Saints,DT,Texas,24,69,7/15/01,77,311,1,91,0,Power Rusher - DT,80,0,63,0,72,0,76,0,86,0,69,0,46,0,74,0,17,0,36,0,62,0,46,0,51,0,59,0,38,0,72,0,82,0,86,0,88,0,41,0,23,0,26,0,28,0,25,0,9,0,42,0,69,0,45,0,45,0,45,0,13,0,68,0,77,0,15,0,72,0,44,0,45,0,45,0,45,0,Long Stride Awkward,0,45,0,50,0,72,0,33,0,42,0,76,0,7,0,7,0,12,0,11,0,13,0,12,0,87,0,46,0,15,0
Xavier,Hutchinson,Houston Texans,WR,Iowa State,25,69,6/1/00,75,205,1,19,2,,89,0,86,0,86,0,86,0,62,0,70,0,84,0,25,0,30,0,75,0,71,0,81,0,85,0,83,0,70,0,10,0,29,0,40,0,92,0,73,0,15,0,19,0,29,0,20,0,14,0,71,0,69,0,26,0,22,0,19,0,30,0,17,0,10,0,18,0,38,0,68,0,48,0,23,0,28,0,Default,0,72,0,82,0,88,0,68,0,57,0,32,0,38,0,42,0,47,0,45,0,57,0,35,0,91,0,52,0,19,0
Xavier,Restrepo,Tennessee Titans,WR,Miami,23,69,4/12/02,70,202,1,87,0,Slot - WR,85,0,89,0,83,0,85,0,61,0,70,0,80,0,37,0,30,0,71,0,70,0,78,0,82,0,84,0,70,0,30,0,37,0,44,0,88,0,76,0,24,0,28,0,80,0,31,0,38,0,73,0,69,0,25,0,18,0,27,0,29,0,34,0,29,0,27,0,40,0,67,0,49,0,28,0,24,0,Default,0,76,0,79,0,84,0,71,0,46,0,36,0,23,0,29,0,33,0,36,0,47,0,30,0,86,0,49,0,43,0
Yasir,Abdullah,Jacksonville Jaguars,RE,Louisville,25,69,4/12/00,73,234,1,56,2,Smaller Speed Rusher - DE,95,0,83,0,87,0,74,0,70,0,59,0,50,0,62,0,21,0,37,0,45,0,62,0,64,0,76,0,20,0,66,0,87,0,65,0,89,0,57,0,23,0,28,0,10,0,22,0,60,0,24,0,69,0,35,0,35,0,35,0,6,0,60,0,57,0,44,0,81,0,29,0,40,0,40,0,40,0,Default Stride Loose,0,27,0,59,0,90,0,52,0,32,0,75,0,6,0,7,0,9,0,7,0,20,0,10,0,76,0,40,0,50,0
Yosh,Nijman,Carolina Panthers,LT,Virginia Tech,29,69,1/2/96,79,314,1,77,6,Pass Protector - OT,76,0,70,0,75,0,85,0,87,0,82,0,10,0,37,0,12,0,5,0,40,0,10,0,25,0,57,0,5,0,35,0,40,0,82,0,90,0,10,0,28,0,18,0,10,0,78,0,20,0,5,0,69,0,74,0,76,0,73,0,6,0,34,0,42,0,10,0,38,0,12,0,66,0,67,0,65,0,Default Stride Awkward,0,10,0,12,0,73,0,10,0,10,0,44,0,6,0,6,0,6,0,6,0,35,0,5,0,81,0,19,0,26,0
A.J.,Green III,Los Angeles Rams,CB,Oklahoma St.,27,68,6/9/98,74,198,1,27,5,Zone - CB,90,0,80,0,82,0,87,0,59,0,72,0,50,0,42,0,10,0,39,0,54,0,57,0,66,0,81,0,11,0,27,0,52,0,48,0,90,0,70,0,17,0,18,0,40,0,15,0,67,0,16,0,68,0,10,0,34,0,33,0,6,0,68,0,26,0,75,0,71,0,27,0,15,0,34,0,33,0,Default Stride Loose,0,26,0,56,0,86,0,62,0,32,0,57,0,6,0,6,0,6,0,6,0,27,0,11,0,78,0,26,0,72,0
Aeneas,Peebles,Baltimore Ravens,DT,Virginia Tech,23,68,9/3/01,73,282,1,93,0,Power Rusher - DT,81,0,64,0,80,0,83,0,81,0,68,0,29,0,75,0,12,0,23,0,38,0,20,0,27,0,57,0,10,0,75,0,77,0,80,0,93,0,20,0,19,0,20,0,25,0,26,0,16,0,12,0,68,0,45,0,45,0,45,0,6,0,64,0,77,0,22,0,76,0,18,0,45,0,45,0,45,0,Long Stride Loose,0,15,0,22,0,73,0,19,0,28,0,78,0,6,0,6,0,6,0,6,0,23,0,10,0,88,0,26,0,21,0
Ahmed,Hassanein,Detroit Lions,RE,Boise State,23,68,7/9/02,75,267,1,61,0,Power Rusher - DE,81,0,76,0,79,0,84,0,83,0,72,0,29,0,71,0,17,0,22,0,43,0,24,0,36,0,67,0,7,0,69,0,76,0,79,0,93,0,32,0,18,0,23,0,30,0,29,0,24,0,10,0,68,0,45,0,45,0,45,0,10,0,71,0,71,0,26,0,75,0,15,0,45,0,45,0,45,0,Long Stride Loose,0,15,0,23,0,80,0,27,0,40,0,73,0,7,0,8,0,14,0,15,0,25,0,12,0,94,0,27,0,31,0
Aidan,O'Connell,Las Vegas Raiders,QB,Purdue,27,68,9/1/98,75,210,1,12,2,Field General - QB,79,0,73,0,73,0,78,0,55,0,70,0,59,0,20,0,59,0,35,0,64,0,10,0,21,0,75,0,10,0,10,0,15,0,19,0,83,0,39,0,13,0,15,0,10,0,14,0,10,0,10,0,68,0,17,0,19,0,14,0,78,0,13,0,10,0,10,0,23,0,12,0,15,0,15,0,11,0,Long Stride Default,0,10,0,10,0,75,0,31,0,26,0,20,0,78,0,78,0,86,0,79,0,86,0,79,0,82,0,27,0,13,0
Amani,Oruwariye,Tennessee Titans,CB,Penn State,29,68,2/9/96,74,205,1,31,6,Zone - CB,85,0,85,0,87,0,90,0,65,0,74,0,65,0,50,0,15,0,58,0,62,0,62,0,73,0,84,0,11,0,41,0,53,0,44,0,88,0,72,0,17,0,18,0,56,0,15,0,66,0,16,0,68,0,33,0,34,0,33,0,6,0,70,0,35,0,78,0,72,0,27,0,34,0,34,0,33,0,Long Stride Loose,0,26,0,70,0,88,0,66,0,35,0,52,0,6,0,6,0,6,0,6,0,27,0,13,0,89,0,41,0,72,0
Anthony,Miller,Baltimore Ravens,WR,Memphis,30,68,10/9/94,71,199,1,6,7,,89,0,89,0,89,0,80,0,67,0,63,0,82,0,29,0,33,0,73,0,73,0,77,0,80,0,80,0,65,0,10,0,20,0,45,0,82,0,81,0,13,0,19,0,77,0,22,0,15,0,69,0,68,0,29,0,20,0,24,0,15,0,19,0,10,0,20,0,37,0,67,0,51,0,28,0,32,0,Short Stride Loose,0,70,0,79,0,86,0,74,0,73,0,33,0,20,0,26,0,31,0,32,0,42,0,31,0,78,0,47,0,21,0
Antwaun,Powell-Ryland,Philadelphia Eagles,RE,Virginia Tech,23,68,2/23/02,75,258,1,52,0,Smaller Speed Rusher - DE,84,0,84,0,89,0,80,0,74,0,60,0,34,0,69,0,15,0,25,0,45,0,28,0,42,0,73,0,5,0,75,0,74,0,68,0,85,0,36,0,17,0,26,0,33,0,28,0,34,0,10,0,68,0,45,0,45,0,45,0,10,0,56,0,73,0,32,0,81,0,14,0,45,0,45,0,45,0,Long Stride Loose,0,15,0,24,0,82,0,36,0,33,0,74,0,5,0,10,0,15,0,13,0,27,0,10,0,87,0,22,0,44,0
Arian,Smith,NY Jets,WR,Georgia,23,68,10/11/01,72,179,1,82,0,,91,0,90,0,89,0,81,0,64,0,71,0,74,0,30,0,32,0,69,0,71,0,71,0,75,0,89,0,71,0,24,0,24,0,41,0,86,0,72,0,21,0,19,0,55,0,24,0,68,0,70,0,68,0,25,0,15,0,24,0,21,0,45,0,23,0,30,0,29,0,66,0,47,0,30,0,20,0,Default Stride Loose,0,71,0,71,0,94,0,68,0,38,0,31,0,15,0,10,0,7,0,7,0,12,0,31,0,83,0,41,0,51,0
Barrett,Carter,Cincinnati Bengals,MLB,Clemson,22,68,10/23/02,72,232,1,49,0,Field General - MLB,90,0,76,0,83,0,87,0,72,0,71,0,57,0,67,0,22,0,43,0,68,0,53,0,61,0,76,0,24,0,61,0,80,0,72,0,87,0,61,0,18,0,22,0,10,0,28,0,57,0,27,0,68,0,45,0,45,0,45,0,6,0,69,0,54,0,46,0,84,0,28,0,45,0,45,0,45,0,Default Stride Loose,0,30,0,55,0,85,0,55,0,51,0,78,0,6,0,6,0,6,0,6,0,23,0,12,0,88,0,47,0,63,0
Ben,Cleveland,Baltimore Ravens,LG,Georgia,27,68,8/25/98,78,370,1,66,4,Power - G,72,0,65,0,70,0,83,0,90,0,68,0,10,0,35,0,12,0,12,0,14,0,13,0,12,0,49,0,5,0,12,0,30,0,76,0,85,0,11,0,12,0,13,0,10,0,78,0,11,0,5,0,68,0,68,0,66,0,72,0,5,0,17,0,21,0,10,0,17,0,13,0,72,0,71,0,73,0,Default Stride Awkward,0,12,0,15,0,70,0,10,0,26,0,31,0,5,0,5,0,5,0,5,0,23,0,10,0,85,0,32,0,11,0
Benito,Jones,Miami Dolphins,DT,Ole Miss,27,68,11/27/97,73,329,1,95,5,,68,0,52,0,67,0,77,0,86,0,74,0,30,0,73,0,12,0,17,0,25,0,24,0,37,0,46,0,3,0,72,0,78,0,83,0,85,0,26,0,20,0,20,0,10,0,36,0,20,0,5,0,68,0,45,0,45,0,45,0,6,0,71,0,65,0,20,0,75,0,12,0,45,0,45,0,45,0,Default Stride Awkward,0,13,0,31,0,69,0,19,0,36,0,79,0,6,0,6,0,6,0,6,0,23,0,10,0,93,0,47,0,28,0
Brenden,Rice,Los Angeles Chargers,WR,USC,23,68,3/18/02,75,210,1,82,1,,90,0,84,0,87,0,83,0,61,0,60,0,80,0,20,0,25,0,73,0,71,0,79,0,79,0,78,0,72,0,13,0,27,0,41,0,90,0,76,0,17,0,23,0,80,0,30,0,21,0,76,0,68,0,27,0,19,0,21,0,20,0,22,0,11,0,21,0,36,0,70,0,49,0,29,0,23,0,Long Stride Default,0,77,0,81,0,89,0,68,0,53,0,20,0,15,0,20,0,25,0,25,0,38,0,27,0,86,0,44,0,16,0
Brevin,Jordan,Houston Texans,TE,Miami,25,68,7/16/00,75,245,1,9,4,Vertical Threat - TE,89,0,83,0,85,0,82,0,73,0,59,0,82,0,43,0,32,0,74,0,74,0,77,0,80,0,76,0,55,0,27,0,41,0,65,0,85,0,78,0,11,0,15,0,42,0,51,0,15,0,59,0,68,0,59,0,56,0,58,0,21,0,29,0,21,0,20,0,46,0,70,0,58,0,56,0,58,0,Default,0,65,0,78,0,86,0,71,0,66,0,43,0,28,0,31,0,39,0,30,0,42,0,26,0,78,0,67,0,19,0
Bryce,Ford-Wheaton,NY Giants,WR,West Virginia,25,68,3/9/00,76,220,1,88,2,Physical - WR,93,0,84,0,92,0,83,0,68,0,65,0,78,0,37,0,22,0,73,0,75,0,80,0,79,0,84,0,68,0,11,0,15,0,48,0,88,0,77,0,22,0,23,0,25,0,21,0,16,0,70,0,68,0,40,0,15,0,11,0,20,0,21,0,11,0,16,0,40,0,72,0,51,0,29,0,35,0,Long Stride Loose,0,72,0,82,0,92,0,63,0,65,0,38,0,18,0,19,0,21,0,23,0,37,0,22,0,83,0,53,0,24,0
Caedan,Wallace,New England Patriots,RT,Penn State,25,68,4/18/00,77,314,1,70,1,Agile - OT,76,0,59,0,76,0,85,0,87,0,78,0,30,0,30,0,7,0,20,0,25,0,21,0,35,0,49,0,21,0,45,0,45,0,82,0,89,0,16,0,15,0,17,0,10,0,77,0,11,0,22,0,68,0,71,0,72,0,68,0,7,0,20,0,50,0,12,0,27,0,25,0,75,0,72,0,70,0,Long Stride Awkward,0,24,0,22,0,67,0,15,0,31,0,44,0,11,0,12,0,13,0,6,0,21,0,7,0,89,0,32,0,11,0
Calvin,Throckmorton,Denver Broncos,LG,Oregon,29,68,8/16/96,77,309,1,76,5,Power - G,57,0,51,0,68,0,87,0,84,0,78,0,35,0,44,0,12,0,31,0,30,0,30,0,39,0,48,0,19,0,35,0,65,0,82,0,90,0,22,0,21,0,22,0,10,0,78,0,15,0,22,0,68,0,71,0,68,0,74,0,6,0,45,0,46,0,10,0,50,0,24,0,70,0,67,0,72,0,Default Stride Awkward,0,25,0,34,0,64,0,15,0,33,0,49,0,6,0,6,0,6,0,6,0,30,0,10,0,93,0,24,0,20,0
Carl,Davis,Washington Commanders,DT,Iowa,33,68,3/2/92,77,320,1,77,10,,71,0,54,0,79,0,72,0,88,0,73,0,10,0,71,0,12,0,10,0,45,0,15,0,34,0,50,0,4,0,56,0,77,0,80,0,85,0,10,0,15,0,19,0,10,0,18,0,15,0,8,0,68,0,45,0,45,0,45,0,6,0,73,0,72,0,22,0,74,0,17,0,45,0,45,0,45,0,Default Stride Awkward,0,15,0,15,0,68,0,10,0,10,0,79,0,6,0,6,0,6,0,6,0,25,0,15,0,75,0,25,0,25,0
Cedric,Johnson,Cincinnati Bengals,RE,Ole Miss,22,68,9/6/02,75,265,1,52,1,Smaller Speed Rusher - DE,89,0,69,0,90,0,78,0,79,0,68,0,26,0,74,0,12,0,20,0,38,0,24,0,40,0,66,0,3,0,70,0,75,0,81,0,88,0,19,0,10,0,16,0,10,0,18,0,40,0,7,0,68,0,45,0,45,0,45,0,6,0,67,0,68,0,21,0,77,0,13,0,45,0,45,0,45,0,Long Stride Default,0,12,0,23,0,85,0,14,0,30,0,76,0,6,0,6,0,6,0,6,0,23,0,10,0,82,0,32,0,46,0
Chris,Paul Jr.,Los Angeles Rams,ROLB,Ole Miss,22,68,11/4/02,73,222,1,54,0,Run Stopper - OLB,91,0,82,0,86,0,87,0,68,0,68,0,50,0,67,0,22,0,39,0,62,0,44,0,53,0,74,0,19,0,63,0,79,0,71,0,86,0,48,0,18,0,21,0,10,0,22,0,58,0,22,0,68,0,45,0,45,0,45,0,6,0,66,0,57,0,47,0,81,0,23,0,45,0,45,0,45,0,Default,0,25,0,45,0,85,0,47,0,43,0,79,0,6,0,6,0,6,0,6,0,23,0,11,0,87,0,43,0,65,0
Chris,Rodriguez Jr,Washington Commanders,HB,Kentucky,24,68,9/26/00,71,224,1,36,2,Elusive Back - HB,91,0,79,0,85,0,82,0,71,0,75,0,79,0,35,0,33,0,80,0,87,0,51,0,60,0,79,0,37,0,12,0,49,0,50,0,92,0,76,0,12,0,14,0,60,0,45,0,30,0,44,0,68,0,57,0,54,0,55,0,10,0,40,0,11,0,32,0,46,0,40,0,45,0,45,0,45,0,Default Stride High and Tight,0,51,0,52,0,89,0,70,0,69,0,39,0,14,0,20,0,24,0,10,0,27,0,17,0,90,0,83,0,37,0
Christian,Elliss,New England Patriots,MLB,Idaho,26,68,1/2/99,75,231,1,53,4,Run Stopper - MLB,86,0,82,0,85,0,78,0,74,0,68,0,41,0,69,0,14,0,29,0,59,0,48,0,58,0,70,0,5,0,55,0,81,0,75,0,89,0,39,0,12,0,11,0,10,0,37,0,50,0,5,0,68,0,45,0,45,0,45,0,6,0,70,0,64,0,44,0,82,0,12,0,45,0,45,0,45,0,Default Stride High and Tight,0,15,0,51,0,85,0,40,0,42,0,82,0,6,0,6,0,6,0,6,0,21,0,10,0,84,0,40,0,55,0
Chuma,Edoga,Jacksonville Jaguars,LG,USC,28,68,5/25/97,75,308,1,55,6,Agile - G,67,0,66,0,63,0,83,0,84,0,75,0,20,0,26,0,12,0,9,0,24,0,21,0,29,0,54,0,5,0,10,0,35,0,77,0,83,0,10,0,30,0,40,0,6,0,81,0,12,0,7,0,68,0,69,0,71,0,67,0,6,0,15,0,10,0,10,0,27,0,15,0,72,0,75,0,69,0,Default Stride Awkward,0,17,0,16,0,70,0,10,0,30,0,36,0,6,0,6,0,6,0,6,0,23,0,3,0,79,0,28,0,15,0
CJ,West,San Francisco 49ers,DT,Indiana,23,68,6/12/02,73,316,1,99,0,,77,0,64,0,80,0,81,0,84,0,63,0,22,0,82,0,19,0,23,0,40,0,18,0,19,0,53,0,12,0,62,0,76,0,83,0,88,0,20,0,16,0,24,0,28,0,24,0,13,0,15,0,68,0,45,0,45,0,45,0,12,0,62,0,76,0,12,0,76,0,17,0,45,0,45,0,45,0,Default Stride Awkward,0,17,0,18,0,74,0,20,0,34,0,74,0,8,0,10,0,15,0,17,0,25,0,14,0,88,0,29,0,16,0
Cooper,Rush,Baltimore Ravens,QB,Central Michigan,31,68,11/21/93,75,225,1,15,8,Field General - QB,75,0,70,0,74,0,72,0,62,0,71,0,50,0,23,0,54,0,36,0,61,0,26,0,28,0,68,0,12,0,10,0,18,0,26,0,92,0,42,0,15,0,19,0,17,0,16,0,12,0,14,0,68,0,15,0,18,0,14,0,82,0,20,0,10,0,11,0,30,0,19,0,18,0,19,0,20,0,Default,0,14,0,22,0,73,0,24,0,27,0,29,0,77,0,79,0,86,0,79,0,85,0,77,0,88,0,32,0,18,0
Craig,Reynolds,Detroit Lions,HB,Kutztown,29,68,6/15/96,71,215,1,13,7,Elusive Back - HB,89,0,84,0,84,0,82,0,66,0,74,0,77,0,32,0,28,0,75,0,87,0,55,0,67,0,80,0,50,0,13,0,27,0,54,0,86,0,78,0,13,0,18,0,76,0,56,0,15,0,52,0,68,0,49,0,30,0,35,0,16,0,18,0,19,0,15,0,34,0,57,0,31,0,21,0,26,0,Default,0,61,0,52,0,89,0,69,0,69,0,29,0,17,0,21,0,27,0,28,0,31,0,23,0,81,0,67,0,21,0
D'Anthony,Bell,Seattle Seahawks,FS,West Florida,28,68,10/17/96,73,211,1,23,3,Hybrid - S,89,0,83,0,86,0,82,0,66,0,65,0,73,0,58,0,15,0,63,0,59,0,55,0,62,0,81,0,44,0,40,0,86,0,63,0,91,0,72,0,12,0,14,0,60,0,26,0,67,0,47,0,68,0,35,0,35,0,35,0,6,0,63,0,45,0,73,0,70,0,48,0,35,0,35,0,35,0,Default Stride Loose,0,51,0,54,0,89,0,68,0,55,0,70,0,6,0,6,0,6,0,6,0,27,0,17,0,87,0,49,0,69,0
D.J.,James,New England Patriots,CB,Auburn,24,68,3/5/01,72,175,1,30,1,Manto Man - CB,92,0,90,0,84,0,85,0,47,0,59,0,59,0,40,0,26,0,65,0,54,0,53,0,65,0,89,0,28,0,32,0,55,0,39,0,91,0,72,0,13,0,15,0,60,0,13,0,72,0,36,0,68,0,30,0,26,0,25,0,17,0,57,0,27,0,68,0,66,0,31,0,35,0,29,0,30,0,Default Stride Loose,0,40,0,59,0,90,0,66,0,25,0,56,0,11,0,21,0,23,0,24,0,24,0,21,0,76,0,25,0,74,0
Daniel,Hardy,Chicago Bears,RE,Montana State,26,68,12/15/98,75,240,1,92,3,Smaller Speed Rusher - DE,90,0,89,0,91,0,74,0,71,0,61,0,32,0,65,0,15,0,29,0,38,0,22,0,33,0,74,0,5,0,64,0,84,0,74,0,90,0,37,0,15,0,17,0,10,0,19,0,25,0,10,0,68,0,45,0,45,0,45,0,6,0,59,0,61,0,32,0,75,0,15,0,45,0,45,0,45,0,Default Stride Loose,0,15,0,25,0,83,0,33,0,38,0,81,0,6,0,6,0,6,0,6,0,23,0,12,0,78,0,35,0,36,0
Daniel,Scott,Indianapolis Colts,SS,California,26,68,10/26/98,73,208,1,32,2,Hybrid - S,93,0,91,0,93,0,88,0,67,0,64,0,67,0,47,0,17,0,55,0,60,0,61,0,70,0,86,0,39,0,55,0,67,0,49,0,89,0,72,0,21,0,25,0,55,0,20,0,70,0,41,0,68,0,30,0,30,0,30,0,16,0,60,0,47,0,67,0,65,0,48,0,35,0,35,0,35,0,Default Stride Loose,0,45,0,68,0,91,0,65,0,45,0,61,0,24,0,28,0,34,0,27,0,35,0,17,0,79,0,42,0,68,0
Darrell,Luter Jr,San Francisco 49ers,CB,South Alabama,25,68,4/24/00,72,190,1,28,2,Manto Man - CB,92,0,87,0,94,0,88,0,50,0,65,0,69,0,50,0,14,0,64,0,58,0,63,0,66,0,79,0,40,0,35,0,64,0,45,0,90,0,73,0,15,0,15,0,55,0,17,0,65,0,45,0,68,0,30,0,30,0,30,0,6,0,64,0,30,0,77,0,69,0,50,0,35,0,35,0,35,0,Default Stride Loose,0,50,0,68,0,90,0,67,0,42,0,61,0,5,0,6,0,8,0,7,0,10,0,13,0,81,0,36,0,70,0
David,Quessenberry,Los Angeles Rams,RT,San Jose St.,35,68,8/24/90,77,310,1,68,8,Power - OT,68,0,62,0,73,0,93,0,85,0,83,0,10,0,39,0,12,0,9,0,64,0,57,0,62,0,54,0,21,0,15,0,20,0,79,0,92,0,10,0,21,0,22,0,10,0,83,0,13,0,29,0,68,0,68,0,66,0,72,0,6,0,20,0,25,0,10,0,29,0,45,0,74,0,76,0,72,0,Default Stride Awkward,0,39,0,54,0,68,0,10,0,19,0,41,0,6,0,6,0,6,0,6,0,30,0,10,0,80,0,20,0,15,0
Deane,Leonard,Los Angeles Chargers,CB,Ole Miss,25,68,11/20/99,72,195,1,33,3,Manto Man - CB,94,0,82,0,80,0,87,0,60,0,60,0,54,0,51,0,10,0,48,0,55,0,50,0,57,0,86,0,11,0,41,0,65,0,49,0,89,0,70,0,15,0,11,0,35,0,19,0,67,0,16,0,68,0,35,0,35,0,35,0,15,0,60,0,32,0,72,0,73,0,20,0,35,0,35,0,35,0,Default Stride Loose,0,26,0,51,0,93,0,61,0,35,0,62,0,10,0,10,0,15,0,15,0,23,0,11,0,79,0,38,0,65,0
DeeJay,Dallas,Arizona Cardinals,HB,Miami,26,68,9/16/98,70,214,1,20,5,Power Back - HB,86,0,79,0,81,0,84,0,75,0,75,0,78,0,32,0,33,0,78,0,90,0,60,0,71,0,76,0,53,0,17,0,25,0,44,0,91,0,76,0,16,0,20,0,76,0,43,0,24,0,61,0,68,0,52,0,35,0,38,0,31,0,24,0,13,0,26,0,44,0,63,0,49,0,33,0,36,0,Default Stride High and Tight,0,67,0,56,0,88,0,72,0,76,0,42,0,28,0,37,0,39,0,37,0,42,0,29,0,83,0,81,0,34,0
Dell,Pettus,New England Patriots,SS,Troy,24,68,6/2/01,71,200,1,24,1,Hybrid - S,91,0,83,0,81,0,86,0,64,0,67,0,68,0,56,0,22,0,53,0,65,0,61,0,67,0,79,0,27,0,44,0,73,0,58,0,92,0,69,0,12,0,19,0,45,0,25,0,68,0,32,0,68,0,35,0,35,0,35,0,7,0,66,0,33,0,64,0,77,0,40,0,35,0,35,0,35,0,Default Stride Loose,0,36,0,64,0,89,0,60,0,47,0,69,0,10,0,12,0,15,0,17,0,26,0,7,0,87,0,42,0,66,0
Desmond,Ridder,Cincinnati Bengals,QB,Cincinnati,26,68,8/31/99,75,207,1,4,3,Scrambler - QB,91,0,79,0,86,0,85,0,64,0,61,0,82,0,21,0,70,0,56,0,57,0,17,0,48,0,81,0,11,0,10,0,17,0,23,0,92,0,61,0,15,0,19,0,11,0,15,0,10,0,15,0,68,0,14,0,12,0,15,0,82,0,12,0,10,0,10,0,27,0,15,0,18,0,12,0,13,0,Long Stride Default,0,20,0,21,0,88,0,49,0,52,0,27,0,78,0,77,0,83,0,82,0,90,0,76,0,94,0,45,0,12,0
Donald,Parham,Pittsburgh Steelers,TE,Stetson,28,68,8/16/97,80,237,1,89,5,Vertical Threat - TE,83,0,75,0,91,0,86,0,71,0,69,0,66,0,32,0,17,0,61,0,73,0,76,0,81,0,70,0,59,0,17,0,33,0,58,0,83,0,72,0,19,0,21,0,18,0,43,0,14,0,64,0,68,0,58,0,53,0,57,0,6,0,22,0,17,0,17,0,38,0,69,0,58,0,53,0,56,0,Long Stride Loose,0,67,0,79,0,85,0,66,0,62,0,38,0,6,0,10,0,15,0,10,0,30,0,10,0,87,0,64,0,21,0
Dondrea,Tillman,Denver Broncos,RE,IUP,27,68,4/30/98,75,270,1,92,2,Power Rusher - DE,80,0,72,0,80,0,77,0,77,0,70,0,43,0,73,0,16,0,31,0,36,0,31,0,35,0,65,0,10,0,60,0,81,0,78,0,85,0,50,0,14,0,13,0,10,0,32,0,33,0,15,0,68,0,45,0,45,0,45,0,6,0,69,0,73,0,32,0,81,0,12,0,45,0,45,0,45,0,Long Stride Loose,0,20,0,35,0,73,0,45,0,43,0,81,0,6,0,6,0,6,0,6,0,20,0,16,0,81,0,32,0,41,0
Donovan,Edwards,NY Jets,HB,Michigan,22,68,2/25/03,71,205,1,40,0,Elusive Back - HB,93,0,82,0,88,0,84,0,71,0,70,0,77,0,36,0,45,0,75,0,87,0,53,0,68,0,81,0,45,0,30,0,33,0,36,0,87,0,77,0,21,0,27,0,65,0,35,0,21,0,54,0,68,0,47,0,37,0,40,0,40,0,45,0,26,0,23,0,40,0,49,0,38,0,26,0,28,0,Default,0,63,0,54,0,91,0,71,0,68,0,36,0,55,0,51,0,53,0,57,0,65,0,46,0,88,0,74,0,26,0
Dont'e,Thornton Jr.,Las Vegas Raiders,WR,Tennessee,22,68,11/30/02,77,205,1,10,0,Deep Threat - WR,94,0,81,0,82,0,79,0,70,0,67,0,75,0,39,0,21,0,68,0,72,0,75,0,75,0,78,0,74,0,33,0,41,0,43,0,84,0,75,0,21,0,28,0,50,0,32,0,49,0,69,0,68,0,29,0,19,0,27,0,31,0,39,0,33,0,28,0,48,0,72,0,50,0,30,0,29,0,Long Stride Loose,0,68,0,73,0,96,0,69,0,43,0,51,0,10,0,11,0,19,0,23,0,17,0,32,0,80,0,30,0,56,0
Donte,Kent,Pittsburgh Steelers,CB,Central Michigan,23,68,9/28/01,70,187,1,34,0,Manto Man - CB,93,0,79,0,91,0,92,0,56,0,61,0,75,0,47,0,18,0,49,0,53,0,49,0,65,0,81,0,27,0,30,0,49,0,37,0,90,0,75,0,15,0,20,0,79,0,20,0,69,0,28,0,68,0,35,0,35,0,25,0,28,0,62,0,23,0,68,0,72,0,30,0,26,0,35,0,25,0,Default,0,30,0,60,0,93,0,67,0,36,0,62,0,17,0,7,0,24,0,21,0,20,0,30,0,91,0,30,0,69,0
Drew,Sample,Cincinnati Bengals,TE,Washington,29,68,4/16/96,77,255,1,89,6,Possession - TE,84,0,77,0,81,0,84,0,73,0,67,0,69,0,47,0,16,0,46,0,73,0,78,0,77,0,72,0,56,0,37,0,43,0,71,0,89,0,57,0,14,0,15,0,15,0,59,0,17,0,61,0,68,0,61,0,55,0,60,0,10,0,24,0,23,0,19,0,54,0,68,0,65,0,65,0,62,0,Long Stride Default,0,66,0,79,0,82,0,53,0,61,0,43,0,10,0,15,0,20,0,10,0,26,0,14,0,86,0,63,0,23,0
Efton,Chism III,New England Patriots,WR,Eastern Wash.,23,68,10/26/01,71,193,1,86,0,,87,0,90,0,85,0,91,0,66,0,60,0,81,0,37,0,33,0,74,0,73,0,78,0,81,0,91,0,70,0,25,0,35,0,45,0,91,0,76,0,13,0,19,0,79,0,27,0,15,0,74,0,68,0,29,0,20,0,24,0,15,0,22,0,22,0,20,0,44,0,67,0,50,0,32,0,27,0,Short Stride Loose,0,75,0,77,0,84,0,73,0,52,0,33,0,20,0,26,0,31,0,32,0,42,0,31,0,88,0,50,0,21,0
Elijah,Wilkinson,Atlanta Falcons,LG,Massachusetts,30,68,2/10/95,76,329,1,71,8,Agile - G,56,0,60,0,71,0,83,0,85,0,80,0,24,0,33,0,12,0,10,0,20,0,15,0,26,0,45,0,5,0,20,0,35,0,80,0,86,0,30,0,22,0,25,0,10,0,75,0,10,0,5,0,68,0,72,0,74,0,70,0,6,0,24,0,30,0,10,0,38,0,12,0,71,0,73,0,69,0,Long Stride Awkward,0,10,0,20,0,70,0,25,0,36,0,37,0,6,0,6,0,6,0,6,0,32,0,12,0,83,0,33,0,12,0
Elijah,Arroyo,Seattle Seahawks,TE,Miami,22,68,4/5/03,77,254,0,18,0,Vertical Threat - TE,89,0,80,0,83,0,81,0,77,0,62,0,79,0,32,0,39,0,66,0,72,0,73,0,79,0,70,0,63,0,29,0,33,0,63,0,83,0,69,0,18,0,35,0,36,0,52,0,46,0,64,0,68,0,59,0,58,0,59,0,47,0,37,0,29,0,23,0,30,0,66,0,58,0,59,0,56,0,Long Stride Default,0,68,0,74,0,87,0,61,0,61,0,30,0,38,0,49,0,59,0,45,0,50,0,42,0,85,0,64,0,40,0
Elijah,Hicks,Chicago Bears,FS,California,25,68,10/16/99,71,200,1,22,3,Hybrid - S,90,0,77,0,84,0,88,0,58,0,70,0,66,0,50,0,21,0,52,0,60,0,51,0,69,0,75,0,10,0,42,0,78,0,57,0,91,0,72,0,24,0,22,0,35,0,21,0,66,0,10,0,68,0,35,0,35,0,35,0,6,0,72,0,34,0,67,0,73,0,25,0,35,0,35,0,35,0,Default Stride Loose,0,15,0,62,0,88,0,64,0,35,0,69,0,6,0,6,0,6,0,6,0,30,0,14,0,85,0,39,0,68,0
Eric,Gray,NY Giants,HB,Oklahoma,25,68,11/4/99,70,210,1,20,2,Elusive Back - HB,90,0,85,0,86,0,86,0,69,0,67,0,82,0,24,0,24,0,76,0,85,0,47,0,72,0,86,0,48,0,10,0,23,0,33,0,92,0,79,0,10,0,16,0,72,0,28,0,10,0,56,0,68,0,55,0,37,0,32,0,17,0,13,0,10,0,14,0,34,0,49,0,31,0,24,0,18,0,Long Stride Default,0,63,0,49,0,86,0,73,0,70,0,25,0,15,0,19,0,24,0,21,0,24,0,19,0,90,0,70,0,16,0
Fadil,Diggs,New Orleans Saints,LE,Syracuse,23,68,10/15/01,76,257,1,40,0,Smaller Speed Rusher - DE,87,0,78,0,75,0,79,0,78,0,65,0,28,0,70,0,17,0,23,0,46,0,22,0,39,0,70,0,6,0,70,0,75,0,69,0,86,0,33,0,19,0,18,0,32,0,29,0,43,0,10,0,68,0,45,0,45,0,45,0,15,0,63,0,65,0,34,0,77,0,12,0,45,0,45,0,45,0,Long Stride Loose,0,15,0,28,0,87,0,32,0,27,0,75,0,10,0,15,0,17,0,10,0,28,0,15,0,82,0,24,0,51,0
Isaac,TeSlaa,Detroit Lions,WR,Arkansas,23,68,2/20/02,76,214,1,18,0,Slot - WR,91,0,88,0,92,0,80,0,65,0,64,0,77,0,41,0,32,0,69,0,69,0,78,0,83,0,89,0,66,0,35,0,43,0,39,0,87,0,73,0,32,0,18,0,81,0,25,0,23,0,73,0,68,0,23,0,12,0,21,0,32,0,29,0,31,0,21,0,43,0,70,0,47,0,31,0,30,0,Default,0,72,0,78,0,91,0,67,0,48,0,28,0,47,0,48,0,48,0,46,0,69,0,37,0,85,0,54,0,30,0
Isaiah,Pola-Mao,Las Vegas Raiders,SS,USC,26,68,6/30/99,76,211,1,20,3,Hybrid - S,91,0,88,0,76,0,81,0,57,0,71,0,63,0,44,0,13,0,45,0,62,0,57,0,70,0,80,0,10,0,35,0,64,0,47,0,87,0,69,0,23,0,25,0,35,0,24,0,65,0,17,0,68,0,35,0,35,0,35,0,11,0,70,0,28,0,75,0,71,0,25,0,35,0,35,0,35,0,Long Stride Loose,0,21,0,64,0,89,0,63,0,52,0,63,0,12,0,13,0,19,0,11,0,27,0,11,0,66,0,35,0,68,0
Jackson,Slater,Tennessee Titans,LG,Sacramento State,22,68,5/30/03,75,311,1,64,0,Power - G,72,0,61,0,79,0,86,0,89,0,68,0,13,0,36,0,11,0,8,0,29,0,25,0,25,0,52,0,5,0,33,0,22,0,81,0,87,0,11,0,12,0,17,0,10,0,79,0,12,0,5,0,68,0,70,0,69,0,71,0,5,0,24,0,35,0,10,0,31,0,15,0,72,0,71,0,72,0,Default Stride Awkward,0,13,0,24,0,72,0,10,0,15,0,35,0,5,0,5,0,5,0,5,0,24,0,9,0,87,0,26,0,14,0
Jacob,Phillips,Indianapolis Colts,LOLB,LSU,26,68,4/1/99,75,228,1,54,5,Run Stopper - OLB,85,0,71,0,87,0,83,0,73,0,64,0,41,0,71,0,12,0,31,0,47,0,45,0,56,0,72,0,22,0,53,0,80,0,80,0,80,0,36,0,20,0,20,0,10,0,36,0,51,0,27,0,68,0,50,0,45,0,45,0,6,0,67,0,47,0,48,0,82,0,25,0,43,0,45,0,45,0,Default Stride Loose,0,31,0,52,0,82,0,28,0,33,0,82,0,6,0,6,0,6,0,6,0,24,0,12,0,88,0,35,0,57,0
Jacob,Bobenmoyer,Las Vegas Raiders,LS,N. Colorado,28,68,5/28/97,74,235,1,50,5,Accurate - LS,84,0,71,0,76,0,79,0,68,0,59,0,45,0,60,0,11,0,43,0,45,0,46,0,52,0,67,0,25,0,49,0,72,0,70,0,90,0,51,0,19,0,21,0,18,0,55,0,41,0,29,0,68,0,48,0,44,0,51,0,17,0,48,0,60,0,46,0,69,0,30,0,53,0,40,0,44,0,Default Stride Loose,0,33,0,38,0,79,0,47,0,52,0,68,0,13,0,16,0,18,0,19,0,27,0,10,0,89,0,46,0,47,0
Jake,Browning,Cincinnati Bengals,QB,Washington,29,68,4/11/96,74,209,1,6,5,Field General - QB,82,0,76,0,72,0,79,0,57,0,70,0,62,0,22,0,61,0,41,0,66,0,27,0,39,0,73,0,10,0,10,0,15,0,15,0,93,0,56,0,47,0,59,0,10,0,12,0,10,0,13,0,68,0,11,0,10,0,10,0,74,0,15,0,10,0,10,0,30,0,14,0,11,0,10,0,10,0,Default,0,24,0,33,0,79,0,41,0,32,0,19,0,74,0,80,0,87,0,76,0,87,0,77,0,90,0,33,0,13,0
Jalen,Cropper,Dallas Cowboys,WR,Fresno State,24,68,5/3/01,72,172,1,16,2,,92,0,81,0,80,0,86,0,59,0,49,0,84,0,27,0,22,0,72,0,65,0,74,0,81,0,85,0,74,0,10,0,29,0,39,0,93,0,77,0,13,0,17,0,73,0,24,0,23,0,74,0,68,0,24,0,19,0,21,0,6,0,24,0,10,0,24,0,35,0,68,0,45,0,10,0,17,0,Default Stride Loose,0,75,0,78,0,92,0,73,0,50,0,35,0,6,0,10,0,15,0,10,0,25,0,19,0,92,0,48,0,31,0
Jalen,Travis,Indianapolis Colts,RT,Iowa State,23,68,4/19/02,80,339,1,75,0,Power - OT,70,0,57,0,84,0,86,0,88,0,68,0,14,0,29,0,15,0,11,0,28,0,21,0,22,0,50,0,5,0,20,0,32,0,82,0,87,0,17,0,17,0,13,0,10,0,80,0,11,0,5,0,68,0,73,0,73,0,75,0,6,0,24,0,26,0,15,0,21,0,23,0,73,0,71,0,73,0,Long Stride Awkward,0,18,0,18,0,68,0,10,0,51,0,28,0,6,0,6,0,6,0,6,0,17,0,12,0,87,0,26,0,14,0
Jalyn,Holmes,Washington Commanders,LE,Ohio State,29,68,1/25/96,77,283,1,96,7,Power Rusher - DE,79,0,62,0,78,0,73,0,87,0,66,0,52,0,73,0,12,0,27,0,59,0,33,0,56,0,56,0,36,0,64,0,82,0,87,0,87,0,41,0,10,0,10,0,10,0,34,0,24,0,40,0,68,0,45,0,45,0,45,0,6,0,68,0,71,0,21,0,80,0,50,0,45,0,45,0,45,0,Long Stride Loose,0,45,0,36,0,78,0,36,0,46,0,78,0,6,0,6,0,6,0,6,0,23,0,14,0,82,0,58,0,29,0
James,Lynch,Tennessee Titans,DT,Baylor,26,68,1/20/99,76,295,1,97,5,,76,0,71,0,72,0,75,0,82,0,66,0,32,0,75,0,12,0,18,0,42,0,25,0,38,0,66,0,14,0,58,0,82,0,83,0,85,0,32,0,56,0,71,0,10,0,29,0,26,0,19,0,68,0,45,0,45,0,45,0,9,0,64,0,71,0,14,0,79,0,24,0,45,0,45,0,45,0,Long Stride Loose,0,22,0,27,0,72,0,22,0,37,0,78,0,9,0,9,0,9,0,9,0,23,0,17,0,84,0,39,0,32,0
James,Proche II,Tennessee Titans,WR,SMU,28,68,9/21/96,71,191,1,13,5,Slot - WR,90,0,80,0,83,0,85,0,61,0,70,0,76,0,25,0,26,0,72,0,74,0,80,0,85,0,78,0,70,0,10,0,17,0,47,0,88,0,74,0,13,0,17,0,76,0,30,0,11,0,71,0,68,0,33,0,16,0,20,0,26,0,15,0,10,0,13,0,32,0,69,0,49,0,33,0,27,0,Short Stride Default,0,74,0,81,0,87,0,70,0,54,0,27,0,45,0,41,0,46,0,43,0,61,0,40,0,84,0,43,0,17,0
Jammie,Robinson,Arizona Cardinals,FS,Florida State,24,68,1/24/01,71,190,1,26,2,Run Support - S,93,0,87,0,81,0,92,0,67,0,66,0,72,0,47,0,31,0,67,0,64,0,65,0,70,0,81,0,10,0,38,0,87,0,59,0,93,0,75,0,11,0,15,0,69,0,44,0,62,0,10,0,68,0,35,0,35,0,35,0,24,0,65,0,31,0,58,0,75,0,25,0,35,0,35,0,35,0,Short Stride Loose,0,20,0,67,0,86,0,70,0,33,0,72,0,21,0,23,0,25,0,22,0,27,0,25,0,88,0,39,0,69,0
Jaxson,Dart,NY Giants,QB,Ole Miss,22,68,5/13/03,74,221,1,6,0,Scrambler - QB,85,0,82,0,74,0,90,0,63,0,62,0,79,0,15,0,70,0,71,0,64,0,25,0,44,0,80,0,20,0,18,0,24,0,26,0,92,0,66,0,30,0,27,0,30,0,26,0,8,0,20,0,68,0,25,0,30,0,32,0,85,0,28,0,16,0,9,0,19,0,25,0,30,0,30,0,31,0,Default Stride Loose,0,23,0,21,0,84,0,62,0,48,0,25,0,76,0,82,0,86,0,82,0,88,0,75,0,93,0,48,0,9,0
Jay,Tufele,NY Jets,DT,USC,26,68,7/25/99,75,305,1,78,4,,74,0,58,0,76,0,72,0,88,0,63,0,22,0,71,0,12,0,21,0,27,0,18,0,25,0,52,0,3,0,67,0,80,0,87,0,86,0,22,0,12,0,17,0,30,0,32,0,16,0,7,0,68,0,45,0,45,0,45,0,6,0,63,0,63,0,17,0,78,0,15,0,45,0,45,0,45,0,Long Stride Loose,0,10,0,19,0,71,0,21,0,29,0,83,0,6,0,6,0,6,0,6,0,23,0,17,0,91,0,33,0,21,0
Jaylen,Reed,Houston Texans,SS,Penn State,22,68,1/29/03,72,211,1,34,0,Zone - S,92,0,85,0,81,0,89,0,67,0,65,0,61,0,46,0,14,0,49,0,58,0,53,0,65,0,84,0,17,0,35,0,78,0,54,0,91,0,59,0,15,0,19,0,76,0,25,0,65,0,21,0,68,0,35,0,35,0,35,0,6,0,62,0,37,0,66,0,75,0,25,0,35,0,35,0,35,0,Default Stride Loose,0,28,0,58,0,89,0,53,0,39,0,65,0,6,0,6,0,6,0,6,0,24,0,12,0,89,0,41,0,70,0
Jeremy,Ruckert,NY Jets,TE,Ohio State,25,68,8/11/00,77,250,1,89,3,Possession - TE,85,0,74,0,78,0,84,0,78,0,68,0,65,0,36,0,11,0,57,0,76,0,76,0,80,0,69,0,53,0,24,0,42,0,72,0,92,0,62,0,24,0,28,0,15,0,62,0,14,0,57,0,68,0,61,0,59,0,60,0,13,0,20,0,33,0,16,0,42,0,62,0,67,0,65,0,60,0,Long Stride Default,0,64,0,78,0,82,0,62,0,63,0,37,0,14,0,20,0,25,0,15,0,30,0,10,0,87,0,70,0,15,0
Jha'Quan,Jackson,Tennessee Titans,WR,Tulane,25,68,5/15/00,69,188,1,19,1,,92,0,85,0,81,0,80,0,54,0,65,0,77,0,20,0,20,0,70,0,73,0,75,0,80,0,85,0,68,0,10,0,12,0,36,0,84,0,78,0,14,0,18,0,82,0,22,0,12,0,70,0,68,0,29,0,22,0,20,0,6,0,14,0,10,0,15,0,35,0,66,0,40,0,34,0,26,0,Default,0,71,0,76,0,92,0,72,0,41,0,26,0,6,0,10,0,15,0,10,0,22,0,15,0,84,0,36,0,19,0
Jihad,Ward,Tennessee Titans,LE,Illinois,31,68,3/11/94,77,287,1,53,9,Run Stopper - DE,69,0,65,0,70,0,81,0,80,0,75,0,23,0,75,0,12,0,11,0,30,0,17,0,24,0,52,0,5,0,62,0,83,0,85,0,88,0,22,0,19,0,20,0,9,0,25,0,40,0,5,0,68,0,45,0,44,0,45,0,6,0,77,0,73,0,22,0,78,0,17,0,45,0,45,0,44,0,Long Stride High and Tight,0,14,0,17,0,68,0,21,0,27,0,81,0,6,0,6,0,6,0,6,0,22,0,14,0,89,0,33,0,46,0
Johnny,Wilson,Philadelphia Eagles,WR,Florida State,24,68,4/3/01,79,231,1,89,1,,90,0,82,0,92,0,83,0,70,0,71,0,77,0,29,0,25,0,76,0,72,0,78,0,78,0,84,0,71,0,10,0,32,0,50,0,83,0,77,0,15,0,19,0,29,0,33,0,15,0,70,0,68,0,46,0,27,0,30,0,6,0,13,0,10,0,20,0,30,0,72,0,49,0,30,0,38,0,Long Stride Default,0,71,0,82,0,88,0,69,0,59,0,31,0,6,0,10,0,15,0,10,0,27,0,18,0,80,0,63,0,18,0
Johnny,Mundt,Jacksonville Jaguars,TE,Oregon,30,68,11/23/94,76,233,1,86,8,Vertical Threat - TE,85,0,76,0,74,0,81,0,74,0,74,0,66,0,26,0,18,0,63,0,71,0,76,0,79,0,75,0,56,0,16,0,30,0,60,0,83,0,61,0,20,0,22,0,10,0,50,0,14,0,60,0,68,0,60,0,54,0,58,0,6,0,24,0,22,0,10,0,33,0,63,0,64,0,60,0,56,0,Long Stride Default,0,66,0,76,0,84,0,57,0,71,0,33,0,6,0,6,0,6,0,6,0,25,0,10,0,84,0,69,0,24,0
Jordon,Riley,NY Giants,DT,Oregon,27,68,5/19/98,77,325,1,99,2,,61,0,47,0,64,0,69,0,88,0,65,0,22,0,75,0,10,0,13,0,29,0,14,0,20,0,51,0,5,0,47,0,84,0,89,0,87,0,15,0,7,0,8,0,10,0,21,0,11,0,6,0,68,0,45,0,45,0,45,0,5,0,70,0,63,0,13,0,72,0,11,0,45,0,45,0,45,0,Long Stride Awkward,0,10,0,16,0,63,0,15,0,28,0,82,0,5,0,6,0,7,0,5,0,15,0,10,0,80,0,40,0,13,0
Kiran,Amegadjie,Chicago Bears,RT,Yale,23,68,2/1/02,77,326,1,72,1,Power - OT,74,0,69,0,72,0,83,0,88,0,69,0,30,0,30,0,12,0,20,0,32,0,34,0,37,0,55,0,14,0,21,0,35,0,82,0,91,0,15,0,25,0,25,0,10,0,82,0,15,0,21,0,68,0,72,0,70,0,72,0,13,0,20,0,36,0,11,0,27,0,25,0,73,0,73,0,72,0,Long Stride Awkward,0,24,0,32,0,70,0,15,0,34,0,33,0,19,0,21,0,25,0,12,0,24,0,11,0,79,0,40,0,14,0
Korie,Black,NY Giants,CB,Oklahoma St.,23,68,6/22/02,72,192,1,25,0,Manto Man - CB,91,0,83,0,92,0,91,0,58,0,62,0,59,0,46,0,28,0,45,0,53,0,53,0,68,0,83,0,24,0,27,0,62,0,39,0,89,0,68,0,22,0,25,0,45,0,23,0,70,0,23,0,68,0,35,0,35,0,25,0,28,0,61,0,32,0,63,0,73,0,30,0,35,0,35,0,25,0,Default Stride Loose,0,23,0,62,0,94,0,61,0,30,0,60,0,9,0,18,0,27,0,23,0,22,0,31,0,89,0,24,0,72,0
Laquon,Treadwell,Indianapolis Colts,WR,Ole Miss,30,68,6/14/95,74,215,1,13,8,Physical - WR,86,0,81,0,86,0,83,0,70,0,72,0,80,0,37,0,22,0,72,0,74,0,80,0,83,0,76,0,72,0,11,0,15,0,43,0,88,0,76,0,22,0,23,0,25,0,21,0,16,0,72,0,68,0,43,0,15,0,11,0,20,0,21,0,11,0,16,0,40,0,71,0,48,0,29,0,35,0,Default Stride Loose,0,74,0,83,0,85,0,69,0,76,0,38,0,18,0,19,0,21,0,23,0,37,0,22,0,83,0,57,0,24,0
Lil'Jordan,Humphrey,NY Giants,WR,Texas,27,68,4/19/98,76,225,1,81,6,Physical - WR,83,0,79,0,85,0,80,0,67,0,76,0,78,0,27,0,30,0,77,0,74,0,82,0,84,0,79,0,67,0,10,0,28,0,44,0,88,0,76,0,12,0,17,0,75,0,20,0,12,0,70,0,68,0,29,0,18,0,20,0,24,0,16,0,10,0,16,0,30,0,70,0,58,0,17,0,27,0,Long Stride Default,0,72,0,82,0,84,0,74,0,71,0,31,0,27,0,31,0,37,0,29,0,40,0,23,0,80,0,61,0,19,0
Luke,Fortner,Jacksonville Jaguars,C,Kentucky,27,68,5/15/98,78,307,1,79,3,Agile - C,73,0,60,0,72,0,89,0,87,0,75,0,15,0,25,0,11,0,9,0,25,0,10,0,24,0,49,0,5,0,17,0,26,0,79,0,91,0,10,0,14,0,17,0,10,0,86,0,10,0,5,0,68,0,74,0,78,0,72,0,6,0,20,0,19,0,10,0,27,0,14,0,68,0,71,0,65,0,Default Stride Awkward,0,12,0,15,0,65,0,9,0,17,0,30,0,6,0,6,0,6,0,6,0,17,0,14,0,87,0,21,0,10,0
Malachi,Moore,NY Jets,SS,Alabama,23,68,9/13/01,71,197,1,27,0,Zone - S,89,0,80,0,82,0,89,0,61,0,68,0,65,0,51,0,14,0,53,0,61,0,58,0,70,0,83,0,26,0,33,0,78,0,58,0,88,0,64,0,16,0,20,0,42,0,25,0,64,0,30,0,68,0,35,0,35,0,35,0,6,0,65,0,35,0,66,0,74,0,33,0,35,0,35,0,35,0,Default Stride Loose,0,35,0,61,0,87,0,57,0,43,0,67,0,6,0,6,0,6,0,6,0,25,0,12,0,86,0,46,0,71,0
Marlon,Tuipulotu,Kansas City Chiefs,DT,USC,26,68,6/1/99,74,307,1,92,4,,67,0,61,0,75,0,72,0,87,0,70,0,19,0,74,0,12,0,18,0,37,0,17,0,33,0,57,0,3,0,61,0,76,0,84,0,87,0,19,0,16,0,21,0,10,0,50,0,15,0,5,0,68,0,53,0,52,0,54,0,6,0,71,0,70,0,15,0,75,0,14,0,52,0,53,0,51,0,Long Stride Loose,0,10,0,17,0,69,0,17,0,28,0,78,0,6,0,6,0,6,0,6,0,10,0,10,0,86,0,29,0,20,0
Matt,Henningsen,Denver Broncos,DT,Wisconsin,26,68,5/1/99,75,291,1,91,3,,77,0,77,0,89,0,75,0,82,0,69,0,22,0,74,0,15,0,26,0,40,0,24,0,33,0,72,0,10,0,52,0,79,0,85,0,87,0,22,0,18,0,18,0,10,0,34,0,13,0,13,0,68,0,46,0,46,0,46,0,9,0,67,0,66,0,12,0,72,0,22,0,48,0,48,0,48,0,Default Stride Awkward,0,16,0,28,0,73,0,20,0,27,0,79,0,9,0,9,0,9,0,9,0,23,0,17,0,87,0,33,0,17,0
Matt,Peart,Denver Broncos,LT,Connecticut,28,68,6/11/97,79,318,1,79,5,Agile - OT,73,0,54,0,74,0,82,0,86,0,75,0,15,0,29,0,12,0,6,0,40,0,15,0,27,0,49,0,5,0,22,0,20,0,80,0,82,0,10,0,12,0,15,0,10,0,83,0,12,0,5,0,68,0,73,0,74,0,70,0,5,0,32,0,28,0,10,0,33,0,15,0,71,0,73,0,68,0,Default Stride Awkward,0,15,0,15,0,69,0,10,0,10,0,37,0,5,0,5,0,5,0,5,0,11,0,10,0,89,0,24,0,13,0
Max,Mitchell,NY Jets,RG,UL Lafayette,25,68,10/12/99,78,299,1,61,3,Agile - G,72,0,55,0,64,0,84,0,85,0,75,0,16,0,25,0,14,0,12,0,29,0,13,0,24,0,58,0,5,0,13,0,26,0,79,0,91,0,14,0,19,0,22,0,10,0,85,0,10,0,5,0,68,0,68,0,70,0,65,0,6,0,20,0,15,0,10,0,32,0,12,0,73,0,74,0,72,0,Long Stride Awkward,0,15,0,15,0,62,0,11,0,29,0,29,0,5,0,6,0,8,0,6,0,24,0,10,0,86,0,25,0,10,0
Michael,Jordan,Tampa Bay Buccaneers,LG,Ohio State,27,68,1/25/98,78,315,1,60,6,Agile - G,61,0,59,0,79,0,83,0,79,0,75,0,10,0,15,0,12,0,9,0,40,0,10,0,30,0,51,0,10,0,10,0,20,0,81,0,90,0,10,0,22,0,24,0,10,0,80,0,12,0,10,0,68,0,72,0,74,0,70,0,6,0,10,0,10,0,10,0,23,0,12,0,72,0,74,0,71,0,Default Stride Awkward,0,10,0,12,0,69,0,10,0,25,0,34,0,6,0,6,0,6,0,6,0,25,0,13,0,84,0,25,0,15,0
Mike,Morris,Seattle Seahawks,DT,Michigan,24,68,4/22/01,78,292,1,94,2,,84,0,69,0,71,0,69,0,82,0,63,0,45,0,79,0,7,0,29,0,52,0,41,0,51,0,61,0,11,0,59,0,81,0,85,0,90,0,42,0,14,0,17,0,10,0,29,0,25,0,16,0,68,0,40,0,40,0,40,0,6,0,65,0,69,0,35,0,74,0,19,0,45,0,45,0,45,0,Long Stride Awkward,0,25,0,45,0,74,0,35,0,47,0,75,0,5,0,5,0,11,0,6,0,22,0,8,0,88,0,44,0,32,0
Montrell,Washington,NY Giants,WR,Samford,26,68,3/14/99,70,170,1,80,3,,90,0,88,0,85,0,79,0,54,0,56,0,80,0,24,0,23,0,71,0,73,0,77,0,78,0,87,0,69,0,10,0,19,0,38,0,86,0,81,0,13,0,19,0,79,0,20,0,20,0,71,0,68,0,24,0,22,0,17,0,22,0,25,0,10,0,21,0,32,0,64,0,40,0,27,0,17,0,Short Stride Default,0,71,0,79,0,91,0,75,0,43,0,26,0,20,0,26,0,33,0,27,0,37,0,25,0,78,0,36,0,27,0
Monty,Rice,New England Patriots,ROLB,Georgia,26,68,1/8/99,72,233,1,45,4,Run Stopper - OLB,89,0,76,0,78,0,82,0,72,0,65,0,51,0,65,0,12,0,33,0,55,0,32,0,48,0,70,0,6,0,42,0,87,0,81,0,83,0,35,0,15,0,14,0,10,0,25,0,55,0,10,0,68,0,45,0,45,0,45,0,6,0,66,0,44,0,54,0,81,0,25,0,45,0,45,0,45,0,Default Stride Awkward,0,20,0,34,0,86,0,31,0,37,0,82,0,6,0,6,0,6,0,6,0,20,0,14,0,90,0,37,0,65,0
Moro,Ojomo,Philadelphia Eagles,DT,Texas,24,68,8/15/01,75,292,1,97,2,Power Rusher - DT,82,0,69,0,80,0,72,0,84,0,68,0,33,0,71,0,15,0,21,0,35,0,22,0,33,0,61,0,6,0,67,0,81,0,86,0,92,0,35,0,22,0,28,0,10,0,25,0,22,0,8,0,68,0,45,0,45,0,45,0,6,0,64,0,77,0,31,0,74,0,15,0,45,0,45,0,45,0,Default Stride Awkward,0,10,0,25,0,71,0,25,0,51,0,78,0,6,0,9,0,13,0,7,0,20,0,6,0,84,0,38,0,26,0
Myles,Bryant,Houston Texans,CB,Washington,27,68,1/2/98,69,185,1,27,5,Slot - CB,87,0,88,0,77,0,89,0,52,0,71,0,70,0,54,0,12,0,50,0,61,0,58,0,71,0,91,0,22,0,35,0,73,0,53,0,90,0,71,0,12,0,16,0,48,0,15,0,64,0,26,0,68,0,35,0,35,0,35,0,6,0,70,0,26,0,66,0,77,0,31,0,35,0,35,0,35,0,Short Stride Loose,0,32,0,61,0,91,0,63,0,36,0,63,0,6,0,6,0,16,0,6,0,42,0,12,0,87,0,27,0,60,0
Nathaniel,Watson,Cleveland Browns,LOLB,Mississippi St.,25,68,9/1/00,74,245,1,40,1,Run Stopper - OLB,87,0,72,0,76,0,82,0,68,0,68,0,62,0,69,0,12,0,49,0,54,0,53,0,62,0,72,0,6,0,59,0,83,0,78,0,90,0,54,0,14,0,15,0,25,0,41,0,58,0,8,0,68,0,35,0,33,0,35,0,5,0,64,0,72,0,56,0,78,0,14,0,45,0,41,0,41,0,Default Stride High and Tight,0,15,0,58,0,84,0,53,0,45,0,85,0,7,0,11,0,14,0,6,0,17,0,13,0,86,0,56,0,64,0
Nick,Leverett,Arizona Cardinals,RG,Rice,28,68,1/11/97,76,310,1,60,5,Pass Protector - G,60,0,55,0,73,0,84,0,85,0,76,0,18,0,21,0,12,0,13,0,25,0,15,0,28,0,45,0,5,0,15,0,35,0,82,0,90,0,19,0,11,0,16,0,10,0,76,0,10,0,5,0,68,0,75,0,73,0,77,0,6,0,12,0,15,0,10,0,23,0,20,0,68,0,67,0,69,0,Default Stride Awkward,0,10,0,15,0,67,0,22,0,15,0,34,0,6,0,6,0,6,0,6,0,22,0,10,0,76,0,29,0,10,0
Oronde,Gadsden II,Los Angeles Chargers,TE,Syracuse,22,68,6/25/03,77,241,1,86,0,Vertical Threat - TE,88,0,80,0,84,0,86,0,73,0,61,0,73,0,33,0,32,0,66,0,73,0,79,0,79,0,75,0,61,0,31,0,25,0,59,0,82,0,68,0,16,0,28,0,33,0,47,0,22,0,63,0,68,0,55,0,56,0,54,0,28,0,35,0,28,0,19,0,33,0,69,0,54,0,54,0,51,0,Long Stride Default,0,69,0,80,0,84,0,66,0,64,0,29,0,18,0,23,0,24,0,31,0,37,0,24,0,84,0,63,0,26,0
Otito,Ogbonnia,Los Angeles Chargers,DT,UCLA,25,68,8/25/00,76,320,1,93,3,,65,0,53,0,65,0,72,0,86,0,74,0,22,0,75,0,12,0,17,0,24,0,19,0,26,0,45,0,5,0,63,0,82,0,85,0,90,0,24,0,19,0,18,0,9,0,33,0,20,0,8,0,68,0,45,0,45,0,45,0,6,0,72,0,70,0,18,0,73,0,14,0,45,0,45,0,45,0,Long Stride Awkward,0,14,0,18,0,62,0,22,0,34,0,79,0,6,0,6,0,6,0,6,0,22,0,11,0,85,0,31,0,35,0
Owen,Pappoe,Arizona Cardinals,ROLB,Auburn,24,68,9/29/00,72,225,1,44,2,Run Stopper - OLB,92,0,77,0,85,0,84,0,77,0,65,0,58,0,61,0,22,0,45,0,55,0,54,0,62,0,74,0,8,0,60,0,86,0,65,0,87,0,70,0,12,0,17,0,30,0,24,0,66,0,10,0,68,0,35,0,35,0,35,0,10,0,61,0,55,0,54,0,87,0,15,0,40,0,40,0,40,0,Default Stride Loose,0,15,0,60,0,89,0,64,0,50,0,76,0,12,0,17,0,22,0,15,0,24,0,14,0,82,0,42,0,61,0
Phil,Mafah,Dallas Cowboys,HB,Clemson,22,68,10/24/02,73,234,0,37,0,Power Back - HB,88,0,80,0,79,0,88,0,75,0,74,0,78,0,41,0,34,0,78,0,90,0,53,0,67,0,79,0,45,0,28,0,39,0,45,0,88,0,77,0,30,0,27,0,80,0,33,0,30,0,50,0,68,0,53,0,43,0,41,0,27,0,35,0,34,0,30,0,46,0,48,0,38,0,35,0,36,0,Default Stride Loose,0,58,0,50,0,88,0,69,0,76,0,41,0,26,0,30,0,37,0,36,0,44,0,30,0,93,0,81,0,34,0
Rakim,Jarrett,Tampa Bay Buccaneers,WR,Maryland,24,68,1/24/01,72,190,1,18,2,,90,0,86,0,83,0,82,0,65,0,67,0,83,0,23,0,19,0,72,0,72,0,74,0,80,0,83,0,70,0,10,0,27,0,46,0,91,0,72,0,15,0,20,0,71,0,30,0,15,0,71,0,68,0,32,0,20,0,19,0,6,0,14,0,10,0,10,0,32,0,70,0,53,0,24,0,16,0,Default,0,72,0,77,0,91,0,69,0,59,0,27,0,6,0,10,0,15,0,10,0,21,0,21,0,90,0,48,0,24,0
Rashad,Weaver,NY Jets,RE,Pittsburgh,27,68,11/10/97,76,259,1,99,4,Power Rusher - DE,88,0,79,0,81,0,80,0,77,0,70,0,43,0,75,0,25,0,24,0,47,0,37,0,44,0,69,0,15,0,63,0,77,0,80,0,86,0,39,0,17,0,15,0,10,0,19,0,33,0,18,0,68,0,45,0,45,0,45,0,6,0,69,0,72,0,24,0,76,0,26,0,45,0,45,0,45,0,Long Stride Default,0,24,0,39,0,76,0,34,0,36,0,74,0,6,0,6,0,6,0,6,0,24,0,10,0,80,0,28,0,43,0
Rasheen,Ali,Baltimore Ravens,HB,Marshall,24,68,2/16/01,71,206,1,26,1,Elusive Back - HB,92,0,86,0,81,0,89,0,74,0,69,0,78,0,31,0,23,0,73,0,79,0,53,0,67,0,85,0,45,0,10,0,27,0,34,0,80,0,76,0,14,0,19,0,70,0,28,0,15,0,54,0,68,0,46,0,31,0,35,0,13,0,20,0,10,0,17,0,34,0,49,0,30,0,24,0,25,0,Default,0,61,0,53,0,92,0,71,0,69,0,35,0,12,0,15,0,21,0,15,0,25,0,11,0,80,0,69,0,20,0
Robert,Hainsey,Jacksonville Jaguars,C,Notre Dame,27,68,8/12/98,76,306,1,73,4,Power - C,69,0,64,0,69,0,85,0,87,0,82,0,10,0,33,0,16,0,12,0,34,0,21,0,22,0,49,0,5,0,15,0,23,0,81,0,89,0,10,0,11,0,13,0,10,0,79,0,13,0,5,0,68,0,72,0,70,0,73,0,6,0,20,0,25,0,10,0,29,0,13,0,70,0,70,0,70,0,Default Stride Awkward,0,15,0,15,0,64,0,10,0,19,0,25,0,6,0,6,0,6,0,6,0,21,0,11,0,91,0,24,0,11,0
Robert,Tonyan,Kansas City Chiefs,TE,Indiana St.,31,68,4/30/94,77,237,1,85,7,Vertical Threat - TE,88,0,78,0,86,0,83,0,74,0,62,0,66,0,33,0,35,0,58,0,73,0,78,0,84,0,72,0,56,0,10,0,22,0,62,0,84,0,68,0,12,0,17,0,10,0,50,0,15,0,60,0,68,0,56,0,50,0,53,0,22,0,39,0,10,0,25,0,34,0,72,0,58,0,55,0,58,0,Long Stride Loose,0,64,0,81,0,86,0,59,0,62,0,39,0,26,0,33,0,37,0,24,0,46,0,25,0,75,0,68,0,15,0
Russ,Yeast,Houston Texans,SS,Kansas State,26,68,5/8/99,70,195,1,25,3,Zone - S,90,0,89,0,89,0,89,0,62,0,70,0,66,0,47,0,15,0,57,0,59,0,48,0,67,0,83,0,18,0,54,0,65,0,46,0,92,0,73,0,12,0,15,0,35,0,20,0,64,0,23,0,68,0,30,0,30,0,30,0,15,0,69,0,43,0,65,0,73,0,30,0,30,0,30,0,30,0,Default,0,25,0,60,0,86,0,65,0,40,0,61,0,10,0,10,0,15,0,15,0,25,0,16,0,83,0,46,0,70,0
Ryan,Flournoy,Dallas Cowboys,WR,SE Missouri St.,25,68,10/27/99,73,200,1,19,1,,91,0,81,0,89,0,81,0,62,0,74,0,76,0,28,0,24,0,75,0,72,0,76,0,84,0,79,0,67,0,10,0,29,0,52,0,82,0,78,0,15,0,19,0,27,0,35,0,13,0,70,0,68,0,33,0,22,0,28,0,6,0,15,0,10,0,15,0,34,0,73,0,55,0,31,0,36,0,Long Stride Default,0,72,0,80,0,90,0,68,0,62,0,31,0,15,0,15,0,20,0,15,0,29,0,20,0,80,0,48,0,18,0
Rylie,Mills,Seattle Seahawks,DT,Notre Dame,24,68,8/20/01,77,296,1,98,0,,77,0,66,0,66,0,83,0,84,0,65,0,42,0,75,0,16,0,45,0,44,0,18,0,24,0,61,0,12,0,61,0,75,0,86,0,87,0,33,0,22,0,25,0,29,0,25,0,18,0,15,0,68,0,45,0,45,0,45,0,12,0,62,0,75,0,15,0,77,0,19,0,45,0,45,0,45,0,Long Stride Awkward,0,17,0,22,0,73,0,29,0,46,0,81,0,8,0,10,0,15,0,14,0,12,0,11,0,85,0,49,0,19,0
Sam,Okuayinonu,San Francisco 49ers,RE,Maryland,27,68,5/1/98,73,269,1,91,3,Power Rusher - DE,85,0,68,0,85,0,69,0,83,0,61,0,15,0,71,0,12,0,24,0,27,0,20,0,35,0,63,0,3,0,66,0,77,0,79,0,88,0,19,0,31,0,36,0,10,0,23,0,29,0,5,0,68,0,35,0,30,0,30,0,6,0,60,0,75,0,20,0,77,0,12,0,40,0,35,0,35,0,Short Stride Awkward,0,10,0,32,0,80,0,15,0,21,0,77,0,5,0,6,0,7,0,7,0,21,0,8,0,82,0,35,0,35,0
Sheldon,Day,Washington Commanders,DT,Notre Dame,31,68,7/1/94,73,294,1,98,9,Power Rusher - DT,75,0,66,0,74,0,76,0,82,0,73,0,24,0,70,0,12,0,13,0,37,0,26,0,34,0,58,0,3,0,63,0,81,0,84,0,87,0,21,0,17,0,17,0,9,0,32,0,29,0,5,0,68,0,44,0,45,0,44,0,6,0,70,0,75,0,13,0,75,0,15,0,45,0,45,0,46,0,Default Stride Awkward,0,13,0,28,0,69,0,17,0,35,0,79,0,6,0,6,0,6,0,6,0,23,0,10,0,88,0,32,0,45,0
Sione,Vaki,Detroit Lions,HB,Utah,24,68,7/30/01,72,208,1,33,1,Elusive Back - HB,91,0,83,0,89,0,80,0,74,0,69,0,76,0,61,0,51,0,75,0,84,0,53,0,69,0,82,0,49,0,52,0,78,0,65,0,92,0,81,0,33,0,35,0,77,0,45,0,57,0,56,0,68,0,53,0,36,0,39,0,26,0,64,0,43,0,59,0,77,0,58,0,42,0,35,0,38,0,Default,0,64,0,55,0,89,0,76,0,72,0,69,0,35,0,42,0,47,0,44,0,48,0,27,0,90,0,77,0,70,0
SirVocea,Dennis,Tampa Bay Buccaneers,ROLB,Pittsburgh,25,68,3/9/00,72,226,1,8,2,Pass Coverage - OLB,89,0,81,0,93,0,85,0,66,0,70,0,64,0,64,0,53,0,55,0,61,0,55,0,63,0,75,0,9,0,74,0,76,0,67,0,90,0,63,0,12,0,14,0,30,0,36,0,53,0,11,0,68,0,45,0,45,0,45,0,45,0,70,0,64,0,65,0,77,0,25,0,45,0,45,0,45,0,Default Stride High and Tight,0,15,0,61,0,85,0,56,0,52,0,81,0,42,0,44,0,46,0,53,0,48,0,33,0,84,0,44,0,70,0
Smael,Mondon Jr.,Philadelphia Eagles,MLB,Georgia,22,68,2/13/03,74,224,1,42,0,Field General - MLB,92,0,83,0,82,0,86,0,70,0,68,0,48,0,68,0,32,0,37,0,59,0,47,0,52,0,78,0,22,0,53,0,80,0,70,0,85,0,46,0,17,0,21,0,10,0,22,0,56,0,25,0,68,0,45,0,45,0,45,0,16,0,67,0,51,0,50,0,80,0,23,0,45,0,45,0,45,0,Default Stride High and Tight,0,28,0,48,0,86,0,45,0,41,0,81,0,19,0,22,0,25,0,30,0,26,0,19,0,92,0,41,0,65,0
Spencer,Burford,San Francisco 49ers,LG,UTSA,25,68,7/19/00,76,300,1,74,3,Agile - G,75,0,65,0,72,0,87,0,86,0,76,0,15,0,25,0,14,0,12,0,34,0,15,0,32,0,56,0,5,0,10,0,30,0,81,0,90,0,15,0,20,0,23,0,10,0,85,0,10,0,10,0,68,0,68,0,67,0,69,0,6,0,20,0,10,0,10,0,30,0,15,0,73,0,75,0,71,0,Default Stride Awkward,0,15,0,15,0,66,0,10,0,30,0,29,0,6,0,6,0,6,0,6,0,24,0,10,0,78,0,20,0,11,0
Steven,Sims,Seattle Seahawks,WR,Kansas,28,68,3/31/97,70,176,1,84,6,,92,0,85,0,77,0,81,0,53,0,68,0,79,0,27,0,22,0,72,0,70,0,76,0,79,0,82,0,69,0,10,0,26,0,46,0,87,0,80,0,16,0,17,0,85,0,24,0,13,0,70,0,68,0,40,0,17,0,10,0,13,0,18,0,10,0,18,0,33,0,67,0,46,0,14,0,22,0,Default Stride Loose,0,72,0,79,0,90,0,72,0,40,0,24,0,15,0,23,0,28,0,24,0,34,0,19,0,84,0,39,0,25,0
Tahj,Washington,Miami Dolphins,WR,USC,24,68,5/16/01,70,174,1,7,1,,87,0,89,0,83,0,84,0,53,0,48,0,81,0,25,0,22,0,75,0,76,0,78,0,82,0,88,0,74,0,10,0,21,0,37,0,86,0,81,0,11,0,11,0,76,0,23,0,10,0,73,0,68,0,25,0,20,0,18,0,6,0,15,0,10,0,10,0,25,0,68,0,39,0,26,0,19,0,Default Stride Loose,0,72,0,77,0,88,0,75,0,40,0,20,0,6,0,10,0,15,0,10,0,22,0,16,0,87,0,40,0,17,0
Thayer,Munford Jr,Las Vegas Raiders,RT,Ohio State,25,68,9/18/99,78,320,1,77,3,Power - OT,69,0,55,0,58,0,79,0,83,0,70,0,23,0,22,0,10,0,10,0,23,0,10,0,24,0,48,0,6,0,10,0,27,0,82,0,87,0,10,0,11,0,12,0,10,0,80,0,8,0,8,0,68,0,72,0,68,0,75,0,6,0,15,0,10,0,10,0,19,0,12,0,75,0,75,0,75,0,Long Stride Awkward,0,10,0,15,0,59,0,10,0,17,0,25,0,6,0,8,0,10,0,6,0,26,0,7,0,85,0,22,0,8,0
Theo,Jackson,Minnesota Vikings,FS,Tennessee,26,68,10/2/98,73,198,1,26,3,Zone - S,92,0,76,0,88,0,87,0,58,0,71,0,53,0,58,0,15,0,45,0,55,0,43,0,65,0,81,0,10,0,48,0,74,0,63,0,90,0,65,0,15,0,15,0,40,0,20,0,60,0,10,0,68,0,35,0,35,0,35,0,6,0,68,0,44,0,67,0,74,0,24,0,35,0,35,0,35,0,Default Stride Loose,0,10,0,57,0,90,0,60,0,44,0,67,0,6,0,6,0,6,0,6,0,25,0,10,0,83,0,44,0,66,0
Tip,Reiman,Arizona Cardinals,TE,Illinois,23,68,9/17/01,76,273,1,87,1,Possession - TE,88,0,82,0,84,0,81,0,77,0,66,0,69,0,37,0,12,0,67,0,75,0,78,0,80,0,75,0,48,0,17,0,41,0,64,0,88,0,62,0,19,0,21,0,18,0,62,0,14,0,53,0,68,0,62,0,58,0,62,0,6,0,17,0,17,0,17,0,34,0,61,0,66,0,63,0,67,0,Long Stride Default,0,60,0,73,0,84,0,58,0,62,0,34,0,6,0,10,0,15,0,10,0,28,0,15,0,87,0,66,0,21,0
Tonka,Hemingway,Las Vegas Raiders,DT,South Carolina,23,68,10/31/01,75,284,1,97,0,,84,0,72,0,78,0,84,0,81,0,66,0,47,0,80,0,13,0,44,0,63,0,55,0,54,0,65,0,32,0,70,0,75,0,75,0,93,0,25,0,22,0,27,0,22,0,22,0,27,0,37,0,68,0,45,0,45,0,45,0,12,0,63,0,74,0,29,0,74,0,43,0,45,0,45,0,45,0,Long Stride Default,0,42,0,53,0,72,0,22,0,32,0,75,0,7,0,10,0,14,0,15,0,21,0,18,0,92,0,59,0,37,0
Tremon,Smith,Houston Texans,CB,Central Arkansas,29,68,7/20/96,72,190,1,11,8,Zone - CB,94,0,83,0,82,0,88,0,58,0,68,0,70,0,42,0,26,0,57,0,76,0,71,0,78,0,84,0,34,0,29,0,48,0,30,0,90,0,77,0,13,0,17,0,88,0,26,0,62,0,41,0,68,0,37,0,22,0,26,0,20,0,69,0,22,0,71,0,67,0,50,0,34,0,24,0,22,0,Default Stride Loose,0,48,0,76,0,91,0,68,0,47,0,51,0,19,0,25,0,29,0,32,0,47,0,21,0,80,0,43,0,68,0
Trey,Taylor,Las Vegas Raiders,SS,Air Force,24,68,1/30/01,73,206,1,37,1,Zone - S,88,0,87,0,89,0,85,0,70,0,64,0,70,0,64,0,34,0,63,0,66,0,61,0,72,0,87,0,24,0,45,0,79,0,65,0,92,0,74,0,14,0,18,0,60,0,42,0,61,0,29,0,68,0,30,0,27,0,25,0,25,0,65,0,35,0,60,0,73,0,34,0,35,0,35,0,35,0,Default Stride High and Tight,0,33,0,65,0,86,0,70,0,45,0,70,0,28,0,33,0,35,0,33,0,37,0,22,0,90,0,57,0,71,0
Troy,Reeder,Los Angeles Rams,MLB,Delaware,30,68,9/13/94,75,245,1,51,6,Run Stopper - MLB,85,0,79,0,89,0,84,0,77,0,71,0,35,0,70,0,12,0,12,0,43,0,33,0,57,0,73,0,7,0,53,0,79,0,78,0,85,0,31,0,18,0,16,0,14,0,24,0,55,0,12,0,68,0,45,0,45,0,45,0,6,0,71,0,61,0,43,0,81,0,19,0,45,0,45,0,45,0,Long Stride Loose,0,19,0,35,0,87,0,22,0,41,0,78,0,6,0,6,0,6,0,6,0,25,0,16,0,81,0,34,0,56,0
Trystan,Colon,Detroit Lions,C,Missouri,27,68,3/23/98,75,313,1,67,5,Pass Protector - C,61,0,59,0,64,0,82,0,80,0,76,0,10,0,23,0,12,0,9,0,30,0,10,0,30,0,49,0,5,0,12,0,22,0,81,0,90,0,10,0,21,0,22,0,10,0,79,0,11,0,5,0,68,0,76,0,77,0,75,0,6,0,28,0,15,0,10,0,25,0,12,0,73,0,75,0,71,0,Default Stride Awkward,0,10,0,12,0,71,0,10,0,10,0,35,0,6,0,6,0,6,0,6,0,22,0,15,0,87,0,20,0,13,0
Tyler,Shough,New Orleans Saints,QB,Louisville,25,68,9/28/99,77,225,1,6,0,Strong Arm - QB,84,0,77,0,73,0,82,0,56,0,66,0,71,0,24,0,64,0,58,0,67,0,27,0,36,0,75,0,19,0,21,0,15,0,23,0,81,0,54,0,16,0,30,0,27,0,20,0,25,0,20,0,68,0,21,0,18,0,17,0,83,0,32,0,20,0,21,0,29,0,27,0,11,0,14,0,15,0,Long Stride Default,0,24,0,25,0,84,0,52,0,38,0,16,0,75,0,81,0,80,0,80,0,92,0,73,0,82,0,40,0,47,0
Tyler,Goodson,Indianapolis Colts,HB,Iowa,24,68,11/10/00,69,197,1,31,3,Elusive Back - HB,92,0,88,0,81,0,82,0,57,0,65,0,73,0,20,0,35,0,73,0,80,0,60,0,67,0,84,0,45,0,10,0,22,0,35,0,86,0,81,0,21,0,25,0,56,0,34,0,18,0,54,0,68,0,36,0,20,0,24,0,15,0,20,0,10,0,20,0,37,0,43,0,27,0,15,0,17,0,Short Stride Default,0,62,0,58,0,92,0,76,0,74,0,24,0,15,0,20,0,25,0,15,0,30,0,11,0,73,0,50,0,20,0
Tyler,Lacy,Jacksonville Jaguars,DT,Oklahoma St.,25,68,11/10/99,76,285,1,93,2,,81,0,65,0,71,0,72,0,86,0,64,0,23,0,73,0,11,0,23,0,41,0,33,0,37,0,58,0,10,0,61,0,81,0,85,0,88,0,40,0,9,0,10,0,10,0,35,0,24,0,15,0,68,0,40,0,40,0,40,0,6,0,63,0,67,0,32,0,73,0,15,0,45,0,45,0,45,0,Long Stride Awkward,0,25,0,34,0,69,0,36,0,45,0,81,0,6,0,6,0,6,0,6,0,21,0,16,0,87,0,39,0,30,0
Tyquan,Thornton,Kansas City Chiefs,WR,Baylor,25,68,8/7/00,74,182,1,2,3,Deep Threat - WR,91,0,82,0,89,0,88,0,55,0,66,0,73,0,21,0,25,0,69,0,76,0,76,0,81,0,84,0,75,0,10,0,18,0,39,0,85,0,72,0,14,0,18,0,72,0,24,0,12,0,73,0,68,0,25,0,23,0,25,0,26,0,17,0,10,0,18,0,30,0,66,0,46,0,28,0,19,0,Long Stride Loose,0,71,0,79,0,92,0,67,0,39,0,19,0,22,0,31,0,38,0,33,0,44,0,27,0,79,0,33,0,18,0
Will,Sheppard,Green Bay Packers,WR,Colorado,23,68,2/11/02,75,203,1,82,0,,91,0,80,0,89,0,83,0,68,0,67,0,82,0,27,0,17,0,75,0,71,0,81,0,79,0,81,0,71,0,22,0,24,0,45,0,88,0,78,0,17,0,23,0,55,0,26,0,21,0,72,0,68,0,29,0,22,0,28,0,18,0,29,0,21,0,22,0,28,0,68,0,50,0,33,0,27,0,Default,0,74,0,82,0,86,0,71,0,52,0,29,0,12,0,10,0,15,0,7,0,28,0,12,0,85,0,51,0,28,0
Zacch,Pickens,Chicago Bears,DT,South Carolina,25,68,3/6/00,76,300,1,96,2,,83,0,69,0,75,0,69,0,81,0,68,0,49,0,71,0,17,0,42,0,58,0,41,0,45,0,60,0,25,0,61,0,82,0,80,0,93,0,43,0,14,0,15,0,10,0,34,0,19,0,31,0,68,0,35,0,35,0,35,0,6,0,69,0,71,0,32,0,79,0,34,0,40,0,40,0,40,0,Long Stride Awkward,0,36,0,42,0,76,0,38,0,60,0,78,0,6,0,6,0,6,0,6,0,20,0,9,0,89,0,47,0,26,0
A.J.,Barner,Seattle Seahawks,TE,Michigan,23,67,5/3/02,78,251,1,88,1,Possession - TE,85,0,83,0,83,0,83,0,78,0,65,0,69,0,34,0,20,0,62,0,74,0,78,0,80,0,71,0,51,0,10,0,40,0,63,0,86,0,63,0,12,0,18,0,25,0,59,0,12,0,55,0,67,0,60,0,57,0,60,0,10,0,16,0,10,0,12,0,36,0,64,0,62,0,58,0,63,0,Long Stride Default,0,63,0,79,0,78,0,57,0,62,0,34,0,10,0,15,0,20,0,10,0,23,0,17,0,88,0,67,0,14,0
Andy,Isabella,San Francisco 49ers,WR,Massachusetts,28,67,11/18/96,69,188,1,7,6,,92,0,86,0,85,0,81,0,57,0,55,0,80,0,23,0,17,0,71,0,74,0,77,0,79,0,86,0,67,0,10,0,14,0,41,0,88,0,79,0,12,0,18,0,75,0,24,0,14,0,68,0,67,0,34,0,18,0,13,0,6,0,17,0,10,0,15,0,25,0,61,0,50,0,17,0,18,0,Short Stride Default,0,68,0,81,0,92,0,75,0,47,0,23,0,6,0,10,0,15,0,10,0,26,0,18,0,83,0,34,0,19,0
Braeden,Daniels,Miami Dolphins,RT,Utah,25,67,8/22/00,76,297,1,66,2,Agile - OT,80,0,66,0,75,0,83,0,79,0,75,0,10,0,25,0,12,0,11,0,40,0,10,0,34,0,60,0,5,0,25,0,34,0,68,0,92,0,10,0,32,0,38,0,10,0,81,0,12,0,5,0,67,0,73,0,78,0,68,0,6,0,22,0,23,0,10,0,24,0,12,0,68,0,72,0,63,0,Default Stride Awkward,0,10,0,12,0,73,0,10,0,10,0,36,0,6,0,6,0,6,0,6,0,15,0,14,0,80,0,10,0,11,0
Braiden,McGregor,NY Jets,RE,Michigan,24,67,7/12/01,77,267,1,55,1,Power Rusher - DE,86,0,73,0,80,0,79,0,73,0,68,0,43,0,71,0,11,0,29,0,40,0,25,0,39,0,62,0,5,0,63,0,78,0,79,0,86,0,42,0,30,0,31,0,10,0,28,0,24,0,7,0,67,0,45,0,45,0,45,0,6,0,65,0,68,0,35,0,82,0,12,0,45,0,45,0,45,0,Long Stride High and Tight,0,10,0,28,0,80,0,35,0,46,0,82,0,5,0,6,0,7,0,5,0,27,0,5,0,83,0,41,0,29,0
Brandon,Parker,Atlanta Falcons,RT,N.C. AT,29,67,10/21/95,80,320,1,75,7,Agile - OT,63,0,55,0,71,0,86,0,84,0,78,0,15,0,30,0,12,0,10,0,21,0,15,0,22,0,40,0,5,0,13,0,30,0,82,0,88,0,12,0,12,0,17,0,10,0,84,0,13,0,5,0,67,0,67,0,70,0,66,0,6,0,16,0,18,0,10,0,30,0,12,0,75,0,78,0,72,0,Long Stride Awkward,0,12,0,15,0,60,0,10,0,14,0,31,0,6,0,6,0,6,0,6,0,22,0,15,0,93,0,30,0,15,0
C.J.,Goodwin,Dallas Cowboys,CB,California,35,67,2/4/90,75,190,1,29,11,Manto Man - CB,94,0,81,0,89,0,85,0,66,0,60,0,70,0,48,0,14,0,54,0,69,0,65,0,68,0,79,0,32,0,38,0,46,0,47,0,89,0,73,0,22,0,20,0,54,0,17,0,67,0,39,0,67,0,30,0,24,0,25,0,6,0,62,0,31,0,74,0,65,0,62,0,32,0,27,0,32,0,Default Stride Loose,0,49,0,75,0,93,0,72,0,52,0,48,0,6,0,10,0,15,0,10,0,35,0,13,0,66,0,45,0,64,0
Cade,Stover,Houston Texans,TE,Ohio State,25,67,6/12/00,76,247,1,87,1,Possession - TE,88,0,70,0,83,0,82,0,74,0,69,0,73,0,56,0,16,0,68,0,70,0,75,0,78,0,70,0,52,0,51,0,60,0,66,0,89,0,68,0,14,0,15,0,15,0,67,0,44,0,59,0,67,0,58,0,56,0,56,0,10,0,45,0,53,0,33,0,60,0,65,0,64,0,59,0,58,0,Long Stride Default,0,64,0,76,0,84,0,59,0,67,0,58,0,10,0,15,0,20,0,10,0,26,0,14,0,86,0,67,0,50,0
Carson,Vinson,Baltimore Ravens,RT,Alabama AM,23,67,11/13/01,79,314,1,71,0,Agile - OT,70,0,63,0,71,0,86,0,81,0,70,0,13,0,37,0,13,0,14,0,26,0,15,0,28,0,52,0,5,0,14,0,25,0,83,0,87,0,10,0,11,0,14,0,13,0,79,0,11,0,5,0,67,0,74,0,74,0,72,0,6,0,22,0,23,0,10,0,31,0,17,0,73,0,74,0,71,0,Long Stride Awkward,0,15,0,29,0,68,0,10,0,21,0,24,0,6,0,6,0,6,0,6,0,15,0,11,0,87,0,25,0,14,0
Chandler,Brayboy,Jacksonville Jaguars,WR,Elon University,24,67,8/20/01,72,205,1,15,0,,91,0,87,0,89,0,83,0,64,0,60,0,80,0,29,0,23,0,72,0,72,0,75,0,75,0,82,0,71,0,20,0,25,0,38,0,87,0,75,0,20,0,20,0,81,0,24,0,18,0,72,0,67,0,27,0,17,0,20,0,17,0,14,0,20,0,18,0,34,0,70,0,45,0,29,0,22,0,Default,0,73,0,78,0,90,0,72,0,45,0,28,0,13,0,18,0,20,0,19,0,28,0,17,0,89,0,51,0,23,0
Charley,Hughlett,Philadelphia Eagles,LS,UCF,35,67,5/16/90,76,248,1,47,11,Power - LS,70,0,73,0,77,0,69,0,73,0,62,0,25,0,42,0,10,0,17,0,65,0,52,0,57,0,64,0,28,0,10,0,58,0,73,0,93,0,30,0,13,0,13,0,10,0,56,0,25,0,33,0,67,0,66,0,66,0,60,0,6,0,40,0,10,0,15,0,44,0,20,0,65,0,66,0,62,0,Default Stride Awkward,0,38,0,48,0,71,0,25,0,45,0,57,0,6,0,6,0,6,0,6,0,38,0,10,0,76,0,34,0,24,0
Chris,Rumph II,New Orleans Saints,LE,Duke,26,67,10/19/98,74,244,1,98,4,Smaller Speed Rusher - DE,88,0,80,0,80,0,79,0,74,0,60,0,27,0,67,0,12,0,17,0,40,0,25,0,36,0,74,0,7,0,72,0,77,0,75,0,89,0,37,0,16,0,15,0,10,0,19,0,37,0,9,0,67,0,45,0,45,0,45,0,6,0,57,0,59,0,33,0,78,0,23,0,45,0,45,0,45,0,Long Stride Loose,0,15,0,24,0,80,0,35,0,27,0,76,0,6,0,6,0,6,0,6,0,26,0,12,0,81,0,25,0,47,0
Christian,Jones,Arizona Cardinals,RT,Texas,25,67,5/12/00,77,318,1,75,1,Agile - OT,72,0,54,0,71,0,84,0,84,0,65,0,10,0,40,0,9,0,15,0,42,0,34,0,32,0,56,0,17,0,30,0,35,0,83,0,92,0,10,0,10,0,13,0,10,0,79,0,12,0,20,0,67,0,74,0,72,0,73,0,11,0,24,0,40,0,10,0,35,0,24,0,74,0,78,0,70,0,Long Stride Awkward,0,23,0,32,0,71,0,10,0,25,0,33,0,11,0,15,0,21,0,11,0,16,0,9,0,85,0,29,0,10,0
Christopher,Smith II,Las Vegas Raiders,FS,Georgia,25,67,5/1/00,71,195,1,29,2,Zone - S,92,0,77,0,80,0,90,0,57,0,71,0,71,0,48,0,13,0,58,0,62,0,53,0,70,0,80,0,13,0,45,0,77,0,46,0,87,0,70,0,25,0,30,0,52,0,19,0,66,0,18,0,67,0,30,0,30,0,30,0,6,0,70,0,31,0,60,0,67,0,24,0,35,0,35,0,35,0,Default Stride Loose,0,28,0,69,0,86,0,65,0,35,0,64,0,6,0,6,0,6,0,6,0,22,0,14,0,79,0,27,0,70,0
Chukwuma,Okorafor,NY Jets,RT,W. Michigan,28,67,8/8/97,78,320,1,79,7,Agile - OT,63,0,57,0,61,0,88,0,85,0,71,0,10,0,24,0,12,0,12,0,27,0,15,0,24,0,51,0,7,0,14,0,29,0,82,0,91,0,10,0,13,0,18,0,10,0,82,0,11,0,10,0,67,0,73,0,71,0,75,0,6,0,18,0,18,0,10,0,26,0,13,0,74,0,77,0,71,0,Long Stride Awkward,0,15,0,12,0,67,0,10,0,10,0,28,0,6,0,6,0,6,0,6,0,18,0,13,0,81,0,24,0,13,0
Cody,Schrader,Los Angeles Rams,HB,Missouri,25,67,9/8/99,69,214,1,32,1,Power Back - HB,90,0,77,0,81,0,83,0,73,0,70,0,79,0,27,0,31,0,79,0,92,0,52,0,68,0,75,0,52,0,17,0,29,0,44,0,88,0,76,0,16,0,20,0,56,0,43,0,18,0,58,0,67,0,48,0,35,0,38,0,28,0,24,0,13,0,20,0,35,0,58,0,46,0,33,0,36,0,Default,0,66,0,56,0,85,0,72,0,78,0,36,0,27,0,30,0,35,0,33,0,36,0,27,0,84,0,78,0,27,0
Colby,Wooden,Green Bay Packers,DT,Auburn,24,67,12/21/00,76,273,1,96,2,Speed Rusher - DT,87,0,68,0,76,0,77,0,78,0,72,0,36,0,70,0,12,0,35,0,35,0,23,0,28,0,66,0,9,0,72,0,85,0,74,0,92,0,42,0,8,0,11,0,10,0,44,0,24,0,11,0,67,0,40,0,40,0,40,0,8,0,73,0,68,0,10,0,73,0,14,0,45,0,45,0,45,0,Default Stride Bread Loaf,0,15,0,25,0,79,0,35,0,42,0,78,0,6,0,7,0,9,0,6,0,14,0,10,0,81,0,40,0,33,0
Cornelius,Johnson,Green Bay Packers,WR,Michigan,24,67,11/29/00,75,208,1,84,1,,91,0,86,0,88,0,85,0,63,0,59,0,76,0,34,0,20,0,71,0,71,0,80,0,77,0,82,0,69,0,10,0,30,0,40,0,91,0,75,0,12,0,18,0,45,0,28,0,17,0,72,0,67,0,26,0,15,0,15,0,15,0,18,0,10,0,17,0,40,0,71,0,46,0,31,0,27,0,Long Stride Default,0,73,0,81,0,91,0,67,0,51,0,37,0,10,0,10,0,15,0,15,0,23,0,19,0,88,0,50,0,21,0
Cory,Trice Jr,Pittsburgh Steelers,CB,Purdue,25,67,5/30/00,75,206,1,27,2,Slot - CB,91,0,92,0,85,0,89,0,67,0,57,0,69,0,57,0,22,0,60,0,64,0,62,0,72,0,89,0,31,0,38,0,81,0,58,0,85,0,70,0,13,0,15,0,56,0,15,0,60,0,33,0,67,0,35,0,35,0,35,0,6,0,59,0,42,0,78,0,73,0,48,0,35,0,35,0,35,0,Long Stride Loose,0,34,0,71,0,90,0,64,0,66,0,70,0,10,0,11,0,12,0,7,0,25,0,13,0,85,0,55,0,68,0
D.J.,Davidson,NY Giants,DT,Arizona St.,27,67,9/19/97,75,327,1,98,3,,69,0,64,0,71,0,72,0,83,0,70,0,23,0,72,0,14,0,22,0,35,0,16,0,34,0,55,0,10,0,60,0,77,0,81,0,88,0,19,0,16,0,15,0,10,0,40,0,12,0,11,0,67,0,45,0,45,0,45,0,10,0,72,0,71,0,16,0,77,0,15,0,50,0,50,0,50,0,Long Stride Awkward,0,13,0,18,0,65,0,17,0,24,0,80,0,13,0,16,0,20,0,13,0,22,0,12,0,86,0,30,0,13,0
Dallis,Flowers,San Francisco 49ers,CB,Pittsburg St.,28,67,6/4/97,73,196,1,35,3,Zone - CB,95,0,84,0,93,0,88,0,51,0,61,0,81,0,38,0,12,0,73,0,55,0,58,0,70,0,80,0,27,0,39,0,56,0,34,0,89,0,72,0,15,0,11,0,86,0,17,0,67,0,31,0,67,0,22,0,21,0,21,0,6,0,56,0,28,0,64,0,67,0,33,0,34,0,35,0,35,0,Default Stride Loose,0,35,0,64,0,91,0,66,0,52,0,43,0,6,0,6,0,6,0,6,0,27,0,15,0,68,0,36,0,73,0
Dante,Trader Jr.,Miami Dolphins,SS,Maryland,22,67,2/13/03,71,200,1,25,0,Zone - S,91,0,81,0,81,0,90,0,62,0,66,0,65,0,52,0,26,0,53,0,61,0,58,0,69,0,82,0,26,0,35,0,76,0,49,0,88,0,63,0,15,0,20,0,70,0,25,0,63,0,30,0,67,0,35,0,35,0,35,0,17,0,63,0,37,0,69,0,76,0,33,0,35,0,35,0,35,0,Default Stride Loose,0,35,0,60,0,84,0,57,0,43,0,66,0,14,0,18,0,22,0,22,0,34,0,19,0,87,0,45,0,72,0
Dare,Ogunbowale,Houston Texans,HB,Wisconsin,31,67,5/4/94,71,205,1,33,8,Elusive Back - HB,86,0,82,0,84,0,83,0,71,0,74,0,75,0,21,0,20,0,75,0,86,0,56,0,70,0,83,0,48,0,10,0,20,0,43,0,92,0,82,0,56,0,55,0,77,0,45,0,15,0,58,0,67,0,52,0,24,0,27,0,17,0,15,0,10,0,20,0,32,0,56,0,36,0,24,0,25,0,Short Stride Default,0,65,0,52,0,88,0,72,0,58,0,37,0,21,0,24,0,29,0,28,0,25,0,11,0,81,0,49,0,20,0
De'Antre,Prince,Jacksonville Jaguars,CB,Ole Miss,24,67,10/12/00,72,183,1,24,1,Zone - CB,93,0,85,0,89,0,85,0,53,0,59,0,65,0,40,0,12,0,59,0,57,0,58,0,72,0,80,0,31,0,29,0,67,0,42,0,92,0,72,0,13,0,21,0,60,0,15,0,64,0,40,0,67,0,31,0,22,0,23,0,6,0,61,0,22,0,71,0,72,0,29,0,30,0,24,0,25,0,Default Stride Loose,0,42,0,61,0,93,0,66,0,30,0,63,0,6,0,8,0,10,0,9,0,27,0,17,0,89,0,32,0,67,0
Dee,Winters,San Francisco 49ers,ROLB,TCU,24,67,10/17/00,71,227,1,53,2,Pass Coverage - OLB,93,0,81,0,77,0,87,0,66,0,68,0,73,0,56,0,15,0,57,0,62,0,63,0,65,0,71,0,45,0,56,0,87,0,62,0,85,0,71,0,11,0,11,0,55,0,31,0,67,0,48,0,67,0,35,0,35,0,35,0,15,0,67,0,42,0,49,0,80,0,40,0,35,0,35,0,35,0,Short Stride Loose,0,52,0,62,0,89,0,65,0,41,0,71,0,10,0,10,0,15,0,15,0,30,0,10,0,73,0,47,0,66,0
Dominic,Lovett,Detroit Lions,WR,Georgia,22,67,11/8/02,70,185,1,19,0,Deep Threat - WR,92,0,80,0,81,0,83,0,62,0,66,0,78,0,28,0,31,0,71,0,73,0,76,0,82,0,84,0,69,0,24,0,23,0,31,0,87,0,72,0,21,0,21,0,60,0,24,0,67,0,68,0,67,0,24,0,15,0,21,0,22,0,44,0,21,0,30,0,27,0,70,0,41,0,20,0,20,0,Default Stride Loose,0,69,0,76,0,92,0,68,0,47,0,33,0,10,0,10,0,12,0,15,0,12,0,24,0,82,0,55,0,50,0
Dominique,Hampton,Washington Commanders,ROLB,Washington,25,67,7/25/00,75,220,1,45,1,Run Stopper - OLB,91,0,89,0,92,0,83,0,70,0,60,0,62,0,66,0,26,0,59,0,62,0,59,0,64,0,85,0,31,0,30,0,89,0,70,0,92,0,71,0,21,0,25,0,45,0,42,0,63,0,30,0,67,0,31,0,25,0,29,0,9,0,59,0,40,0,73,0,78,0,33,0,41,0,40,0,39,0,Long Stride Loose,0,35,0,60,0,91,0,66,0,57,0,76,0,12,0,13,0,19,0,15,0,27,0,8,0,91,0,59,0,68,0
Dylan,Horton,Houston Texans,RE,TCU,25,67,8/21/00,76,275,1,92,2,Run Stopper - DE,82,0,70,0,82,0,81,0,73,0,68,0,48,0,69,0,11,0,27,0,40,0,25,0,39,0,65,0,5,0,64,0,79,0,76,0,91,0,42,0,30,0,31,0,10,0,28,0,24,0,7,0,67,0,45,0,45,0,45,0,6,0,70,0,69,0,35,0,81,0,12,0,45,0,45,0,45,0,Default Stride High and Tight,0,10,0,28,0,81,0,35,0,49,0,81,0,5,0,6,0,7,0,5,0,27,0,5,0,84,0,44,0,29,0
Edefuan,Ulofoshio,Buffalo Bills,ROLB,Washington,25,67,1/23/00,73,236,1,48,1,Run Stopper - OLB,91,0,84,0,92,0,84,0,71,0,60,0,51,0,65,0,11,0,37,0,52,0,55,0,58,0,76,0,7,0,65,0,75,0,67,0,82,0,59,0,35,0,36,0,35,0,28,0,66,0,13,0,67,0,44,0,42,0,41,0,12,0,57,0,68,0,57,0,83,0,15,0,45,0,41,0,40,0,Default Stride High and Tight,0,23,0,56,0,87,0,55,0,38,0,80,0,13,0,14,0,18,0,11,0,22,0,10,0,89,0,50,0,62,0
Elijah,Klein,Tampa Bay Buccaneers,RG,UTEP,25,67,4/8/00,76,319,1,79,1,Power - G,64,0,59,0,67,0,78,0,83,0,73,0,21,0,10,0,11,0,22,0,42,0,24,0,31,0,57,0,11,0,10,0,25,0,82,0,92,0,19,0,24,0,29,0,10,0,81,0,12,0,13,0,67,0,73,0,70,0,73,0,10,0,18,0,10,0,10,0,15,0,19,0,72,0,72,0,71,0,Default Stride Awkward,0,21,0,23,0,62,0,17,0,32,0,33,0,12,0,15,0,19,0,10,0,26,0,8,0,82,0,31,0,12,0
Eric,Scott Jr,Kansas City Chiefs,CB,Southern Miss,26,67,8/7/99,73,204,1,45,2,Zone - CB,90,0,81,0,93,0,87,0,62,0,68,0,70,0,55,0,23,0,57,0,59,0,57,0,70,0,79,0,16,0,34,0,65,0,49,0,90,0,71,0,15,0,15,0,56,0,23,0,62,0,21,0,67,0,30,0,30,0,30,0,15,0,71,0,26,0,74,0,64,0,24,0,35,0,35,0,35,0,Default Stride Loose,0,24,0,65,0,86,0,63,0,54,0,55,0,15,0,18,0,22,0,21,0,31,0,22,0,78,0,34,0,70,0
Eric,Saubert,Seattle Seahawks,TE,Drake,31,67,5/9/94,77,253,1,81,8,Possession - TE,83,0,72,0,85,0,80,0,75,0,69,0,73,0,32,0,13,0,68,0,75,0,75,0,78,0,63,0,54,0,19,0,39,0,66,0,90,0,68,0,22,0,26,0,10,0,51,0,12,0,58,0,67,0,61,0,60,0,61,0,6,0,20,0,20,0,10,0,36,0,63,0,63,0,63,0,60,0,Long Stride Loose,0,64,0,80,0,82,0,69,0,70,0,30,0,6,0,10,0,15,0,10,0,20,0,10,0,83,0,68,0,15,0
Ethan,Bonner,Miami Dolphins,CB,Stanford,25,67,10/23/99,73,186,1,27,2,Manto Man - CB,91,0,90,0,85,0,81,0,53,0,63,0,65,0,47,0,17,0,61,0,55,0,53,0,63,0,88,0,21,0,34,0,57,0,41,0,86,0,70,0,22,0,21,0,55,0,10,0,69,0,23,0,67,0,33,0,25,0,24,0,15,0,60,0,30,0,66,0,68,0,25,0,35,0,32,0,31,0,Default Stride Loose,0,25,0,57,0,92,0,66,0,42,0,50,0,6,0,10,0,15,0,13,0,25,0,16,0,78,0,34,0,64,0
Evan,Anderson,San Francisco 49ers,DT,FAU,23,67,2/14/02,73,320,1,58,1,,73,0,47,0,74,0,74,0,87,0,68,0,34,0,75,0,12,0,21,0,32,0,28,0,31,0,48,0,3,0,62,0,79,0,88,0,88,0,33,0,11,0,16,0,15,0,31,0,26,0,7,0,67,0,45,0,45,0,45,0,6,0,66,0,74,0,16,0,74,0,15,0,45,0,45,0,45,0,Long Stride Awkward,0,15,0,34,0,62,0,27,0,38,0,78,0,6,0,6,0,6,0,6,0,21,0,10,0,83,0,46,0,32,0
Gabriel,Murphy,Minnesota Vikings,LE,UCLA,24,67,10/13/00,74,247,1,59,1,Smaller Speed Rusher - DE,90,0,80,0,91,0,77,0,77,0,64,0,49,0,69,0,17,0,47,0,38,0,50,0,38,0,75,0,5,0,68,0,77,0,68,0,90,0,53,0,14,0,15,0,30,0,26,0,54,0,5,0,67,0,35,0,18,0,17,0,15,0,69,0,62,0,47,0,78,0,30,0,30,0,20,0,20,0,Long Stride Loose,0,15,0,43,0,83,0,45,0,51,0,73,0,5,0,10,0,15,0,20,0,37,0,21,0,80,0,37,0,55,0
Giovanni,Manu,Detroit Lions,LT,UBC,24,67,1/26/01,79,354,1,59,1,Power - OT,75,0,50,0,81,0,79,0,86,0,49,0,38,0,39,0,17,0,37,0,44,0,39,0,40,0,52,0,22,0,23,0,49,0,82,0,89,0,23,0,15,0,21,0,10,0,84,0,7,0,23,0,67,0,69,0,65,0,74,0,6,0,16,0,41,0,8,0,42,0,28,0,76,0,75,0,77,0,Long Stride Awkward,0,24,0,35,0,70,0,21,0,51,0,43,0,9,0,12,0,15,0,6,0,29,0,15,0,87,0,45,0,7,0
Gunnar,Helm,Tennessee Titans,TE,Texas,22,67,9/6/02,77,241,1,84,0,Possession - TE,80,0,79,0,80,0,90,0,74,0,69,0,71,0,44,0,32,0,65,0,71,0,74,0,80,0,73,0,59,0,34,0,34,0,62,0,91,0,65,0,20,0,25,0,26,0,56,0,24,0,60,0,67,0,59,0,58,0,60,0,18,0,21,0,40,0,10,0,45,0,67,0,60,0,58,0,61,0,Long Stride Loose,0,67,0,75,0,78,0,59,0,65,0,41,0,15,0,7,0,13,0,29,0,21,0,30,0,90,0,65,0,24,0
Ihmir,Smith-Marsette,NY Giants,WR,Iowa,26,67,8/29/99,73,185,1,87,4,,92,0,83,0,87,0,81,0,54,0,62,0,81,0,38,0,25,0,71,0,71,0,76,0,78,0,87,0,72,0,14,0,38,0,37,0,89,0,76,0,12,0,18,0,85,0,19,0,24,0,70,0,67,0,24,0,19,0,21,0,24,0,27,0,11,0,24,0,46,0,64,0,47,0,36,0,30,0,Default Stride Loose,0,70,0,76,0,90,0,74,0,47,0,45,0,36,0,42,0,47,0,40,0,63,0,29,0,82,0,38,0,32,0
Irv,Smith Jr,Houston Texans,TE,Alabama,27,67,8/9/98,74,240,1,83,6,Possession - TE,82,0,74,0,79,0,87,0,71,0,59,0,76,0,34,0,20,0,60,0,76,0,79,0,79,0,74,0,56,0,10,0,40,0,69,0,83,0,69,0,12,0,18,0,41,0,60,0,12,0,60,0,67,0,58,0,58,0,54,0,10,0,16,0,10,0,12,0,36,0,69,0,59,0,60,0,57,0,Default,0,67,0,78,0,86,0,68,0,73,0,34,0,10,0,15,0,20,0,10,0,23,0,17,0,87,0,72,0,14,0
Isaiah,Williams,Cincinnati Bengals,WR,Illinois,24,67,1/29/01,73,206,1,18,1,,92,0,91,0,88,0,80,0,59,0,64,0,78,0,23,0,49,0,73,0,76,0,77,0,81,0,92,0,64,0,10,0,22,0,40,0,90,0,77,0,30,0,28,0,79,0,29,0,10,0,67,0,67,0,30,0,15,0,15,0,51,0,17,0,10,0,13,0,29,0,71,0,44,0,32,0,29,0,Default Stride Loose,0,69,0,78,0,87,0,70,0,59,0,24,0,53,0,58,0,61,0,53,0,67,0,43,0,82,0,48,0,15,0
Jackson,Carman,Miami Dolphins,LG,Clemson,25,67,1/22/00,77,322,1,76,4,Power - G,54,0,52,0,55,0,83,0,89,0,67,0,10,0,34,0,12,0,10,0,30,0,10,0,24,0,47,0,5,0,10,0,22,0,82,0,92,0,10,0,20,0,22,0,10,0,81,0,12,0,5,0,67,0,68,0,65,0,71,0,6,0,10,0,10,0,10,0,21,0,12,0,70,0,68,0,73,0,Default Stride Awkward,0,10,0,12,0,58,0,10,0,10,0,28,0,6,0,6,0,6,0,6,0,21,0,13,0,81,0,10,0,12,0
Jakob,Johnson,Houston Texans,FB,Tennessee,30,67,12/15/94,75,255,1,43,6,Blocking - FB,72,0,69,0,71,0,83,0,82,0,70,0,52,0,57,0,12,0,30,0,75,0,43,0,60,0,65,0,34,0,58,0,70,0,70,0,86,0,52,0,25,0,25,0,30,0,80,0,41,0,42,0,67,0,68,0,46,0,50,0,6,0,56,0,68,0,23,0,68,0,40,0,68,0,57,0,53,0,Long Stride Default,0,50,0,38,0,77,0,46,0,67,0,71,0,6,0,6,0,6,0,6,0,30,0,14,0,82,0,75,0,48,0
Jalen,Rivers,Cincinnati Bengals,LT,Miami,22,67,9/12/02,78,319,1,74,0,Power - OT,65,0,56,0,69,0,85,0,83,0,67,0,13,0,23,0,12,0,12,0,40,0,18,0,21,0,49,0,5,0,23,0,27,0,87,0,82,0,15,0,23,0,13,0,24,0,80,0,11,0,5,0,67,0,72,0,72,0,75,0,6,0,29,0,34,0,10,0,21,0,18,0,72,0,72,0,74,0,Long Stride Awkward,0,16,0,18,0,63,0,12,0,13,0,24,0,6,0,6,0,6,0,6,0,23,0,12,0,83,0,32,0,13,0
Jalen,Brooks,Dallas Cowboys,WR,South Carolina,25,67,5/7/00,74,205,1,83,2,Slot - WR,90,0,80,0,84,0,80,0,61,0,72,0,77,0,25,0,24,0,73,0,71,0,78,0,82,0,81,0,70,0,10,0,22,0,32,0,87,0,75,0,15,0,19,0,60,0,18,0,12,0,72,0,67,0,21,0,24,0,30,0,12,0,15,0,10,0,15,0,20,0,66,0,38,0,25,0,17,0,Long Stride Default,0,73,0,81,0,86,0,70,0,49,0,28,0,10,0,15,0,20,0,19,0,25,0,16,0,82,0,47,0,16,0
Jamaree,Salyer,Los Angeles Chargers,RT,Georgia,25,67,7/13/00,76,325,1,68,3,Power - OT,68,0,59,0,62,0,84,0,88,0,75,0,17,0,35,0,12,0,15,0,30,0,15,0,23,0,55,0,5,0,24,0,30,0,84,0,90,0,10,0,14,0,13,0,10,0,79,0,10,0,5,0,67,0,72,0,71,0,73,0,6,0,17,0,30,0,10,0,34,0,8,0,69,0,68,0,71,0,Default Stride Awkward,0,15,0,15,0,63,0,10,0,22,0,33,0,6,0,6,0,6,0,6,0,14,0,10,0,84,0,25,0,10,0
James,Williams,Tennessee Titans,ROLB,Miami,22,67,2/15/03,76,231,1,52,1,Pass Coverage - OLB,89,0,79,0,74,0,81,0,71,0,67,0,67,0,57,0,39,0,62,0,65,0,65,0,69,0,73,0,23,0,47,0,88,0,67,0,89,0,66,0,14,0,15,0,50,0,34,0,69,0,28,0,67,0,35,0,35,0,35,0,15,0,65,0,54,0,81,0,78,0,42,0,35,0,35,0,35,0,Long Stride Loose,0,33,0,71,0,84,0,63,0,68,0,71,0,24,0,27,0,34,0,29,0,35,0,14,0,87,0,65,0,73,0
James,Winchester,Kansas City Chiefs,LS,Oklahoma,36,67,8/6/89,75,209,1,41,10,Accurate - LS,81,0,75,0,86,0,69,0,67,0,56,0,40,0,39,0,15,0,20,0,64,0,47,0,60,0,77,0,32,0,20,0,45,0,60,0,94,0,37,0,24,0,25,0,10,0,45,0,15,0,37,0,67,0,50,0,40,0,50,0,10,0,25,0,15,0,25,0,56,0,44,0,47,0,35,0,40,0,Default,0,42,0,49,0,80,0,39,0,38,0,42,0,10,0,10,0,10,0,10,0,40,0,10,0,75,0,32,0,25,0
Jamie,Sheriff,Seattle Seahawks,RE,South Alabama,25,67,8/18/00,73,254,1,50,1,Power Rusher - DE,87,0,77,0,80,0,78,0,78,0,67,0,40,0,71,0,12,0,22,0,42,0,27,0,43,0,68,0,5,0,63,0,75,0,78,0,90,0,38,0,22,0,21,0,10,0,26,0,39,0,5,0,67,0,45,0,45,0,45,0,6,0,64,0,68,0,37,0,77,0,16,0,45,0,45,0,45,0,Long Stride Loose,0,10,0,38,0,82,0,30,0,29,0,77,0,6,0,6,0,6,0,6,0,20,0,14,0,88,0,28,0,48,0
Jamin,Davis,NY Jets,MLB,Kentucky,26,67,12/12/98,75,234,1,52,4,Run Stopper - MLB,93,0,84,0,91,0,87,0,73,0,63,0,44,0,68,0,12,0,21,0,52,0,44,0,68,0,74,0,5,0,69,0,79,0,80,0,89,0,36,0,20,0,20,0,10,0,18,0,49,0,9,0,67,0,23,0,45,0,45,0,6,0,60,0,58,0,44,0,83,0,12,0,29,0,45,0,45,0,Long Stride Loose,0,18,0,52,0,89,0,28,0,35,0,83,0,6,0,6,0,6,0,6,0,24,0,12,0,76,0,28,0,55,0
Jamree,Kromah,Chicago Bears,RE,J. Madison,25,67,6/14/00,75,275,1,59,1,Run Stopper - DE,85,0,73,0,76,0,76,0,82,0,60,0,32,0,75,0,12,0,20,0,42,0,25,0,38,0,62,0,14,0,58,0,82,0,85,0,84,0,32,0,18,0,15,0,10,0,29,0,20,0,19,0,67,0,45,0,45,0,45,0,9,0,64,0,69,0,19,0,79,0,24,0,45,0,45,0,45,0,Default Stride Loose,0,22,0,27,0,79,0,22,0,37,0,78,0,9,0,9,0,9,0,9,0,23,0,17,0,83,0,39,0,27,0
Jarrett,Kingston,Carolina Panthers,LG,USC,25,67,12/2/99,76,308,1,61,1,Power - G,77,0,66,0,77,0,83,0,90,0,62,0,25,0,28,0,9,0,10,0,28,0,15,0,25,0,64,0,5,0,25,0,27,0,80,0,92,0,15,0,11,0,15,0,10,0,79,0,10,0,5,0,67,0,69,0,67,0,71,0,6,0,25,0,24,0,8,0,34,0,10,0,70,0,66,0,71,0,Default Stride Awkward,0,10,0,21,0,72,0,13,0,29,0,25,0,6,0,7,0,8,0,7,0,20,0,11,0,82,0,25,0,12,0
Jason,Brownlee,Kansas City Chiefs,WR,Southern Miss,26,67,1/30/99,74,198,1,89,2,Physical - WR,92,0,86,0,93,0,83,0,64,0,58,0,81,0,26,0,31,0,71,0,68,0,82,0,77,0,81,0,67,0,11,0,34,0,44,0,90,0,82,0,13,0,14,0,72,0,23,0,18,0,64,0,67,0,35,0,20,0,25,0,22,0,18,0,10,0,18,0,25,0,75,0,47,0,26,0,24,0,Default Stride Loose,0,61,0,85,0,86,0,74,0,64,0,30,0,12,0,20,0,26,0,26,0,30,0,27,0,85,0,51,0,23,0
Javon,Foster,Jacksonville Jaguars,RT,Missouri,25,67,3/31/00,77,313,1,62,1,Power - OT,71,0,61,0,79,0,85,0,83,0,72,0,10,0,37,0,8,0,5,0,40,0,17,0,25,0,50,0,5,0,35,0,40,0,81,0,92,0,10,0,14,0,18,0,10,0,79,0,20,0,5,0,67,0,70,0,72,0,72,0,5,0,34,0,42,0,10,0,38,0,12,0,76,0,72,0,72,0,Long Stride Awkward,0,10,0,18,0,62,0,10,0,10,0,44,0,6,0,9,0,12,0,5,0,15,0,7,0,87,0,19,0,26,0
Jaylan,Ford,New Orleans Saints,MLB,Texas,23,67,11/28/01,75,242,1,53,1,Run Stopper - MLB,84,0,81,0,81,0,84,0,73,0,69,0,56,0,76,0,15,0,42,0,64,0,63,0,73,0,75,0,14,0,60,0,85,0,80,0,95,0,61,0,21,0,24,0,35,0,39,0,54,0,21,0,67,0,35,0,30,0,30,0,9,0,66,0,64,0,52,0,79,0,15,0,45,0,40,0,40,0,Default Stride Loose,0,24,0,67,0,82,0,55,0,50,0,79,0,6,0,9,0,11,0,6,0,24,0,9,0,88,0,51,0,57,0
Jaylen,McCollough,Los Angeles Rams,SS,Tennessee,24,67,10/12/00,72,202,1,2,1,Zone - S,88,0,77,0,80,0,86,0,63,0,71,0,69,0,56,0,16,0,50,0,66,0,60,0,75,0,75,0,29,0,45,0,73,0,60,0,92,0,73,0,11,0,14,0,47,0,20,0,64,0,32,0,67,0,30,0,30,0,30,0,13,0,70,0,39,0,67,0,73,0,42,0,35,0,35,0,35,0,Default Stride Loose,0,35,0,64,0,85,0,66,0,52,0,66,0,10,0,10,0,15,0,18,0,28,0,12,0,88,0,38,0,71,0
Jaylin,Simpson,NY Jets,FS,Auburn,25,67,3/17/00,72,179,1,36,1,Hybrid - S,92,0,83,0,93,0,84,0,53,0,60,0,71,0,49,0,25,0,67,0,62,0,63,0,74,0,80,0,15,0,43,0,63,0,51,0,88,0,69,0,21,0,22,0,60,0,17,0,71,0,23,0,67,0,30,0,25,0,26,0,15,0,59,0,37,0,74,0,73,0,33,0,35,0,31,0,31,0,Default Stride Loose,0,33,0,67,0,90,0,65,0,45,0,60,0,21,0,23,0,34,0,25,0,35,0,15,0,75,0,41,0,73,0
Jaylinn,Hawkins,New England Patriots,FS,California,28,67,8/25/97,73,208,1,21,5,Zone - S,88,0,82,0,85,0,91,0,63,0,65,0,63,0,61,0,15,0,45,0,55,0,60,0,74,0,78,0,30,0,44,0,87,0,62,0,88,0,66,0,24,0,28,0,60,0,10,0,68,0,37,0,67,0,30,0,35,0,35,0,6,0,66,0,50,0,65,0,78,0,32,0,30,0,35,0,35,0,Default Stride Loose,0,40,0,72,0,88,0,61,0,51,0,60,0,6,0,6,0,6,0,6,0,27,0,12,0,81,0,48,0,74,0
Jaylon,Smith,Las Vegas Raiders,MLB,Notre Dame,30,67,6/14/95,74,240,1,54,9,Field General - MLB,86,0,81,0,86,0,82,0,73,0,67,0,47,0,65,0,12,0,23,0,45,0,28,0,56,0,71,0,5,0,69,0,84,0,81,0,85,0,47,0,19,0,19,0,10,0,22,0,61,0,5,0,67,0,45,0,43,0,44,0,6,0,67,0,62,0,52,0,79,0,22,0,45,0,44,0,44,0,Short Stride Default,0,15,0,33,0,84,0,32,0,39,0,80,0,6,0,6,0,6,0,6,0,25,0,10,0,85,0,32,0,67,0
JD,Bertrand,Atlanta Falcons,MLB,Notre Dame,25,67,5/5/00,73,235,1,40,1,Field General - MLB,87,0,75,0,79,0,83,0,70,0,72,0,51,0,73,0,15,0,27,0,56,0,47,0,53,0,74,0,6,0,54,0,81,0,78,0,89,0,54,0,24,0,25,0,25,0,36,0,60,0,8,0,67,0,40,0,35,0,35,0,7,0,73,0,65,0,62,0,82,0,25,0,45,0,45,0,45,0,Default Stride High and Tight,0,18,0,46,0,83,0,50,0,48,0,74,0,6,0,7,0,9,0,6,0,25,0,8,0,88,0,56,0,65,0
Jeffrey,Bassa,Kansas City Chiefs,ROLB,Oregon,22,67,9/20/02,73,228,1,31,0,Run Stopper - OLB,89,0,78,0,91,0,87,0,69,0,68,0,46,0,62,0,22,0,38,0,58,0,49,0,54,0,75,0,24,0,53,0,79,0,71,0,88,0,53,0,19,0,21,0,10,0,23,0,61,0,27,0,67,0,45,0,45,0,45,0,6,0,66,0,50,0,42,0,82,0,25,0,45,0,45,0,45,0,Default Stride High and Tight,0,30,0,51,0,85,0,47,0,40,0,80,0,6,0,6,0,6,0,6,0,25,0,12,0,88,0,41,0,66,0
Jeremiah,Trotter Jr,Philadelphia Eagles,LOLB,Clemson,22,67,12/24/02,72,230,1,54,1,Pass Coverage - OLB,85,0,79,0,80,0,83,0,69,0,71,0,50,0,67,0,24,0,41,0,59,0,63,0,67,0,72,0,23,0,68,0,87,0,66,0,91,0,50,0,15,0,17,0,40,0,40,0,65,0,27,0,67,0,35,0,31,0,31,0,13,0,73,0,61,0,55,0,79,0,31,0,35,0,29,0,31,0,Default Stride Loose,0,31,0,64,0,78,0,45,0,40,0,77,0,9,0,13,0,13,0,14,0,23,0,10,0,90,0,42,0,68,0
Jimmy,Horn Jr,Carolina Panthers,WR,Colorado,22,67,9/12/02,68,174,1,15,0,,91,0,83,0,87,0,84,0,61,0,69,0,79,0,26,0,23,0,70,0,74,0,75,0,77,0,85,0,71,0,20,0,19,0,32,0,88,0,73,0,25,0,24,0,78,0,22,0,64,0,72,0,67,0,21,0,15,0,23,0,16,0,37,0,18,0,25,0,24,0,68,0,41,0,15,0,16,0,Default Stride Loose,0,72,0,75,0,91,0,72,0,39,0,24,0,12,0,15,0,18,0,14,0,18,0,18,0,82,0,32,0,32,0
Jimmy,Garoppolo,Los Angeles Rams,QB,E. Illinois,33,67,11/2/91,74,225,1,11,11,Field General - QB,71,0,73,0,73,0,88,0,63,0,66,0,66,0,16,0,70,0,47,0,60,0,15,0,35,0,70,0,14,0,10,0,12,0,28,0,82,0,57,0,10,0,20,0,10,0,22,0,17,0,16,0,67,0,10,0,10,0,10,0,89,0,22,0,10,0,10,0,37,0,20,0,26,0,10,0,10,0,Default,0,17,0,25,0,74,0,56,0,39,0,16,0,79,0,78,0,85,0,80,0,85,0,79,0,91,0,41,0,19,0
JJ,Pegues,Las Vegas Raiders,DT,Ole Miss,23,67,11/25/01,75,309,1,92,0,,69,0,62,0,69,0,83,0,84,0,64,0,51,0,78,0,36,0,47,0,60,0,56,0,52,0,60,0,24,0,71,0,81,0,82,0,92,0,46,0,29,0,32,0,35,0,32,0,19,0,31,0,67,0,45,0,45,0,45,0,35,0,62,0,67,0,19,0,77,0,30,0,45,0,45,0,45,0,Default,0,37,0,48,0,67,0,42,0,56,0,77,0,31,0,34,0,38,0,38,0,46,0,39,0,94,0,62,0,20,0
Jonah,Williams,New Orleans Saints,RE,Weber State,30,67,8/17/95,77,275,1,54,5,Power Rusher - DE,78,0,73,0,83,0,73,0,82,0,66,0,30,0,74,0,12,0,35,0,42,0,27,0,37,0,59,0,12,0,63,0,82,0,82,0,90,0,24,0,13,0,17,0,10,0,36,0,16,0,15,0,67,0,46,0,46,0,46,0,9,0,67,0,70,0,18,0,73,0,22,0,45,0,45,0,45,0,Long Stride Awkward,0,18,0,32,0,78,0,22,0,41,0,81,0,9,0,9,0,9,0,9,0,23,0,17,0,78,0,39,0,20,0
Jordan,Magee,Washington Commanders,MLB,Temple,24,67,3/24/01,74,228,1,58,1,Pass Coverage - MLB,91,0,87,0,85,0,83,0,64,0,65,0,66,0,65,0,47,0,55,0,66,0,47,0,56,0,82,0,5,0,65,0,77,0,66,0,91,0,67,0,14,0,18,0,10,0,25,0,60,0,6,0,67,0,35,0,30,0,35,0,37,0,63,0,54,0,45,0,80,0,20,0,45,0,40,0,40,0,Default Stride Loose,0,10,0,53,0,87,0,65,0,48,0,79,0,42,0,46,0,50,0,44,0,54,0,32,0,88,0,57,0,64,0
Jose,Ramirez,Tampa Bay Buccaneers,RE,Eastern Michigan,26,67,5/9/99,74,242,1,33,2,Smaller Speed Rusher - DE,89,0,84,0,83,0,72,0,71,0,62,0,45,0,62,0,11,0,24,0,45,0,36,0,37,0,75,0,5,0,66,0,82,0,66,0,90,0,52,0,10,0,12,0,10,0,35,0,27,0,6,0,67,0,35,0,35,0,35,0,6,0,59,0,69,0,29,0,76,0,15,0,40,0,40,0,40,0,Default Stride Loose,0,10,0,35,0,81,0,44,0,35,0,78,0,6,0,6,0,6,0,6,0,19,0,10,0,84,0,42,0,32,0
Justin,Skule,Minnesota Vikings,LT,Vanderbilt,28,67,11/23/96,78,315,1,67,6,Agile - OT,64,0,64,0,65,0,81,0,85,0,72,0,14,0,30,0,12,0,8,0,22,0,26,0,28,0,54,0,7,0,17,0,38,0,78,0,86,0,13,0,22,0,20,0,10,0,82,0,12,0,13,0,67,0,70,0,73,0,68,0,6,0,21,0,22,0,10,0,33,0,47,0,72,0,75,0,69,0,Default Stride Awkward,0,22,0,24,0,65,0,10,0,10,0,32,0,6,0,6,0,6,0,6,0,18,0,10,0,85,0,24,0,12,0
Kamal,Hadden,Green Bay Packers,CB,Tennessee,24,67,1/17/01,73,192,1,36,1,Zone - CB,94,0,81,0,83,0,83,0,65,0,64,0,65,0,47,0,22,0,64,0,58,0,61,0,72,0,81,0,16,0,39,0,65,0,44,0,85,0,71,0,19,0,20,0,59,0,15,0,63,0,21,0,67,0,30,0,24,0,25,0,11,0,61,0,31,0,73,0,64,0,24,0,32,0,26,0,28,0,Default Stride Loose,0,26,0,67,0,87,0,64,0,45,0,51,0,6,0,10,0,15,0,21,0,35,0,10,0,82,0,47,0,74,0
Kene,Nwangwu,NY Jets,HB,Iowa State,27,67,2/9/98,73,210,1,34,4,Elusive Back - HB,94,0,87,0,86,0,82,0,68,0,65,0,73,0,25,0,23,0,73,0,83,0,43,0,61,0,82,0,42,0,10,0,21,0,36,0,88,0,78,0,15,0,17,0,90,0,31,0,11,0,45,0,67,0,45,0,29,0,26,0,23,0,16,0,10,0,15,0,33,0,45,0,33,0,23,0,18,0,Default Stride High and Tight,0,52,0,42,0,93,0,70,0,64,0,29,0,12,0,17,0,20,0,20,0,31,0,11,0,80,0,60,0,18,0
Kenny,Pickett,Cleveland Browns,QB,Pittsburgh,27,67,6/6/98,75,225,1,8,3,Scrambler - QB,87,0,80,0,80,0,87,0,68,0,63,0,82,0,25,0,75,0,72,0,51,0,22,0,45,0,78,0,12,0,5,0,16,0,25,0,88,0,70,0,40,0,51,0,12,0,16,0,9,0,15,0,67,0,16,0,12,0,15,0,80,0,19,0,5,0,9,0,29,0,18,0,20,0,15,0,19,0,Default Stride Loose,0,25,0,39,0,81,0,71,0,44,0,29,0,79,0,79,0,84,0,82,0,87,0,78,0,88,0,61,0,10,0
Khalid,Kareem,Atlanta Falcons,RE,Notre Dame,27,67,4/28/98,76,268,1,92,5,Power Rusher - DE,82,0,71,0,82,0,77,0,84,0,65,0,22,0,75,0,12,0,13,0,39,0,19,0,37,0,60,0,3,0,59,0,80,0,80,0,85,0,25,0,13,0,18,0,10,0,11,0,19,0,7,0,67,0,45,0,45,0,45,0,6,0,62,0,71,0,19,0,78,0,12,0,45,0,45,0,45,0,Long Stride Loose,0,14,0,18,0,79,0,19,0,26,0,75,0,6,0,6,0,6,0,6,0,18,0,10,0,81,0,29,0,28,0
Kimani,Vidal,Los Angeles Chargers,HB,Troy,24,67,8/28/01,68,213,1,30,1,Elusive Back - HB,90,0,84,0,87,0,91,0,70,0,66,0,79,0,29,0,20,0,75,0,87,0,51,0,68,0,82,0,56,0,10,0,31,0,29,0,90,0,76,0,16,0,20,0,72,0,27,0,12,0,60,0,67,0,47,0,34,0,38,0,15,0,17,0,10,0,15,0,35,0,57,0,27,0,22,0,16,0,Default Stride Loose,0,66,0,55,0,90,0,70,0,73,0,33,0,10,0,15,0,20,0,15,0,28,0,12,0,85,0,77,0,18,0
Kitan,Oladapo,Green Bay Packers,SS,Oregon State,24,67,10/20/00,74,216,1,27,1,Run Support - S,89,0,79,0,86,0,84,0,68,0,62,0,59,0,63,0,15,0,55,0,65,0,55,0,66,0,78,0,10,0,36,0,85,0,65,0,93,0,66,0,26,0,28,0,45,0,39,0,67,0,13,0,67,0,25,0,21,0,23,0,8,0,58,0,47,0,66,0,84,0,12,0,35,0,33,0,33,0,Default Stride High and Tight,0,15,0,61,0,86,0,64,0,52,0,73,0,6,0,8,0,9,0,7,0,27,0,9,0,88,0,57,0,68,0
Kris,Boyd,NY Jets,CB,Texas,28,67,9/12/96,71,195,1,17,6,Manto Man - CB,88,0,85,0,87,0,88,0,65,0,70,0,76,0,53,0,15,0,68,0,72,0,48,0,60,0,87,0,22,0,39,0,55,0,55,0,88,0,74,0,14,0,19,0,57,0,15,0,65,0,29,0,67,0,40,0,35,0,35,0,10,0,67,0,35,0,69,0,73,0,20,0,35,0,35,0,35,0,Default Stride Loose,0,38,0,62,0,90,0,64,0,49,0,59,0,10,0,10,0,10,0,10,0,20,0,12,0,80,0,46,0,68,0
Kurt,Hinish,Houston Texans,DT,Notre Dame,26,67,4/27/99,74,300,1,93,3,,78,0,67,0,70,0,66,0,88,0,65,0,28,0,71,0,12,0,19,0,34,0,18,0,37,0,63,0,3,0,48,0,78,0,88,0,88,0,15,0,11,0,14,0,10,0,32,0,12,0,7,0,67,0,45,0,45,0,45,0,6,0,67,0,70,0,14,0,72,0,24,0,45,0,45,0,45,0,Default Stride Awkward,0,15,0,20,0,70,0,14,0,31,0,77,0,6,0,6,0,6,0,6,0,19,0,10,0,84,0,33,0,19,0
LaBryan,Ray,Carolina Panthers,DT,Alabama,27,67,12/5/97,76,290,1,93,2,,70,0,62,0,71,0,75,0,83,0,69,0,39,0,72,0,12,0,24,0,40,0,20,0,40,0,64,0,4,0,48,0,82,0,86,0,80,0,28,0,12,0,13,0,5,0,18,0,16,0,8,0,67,0,35,0,35,0,35,0,6,0,68,0,67,0,15,0,69,0,26,0,45,0,45,0,45,0,Default Stride Awkward,0,15,0,24,0,68,0,31,0,40,0,84,0,6,0,6,0,6,0,6,0,20,0,10,0,76,0,35,0,19,0
Larrell,Murchison,Los Angeles Rams,DT,N.C. State,28,67,4/24/97,74,297,1,52,5,,68,0,57,0,72,0,74,0,87,0,70,0,51,0,72,0,12,0,34,0,58,0,14,0,39,0,55,0,5,0,70,0,78,0,85,0,86,0,41,0,17,0,17,0,9,0,50,0,18,0,5,0,67,0,48,0,45,0,45,0,6,0,71,0,65,0,13,0,76,0,15,0,45,0,45,0,50,0,Default Stride Awkward,0,13,0,16,0,70,0,37,0,45,0,76,0,6,0,6,0,6,0,6,0,23,0,10,0,85,0,52,0,20,0
Liam,Eichenberg,Miami Dolphins,RG,Notre Dame,27,67,1/19/98,77,306,1,74,4,Agile - G,70,0,66,0,67,0,90,0,85,0,77,0,15,0,17,0,12,0,21,0,24,0,15,0,24,0,53,0,5,0,10,0,29,0,79,0,92,0,12,0,13,0,12,0,10,0,76,0,12,0,8,0,67,0,66,0,66,0,66,0,6,0,25,0,10,0,10,0,18,0,12,0,73,0,76,0,70,0,Default Stride Awkward,0,10,0,21,0,68,0,10,0,23,0,26,0,6,0,6,0,6,0,6,0,21,0,11,0,76,0,25,0,15,0
Marcus,Harris,Buffalo Bills,DT,Auburn,24,67,9/27/00,74,286,1,72,1,,70,0,59,0,72,0,82,0,83,0,65,0,38,0,75,0,12,0,19,0,40,0,25,0,36,0,58,0,3,0,67,0,83,0,86,0,90,0,24,0,21,0,25,0,10,0,13,0,22,0,7,0,67,0,45,0,45,0,45,0,6,0,64,0,72,0,18,0,78,0,24,0,45,0,45,0,45,0,Long Stride Loose,0,15,0,20,0,67,0,17,0,33,0,81,0,6,0,6,0,6,0,6,0,19,0,10,0,88,0,41,0,31,0
Mason,Rudolph,Pittsburgh Steelers,QB,Oklahoma St.,30,67,7/17/95,77,235,1,2,7,Field General - QB,76,0,67,0,71,0,67,0,66,0,69,0,64,0,22,0,64,0,46,0,66,0,24,0,40,0,65,0,15,0,10,0,17,0,24,0,91,0,49,0,16,0,20,0,14,0,20,0,10,0,19,0,67,0,14,0,10,0,13,0,77,0,20,0,10,0,10,0,32,0,18,0,17,0,10,0,13,0,Long Stride High and Tight,0,24,0,20,0,74,0,40,0,44,0,31,0,77,0,79,0,85,0,72,0,86,0,78,0,87,0,47,0,16,0
Matt,Hennessy,San Francisco 49ers,C,Temple,27,67,11/17/97,75,307,1,61,5,Agile - C,69,0,69,0,74,0,88,0,85,0,64,0,10,0,20,0,12,0,8,0,30,0,15,0,26,0,57,0,5,0,10,0,28,0,81,0,88,0,10,0,25,0,25,0,10,0,80,0,12,0,5,0,67,0,72,0,74,0,69,0,6,0,15,0,10,0,10,0,30,0,15,0,76,0,78,0,74,0,Default Stride Awkward,0,15,0,15,0,66,0,10,0,29,0,21,0,6,0,6,0,6,0,6,0,27,0,10,0,93,0,27,0,15,0
Matthew,Butler,Miami Dolphins,DT,Tennessee,26,67,6/10/99,76,295,1,91,3,,82,0,54,0,82,0,73,0,80,0,71,0,33,0,72,0,12,0,28,0,37,0,30,0,36,0,51,0,20,0,59,0,77,0,81,0,91,0,32,0,17,0,17,0,10,0,30,0,14,0,25,0,67,0,44,0,44,0,44,0,6,0,70,0,67,0,12,0,77,0,26,0,45,0,45,0,45,0,Default Stride Awkward,0,29,0,31,0,72,0,26,0,34,0,80,0,6,0,6,0,6,0,6,0,23,0,12,0,80,0,32,0,17,0
Micah,Robinson,Green Bay Packers,CB,Tulane,23,67,2/5/02,71,183,1,26,0,Zone - CB,94,0,79,0,84,0,86,0,58,0,64,0,58,0,48,0,26,0,45,0,65,0,62,0,75,0,78,0,17,0,23,0,49,0,40,0,88,0,74,0,29,0,21,0,80,0,23,0,63,0,20,0,67,0,35,0,35,0,25,0,17,0,63,0,25,0,65,0,74,0,26,0,35,0,35,0,25,0,Default,0,20,0,70,0,92,0,67,0,36,0,64,0,10,0,13,0,15,0,7,0,22,0,20,0,87,0,27,0,67,0
Miles,Killebrew,Pittsburgh Steelers,SS,Southern Utah,32,67,5/10/93,74,222,1,28,9,Run Support - S,85,0,82,0,86,0,81,0,76,0,70,0,53,0,59,0,18,0,48,0,76,0,44,0,69,0,75,0,10,0,46,0,89,0,64,0,90,0,69,0,18,0,21,0,42,0,19,0,54,0,10,0,67,0,25,0,33,0,34,0,6,0,71,0,51,0,67,0,73,0,23,0,19,0,33,0,33,0,Long Stride Default,0,20,0,63,0,86,0,57,0,48,0,70,0,6,0,6,0,6,0,6,0,27,0,12,0,87,0,53,0,60,0
Mitchell,Evans,Carolina Panthers,TE,Notre Dame,22,67,3/18/03,77,253,1,84,0,Vertical Threat - TE,85,0,79,0,81,0,84,0,73,0,65,0,72,0,38,0,35,0,67,0,69,0,80,0,78,0,70,0,59,0,33,0,40,0,67,0,78,0,67,0,28,0,23,0,25,0,54,0,29,0,60,0,67,0,57,0,53,0,57,0,30,0,34,0,30,0,19,0,38,0,65,0,60,0,54,0,54,0,Long Stride Default,0,67,0,78,0,81,0,63,0,62,0,38,0,20,0,25,0,30,0,35,0,41,0,31,0,80,0,67,0,34,0
Mitchell,Fraboni,Denver Broncos,LS,Arizona St.,28,67,10/28/96,74,223,1,48,4,Accurate - LS,76,0,66,0,73,0,77,0,75,0,54,0,51,0,41,0,15,0,25,0,60,0,39,0,45,0,66,0,35,0,10,0,52,0,65,0,88,0,42,0,14,0,15,0,10,0,50,0,17,0,40,0,67,0,54,0,51,0,49,0,10,0,32,0,10,0,15,0,49,0,24,0,54,0,45,0,51,0,Default Stride Awkward,0,44,0,40,0,80,0,45,0,54,0,55,0,10,0,15,0,25,0,10,0,35,0,10,0,83,0,49,0,18,0
Mohamoud,Diabate,Cleveland Browns,MLB,Utah,24,67,5/18/01,76,225,1,43,2,Run Stopper - MLB,86,0,79,0,82,0,83,0,69,0,72,0,42,0,69,0,12,0,34,0,47,0,45,0,49,0,76,0,7,0,69,0,88,0,68,0,90,0,55,0,16,0,15,0,10,0,28,0,46,0,9,0,67,0,35,0,35,0,35,0,6,0,70,0,62,0,41,0,82,0,23,0,45,0,45,0,45,0,Default Stride High and Tight,0,15,0,45,0,87,0,48,0,35,0,79,0,6,0,6,0,6,0,6,0,26,0,12,0,84,0,45,0,53,0
Myles,Harden,Cleveland Browns,CB,South Dakota,23,67,12/13/01,71,195,1,26,1,Slot - CB,94,0,90,0,85,0,83,0,59,0,53,0,57,0,49,0,22,0,62,0,55,0,57,0,71,0,95,0,27,0,34,0,73,0,43,0,87,0,75,0,11,0,11,0,55,0,19,0,63,0,30,0,67,0,30,0,25,0,25,0,14,0,54,0,28,0,67,0,75,0,35,0,35,0,30,0,30,0,Default Stride Loose,0,32,0,62,0,89,0,72,0,37,0,74,0,19,0,22,0,23,0,17,0,24,0,13,0,88,0,30,0,62,0
Nick,Nash,Atlanta Falcons,WR,San Jose St.,26,67,7/8/99,75,203,1,80,0,Slot - WR,90,0,81,0,82,0,84,0,65,0,71,0,78,0,30,0,41,0,70,0,66,0,79,0,81,0,79,0,63,0,23,0,38,0,37,0,89,0,72,0,25,0,27,0,72,0,28,0,22,0,71,0,67,0,27,0,19,0,27,0,32,0,32,0,20,0,24,0,36,0,65,0,47,0,29,0,25,0,Long Stride Default,0,72,0,78,0,87,0,66,0,43,0,32,0,48,0,51,0,53,0,52,0,65,0,50,0,86,0,46,0,30,0
Nikko,Remigio,Kansas City Chiefs,WR,Fresno State,25,67,11/4/99,69,187,1,81,2,,91,0,79,0,86,0,84,0,63,0,61,0,82,0,26,0,19,0,75,0,71,0,75,0,82,0,83,0,69,0,10,0,23,0,38,0,87,0,80,0,20,0,20,0,82,0,21,0,13,0,72,0,67,0,29,0,15,0,20,0,17,0,16,0,10,0,17,0,33,0,67,0,44,0,20,0,24,0,Short Stride Default,0,73,0,76,0,87,0,74,0,46,0,31,0,10,0,10,0,15,0,10,0,29,0,19,0,83,0,40,0,18,0
Olisaemeka,Udoh,Tennessee Titans,LT,Elon University,28,67,2/14/97,78,320,1,72,6,Power - OT,72,0,65,0,71,0,88,0,87,0,74,0,10,0,35,0,12,0,9,0,25,0,15,0,21,0,53,0,5,0,22,0,29,0,80,0,90,0,10,0,11,0,12,0,10,0,81,0,13,0,5,0,67,0,67,0,66,0,68,0,6,0,34,0,32,0,10,0,36,0,15,0,72,0,70,0,74,0,Default Stride Awkward,0,15,0,15,0,70,0,10,0,10,0,34,0,6,0,6,0,6,0,6,0,18,0,13,0,81,0,10,0,20,0
Parry,Nickerson,Philadelphia Eagles,CB,Tulane,30,67,10/11/94,70,182,1,34,7,Manto Man - CB,92,0,84,0,81,0,87,0,55,0,60,0,72,0,50,0,17,0,52,0,67,0,75,0,74,0,81,0,10,0,36,0,56,0,47,0,80,0,78,0,15,0,15,0,46,0,17,0,72,0,13,0,67,0,35,0,35,0,35,0,6,0,62,0,28,0,73,0,78,0,13,0,35,0,35,0,35,0,Default Stride Loose,0,17,0,73,0,89,0,61,0,30,0,45,0,6,0,6,0,6,0,6,0,25,0,16,0,75,0,26,0,68,0
Perrion,Winfrey,Dallas Cowboys,DT,Oklahoma,25,67,8/5/00,76,290,1,99,3,,79,0,59,0,73,0,78,0,82,0,68,0,27,0,75,0,18,0,25,0,26,0,14,0,24,0,53,0,5,0,61,0,84,0,84,0,90,0,31,0,13,0,14,0,10,0,18,0,20,0,8,0,67,0,45,0,45,0,45,0,9,0,63,0,70,0,18,0,78,0,12,0,45,0,45,0,45,0,Long Stride Awkward,0,15,0,15,0,76,0,24,0,35,0,77,0,9,0,9,0,9,0,9,0,20,0,17,0,79,0,30,0,24,0
Que,Robinson,Denver Broncos,LE,Alabama,24,67,5/12/01,76,243,1,51,0,Smaller Speed Rusher - DE,88,0,80,0,83,0,87,0,73,0,69,0,42,0,65,0,23,0,28,0,52,0,46,0,56,0,74,0,17,0,60,0,78,0,74,0,87,0,46,0,20,0,22,0,10,0,27,0,59,0,20,0,67,0,45,0,45,0,45,0,6,0,67,0,58,0,51,0,82,0,24,0,45,0,45,0,45,0,Long Stride Bread Loaf,0,25,0,50,0,84,0,40,0,36,0,79,0,6,0,6,0,6,0,6,0,23,0,12,0,88,0,32,0,62,0
Quinton,Bohanna,Seattle Seahawks,DT,Kentucky,26,67,3/16/99,76,360,1,92,4,,68,0,53,0,72,0,74,0,92,0,68,0,15,0,72,0,30,0,10,0,25,0,15,0,27,0,46,0,5,0,60,0,75,0,87,0,88,0,13,0,22,0,19,0,10,0,34,0,13,0,7,0,67,0,45,0,45,0,45,0,23,0,70,0,64,0,12,0,72,0,15,0,45,0,45,0,45,0,Long Stride Default,0,12,0,15,0,56,0,10,0,23,0,76,0,21,0,26,0,30,0,30,0,40,0,28,0,85,0,34,0,16,0
Qwan'tez,Stiggers,NY Jets,CB,None,23,67,1/8/02,72,197,1,37,2,Zone - CB,94,0,83,0,86,0,84,0,60,0,60,0,66,0,54,0,23,0,57,0,57,0,61,0,73,0,81,0,16,0,34,0,68,0,56,0,92,0,69,0,15,0,15,0,55,0,32,0,67,0,21,0,67,0,30,0,24,0,25,0,15,0,62,0,26,0,60,0,70,0,24,0,35,0,31,0,30,0,Default Stride Loose,0,24,0,64,0,91,0,65,0,45,0,64,0,15,0,18,0,22,0,21,0,31,0,22,0,83,0,34,0,69,0
R.J.,Mickens,Los Angeles Chargers,SS,Clemson,24,67,7/10/01,72,199,1,27,0,Zone - S,91,0,81,0,95,0,88,0,63,0,64,0,63,0,53,0,14,0,51,0,60,0,56,0,66,0,80,0,24,0,35,0,76,0,50,0,90,0,61,0,15,0,19,0,42,0,25,0,64,0,28,0,67,0,35,0,35,0,35,0,6,0,60,0,36,0,69,0,77,0,31,0,35,0,35,0,35,0,Default Stride Loose,0,33,0,60,0,89,0,55,0,41,0,66,0,6,0,6,0,6,0,6,0,24,0,12,0,90,0,43,0,70,0
Raheem,Blackshear,Carolina Panthers,HB,Virginia Tech,26,67,6/5/99,69,190,1,3,3,Elusive Back - HB,93,0,89,0,81,0,82,0,55,0,60,0,76,0,20,0,29,0,79,0,77,0,69,0,68,0,87,0,58,0,10,0,23,0,38,0,88,0,81,0,16,0,18,0,83,0,40,0,15,0,62,0,67,0,39,0,35,0,32,0,15,0,23,0,10,0,14,0,36,0,57,0,33,0,23,0,28,0,Short Stride Loose,0,65,0,66,0,90,0,73,0,66,0,24,0,15,0,20,0,25,0,22,0,25,0,12,0,82,0,58,0,20,0
Ricky,White III,Seattle Seahawks,WR,UNLV,23,67,2/6/02,73,181,1,86,0,Deep Threat - WR,91,0,79,0,86,0,88,0,65,0,70,0,80,0,34,0,30,0,72,0,72,0,80,0,78,0,77,0,69,0,30,0,35,0,47,0,89,0,75,0,21,0,25,0,77,0,33,0,55,0,69,0,67,0,24,0,13,0,21,0,23,0,42,0,26,0,28,0,42,0,72,0,53,0,21,0,21,0,Default Stride Loose,0,71,0,81,0,89,0,72,0,50,0,46,0,26,0,21,0,14,0,9,0,20,0,21,0,87,0,50,0,53,0
Ronnie,Rivers,Los Angeles Rams,HB,Fresno State,26,67,1/31/99,69,195,1,20,3,Elusive Back - HB,91,0,86,0,87,0,82,0,63,0,63,0,76,0,25,0,25,0,76,0,81,0,66,0,69,0,82,0,52,0,16,0,25,0,30,0,87,0,84,0,18,0,20,0,76,0,32,0,15,0,60,0,67,0,46,0,24,0,23,0,10,0,21,0,20,0,14,0,27,0,46,0,39,0,29,0,30,0,Short Stride Loose,0,65,0,57,0,88,0,76,0,50,0,29,0,20,0,22,0,25,0,22,0,30,0,11,0,87,0,48,0,20,0
Ruben,Hyppolite II,Chicago Bears,MLB,Maryland,23,67,9/16/01,72,236,1,47,0,Field General - MLB,91,0,84,0,80,0,87,0,68,0,70,0,53,0,64,0,23,0,41,0,60,0,54,0,61,0,76,0,24,0,58,0,79,0,72,0,87,0,54,0,19,0,23,0,10,0,26,0,58,0,27,0,67,0,45,0,45,0,45,0,6,0,68,0,57,0,47,0,80,0,29,0,45,0,45,0,45,0,Default Stride High and Tight,0,32,0,58,0,88,0,51,0,47,0,79,0,6,0,6,0,6,0,6,0,24,0,11,0,87,0,43,0,64,0
Saahdiq,Charles,Dallas Cowboys,LG,LSU,26,67,7/26/99,76,322,1,77,4,Agile - G,62,0,69,0,68,0,83,0,85,0,78,0,12,0,30,0,12,0,11,0,26,0,16,0,20,0,53,0,5,0,26,0,30,0,79,0,87,0,15,0,12,0,15,0,11,0,83,0,12,0,8,0,67,0,67,0,69,0,65,0,6,0,35,0,22,0,10,0,33,0,12,0,70,0,71,0,69,0,Long Stride Awkward,0,10,0,14,0,70,0,10,0,20,0,35,0,6,0,6,0,6,0,6,0,17,0,14,0,86,0,30,0,12,0
Samori,Toure,Chicago Bears,WR,Nebraska,27,67,3/24/98,73,191,1,83,3,,87,0,90,0,83,0,83,0,53,0,64,0,77,0,26,0,22,0,63,0,65,0,73,0,78,0,85,0,72,0,10,0,28,0,40,0,91,0,78,0,17,0,18,0,45,0,19,0,18,0,69,0,67,0,23,0,23,0,25,0,6,0,19,0,10,0,14,0,37,0,63,0,48,0,30,0,32,0,Default,0,67,0,79,0,90,0,75,0,64,0,32,0,6,0,10,0,15,0,10,0,23,0,13,0,81,0,41,0,16,0
Shedeur,Sanders,Cleveland Browns,QB,Colorado,23,67,2/7/02,74,212,1,12,0,Scrambler - QB,81,0,81,0,75,0,92,0,65,0,58,0,76,0,36,0,81,0,68,0,61,0,25,0,32,0,79,0,18,0,34,0,33,0,23,0,94,0,65,0,27,0,21,0,22,0,26,0,31,0,15,0,67,0,27,0,27,0,30,0,81,0,42,0,35,0,32,0,33,0,25,0,15,0,27,0,30,0,Default Stride Loose,0,21,0,26,0,78,0,58,0,52,0,37,0,79,0,78,0,84,0,83,0,88,0,76,0,96,0,50,0,32,0
Shemar,Bartholomew,Carolina Panthers,CB,Ga. Southern,25,67,6/6/00,72,200,1,27,1,Zone - CB,93,0,79,0,85,0,82,0,60,0,71,0,68,0,52,0,14,0,52,0,61,0,59,0,71,0,77,0,12,0,38,0,63,0,49,0,86,0,71,0,19,0,21,0,55,0,15,0,63,0,16,0,67,0,30,0,30,0,30,0,8,0,70,0,31,0,60,0,76,0,19,0,35,0,35,0,35,0,Default Stride Loose,0,24,0,61,0,91,0,64,0,49,0,54,0,8,0,8,0,8,0,12,0,27,0,11,0,79,0,33,0,68,0
Shemar,Jean-Charles,Seattle Seahawks,CB,Appalach. St.,27,67,6/20/98,70,184,1,34,4,Manto Man - CB,87,0,84,0,84,0,86,0,61,0,69,0,60,0,39,0,12,0,37,0,54,0,54,0,56,0,85,0,21,0,32,0,42,0,39,0,90,0,73,0,11,0,13,0,55,0,18,0,70,0,24,0,67,0,35,0,35,0,35,0,6,0,71,0,31,0,67,0,69,0,28,0,35,0,35,0,35,0,Default Stride Loose,0,29,0,62,0,88,0,65,0,29,0,53,0,6,0,6,0,6,0,6,0,23,0,15,0,69,0,31,0,65,0
Simi,Fehoko,Arizona Cardinals,WR,Stanford,27,67,11/5/97,75,220,1,80,4,Deep Threat - WR,89,0,88,0,83,0,81,0,66,0,69,0,76,0,43,0,24,0,70,0,75,0,79,0,81,0,80,0,69,0,10,0,39,0,47,0,90,0,72,0,15,0,22,0,40,0,28,0,27,0,67,0,67,0,37,0,19,0,25,0,28,0,26,0,10,0,23,0,45,0,69,0,48,0,27,0,30,0,Long Stride High and Tight,0,68,0,80,0,90,0,70,0,48,0,43,0,10,0,10,0,15,0,10,0,25,0,18,0,83,0,44,0,38,0
T.J.,Bass,Dallas Cowboys,RG,Oregon,26,67,3/31/99,76,325,1,66,2,Power - G,71,0,52,0,71,0,82,0,85,0,69,0,41,0,43,0,18,0,40,0,50,0,40,0,45,0,47,0,30,0,41,0,52,0,79,0,92,0,41,0,11,0,15,0,9,0,79,0,12,0,37,0,67,0,69,0,68,0,73,0,6,0,46,0,55,0,10,0,52,0,42,0,71,0,70,0,75,0,Default Stride Awkward,0,42,0,42,0,56,0,35,0,45,0,47,0,6,0,6,0,6,0,6,0,18,0,14,0,87,0,45,0,14,0
Thomas,Booker IV,Philadelphia Eagles,DT,Stanford,25,67,11/11/99,75,301,1,59,3,,82,0,73,0,72,0,76,0,85,0,62,0,42,0,70,0,12,0,35,0,40,0,35,0,39,0,66,0,22,0,51,0,79,0,84,0,91,0,32,0,11,0,15,0,10,0,34,0,15,0,25,0,67,0,45,0,45,0,45,0,6,0,64,0,63,0,16,0,74,0,25,0,45,0,45,0,45,0,Default Stride Awkward,0,29,0,36,0,74,0,28,0,40,0,78,0,6,0,6,0,6,0,6,0,18,0,10,0,83,0,33,0,14,0
Tim,Smith,Indianapolis Colts,DT,Alabama,23,67,8/9/02,76,306,1,93,0,,71,0,60,0,60,0,78,0,83,0,67,0,31,0,74,0,11,0,21,0,37,0,18,0,21,0,58,0,12,0,56,0,82,0,83,0,93,0,17,0,18,0,18,0,22,0,22,0,16,0,14,0,67,0,45,0,45,0,45,0,12,0,66,0,67,0,11,0,73,0,16,0,45,0,45,0,45,0,Default Stride Awkward,0,16,0,18,0,68,0,15,0,37,0,80,0,7,0,10,0,15,0,16,0,16,0,12,0,90,0,33,0,12,0
Tommy,Togiai,Houston Texans,DT,Ohio State,25,67,9/19/99,74,296,1,72,4,,72,0,72,0,78,0,73,0,91,0,53,0,20,0,71,0,12,0,17,0,26,0,12,0,23,0,62,0,3,0,56,0,83,0,85,0,88,0,18,0,17,0,17,0,12,0,30,0,14,0,5,0,67,0,44,0,45,0,44,0,6,0,57,0,68,0,12,0,76,0,15,0,45,0,45,0,46,0,Long Stride Awkward,0,11,0,16,0,71,0,15,0,24,0,81,0,6,0,6,0,6,0,6,0,23,0,13,0,90,0,31,0,17,0
Tony,Brown II,Cleveland Browns,CB,Alabama,30,67,7/13/95,72,198,1,11,7,Manto Man - CB,91,0,88,0,77,0,87,0,58,0,64,0,52,0,47,0,17,0,44,0,61,0,28,0,57,0,85,0,11,0,44,0,51,0,47,0,89,0,73,0,12,0,18,0,45,0,17,0,68,0,15,0,67,0,35,0,35,0,35,0,6,0,67,0,37,0,69,0,68,0,33,0,35,0,35,0,35,0,Short Stride Loose,0,25,0,60,0,91,0,63,0,31,0,47,0,6,0,6,0,6,0,6,0,35,0,17,0,81,0,28,0,70,0
Tony,Fields II,Los Angeles Rams,MLB,West Virginia,26,67,6/18/99,72,222,1,40,4,Field General - MLB,91,0,78,0,82,0,83,0,64,0,74,0,40,0,62,0,12,0,31,0,59,0,54,0,66,0,64,0,31,0,60,0,84,0,75,0,89,0,45,0,19,0,19,0,10,0,22,0,60,0,32,0,67,0,45,0,43,0,44,0,6,0,74,0,44,0,40,0,84,0,41,0,45,0,44,0,44,0,Default Stride Loose,0,35,0,52,0,86,0,39,0,44,0,78,0,6,0,6,0,6,0,6,0,25,0,13,0,86,0,36,0,62,0
Trey,Sermon,Pittsburgh Steelers,HB,Ohio State,26,67,1/30/99,72,215,1,27,4,Elusive Back - HB,93,0,85,0,89,0,82,0,78,0,61,0,78,0,31,0,34,0,77,0,91,0,48,0,67,0,83,0,44,0,14,0,31,0,52,0,79,0,79,0,16,0,23,0,38,0,48,0,12,0,52,0,67,0,52,0,33,0,39,0,23,0,16,0,11,0,18,0,36,0,49,0,51,0,35,0,37,0,Long Stride High and Tight,0,61,0,49,0,85,0,70,0,77,0,34,0,26,0,30,0,34,0,30,0,37,0,19,0,78,0,78,0,17,0
Trikweze,Bridges,Los Angeles Chargers,CB,Florida,24,67,9/20/00,75,196,1,31,0,Zone - CB,94,0,83,0,83,0,85,0,62,0,64,0,72,0,47,0,32,0,50,0,59,0,63,0,73,0,80,0,32,0,37,0,52,0,42,0,91,0,72,0,28,0,23,0,78,0,24,0,68,0,33,0,67,0,35,0,35,0,25,0,24,0,61,0,24,0,64,0,70,0,35,0,35,0,35,0,25,0,Default Stride Loose,0,35,0,68,0,91,0,64,0,43,0,52,0,15,0,19,0,19,0,23,0,22,0,24,0,92,0,32,0,71,0
Ventrell,Miller,Jacksonville Jaguars,MLB,Florida,26,67,1/15/99,72,221,1,51,2,Field General - MLB,87,0,76,0,80,0,85,0,74,0,70,0,62,0,66,0,12,0,49,0,55,0,52,0,58,0,72,0,6,0,49,0,85,0,78,0,82,0,55,0,14,0,15,0,10,0,36,0,61,0,8,0,67,0,35,0,35,0,35,0,5,0,72,0,54,0,48,0,80,0,25,0,45,0,45,0,45,0,Short Stride Loose,0,15,0,54,0,83,0,48,0,45,0,74,0,7,0,11,0,14,0,6,0,17,0,13,0,90,0,45,0,69,0
Winston,Reid,Cleveland Browns,ROLB,Weber State,26,67,8/3/99,72,225,1,59,1,Run Stopper - OLB,88,0,73,0,81,0,84,0,77,0,63,0,55,0,67,0,13,0,42,0,62,0,60,0,62,0,69,0,6,0,50,0,77,0,77,0,90,0,64,0,15,0,20,0,15,0,15,0,47,0,12,0,67,0,45,0,45,0,45,0,10,0,65,0,58,0,48,0,81,0,12,0,45,0,45,0,45,0,Default Stride Loose,0,22,0,57,0,85,0,56,0,45,0,79,0,6,0,10,0,15,0,6,0,28,0,10,0,87,0,50,0,56,0
Yahya,Black,Pittsburgh Steelers,DT,Iowa,23,67,4/21/02,78,336,1,78,0,,66,0,63,0,65,0,82,0,85,0,68,0,30,0,75,0,14,0,22,0,37,0,18,0,22,0,55,0,10,0,62,0,80,0,83,0,87,0,21,0,21,0,22,0,27,0,25,0,9,0,13,0,67,0,45,0,45,0,45,0,12,0,68,0,70,0,12,0,75,0,12,0,45,0,45,0,45,0,Long Stride Awkward,0,16,0,18,0,60,0,16,0,37,0,79,0,8,0,10,0,11,0,15,0,15,0,14,0,87,0,30,0,14,0
Zach,Wilson,Miami Dolphins,QB,BYU,26,67,8/3/99,74,214,1,0,4,Strong Arm - QB,87,0,84,0,74,0,81,0,61,0,60,0,78,0,22,0,71,0,63,0,66,0,29,0,60,0,80,0,16,0,10,0,14,0,21,0,83,0,67,0,45,0,57,0,10,0,17,0,12,0,22,0,67,0,15,0,15,0,15,0,82,0,17,0,10,0,10,0,31,0,16,0,18,0,12,0,14,0,Default,0,34,0,31,0,83,0,65,0,51,0,23,0,79,0,75,0,81,0,77,0,93,0,75,0,87,0,40,0,15,0
Zech,McPhearson,Jacksonville Jaguars,CB,Texas Tech,27,67,3/21/98,71,191,1,34,4,Manto Man - CB,93,0,88,0,93,0,89,0,60,0,67,0,72,0,43,0,10,0,47,0,59,0,51,0,62,0,90,0,37,0,39,0,51,0,45,0,89,0,70,0,17,0,22,0,72,0,19,0,66,0,39,0,67,0,35,0,35,0,35,0,6,0,64,0,35,0,65,0,67,0,37,0,35,0,35,0,35,0,Short Stride Loose,0,42,0,65,0,88,0,66,0,35,0,60,0,6,0,6,0,6,0,6,0,20,0,10,0,85,0,36,0,67,0
Alec,Anderson,Buffalo Bills,LG,UCLA,25,66,10/3/99,77,305,1,70,2,Power - G,56,0,49,0,62,0,82,0,85,0,68,0,28,0,40,0,12,0,23,0,45,0,35,0,40,0,46,0,10,0,30,0,40,0,83,0,91,0,10,0,20,0,22,0,10,0,74,0,12,0,18,0,66,0,68,0,65,0,72,0,6,0,30,0,35,0,10,0,50,0,35,0,76,0,78,0,73,0,Long Stride Awkward,0,28,0,25,0,60,0,15,0,20,0,45,0,6,0,6,0,6,0,6,0,25,0,13,0,83,0,32,0,15,0
Alex,Forsyth,Denver Broncos,C,Oregon,26,66,2/13/99,76,312,1,54,2,Power - C,65,0,54,0,55,0,84,0,86,0,70,0,26,0,31,0,12,0,26,0,23,0,37,0,34,0,50,0,15,0,10,0,38,0,81,0,90,0,24,0,22,0,24,0,10,0,76,0,12,0,21,0,66,0,74,0,71,0,76,0,6,0,20,0,10,0,15,0,34,0,33,0,71,0,72,0,70,0,Default Stride Awkward,0,31,0,35,0,66,0,23,0,37,0,34,0,6,0,6,0,6,0,6,0,25,0,10,0,85,0,32,0,13,0
Alex,Wright,Cleveland Browns,LE,UAB,24,66,9/5/00,77,267,1,91,3,Power Rusher - DE,84,0,70,0,74,0,73,0,73,0,68,0,40,0,72,0,12,0,30,0,44,0,39,0,42,0,66,0,27,0,62,0,76,0,86,0,88,0,40,0,15,0,15,0,10,0,19,0,22,0,30,0,66,0,45,0,45,0,45,0,6,0,64,0,71,0,25,0,79,0,31,0,45,0,45,0,45,0,Long Stride Default,0,35,0,41,0,79,0,32,0,42,0,77,0,6,0,6,0,6,0,6,0,15,0,10,0,87,0,32,0,31,0
Ali,Gaye,Tennessee Titans,RE,LSU,26,66,11/29/98,78,263,1,99,2,Smaller Speed Rusher - DE,87,0,78,0,79,0,79,0,73,0,63,0,40,0,67,0,12,0,34,0,44,0,34,0,41,0,72,0,17,0,69,0,78,0,74,0,86,0,57,0,20,0,20,0,10,0,17,0,35,0,22,0,66,0,45,0,45,0,45,0,6,0,59,0,60,0,38,0,76,0,21,0,45,0,45,0,45,0,Default Stride Loose,0,28,0,35,0,82,0,42,0,38,0,75,0,6,0,6,0,6,0,6,0,25,0,12,0,79,0,27,0,46,0
Anfernee,Orji,Tennessee Titans,LOLB,Vanderbilt,24,66,10/6/00,74,230,1,59,2,Run Stopper - OLB,93,0,83,0,90,0,84,0,67,0,66,0,56,0,64,0,16,0,44,0,54,0,55,0,63,0,72,0,15,0,58,0,80,0,68,0,92,0,67,0,29,0,29,0,40,0,25,0,53,0,20,0,66,0,30,0,30,0,30,0,6,0,64,0,46,0,55,0,82,0,23,0,35,0,35,0,35,0,Default Stride Loose,0,25,0,60,0,87,0,63,0,44,0,75,0,10,0,12,0,15,0,7,0,24,0,15,0,88,0,45,0,64,0
Blake,Watson,Denver Broncos,HB,Memphis,25,66,10/14/99,69,195,1,25,1,Elusive Back - HB,91,0,80,0,91,0,87,0,72,0,67,0,77,0,33,0,25,0,75,0,84,0,53,0,70,0,84,0,52,0,10,0,28,0,39,0,88,0,76,0,18,0,29,0,73,0,31,0,18,0,58,0,66,0,50,0,38,0,32,0,18,0,26,0,10,0,22,0,43,0,55,0,44,0,33,0,24,0,Default,0,65,0,57,0,91,0,72,0,69,0,34,0,16,0,20,0,25,0,11,0,37,0,18,0,87,0,76,0,25,0
Brenden,Schooler,New England Patriots,FS,Texas,28,66,5/30/97,73,205,1,41,3,Zone - S,91,0,91,0,89,0,83,0,64,0,62,0,74,0,60,0,21,0,56,0,62,0,64,0,71,0,87,0,44,0,42,0,69,0,51,0,88,0,72,0,24,0,25,0,52,0,32,0,60,0,48,0,66,0,33,0,33,0,33,0,9,0,55,0,36,0,59,0,79,0,47,0,35,0,35,0,35,0,Default Stride Loose,0,50,0,67,0,92,0,65,0,45,0,61,0,13,0,16,0,20,0,22,0,27,0,11,0,87,0,47,0,65,0
Brenton,Cox,Green Bay Packers,LE,Florida,25,66,1/30/00,76,250,1,57,2,Power Rusher - DE,88,0,65,0,80,0,73,0,81,0,64,0,45,0,75,0,11,0,29,0,42,0,40,0,48,0,66,0,5,0,65,0,84,0,72,0,88,0,45,0,14,0,20,0,10,0,33,0,41,0,7,0,66,0,40,0,40,0,40,0,6,0,60,0,71,0,51,0,76,0,20,0,45,0,45,0,45,0,Long Stride High and Tight,0,15,0,43,0,78,0,45,0,54,0,73,0,6,0,6,0,6,0,6,0,25,0,16,0,79,0,47,0,46,0
Brian,Asamoah II,Minnesota Vikings,MLB,Oklahoma,25,66,3/29/00,72,226,1,6,3,Pass Coverage - MLB,92,0,83,0,81,0,82,0,71,0,67,0,39,0,63,0,12,0,28,0,55,0,35,0,54,0,75,0,5,0,55,0,85,0,80,0,89,0,44,0,12,0,15,0,10,0,22,0,64,0,6,0,66,0,45,0,45,0,45,0,6,0,66,0,48,0,46,0,81,0,25,0,45,0,45,0,45,0,Default Stride Loose,0,10,0,32,0,87,0,38,0,34,0,77,0,6,0,6,0,6,0,6,0,23,0,10,0,85,0,40,0,61,0
Brock,Wright,Detroit Lions,TE,Notre Dame,26,66,11/27/98,76,255,1,89,4,Possession - TE,89,0,73,0,78,0,84,0,79,0,74,0,59,0,35,0,13,0,45,0,73,0,75,0,79,0,72,0,53,0,10,0,26,0,68,0,84,0,58,0,21,0,22,0,10,0,56,0,11,0,58,0,66,0,58,0,56,0,58,0,6,0,16,0,10,0,13,0,34,0,60,0,59,0,56,0,60,0,Long Stride Default,0,64,0,76,0,86,0,48,0,51,0,43,0,6,0,10,0,15,0,10,0,26,0,10,0,83,0,55,0,14,0
Brock,Hoffman,Dallas Cowboys,C,Virginia Tech,26,66,7/2/99,76,302,1,67,3,Power - C,72,0,60,0,70,0,75,0,81,0,73,0,10,0,29,0,13,0,5,0,35,0,10,0,21,0,57,0,5,0,25,0,34,0,81,0,90,0,10,0,10,0,14,0,10,0,82,0,9,0,5,0,66,0,73,0,69,0,75,0,5,0,31,0,35,0,10,0,34,0,12,0,72,0,74,0,70,0,Default Stride Awkward,0,10,0,12,0,56,0,10,0,10,0,32,0,5,0,6,0,7,0,6,0,22,0,5,0,77,0,15,0,9,0
Bryce,Cabeldue,Seattle Seahawks,RG,Kansas,23,66,9/4/01,77,308,1,77,0,Power - G,77,0,61,0,71,0,87,0,90,0,67,0,18,0,34,0,12,0,5,0,41,0,13,0,30,0,61,0,5,0,29,0,44,0,80,0,86,0,10,0,13,0,13,0,10,0,78,0,11,0,5,0,66,0,68,0,66,0,69,0,6,0,20,0,31,0,10,0,27,0,13,0,70,0,69,0,71,0,Long Stride Awkward,0,12,0,16,0,74,0,10,0,22,0,41,0,6,0,6,0,6,0,6,0,19,0,11,0,87,0,18,0,11,0
Byron,Cowart,NY Jets,DT,Maryland,28,66,5/20/97,75,300,1,93,6,,66,0,60,0,74,0,68,0,85,0,63,0,33,0,75,0,12,0,24,0,26,0,18,0,40,0,58,0,4,0,73,0,80,0,85,0,83,0,31,0,12,0,16,0,10,0,18,0,21,0,8,0,66,0,45,0,45,0,45,0,9,0,66,0,69,0,25,0,73,0,15,0,45,0,45,0,45,0,Default Stride Loose,0,15,0,15,0,68,0,21,0,34,0,77,0,9,0,9,0,9,0,9,0,20,0,17,0,80,0,32,0,28,0
Cameron,Goode,Miami Dolphins,RE,California,27,66,4/15/98,75,245,1,53,3,Smaller Speed Rusher - DE,92,0,84,0,92,0,78,0,67,0,63,0,35,0,65,0,15,0,32,0,45,0,33,0,50,0,78,0,5,0,64,0,83,0,72,0,90,0,44,0,15,0,16,0,10,0,18,0,35,0,5,0,66,0,45,0,45,0,45,0,6,0,65,0,55,0,40,0,73,0,16,0,45,0,45,0,45,0,Default Stride Loose,0,15,0,40,0,85,0,39,0,33,0,73,0,6,0,6,0,6,0,6,0,25,0,11,0,65,0,34,0,43,0
Cameron,Williams,Philadelphia Eagles,LT,Texas,21,66,10/16/03,78,334,1,73,0,Power - OT,72,0,55,0,64,0,86,0,88,0,65,0,34,0,25,0,17,0,33,0,29,0,20,0,19,0,51,0,5,0,11,0,30,0,85,0,87,0,19,0,19,0,16,0,14,0,76,0,12,0,5,0,66,0,70,0,70,0,73,0,6,0,27,0,32,0,10,0,13,0,16,0,71,0,69,0,72,0,Long Stride Awkward,0,18,0,18,0,66,0,18,0,34,0,32,0,6,0,6,0,6,0,6,0,22,0,6,0,88,0,31,0,15,0
Carter,Warren,NY Jets,LT,Pittsburgh,26,66,1/19/99,77,323,1,67,2,Pass Protector - OT,73,0,67,0,69,0,82,0,82,0,73,0,40,0,24,0,18,0,32,0,55,0,51,0,48,0,57,0,29,0,10,0,31,0,76,0,87,0,33,0,11,0,12,0,10,0,68,0,8,0,35,0,66,0,74,0,76,0,73,0,9,0,16,0,10,0,10,0,22,0,43,0,63,0,67,0,60,0,Long Stride Awkward,0,45,0,47,0,64,0,25,0,29,0,30,0,11,0,13,0,15,0,8,0,23,0,8,0,78,0,31,0,9,0
Casey,Washington,Atlanta Falcons,WR,Illinois,24,66,3/6/01,72,200,1,82,1,,90,0,79,0,91,0,82,0,60,0,68,0,75,0,21,0,29,0,65,0,72,0,76,0,83,0,82,0,68,0,10,0,19,0,44,0,87,0,79,0,11,0,16,0,43,0,25,0,11,0,69,0,66,0,30,0,18,0,22,0,27,0,16,0,10,0,13,0,26,0,66,0,46,0,33,0,26,0,Long Stride Default,0,70,0,79,0,90,0,71,0,58,0,21,0,29,0,32,0,40,0,36,0,55,0,30,0,82,0,42,0,16,0
Charlie,Kolar,Baltimore Ravens,TE,Iowa State,26,66,2/10/99,78,250,1,88,3,Vertical Threat - TE,84,0,81,0,85,0,84,0,68,0,65,0,74,0,36,0,16,0,55,0,72,0,76,0,79,0,74,0,58,0,15,0,32,0,58,0,91,0,64,0,14,0,15,0,15,0,55,0,12,0,62,0,66,0,56,0,55,0,53,0,6,0,22,0,17,0,10,0,38,0,65,0,57,0,56,0,53,0,Long Stride Default,0,66,0,82,0,83,0,66,0,60,0,33,0,6,0,10,0,15,0,10,0,29,0,10,0,92,0,63,0,15,0
Chris,Brooks,Green Bay Packers,HB,BYU,25,66,1/11/00,73,223,1,30,2,Elusive Back - HB,88,0,81,0,86,0,85,0,71,0,62,0,77,0,31,0,28,0,78,0,92,0,47,0,65,0,78,0,43,0,10,0,25,0,41,0,90,0,80,0,22,0,20,0,42,0,36,0,12,0,50,0,66,0,55,0,37,0,40,0,16,0,17,0,14,0,19,0,35,0,48,0,39,0,29,0,24,0,Default,0,56,0,49,0,89,0,72,0,74,0,28,0,10,0,15,0,20,0,10,0,32,0,18,0,88,0,78,0,18,0
Chris,Collier,Las Vegas Raiders,HB,Wagner College,32,66,1/22/93,71,210,1,35,1,Elusive Back - HB,94,0,85,0,86,0,79,0,70,0,60,0,78,0,35,0,33,0,73,0,85,0,51,0,60,0,85,0,37,0,12,0,49,0,37,0,84,0,76,0,12,0,14,0,40,0,33,0,30,0,44,0,66,0,48,0,30,0,35,0,10,0,18,0,11,0,32,0,46,0,40,0,45,0,45,0,45,0,Default,0,51,0,52,0,89,0,69,0,66,0,39,0,14,0,20,0,24,0,10,0,27,0,17,0,82,0,75,0,37,0
Connor,Heyward,Pittsburgh Steelers,TE,Michigan St.,26,66,1/22/99,72,230,1,83,3,Possession - TE,86,0,72,0,79,0,80,0,68,0,68,0,79,0,46,0,42,0,68,0,81,0,78,0,78,0,67,0,49,0,21,0,60,0,64,0,90,0,63,0,37,0,42,0,64,0,68,0,15,0,56,0,66,0,58,0,57,0,58,0,26,0,31,0,25,0,10,0,50,0,60,0,58,0,54,0,55,0,Short Stride Default,0,65,0,77,0,82,0,60,0,71,0,40,0,24,0,20,0,32,0,35,0,37,0,26,0,91,0,73,0,15,0
Daijahn,Anthony,Cincinnati Bengals,SS,Ole Miss,24,66,9/9/00,72,205,1,33,1,Zone - S,92,0,87,0,88,0,84,0,56,0,59,0,64,0,53,0,21,0,62,0,58,0,60,0,69,0,88,0,15,0,44,0,85,0,60,0,93,0,71,0,15,0,17,0,60,0,28,0,64,0,20,0,66,0,35,0,35,0,35,0,16,0,57,0,37,0,63,0,76,0,26,0,35,0,35,0,35,0,Default Stride Loose,0,30,0,62,0,88,0,64,0,54,0,70,0,15,0,20,0,21,0,15,0,31,0,15,0,88,0,54,0,70,0
Damarion,Williams,Seattle Seahawks,CB,Houston,27,66,7/15/98,70,180,1,37,3,Zone - CB,93,0,83,0,83,0,91,0,57,0,62,0,71,0,42,0,19,0,57,0,58,0,55,0,64,0,90,0,31,0,35,0,56,0,43,0,90,0,78,0,17,0,14,0,60,0,14,0,65,0,36,0,66,0,30,0,30,0,30,0,6,0,66,0,27,0,66,0,76,0,29,0,32,0,32,0,32,0,Short Stride Loose,0,42,0,59,0,88,0,68,0,30,0,57,0,10,0,12,0,15,0,14,0,32,0,11,0,85,0,31,0,67,0
Dan,Jackson,Detroit Lions,FS,Georgia,24,66,11/30/00,72,194,1,28,0,Zone - S,93,0,80,0,82,0,85,0,62,0,62,0,66,0,52,0,14,0,53,0,64,0,54,0,64,0,83,0,18,0,33,0,77,0,55,0,87,0,65,0,15,0,19,0,42,0,25,0,64,0,22,0,66,0,35,0,35,0,35,0,6,0,58,0,34,0,65,0,78,0,26,0,35,0,35,0,35,0,Default Stride Loose,0,29,0,58,0,91,0,58,0,45,0,63,0,6,0,6,0,6,0,6,0,24,0,12,0,86,0,46,0,68,0
Daniel,Thomas,Jacksonville Jaguars,SS,Auburn,27,66,7/1/98,70,215,1,20,5,Run Support - S,89,0,81,0,88,0,87,0,65,0,67,0,60,0,60,0,17,0,47,0,58,0,48,0,63,0,81,0,11,0,30,0,82,0,62,0,92,0,67,0,22,0,17,0,50,0,14,0,61,0,15,0,66,0,12,0,35,0,35,0,6,0,65,0,26,0,63,0,79,0,20,0,16,0,35,0,35,0,Default Stride Loose,0,25,0,63,0,87,0,62,0,54,0,67,0,6,0,6,0,6,0,6,0,18,0,10,0,90,0,48,0,64,0
Darren,Hall,Arizona Cardinals,SS,San Diego St.,25,66,5/2/00,72,190,1,30,4,Zone - S,90,0,79,0,91,0,89,0,60,0,68,0,48,0,45,0,10,0,40,0,53,0,59,0,65,0,83,0,10,0,48,0,63,0,43,0,86,0,66,0,15,0,21,0,50,0,21,0,62,0,11,0,66,0,35,0,35,0,35,0,6,0,69,0,41,0,70,0,66,0,39,0,35,0,35,0,35,0,Short Stride Loose,0,21,0,63,0,90,0,58,0,39,0,59,0,6,0,6,0,6,0,6,0,27,0,16,0,84,0,42,0,70,0
Davis,Allen,Los Angeles Rams,TE,Clemson,24,66,2/3/01,78,250,1,87,2,Vertical Threat - TE,88,0,78,0,89,0,86,0,69,0,72,0,70,0,55,0,20,0,57,0,71,0,80,0,82,0,71,0,49,0,50,0,57,0,63,0,89,0,56,0,15,0,18,0,30,0,54,0,37,0,55,0,66,0,55,0,54,0,51,0,16,0,49,0,45,0,30,0,61,0,59,0,60,0,60,0,56,0,Long Stride Default,0,62,0,79,0,82,0,51,0,58,0,63,0,10,0,15,0,20,0,25,0,44,0,24,0,87,0,64,0,45,0
Dennis,Houston,Tampa Bay Buccaneers,WR,W. Illinois,26,66,4/24/99,73,198,1,89,3,,92,0,80,0,91,0,84,0,65,0,64,0,80,0,31,0,26,0,70,0,75,0,79,0,80,0,80,0,66,0,10,0,29,0,46,0,90,0,73,0,14,0,15,0,69,0,28,0,17,0,70,0,66,0,42,0,12,0,12,0,9,0,26,0,10,0,15,0,37,0,64,0,51,0,25,0,29,0,Default,0,68,0,77,0,89,0,77,0,65,0,31,0,15,0,20,0,25,0,23,0,35,0,12,0,86,0,56,0,21,0
Dillon,Gabriel,Cleveland Browns,QB,Oregon,24,66,12/28/00,72,205,0,5,0,Field General - QB,86,0,79,0,72,0,91,0,58,0,68,0,75,0,33,0,66,0,65,0,62,0,21,0,41,0,78,0,18,0,32,0,30,0,31,0,89,0,59,0,37,0,49,0,21,0,30,0,24,0,16,0,66,0,24,0,27,0,25,0,84,0,29,0,30,0,22,0,39,0,28,0,18,0,26,0,29,0,Default,0,21,0,18,0,83,0,54,0,46,0,35,0,80,0,80,0,83,0,77,0,83,0,80,0,90,0,34,0,48,0
Drew,Lock,Seattle Seahawks,QB,Missouri,28,66,11/10/96,76,228,1,2,6,Field General - QB,85,0,80,0,76,0,77,0,68,0,68,0,71,0,20,0,68,0,52,0,56,0,28,0,42,0,79,0,17,0,10,0,19,0,23,0,87,0,40,0,12,0,18,0,20,0,14,0,14,0,23,0,66,0,13,0,13,0,14,0,75,0,15,0,10,0,10,0,26,0,12,0,24,0,14,0,18,0,Default,0,29,0,37,0,83,0,31,0,33,0,22,0,75,0,76,0,84,0,75,0,89,0,74,0,91,0,46,0,16,0
Dwight,McGlothern,Minnesota Vikings,CB,Arkansas,23,66,2/6/02,74,185,1,29,1,Zone - CB,92,0,75,0,78,0,88,0,59,0,63,0,72,0,36,0,24,0,66,0,55,0,61,0,62,0,83,0,16,0,41,0,48,0,47,0,89,0,75,0,21,0,25,0,65,0,23,0,62,0,18,0,66,0,20,0,20,0,20,0,12,0,86,0,35,0,60,0,60,0,24,0,22,0,20,0,22,0,Default Stride Loose,0,20,0,64,0,90,0,67,0,43,0,54,0,18,0,25,0,30,0,31,0,33,0,23,0,84,0,44,0,66,0
Dymere,Miller,NY Jets,WR,Rutgers,24,66,5/30/01,71,181,1,35,0,,91,0,88,0,84,0,86,0,62,0,64,0,78,0,30,0,22,0,68,0,70,0,75,0,77,0,86,0,68,0,19,0,29,0,42,0,90,0,74,0,15,0,17,0,68,0,26,0,22,0,67,0,66,0,25,0,15,0,13,0,10,0,23,0,18,0,17,0,35,0,60,0,48,0,34,0,30,0,Default,0,66,0,75,0,93,0,70,0,40,0,30,0,10,0,15,0,20,0,15,0,30,0,21,0,87,0,38,0,27,0
Earnest,Brown IV,Dallas Cowboys,DT,Northwestern,26,66,1/8/99,77,300,1,51,4,,75,0,77,0,76,0,71,0,83,0,64,0,29,0,74,0,12,0,18,0,33,0,20,0,36,0,65,0,2,0,58,0,77,0,85,0,88,0,32,0,22,0,14,0,10,0,17,0,27,0,3,0,66,0,45,0,45,0,45,0,6,0,68,0,64,0,20,0,72,0,15,0,45,0,45,0,45,0,Long Stride Loose,0,10,0,22,0,72,0,26,0,39,0,72,0,6,0,6,0,6,0,6,0,11,0,16,0,80,0,28,0,40,0
Eli,Pancol,Jacksonville Jaguars,WR,Duke,25,66,7/7/00,73,205,1,10,0,Deep Threat - WR,89,0,85,0,86,0,79,0,69,0,64,0,75,0,27,0,22,0,70,0,75,0,77,0,80,0,83,0,70,0,10,0,22,0,46,0,85,0,73,0,15,0,19,0,75,0,21,0,18,0,69,0,66,0,25,0,19,0,21,0,6,0,18,0,10,0,18,0,32,0,69,0,53,0,30,0,33,0,Default,0,68,0,77,0,92,0,67,0,46,0,27,0,6,0,10,0,15,0,10,0,22,0,19,0,83,0,52,0,23,0
Erick,Hallett II,Detroit Lions,FS,Pittsburgh,25,66,4/24/00,71,190,1,36,2,Zone - S,91,0,89,0,89,0,88,0,55,0,63,0,62,0,47,0,10,0,60,0,59,0,58,0,70,0,91,0,33,0,40,0,71,0,45,0,93,0,75,0,14,0,21,0,65,0,18,0,60,0,35,0,66,0,30,0,30,0,30,0,6,0,68,0,35,0,60,0,64,0,28,0,35,0,35,0,35,0,Default Stride Loose,0,41,0,63,0,89,0,67,0,40,0,69,0,6,0,6,0,6,0,6,0,22,0,16,0,76,0,34,0,68,0
Esezi,Otomewo,Pittsburgh Steelers,DT,Minnesota,26,66,3/9/99,77,282,1,72,3,,81,0,62,0,69,0,72,0,81,0,67,0,22,0,76,0,15,0,24,0,29,0,20,0,25,0,48,0,8,0,57,0,76,0,85,0,91,0,26,0,24,0,25,0,10,0,45,0,18,0,10,0,66,0,45,0,45,0,45,0,6,0,65,0,69,0,15,0,70,0,12,0,45,0,45,0,45,0,Long Stride Awkward,0,12,0,18,0,76,0,20,0,35,0,74,0,6,0,6,0,6,0,6,0,17,0,6,0,81,0,28,0,24,0
Evan,Hull,Pittsburgh Steelers,HB,Northwestern,24,66,10/26/00,70,214,1,38,2,Elusive Back - HB,91,0,87,0,87,0,85,0,71,0,58,0,77,0,27,0,22,0,74,0,88,0,52,0,70,0,84,0,49,0,12,0,29,0,42,0,90,0,78,0,15,0,19,0,74,0,39,0,13,0,56,0,66,0,49,0,33,0,27,0,14,0,16,0,11,0,15,0,36,0,52,0,42,0,28,0,32,0,Default,0,62,0,51,0,90,0,70,0,71,0,32,0,10,0,15,0,20,0,22,0,25,0,15,0,87,0,72,0,18,0
Francisco,Mauigoa,NY Jets,MLB,Miami,22,66,3/17/03,74,233,1,51,0,Field General - MLB,90,0,75,0,84,0,87,0,73,0,68,0,49,0,63,0,33,0,38,0,63,0,45,0,56,0,71,0,20,0,61,0,78,0,72,0,88,0,49,0,18,0,22,0,10,0,24,0,56,0,23,0,66,0,45,0,45,0,45,0,17,0,67,0,55,0,46,0,81,0,24,0,45,0,45,0,45,0,Default Stride Loose,0,26,0,46,0,84,0,46,0,43,0,78,0,20,0,23,0,26,0,31,0,30,0,20,0,88,0,40,0,63,0
Gage,Larvadain,Cleveland Browns,WR,South Carolina,22,66,1/3/03,68,171,1,84,0,,92,0,79,0,90,0,85,0,62,0,63,0,79,0,26,0,29,0,73,0,71,0,75,0,78,0,84,0,68,0,10,0,26,0,37,0,86,0,78,0,18,0,21,0,75,0,21,0,13,0,67,0,66,0,31,0,19,0,23,0,17,0,22,0,19,0,13,0,32,0,64,0,42,0,32,0,25,0,Default,0,69,0,77,0,90,0,76,0,44,0,25,0,15,0,17,0,18,0,24,0,29,0,28,0,82,0,36,0,17,0
Hendon,Hooker,Detroit Lions,QB,Tennessee,27,66,1/13/98,75,221,1,2,2,Scrambler - QB,90,0,86,0,80,0,82,0,67,0,35,0,88,0,21,0,83,0,76,0,53,0,16,0,44,0,83,0,16,0,10,0,19,0,28,0,81,0,77,0,14,0,18,0,10,0,20,0,9,0,20,0,66,0,15,0,12,0,17,0,84,0,16,0,10,0,10,0,25,0,21,0,23,0,14,0,18,0,Long Stride Loose,0,28,0,18,0,86,0,76,0,65,0,21,0,75,0,75,0,86,0,78,0,89,0,78,0,84,0,52,0,14,0
Hunter,Nourzad,Kansas City Chiefs,C,Penn State,25,66,11/26/99,75,315,1,60,1,Agile - C,73,0,66,0,65,0,83,0,83,0,75,0,10,0,34,0,12,0,5,0,41,0,10,0,22,0,55,0,5,0,35,0,35,0,80,0,93,0,10,0,20,0,22,0,10,0,81,0,9,0,5,0,66,0,72,0,69,0,69,0,6,0,35,0,38,0,10,0,41,0,12,0,71,0,73,0,72,0,Default Stride Awkward,0,10,0,12,0,67,0,10,0,10,0,35,0,6,0,6,0,8,0,6,0,22,0,14,0,90,0,15,0,9,0
Isaac,Ukwu,Detroit Lions,LE,Ole Miss,26,66,1/14/99,75,265,1,45,1,Power Rusher - DE,85,0,72,0,85,0,76,0,83,0,58,0,30,0,71,0,15,0,21,0,35,0,22,0,33,0,66,0,6,0,67,0,79,0,82,0,92,0,35,0,22,0,28,0,10,0,25,0,24,0,8,0,66,0,45,0,45,0,45,0,6,0,53,0,72,0,29,0,78,0,15,0,45,0,45,0,45,0,Long Stride Loose,0,10,0,25,0,76,0,25,0,25,0,78,0,6,0,9,0,13,0,7,0,20,0,6,0,84,0,31,0,32,0
Isaiah,Dunn,Green Bay Packers,CB,Oregon State,26,66,1/31/99,72,193,1,47,4,Manto Man - CB,91,0,88,0,85,0,87,0,59,0,65,0,50,0,43,0,10,0,42,0,55,0,42,0,52,0,83,0,27,0,32,0,46,0,45,0,85,0,70,0,11,0,10,0,62,0,19,0,64,0,30,0,66,0,35,0,35,0,35,0,6,0,66,0,28,0,70,0,72,0,35,0,35,0,35,0,35,0,Default Stride Loose,0,32,0,50,0,92,0,64,0,30,0,47,0,6,0,6,0,6,0,6,0,25,0,12,0,71,0,27,0,62,0
Isaiah,Thomas,Cincinnati Bengals,RE,Oklahoma,26,66,12/3/98,77,266,1,51,3,Power Rusher - DE,87,0,65,0,77,0,71,0,79,0,65,0,46,0,70,0,12,0,33,0,40,0,33,0,38,0,60,0,26,0,62,0,78,0,80,0,91,0,39,0,15,0,15,0,10,0,21,0,20,0,30,0,66,0,45,0,45,0,45,0,6,0,64,0,72,0,22,0,82,0,29,0,45,0,45,0,45,0,Default Stride Loose,0,32,0,34,0,82,0,32,0,44,0,72,0,6,0,6,0,6,0,6,0,20,0,10,0,81,0,36,0,30,0
J.J.,Taylor,Houston Texans,HB,Arizona,27,66,1/4/98,66,185,1,26,5,Elusive Back - HB,88,0,82,0,83,0,82,0,64,0,61,0,77,0,33,0,21,0,75,0,85,0,49,0,67,0,87,0,46,0,10,0,25,0,27,0,84,0,83,0,16,0,14,0,76,0,25,0,21,0,54,0,66,0,51,0,25,0,24,0,15,0,27,0,10,0,21,0,43,0,43,0,26,0,15,0,15,0,Short Stride Default,0,61,0,51,0,85,0,79,0,68,0,34,0,10,0,15,0,20,0,15,0,24,0,13,0,78,0,79,0,30,0
Ja'Tyre,Carter,Carolina Panthers,LG,Southern,26,66,1/15/99,75,311,1,65,3,Power - G,78,0,56,0,83,0,83,0,85,0,74,0,43,0,39,0,12,0,42,0,45,0,37,0,43,0,49,0,23,0,32,0,36,0,81,0,92,0,40,0,12,0,14,0,10,0,76,0,10,0,29,0,66,0,71,0,69,0,73,0,6,0,37,0,40,0,10,0,39,0,29,0,65,0,63,0,67,0,Default Stride Awkward,0,32,0,40,0,72,0,32,0,39,0,35,0,6,0,6,0,6,0,6,0,12,0,8,0,76,0,40,0,10,0
Jacolby,George,Carolina Panthers,WR,Miami,22,66,1/25/03,71,174,1,80,0,,88,0,91,0,86,0,89,0,62,0,62,0,76,0,29,0,23,0,71,0,69,0,76,0,77,0,89,0,71,0,21,0,28,0,42,0,85,0,73,0,21,0,24,0,74,0,24,0,20,0,71,0,66,0,27,0,22,0,26,0,6,0,44,0,20,0,19,0,32,0,68,0,51,0,29,0,25,0,Default,0,72,0,76,0,87,0,68,0,44,0,29,0,6,0,10,0,18,0,10,0,26,0,18,0,83,0,42,0,27,0
Jake,Andrews,Houston Texans,C,Troy,25,66,11/11/99,75,305,1,60,2,Power - C,72,0,56,0,66,0,88,0,87,0,69,0,32,0,47,0,11,0,30,0,35,0,32,0,41,0,54,0,5,0,41,0,50,0,74,0,93,0,21,0,13,0,21,0,10,0,79,0,14,0,5,0,66,0,66,0,61,0,70,0,10,0,46,0,48,0,10,0,53,0,13,0,74,0,71,0,75,0,Default Stride Awkward,0,10,0,33,0,67,0,15,0,25,0,42,0,15,0,14,0,21,0,11,0,26,0,15,0,87,0,35,0,18,0
Jalyn,Armour-Davis,Baltimore Ravens,CB,Alabama,25,66,9/3/99,73,195,1,5,3,Manto Man - CB,94,0,81,0,87,0,88,0,60,0,56,0,55,0,43,0,12,0,38,0,48,0,47,0,70,0,82,0,12,0,34,0,48,0,44,0,84,0,67,0,15,0,21,0,45,0,20,0,67,0,15,0,66,0,28,0,22,0,22,0,6,0,60,0,26,0,68,0,72,0,22,0,34,0,35,0,34,0,Short Stride Default,0,21,0,60,0,93,0,60,0,30,0,57,0,6,0,10,0,15,0,10,0,31,0,10,0,74,0,28,0,66,0
Jamal,Hill,Houston Texans,ROLB,Oregon,24,66,4/4/01,72,226,1,56,1,Pass Coverage - OLB,89,0,78,0,80,0,81,0,65,0,63,0,57,0,63,0,12,0,52,0,55,0,56,0,64,0,75,0,5,0,59,0,77,0,65,0,90,0,65,0,11,0,18,0,35,0,35,0,60,0,10,0,66,0,35,0,35,0,35,0,11,0,61,0,51,0,55,0,79,0,20,0,45,0,40,0,40,0,Default Stride Loose,0,15,0,60,0,91,0,60,0,45,0,78,0,21,0,23,0,24,0,14,0,28,0,13,0,83,0,48,0,69,0
Janarius,Robinson,Kansas City Chiefs,RE,Florida State,27,66,5/4/98,77,260,1,98,4,Power Rusher - DE,85,0,73,0,82,0,70,0,81,0,67,0,41,0,70,0,12,0,27,0,43,0,35,0,50,0,67,0,16,0,63,0,83,0,81,0,85,0,40,0,19,0,18,0,10,0,21,0,33,0,20,0,66,0,45,0,45,0,45,0,6,0,65,0,67,0,34,0,76,0,25,0,45,0,45,0,45,0,Long Stride Loose,0,25,0,40,0,81,0,38,0,38,0,74,0,6,0,6,0,6,0,6,0,25,0,18,0,82,0,31,0,45,0
Jarrick,Bernard-Converse,NY Jets,CB,LSU,25,66,4/29/00,73,197,1,29,2,Manto Man - CB,93,0,85,0,95,0,89,0,61,0,59,0,65,0,50,0,36,0,58,0,57,0,55,0,64,0,82,0,11,0,35,0,72,0,53,0,93,0,69,0,17,0,18,0,55,0,21,0,63,0,16,0,66,0,25,0,25,0,25,0,14,0,58,0,24,0,74,0,68,0,27,0,15,0,34,0,33,0,Default Stride Loose,0,26,0,65,0,93,0,63,0,57,0,63,0,20,0,22,0,25,0,24,0,25,0,22,0,87,0,41,0,66,0
Jashaun,Corbin,Atlanta Falcons,HB,Florida State,25,66,8/20/00,72,221,1,30,3,Elusive Back - HB,91,0,83,0,82,0,83,0,62,0,63,0,78,0,33,0,19,0,74,0,85,0,58,0,68,0,84,0,51,0,10,0,37,0,33,0,84,0,79,0,18,0,17,0,67,0,32,0,19,0,57,0,66,0,46,0,34,0,26,0,15,0,24,0,10,0,21,0,42,0,51,0,31,0,29,0,22,0,Default,0,64,0,56,0,87,0,73,0,65,0,39,0,13,0,16,0,22,0,15,0,28,0,11,0,80,0,67,0,26,0
Javontae,Jean-Baptiste,Washington Commanders,RE,Notre Dame,25,66,5/16/00,77,260,1,90,1,Run Stopper - DE,85,0,67,0,83,0,74,0,77,0,67,0,42,0,72,0,15,0,33,0,30,0,45,0,52,0,58,0,34,0,63,0,74,0,80,0,90,0,41,0,29,0,34,0,10,0,20,0,31,0,38,0,66,0,48,0,48,0,49,0,6,0,69,0,64,0,22,0,78,0,42,0,40,0,40,0,40,0,Long Stride Loose,0,43,0,29,0,84,0,35,0,46,0,75,0,5,0,6,0,9,0,6,0,18,0,5,0,80,0,49,0,30,0
Jaylen,Key,Cincinnati Bengals,SS,Alabama,25,66,2/29/00,74,210,1,43,1,Hybrid - S,91,0,82,0,87,0,84,0,53,0,66,0,61,0,63,0,29,0,58,0,59,0,51,0,66,0,88,0,10,0,45,0,79,0,64,0,91,0,66,0,11,0,12,0,53,0,26,0,64,0,14,0,66,0,30,0,25,0,24,0,14,0,56,0,47,0,70,0,80,0,25,0,35,0,35,0,35,0,Default Stride Loose,0,20,0,60,0,87,0,63,0,53,0,69,0,21,0,24,0,26,0,23,0,24,0,18,0,85,0,52,0,66,0
JL,Skinner,Denver Broncos,SS,Boise State,24,66,4/16/01,76,220,1,34,2,Run Support - S,91,0,87,0,86,0,87,0,59,0,61,0,71,0,56,0,13,0,69,0,62,0,73,0,75,0,77,0,45,0,44,0,84,0,62,0,91,0,69,0,23,0,25,0,35,0,24,0,59,0,55,0,66,0,35,0,35,0,35,0,11,0,66,0,28,0,76,0,72,0,65,0,41,0,40,0,39,0,Long Stride Loose,0,53,0,77,0,89,0,63,0,72,0,67,0,12,0,13,0,19,0,11,0,27,0,11,0,88,0,57,0,69,0
Joe,Bachie,Indianapolis Colts,ROLB,Michigan St.,27,66,2/26/98,73,235,1,48,5,Run Stopper - OLB,87,0,78,0,81,0,85,0,76,0,61,0,54,0,66,0,12,0,39,0,61,0,38,0,60,0,70,0,27,0,48,0,81,0,80,0,84,0,59,0,20,0,16,0,10,0,21,0,48,0,34,0,66,0,47,0,45,0,45,0,6,0,64,0,55,0,51,0,77,0,32,0,48,0,45,0,45,0,Default Stride Loose,0,37,0,41,0,82,0,46,0,50,0,82,0,6,0,6,0,6,0,6,0,22,0,15,0,90,0,48,0,58,0
John,Bates,Washington Commanders,TE,Boise State,27,66,11/6/97,78,259,1,87,4,Possession - TE,79,0,84,0,78,0,87,0,75,0,66,0,67,0,45,0,13,0,52,0,75,0,75,0,77,0,73,0,52,0,10,0,44,0,70,0,92,0,66,0,19,0,23,0,15,0,57,0,21,0,59,0,66,0,63,0,63,0,60,0,6,0,31,0,10,0,24,0,50,0,62,0,64,0,60,0,63,0,Long Stride High and Tight,0,64,0,75,0,78,0,65,0,67,0,47,0,6,0,10,0,15,0,10,0,25,0,10,0,83,0,63,0,26,0
John,Ridgeway III,New Orleans Saints,DT,Arkansas,26,66,5/7/99,77,321,1,95,3,,70,0,55,0,70,0,71,0,86,0,63,0,20,0,76,0,9,0,14,0,23,0,14,0,21,0,53,0,4,0,55,0,80,0,88,0,91,0,13,0,10,0,12,0,10,0,31,0,12,0,6,0,66,0,45,0,45,0,45,0,6,0,60,0,67,0,10,0,74,0,12,0,45,0,45,0,45,0,Long Stride Awkward,0,14,0,20,0,62,0,12,0,29,0,81,0,6,0,6,0,6,0,6,0,19,0,6,0,84,0,32,0,14,0
Jon,Gaines II,Arizona Cardinals,C,UCLA,25,66,5/24/00,76,303,1,59,2,Agile - C,85,0,72,0,79,0,87,0,77,0,71,0,25,0,28,0,12,0,10,0,28,0,10,0,25,0,64,0,5,0,25,0,27,0,68,0,89,0,15,0,12,0,14,0,10,0,85,0,10,0,5,0,66,0,72,0,78,0,66,0,6,0,25,0,24,0,10,0,24,0,15,0,69,0,71,0,67,0,Default Stride Awkward,0,10,0,12,0,72,0,13,0,29,0,25,0,6,0,6,0,6,0,6,0,20,0,11,0,76,0,30,0,12,0
Jonathan,Harris,Minnesota Vikings,DT,Lindenwood,29,66,8/4/96,77,295,1,92,6,,67,0,67,0,76,0,72,0,81,0,68,0,24,0,76,0,12,0,12,0,22,0,17,0,27,0,52,0,3,0,70,0,78,0,80,0,85,0,24,0,11,0,12,0,10,0,11,0,32,0,7,0,66,0,45,0,45,0,45,0,6,0,65,0,64,0,22,0,73,0,12,0,45,0,45,0,45,0,Long Stride Loose,0,14,0,12,0,70,0,19,0,37,0,78,0,6,0,6,0,6,0,6,0,21,0,10,0,82,0,35,0,45,0
Jonathan,Garvin,San Francisco 49ers,LE,Miami,26,66,7/28/99,76,257,1,96,5,Power Rusher - DE,83,0,76,0,76,0,76,0,76,0,69,0,36,0,68,0,12,0,19,0,37,0,21,0,43,0,69,0,5,0,62,0,76,0,77,0,90,0,31,0,11,0,16,0,10,0,16,0,42,0,5,0,66,0,45,0,45,0,45,0,6,0,66,0,69,0,32,0,76,0,14,0,45,0,45,0,45,0,Long Stride Default,0,15,0,21,0,78,0,27,0,37,0,78,0,6,0,6,0,6,0,6,0,23,0,10,0,89,0,34,0,48,0
Josh,Jobe,Seattle Seahawks,CB,Alabama,27,66,4/9/98,71,190,1,29,3,Zone - CB,90,0,80,0,84,0,86,0,63,0,67,0,62,0,49,0,13,0,49,0,58,0,53,0,58,0,79,0,11,0,37,0,64,0,53,0,88,0,71,0,14,0,21,0,40,0,22,0,63,0,14,0,66,0,31,0,31,0,31,0,6,0,66,0,29,0,72,0,69,0,25,0,35,0,35,0,35,0,Long Stride Default,0,21,0,57,0,90,0,65,0,32,0,58,0,6,0,6,0,6,0,15,0,29,0,10,0,85,0,33,0,68,0
Josh,Wallace,Los Angeles Rams,CB,Michigan,25,66,7/5/00,71,189,1,30,1,Manto Man - CB,91,0,83,0,83,0,84,0,60,0,65,0,65,0,52,0,36,0,58,0,61,0,59,0,66,0,83,0,11,0,37,0,69,0,53,0,86,0,69,0,17,0,18,0,55,0,21,0,68,0,16,0,66,0,25,0,25,0,25,0,14,0,63,0,28,0,69,0,72,0,27,0,15,0,34,0,33,0,Short Stride High and Tight,0,26,0,65,0,86,0,63,0,57,0,62,0,20,0,22,0,25,0,24,0,25,0,22,0,83,0,41,0,64,0
Juanyeh,Thomas,Dallas Cowboys,SS,Georgia Tech,25,66,6/24/00,75,217,1,2,3,Zone - S,92,0,76,0,82,0,88,0,65,0,64,0,71,0,58,0,15,0,54,0,65,0,53,0,62,0,84,0,25,0,47,0,67,0,64,0,92,0,67,0,16,0,14,0,67,0,23,0,63,0,29,0,66,0,34,0,34,0,34,0,6,0,62,0,38,0,66,0,77,0,34,0,35,0,35,0,35,0,Default,0,31,0,57,0,87,0,60,0,42,0,69,0,6,0,6,0,6,0,6,0,24,0,11,0,81,0,47,0,68,0
Kaden,Prather,Buffalo Bills,WR,Maryland,22,66,9/6/02,76,204,1,81,0,Slot - WR,90,0,87,0,77,0,90,0,67,0,70,0,76,0,42,0,26,0,70,0,70,0,79,0,79,0,87,0,65,0,33,0,42,0,35,0,89,0,71,0,26,0,30,0,62,0,30,0,30,0,66,0,66,0,25,0,22,0,29,0,30,0,24,0,32,0,20,0,52,0,65,0,46,0,30,0,30,0,Default Stride Loose,0,67,0,78,0,90,0,68,0,44,0,46,0,10,0,10,0,12,0,9,0,11,0,26,0,85,0,54,0,33,0
Kaevon,Merriweather,Tampa Bay Buccaneers,SS,Iowa,25,66,12/20/99,72,207,1,26,2,Run Support - S,93,0,79,0,85,0,82,0,63,0,67,0,51,0,51,0,12,0,42,0,52,0,50,0,63,0,83,0,18,0,40,0,88,0,63,0,90,0,64,0,13,0,14,0,35,0,33,0,63,0,22,0,66,0,35,0,35,0,35,0,10,0,64,0,45,0,65,0,74,0,33,0,35,0,35,0,35,0,Short Stride Loose,0,31,0,54,0,85,0,60,0,48,0,68,0,10,0,11,0,13,0,19,0,24,0,10,0,88,0,45,0,63,0
Kain,Medrano,Washington Commanders,ROLB,UCLA,24,66,2/16/01,75,222,1,56,0,Run Stopper - OLB,92,0,85,0,89,0,87,0,71,0,66,0,47,0,62,0,31,0,39,0,61,0,43,0,50,0,80,0,18,0,52,0,77,0,70,0,89,0,47,0,18,0,21,0,10,0,22,0,55,0,21,0,66,0,40,0,40,0,40,0,15,0,64,0,49,0,45,0,79,0,22,0,40,0,40,0,40,0,Default Stride Loose,0,24,0,49,0,90,0,44,0,42,0,77,0,18,0,21,0,24,0,29,0,22,0,18,0,88,0,42,0,61,0
Keith,Kirkwood,Baltimore Ravens,WR,Temple,30,66,12/26/94,75,210,1,18,7,Deep Threat - WR,86,0,83,0,84,0,80,0,62,0,69,0,73,0,50,0,22,0,72,0,73,0,78,0,82,0,74,0,71,0,32,0,41,0,48,0,85,0,75,0,11,0,11,0,62,0,23,0,42,0,69,0,66,0,37,0,22,0,24,0,6,0,39,0,37,0,36,0,50,0,68,0,56,0,26,0,31,0,Default Stride Loose,0,72,0,81,0,88,0,68,0,45,0,53,0,6,0,10,0,15,0,10,0,22,0,16,0,82,0,44,0,47,0
Kevon,Seymour,Washington Commanders,CB,USC,31,66,11/30/93,72,188,1,29,8,Manto Man - CB,88,0,85,0,84,0,88,0,62,0,67,0,63,0,41,0,10,0,50,0,58,0,29,0,60,0,84,0,10,0,31,0,53,0,45,0,82,0,72,0,11,0,10,0,45,0,15,0,66,0,10,0,66,0,10,0,35,0,35,0,6,0,68,0,26,0,76,0,62,0,12,0,18,0,35,0,35,0,Short Stride Loose,0,20,0,63,0,89,0,67,0,31,0,47,0,6,0,6,0,6,0,6,0,25,0,11,0,68,0,25,0,61,0
Kitan,Crawford,Arizona Cardinals,SS,Nevada,23,66,12/31/01,71,202,1,36,0,Hybrid - S,90,0,83,0,95,0,86,0,64,0,62,0,66,0,50,0,14,0,51,0,62,0,53,0,62,0,86,0,17,0,34,0,76,0,53,0,88,0,65,0,15,0,19,0,83,0,25,0,64,0,21,0,66,0,35,0,35,0,35,0,6,0,59,0,35,0,65,0,76,0,25,0,35,0,35,0,35,0,Default Stride Loose,0,28,0,58,0,92,0,57,0,44,0,65,0,6,0,6,0,6,0,6,0,24,0,13,0,87,0,44,0,67,0
Kyle,McCord,Philadelphia Eagles,QB,Syracuse,22,66,9/19/02,75,220,1,19,0,Field General - QB,76,0,76,0,66,0,85,0,62,0,69,0,62,0,35,0,54,0,51,0,58,0,27,0,29,0,73,0,18,0,36,0,31,0,23,0,90,0,43,0,29,0,21,0,18,0,32,0,16,0,18,0,66,0,20,0,31,0,27,0,81,0,40,0,36,0,17,0,51,0,26,0,24,0,27,0,27,0,Default,0,24,0,31,0,75,0,34,0,26,0,36,0,82,0,74,0,84,0,72,0,87,0,74,0,91,0,30,0,15,0
Kyonte,Hamilton,Houston Texans,DT,Rutgers,22,66,11/7/02,75,305,1,58,0,,79,0,68,0,67,0,85,0,85,0,57,0,44,0,73,0,44,0,38,0,41,0,17,0,26,0,62,0,11,0,65,0,78,0,81,0,88,0,35,0,33,0,18,0,28,0,23,0,12,0,14,0,66,0,45,0,45,0,45,0,38,0,57,0,71,0,20,0,75,0,15,0,45,0,45,0,45,0,Default Stride High and Tight,0,16,0,19,0,72,0,27,0,29,0,80,0,34,0,37,0,41,0,40,0,49,0,40,0,93,0,36,0,17,0
Larry,Borom,Miami Dolphins,RT,Missouri,26,66,3/30/99,77,333,1,79,4,Power - OT,68,0,51,0,76,0,86,0,83,0,82,0,10,0,28,0,12,0,5,0,26,0,10,0,24,0,39,0,5,0,10,0,31,0,83,0,88,0,10,0,12,0,21,0,10,0,75,0,12,0,5,0,66,0,71,0,68,0,74,0,6,0,10,0,10,0,10,0,16,0,12,0,70,0,73,0,67,0,Default Stride Awkward,0,10,0,12,0,67,0,10,0,25,0,28,0,6,0,6,0,6,0,6,0,25,0,14,0,86,0,26,0,15,0
Lucas,Niang,Washington Commanders,RT,TCU,27,66,8/19/98,78,315,1,53,5,Agile - OT,57,0,60,0,70,0,84,0,86,0,72,0,22,0,25,0,12,0,9,0,23,0,26,0,30,0,50,0,7,0,10,0,22,0,83,0,84,0,18,0,25,0,25,0,10,0,82,0,15,0,13,0,66,0,69,0,71,0,67,0,6,0,15,0,10,0,10,0,24,0,18,0,72,0,74,0,70,0,Default Stride Awkward,0,23,0,24,0,66,0,13,0,15,0,28,0,6,0,6,0,6,0,6,0,30,0,10,0,94,0,28,0,20,0
Luke,Newman,Chicago Bears,LG,Michigan St.,23,66,3/3/02,76,308,1,65,0,Agile - G,74,0,61,0,57,0,86,0,87,0,69,0,15,0,35,0,11,0,14,0,23,0,10,0,23,0,61,0,5,0,26,0,36,0,79,0,88,0,11,0,14,0,16,0,10,0,77,0,13,0,5,0,66,0,69,0,71,0,68,0,6,0,25,0,39,0,10,0,32,0,11,0,71,0,71,0,70,0,Long Stride Awkward,0,10,0,11,0,70,0,13,0,12,0,30,0,6,0,6,0,6,0,6,0,13,0,10,0,87,0,29,0,15,0
Luke,Gifford,San Francisco 49ers,ROLB,Nebraska,30,66,8/28/95,75,243,1,57,6,Run Stopper - OLB,85,0,81,0,84,0,85,0,75,0,63,0,54,0,67,0,22,0,48,0,63,0,33,0,65,0,73,0,7,0,64,0,80,0,78,0,84,0,67,0,18,0,17,0,14,0,24,0,55,0,12,0,66,0,45,0,45,0,45,0,25,0,63,0,57,0,43,0,78,0,19,0,45,0,45,0,45,0,Long Stride Loose,0,19,0,35,0,86,0,57,0,45,0,79,0,26,0,33,0,39,0,31,0,44,0,26,0,83,0,34,0,60,0
Luke,Wypler,Cleveland Browns,C,Ohio State,24,66,5/3/01,75,303,1,56,2,Agile - C,77,0,63,0,75,0,85,0,85,0,72,0,24,0,25,0,10,0,25,0,34,0,23,0,29,0,59,0,15,0,18,0,32,0,71,0,92,0,23,0,15,0,19,0,10,0,84,0,10,0,20,0,66,0,69,0,73,0,65,0,6,0,15,0,20,0,12,0,35,0,25,0,68,0,73,0,63,0,Default Stride Awkward,0,25,0,31,0,68,0,22,0,25,0,26,0,6,0,6,0,6,0,6,0,20,0,10,0,83,0,29,0,10,0
Malik,Heath,Green Bay Packers,WR,Ole Miss,25,66,3/3/00,74,215,1,18,2,,91,0,85,0,84,0,82,0,64,0,66,0,77,0,27,0,30,0,72,0,74,0,80,0,81,0,79,0,66,0,10,0,28,0,44,0,88,0,76,0,12,0,17,0,75,0,20,0,12,0,68,0,66,0,29,0,18,0,20,0,20,0,16,0,10,0,16,0,30,0,68,0,50,0,17,0,27,0,Long Stride Default,0,70,0,81,0,87,0,70,0,72,0,31,0,15,0,20,0,25,0,24,0,33,0,23,0,83,0,58,0,19,0
Marcellas,Dial Jr,New England Patriots,CB,South Carolina,24,66,12/6/00,72,190,1,27,1,Manto Man - CB,90,0,78,0,94,0,85,0,62,0,66,0,63,0,59,0,13,0,63,0,57,0,55,0,67,0,80,0,11,0,33,0,74,0,62,0,95,0,69,0,21,0,22,0,58,0,24,0,66,0,16,0,66,0,15,0,11,0,14,0,8,0,62,0,26,0,67,0,66,0,27,0,25,0,15,0,16,0,Default Stride Loose,0,26,0,65,0,91,0,65,0,32,0,70,0,8,0,9,0,17,0,8,0,27,0,14,0,83,0,42,0,64,0
Marcus,Mbow,NY Giants,RT,Purdue,22,66,4/2/03,76,302,1,71,0,Agile - OT,73,0,68,0,73,0,87,0,84,0,66,0,16,0,28,0,12,0,15,0,44,0,21,0,23,0,57,0,5,0,24,0,37,0,81,0,86,0,13,0,14,0,11,0,10,0,80,0,11,0,5,0,66,0,71,0,73,0,72,0,6,0,32,0,37,0,10,0,23,0,20,0,72,0,73,0,71,0,Default Stride Awkward,0,21,0,23,0,71,0,11,0,19,0,32,0,6,0,6,0,6,0,6,0,22,0,13,0,87,0,24,0,14,0
Mason,Tipton,New Orleans Saints,WR,Yale,24,66,9/27/00,70,182,1,15,1,,92,0,82,0,88,0,84,0,59,0,61,0,79,0,33,0,27,0,75,0,74,0,76,0,80,0,86,0,68,0,10,0,31,0,48,0,93,0,77,0,12,0,18,0,59,0,30,0,17,0,67,0,66,0,35,0,25,0,27,0,30,0,18,0,10,0,17,0,37,0,66,0,46,0,31,0,29,0,Short Stride Loose,0,66,0,78,0,94,0,65,0,56,0,30,0,23,0,27,0,33,0,31,0,35,0,22,0,86,0,47,0,21,0
Max,Scharping,Pittsburgh Steelers,RG,N. Illinois,29,66,8/10/96,78,325,1,64,6,Power - G,64,0,60,0,70,0,86,0,86,0,76,0,10,0,39,0,12,0,6,0,40,0,15,0,35,0,54,0,5,0,21,0,30,0,76,0,89,0,10,0,25,0,25,0,10,0,81,0,12,0,5,0,66,0,65,0,64,0,66,0,6,0,27,0,31,0,10,0,32,0,15,0,71,0,69,0,73,0,Default Stride Awkward,0,15,0,15,0,65,0,10,0,30,0,42,0,6,0,6,0,6,0,6,0,30,0,12,0,88,0,25,0,15,0
McTelvin,Agim,Cincinnati Bengals,DT,Arkansas,27,66,9/25/97,75,300,1,72,5,Power Rusher - DT,73,0,68,0,75,0,75,0,84,0,65,0,38,0,71,0,12,0,19,0,40,0,25,0,36,0,59,0,3,0,69,0,79,0,81,0,87,0,24,0,21,0,25,0,10,0,35,0,22,0,7,0,66,0,45,0,45,0,45,0,6,0,62,0,73,0,18,0,76,0,24,0,45,0,45,0,45,0,Default Stride Awkward,0,22,0,20,0,73,0,17,0,33,0,80,0,6,0,6,0,6,0,6,0,19,0,10,0,85,0,41,0,31,0
Michael,Deiter,Washington Commanders,C,Wisconsin,28,66,9/3/96,78,315,1,60,6,Power - C,66,0,56,0,70,0,85,0,86,0,78,0,10,0,35,0,12,0,5,0,40,0,21,0,30,0,52,0,10,0,16,0,33,0,81,0,87,0,10,0,12,0,17,0,10,0,76,0,15,0,12,0,66,0,71,0,70,0,72,0,6,0,38,0,24,0,10,0,36,0,14,0,68,0,67,0,69,0,Default Stride Awkward,0,16,0,25,0,69,0,10,0,15,0,38,0,6,0,6,0,6,0,6,0,22,0,14,0,83,0,25,0,20,0
Mike,Strachan,Washington Commanders,WR,University of Charleston,28,66,8/13/97,77,224,1,84,4,Slot - WR,91,0,84,0,85,0,81,0,72,0,72,0,76,0,32,0,18,0,70,0,74,0,79,0,79,0,74,0,65,0,10,0,22,0,40,0,90,0,71,0,17,0,14,0,45,0,21,0,11,0,68,0,66,0,29,0,20,0,25,0,10,0,17,0,10,0,23,0,30,0,67,0,45,0,23,0,28,0,Default Stride Loose,0,70,0,79,0,87,0,65,0,52,0,28,0,10,0,15,0,20,0,12,0,25,0,17,0,80,0,50,0,18,0
Morgan,Cox,Tennessee Titans,LS,Tennessee,39,66,4/26/86,76,233,1,46,16,Power - LS,62,0,62,0,68,0,71,0,73,0,73,0,22,0,63,0,12,0,26,0,67,0,44,0,58,0,58,0,35,0,55,0,59,0,57,0,92,0,14,0,18,0,29,0,10,0,41,0,15,0,40,0,66,0,56,0,40,0,50,0,10,0,29,0,56,0,15,0,63,0,25,0,50,0,35,0,40,0,Default,0,47,0,42,0,71,0,10,0,25,0,63,0,10,0,10,0,10,0,10,0,22,0,13,0,82,0,33,0,20,0
Myles,Price,Minnesota Vikings,WR,Indiana,23,66,12/16/01,69,178,1,31,0,,92,0,81,0,84,0,80,0,53,0,67,0,77,0,20,0,28,0,72,0,70,0,74,0,80,0,82,0,69,0,10,0,20,0,34,0,84,0,74,0,14,0,18,0,82,0,22,0,12,0,68,0,66,0,29,0,22,0,20,0,22,0,14,0,10,0,15,0,34,0,64,0,40,0,34,0,26,0,Short Stride Default,0,69,0,76,0,92,0,72,0,38,0,26,0,18,0,20,0,25,0,35,0,36,0,29,0,84,0,39,0,19,0
Nahshon,Wright,Chicago Bears,CB,Oregon State,27,66,9/23/97,76,185,1,25,4,Zone - CB,85,0,81,0,83,0,85,0,54,0,73,0,70,0,50,0,12,0,60,0,62,0,67,0,74,0,76,0,39,0,40,0,55,0,47,0,89,0,69,0,16,0,21,0,30,0,13,0,63,0,43,0,66,0,35,0,35,0,35,0,6,0,70,0,31,0,73,0,71,0,47,0,38,0,35,0,35,0,Long Stride Loose,0,48,0,74,0,89,0,63,0,49,0,59,0,6,0,10,0,15,0,10,0,27,0,10,0,87,0,40,0,69,0
Nathan,Thomas,Dallas Cowboys,LT,UL Lafayette,24,66,8/22/01,77,332,1,71,1,Power - OT,74,0,52,0,64,0,79,0,85,0,62,0,49,0,32,0,15,0,44,0,57,0,47,0,53,0,55,0,35,0,10,0,31,0,85,0,90,0,41,0,15,0,25,0,10,0,75,0,12,0,40,0,66,0,70,0,65,0,74,0,15,0,10,0,10,0,10,0,34,0,50,0,75,0,77,0,73,0,Long Stride Awkward,0,43,0,59,0,66,0,39,0,49,0,28,0,10,0,15,0,20,0,10,0,25,0,12,0,87,0,47,0,12,0
Nick,Gargiulo,Denver Broncos,RG,South Carolina,25,66,7/19/00,77,310,1,66,1,Power - G,72,0,71,0,79,0,79,0,87,0,70,0,21,0,31,0,7,0,19,0,41,0,31,0,43,0,58,0,14,0,24,0,31,0,80,0,90,0,30,0,20,0,22,0,10,0,78,0,11,0,17,0,66,0,71,0,68,0,70,0,7,0,35,0,30,0,10,0,32,0,22,0,69,0,70,0,69,0,Long Stride Awkward,0,21,0,33,0,64,0,16,0,28,0,33,0,5,0,5,0,6,0,6,0,30,0,10,0,77,0,32,0,12,0
Nick,Niemann,Houston Texans,MLB,Iowa,27,66,12/2/97,75,244,1,32,4,Field General - MLB,90,0,86,0,81,0,84,0,71,0,66,0,45,0,60,0,12,0,33,0,52,0,49,0,57,0,73,0,21,0,41,0,74,0,69,0,92,0,37,0,20,0,20,0,10,0,29,0,55,0,28,0,66,0,45,0,45,0,45,0,6,0,68,0,39,0,38,0,78,0,41,0,45,0,45,0,45,0,Default Stride Loose,0,31,0,52,0,88,0,33,0,42,0,82,0,6,0,6,0,6,0,6,0,21,0,12,0,83,0,37,0,63,0
Noah,Sewell,Chicago Bears,MLB,Oregon,23,66,4/26/02,74,253,1,44,2,Run Stopper - MLB,89,0,74,0,80,0,87,0,80,0,63,0,72,0,72,0,12,0,63,0,64,0,55,0,63,0,73,0,17,0,55,0,90,0,80,0,88,0,72,0,19,0,15,0,35,0,38,0,52,0,24,0,66,0,45,0,45,0,45,0,6,0,63,0,71,0,53,0,75,0,27,0,45,0,45,0,45,0,Default Stride High and Tight,0,34,0,57,0,82,0,65,0,70,0,82,0,6,0,6,0,6,0,6,0,25,0,10,0,91,0,65,0,58,0
Otis,Reese IV,Tennessee Titans,ROLB,Ole Miss,27,66,7/2/98,75,214,1,41,2,Run Stopper - OLB,86,0,75,0,81,0,83,0,68,0,66,0,53,0,59,0,15,0,26,0,64,0,48,0,66,0,76,0,10,0,61,0,87,0,68,0,90,0,58,0,11,0,11,0,32,0,32,0,55,0,10,0,66,0,35,0,35,0,35,0,15,0,64,0,48,0,66,0,84,0,15,0,35,0,35,0,35,0,Default Stride Loose,0,20,0,54,0,86,0,55,0,53,0,80,0,10,0,10,0,15,0,15,0,30,0,10,0,87,0,52,0,65,0
Patrick,Johnson,Philadelphia Eagles,LE,Tulane,26,66,1/10/99,74,248,1,48,4,Power Rusher - DE,86,0,82,0,84,0,74,0,75,0,64,0,39,0,68,0,12,0,21,0,50,0,34,0,46,0,71,0,12,0,60,0,78,0,83,0,90,0,35,0,21,0,21,0,13,0,23,0,40,0,15,0,66,0,45,0,45,0,45,0,6,0,62,0,67,0,49,0,78,0,21,0,45,0,45,0,45,0,Long Stride Loose,0,21,0,37,0,83,0,28,0,42,0,77,0,6,0,6,0,6,0,6,0,22,0,16,0,92,0,35,0,50,0
Rayuan,Lane III,Jacksonville Jaguars,FS,Navy,22,66,7/21/03,71,201,1,25,0,Zone - S,85,0,79,0,88,0,91,0,59,0,72,0,67,0,46,0,14,0,52,0,63,0,52,0,64,0,79,0,17,0,36,0,77,0,52,0,91,0,64,0,15,0,19,0,80,0,25,0,60,0,21,0,66,0,35,0,35,0,35,0,6,0,72,0,30,0,71,0,75,0,25,0,35,0,35,0,35,0,Default Stride Loose,0,28,0,57,0,87,0,56,0,44,0,65,0,6,0,6,0,6,0,6,0,24,0,12,0,92,0,45,0,65,0
Rico,Payton,New Orleans Saints,CB,Pittsburg St.,25,66,11/28/99,71,182,1,36,1,Slot - CB,91,0,86,0,88,0,82,0,58,0,66,0,66,0,51,0,23,0,57,0,58,0,61,0,68,0,90,0,16,0,34,0,68,0,44,0,88,0,69,0,15,0,15,0,55,0,16,0,65,0,21,0,66,0,30,0,24,0,25,0,15,0,63,0,26,0,63,0,69,0,24,0,35,0,31,0,30,0,Short Stride Default,0,24,0,64,0,86,0,65,0,45,0,64,0,15,0,18,0,22,0,21,0,31,0,22,0,80,0,34,0,67,0
Robbie,Ouzts,Seattle Seahawks,FB,Alabama,22,66,9/6/02,76,274,1,40,0,Utility - FB,74,0,72,0,82,0,82,0,82,0,66,0,63,0,37,0,27,0,56,0,70,0,68,0,75,0,68,0,51,0,30,0,40,0,66,0,86,0,56,0,24,0,28,0,23,0,60,0,18,0,58,0,66,0,57,0,55,0,56,0,17,0,30,0,37,0,16,0,40,0,57,0,61,0,64,0,60,0,Long Stride Default,0,65,0,69,0,75,0,49,0,60,0,44,0,27,0,8,0,27,0,30,0,23,0,25,0,87,0,69,0,25,0
Ryan,Miller,Tampa Bay Buccaneers,WR,Furman,25,66,2/20/00,73,221,1,81,2,,88,0,89,0,78,0,82,0,63,0,59,0,82,0,28,0,19,0,74,0,70,0,79,0,78,0,82,0,64,0,10,0,29,0,37,0,87,0,79,0,17,0,21,0,43,0,24,0,12,0,67,0,66,0,30,0,28,0,29,0,6,0,15,0,10,0,12,0,37,0,67,0,43,0,29,0,29,0,Default,0,69,0,79,0,88,0,70,0,55,0,30,0,8,0,10,0,15,0,16,0,23,0,11,0,81,0,47,0,10,0
Sam,Roberts,Carolina Panthers,DT,NW Missouri State,27,66,4/14/98,77,295,1,74,3,,75,0,57,0,74,0,72,0,85,0,69,0,27,0,71,0,12,0,16,0,25,0,11,0,24,0,49,0,4,0,58,0,79,0,83,0,90,0,22,0,12,0,13,0,10,0,47,0,12,0,8,0,66,0,48,0,47,0,49,0,6,0,68,0,71,0,10,0,73,0,14,0,51,0,51,0,49,0,Default Stride Awkward,0,15,0,15,0,69,0,24,0,31,0,76,0,6,0,6,0,6,0,6,0,14,0,10,0,85,0,40,0,13,0
Sam,Webb,Las Vegas Raiders,CB,Missouri W State,27,66,5/19/98,72,202,1,27,3,Manto Man - CB,92,0,85,0,96,0,82,0,58,0,60,0,71,0,43,0,10,0,55,0,61,0,62,0,68,0,85,0,48,0,34,0,58,0,42,0,90,0,72,0,20,0,20,0,65,0,13,0,68,0,52,0,66,0,35,0,35,0,35,0,6,0,56,0,26,0,70,0,63,0,39,0,35,0,35,0,35,0,Default Stride Loose,0,56,0,67,0,90,0,66,0,39,0,52,0,6,0,6,0,6,0,6,0,35,0,11,0,67,0,33,0,70,0
Sanoussi,Kane,Baltimore Ravens,SS,Purdue,23,66,10/6/01,71,207,1,21,1,Run Support - S,91,0,81,0,87,0,83,0,58,0,61,0,65,0,65,0,31,0,63,0,56,0,49,0,57,0,81,0,10,0,42,0,81,0,64,0,90,0,67,0,47,0,53,0,55,0,32,0,64,0,11,0,66,0,33,0,31,0,33,0,24,0,60,0,47,0,66,0,81,0,12,0,35,0,35,0,35,0,Default Stride Loose,0,15,0,52,0,88,0,63,0,45,0,71,0,22,0,23,0,35,0,32,0,31,0,23,0,89,0,55,0,62,0
Sataoa,Laumea,Seattle Seahawks,LG,Utah,24,66,1/13/01,76,311,1,63,1,Power - G,70,0,66,0,66,0,83,0,84,0,68,0,10,0,47,0,9,0,6,0,44,0,15,0,41,0,55,0,5,0,25,0,49,0,83,0,91,0,10,0,25,0,29,0,10,0,82,0,12,0,9,0,66,0,65,0,60,0,70,0,9,0,25,0,55,0,11,0,39,0,19,0,70,0,73,0,71,0,Default Stride Awkward,0,15,0,15,0,67,0,10,0,30,0,40,0,11,0,15,0,18,0,6,0,22,0,10,0,93,0,25,0,11,0
Sean,Tucker,Tampa Bay Buccaneers,HB,Syracuse,23,66,10/25/01,70,210,1,44,2,Power Back - HB,90,0,78,0,89,0,83,0,76,0,68,0,78,0,30,0,31,0,78,0,87,0,68,0,69,0,76,0,43,0,15,0,44,0,49,0,91,0,72,0,21,0,22,0,65,0,32,0,15,0,51,0,66,0,48,0,46,0,50,0,24,0,26,0,13,0,15,0,29,0,46,0,44,0,43,0,45,0,Default Stride High and Tight,0,61,0,65,0,92,0,68,0,72,0,35,0,17,0,21,0,24,0,33,0,26,0,15,0,88,0,80,0,21,0
Sedrick,Van Pran-Granger,Buffalo Bills,C,Georgia,23,66,10/23/01,76,310,1,62,1,Agile - C,73,0,69,0,68,0,85,0,82,0,78,0,15,0,25,0,11,0,9,0,25,0,10,0,24,0,53,0,5,0,17,0,26,0,81,0,95,0,10,0,9,0,10,0,10,0,77,0,10,0,5,0,66,0,72,0,69,0,70,0,8,0,20,0,19,0,10,0,27,0,10,0,72,0,72,0,70,0,Default Stride Awkward,0,12,0,15,0,66,0,9,0,24,0,31,0,6,0,8,0,9,0,7,0,17,0,14,0,87,0,23,0,10,0
Segun,Olubi,Indianapolis Colts,ROLB,San Diego St.,25,66,11/1/99,72,225,1,50,3,Run Stopper - OLB,91,0,82,0,83,0,80,0,66,0,61,0,51,0,64,0,22,0,44,0,53,0,49,0,63,0,79,0,5,0,62,0,84,0,64,0,87,0,66,0,29,0,31,0,35,0,27,0,57,0,5,0,66,0,45,0,45,0,45,0,10,0,63,0,51,0,44,0,82,0,15,0,45,0,45,0,45,0,Short Stride Loose,0,15,0,48,0,90,0,63,0,42,0,75,0,12,0,14,0,15,0,15,0,21,0,14,0,80,0,48,0,66,0
Shane,Zylstra,Detroit Lions,TE,Minnesota State,28,66,11/16/96,77,215,1,84,4,Vertical Threat - TE,84,0,79,0,83,0,82,0,65,0,65,0,80,0,31,0,22,0,71,0,76,0,80,0,79,0,78,0,59,0,20,0,35,0,52,0,88,0,70,0,21,0,24,0,10,0,36,0,15,0,62,0,66,0,34,0,29,0,32,0,6,0,24,0,22,0,18,0,44,0,68,0,58,0,56,0,51,0,Long Stride High and Tight,0,64,0,80,0,82,0,65,0,61,0,34,0,6,0,6,0,6,0,6,0,25,0,10,0,81,0,62,0,15,0
Shemar,James,Dallas Cowboys,ROLB,Florida,21,66,6/24/04,74,222,1,50,0,Run Stopper - OLB,82,0,81,0,78,0,86,0,73,0,67,0,54,0,65,0,23,0,41,0,64,0,51,0,60,0,80,0,21,0,58,0,78,0,72,0,87,0,54,0,19,0,22,0,10,0,25,0,55,0,24,0,66,0,45,0,45,0,45,0,6,0,66,0,56,0,46,0,82,0,25,0,45,0,45,0,45,0,Default Stride Bread Loaf,0,27,0,53,0,83,0,51,0,48,0,78,0,6,0,6,0,6,0,6,0,27,0,12,0,87,0,43,0,62,0
Siran,Neal,San Francisco 49ers,CB,Jacksonville State,31,66,8/4/94,72,206,1,33,7,Slot - CB,86,0,81,0,92,0,86,0,60,0,64,0,67,0,60,0,15,0,35,0,63,0,56,0,67,0,80,0,28,0,48,0,80,0,63,0,94,0,65,0,15,0,18,0,25,0,15,0,64,0,35,0,66,0,35,0,35,0,35,0,6,0,65,0,41,0,76,0,72,0,30,0,35,0,35,0,35,0,Default,0,40,0,64,0,90,0,60,0,38,0,68,0,6,0,6,0,6,0,6,0,21,0,14,0,92,0,49,0,70,0
Sua,Opeta,Tampa Bay Buccaneers,LG,Weber State,29,66,8/15/96,76,305,1,76,6,Power - G,82,0,57,0,80,0,81,0,92,0,70,0,26,0,45,0,12,0,11,0,23,0,20,0,28,0,51,0,5,0,32,0,50,0,81,0,85,0,28,0,22,0,24,0,10,0,78,0,12,0,7,0,66,0,66,0,64,0,70,0,6,0,36,0,44,0,15,0,43,0,25,0,66,0,65,0,67,0,Default Stride Awkward,0,17,0,24,0,71,0,23,0,32,0,48,0,6,0,6,0,6,0,6,0,27,0,10,0,83,0,35,0,20,0
Tanner,Hudson,Cincinnati Bengals,TE,Southern Arkansas,30,66,11/12/94,77,239,1,87,7,Vertical Threat - TE,85,0,77,0,80,0,77,0,70,0,70,0,63,0,29,0,14,0,53,0,68,0,76,0,82,0,69,0,55,0,17,0,27,0,63,0,87,0,60,0,19,0,21,0,18,0,48,0,14,0,60,0,66,0,56,0,50,0,55,0,6,0,22,0,17,0,17,0,28,0,63,0,61,0,56,0,61,0,Long Stride Default,0,66,0,78,0,82,0,58,0,56,0,32,0,6,0,10,0,15,0,10,0,30,0,10,0,77,0,69,0,21,0
Taylor,Heinicke,Los Angeles Chargers,QB,Old Dominion,32,66,3/15/93,73,210,1,4,10,Scrambler - QB,85,0,81,0,83,0,75,0,58,0,63,0,83,0,25,0,79,0,58,0,62,0,15,0,41,0,80,0,10,0,5,0,10,0,14,0,88,0,65,0,18,0,23,0,5,0,10,0,7,0,10,0,66,0,21,0,21,0,21,0,78,0,23,0,5,0,5,0,34,0,12,0,14,0,19,0,19,0,Default,0,10,0,17,0,83,0,66,0,43,0,25,0,76,0,77,0,83,0,81,0,83,0,79,0,86,0,36,0,7,0
Tejhaun,Palmer,Arizona Cardinals,WR,UAB,25,66,5/19/00,74,210,1,83,1,,94,0,80,0,84,0,80,0,69,0,63,0,78,0,20,0,25,0,75,0,66,0,77,0,80,0,81,0,68,0,10,0,26,0,45,0,89,0,76,0,15,0,19,0,34,0,30,0,18,0,69,0,66,0,23,0,19,0,15,0,6,0,16,0,10,0,15,0,28,0,67,0,42,0,39,0,33,0,Long Stride Default,0,70,0,79,0,91,0,70,0,56,0,29,0,15,0,15,0,20,0,15,0,25,0,16,0,85,0,61,0,16,0
Thomas,Incoom,Carolina Panthers,RE,Central Michigan,26,66,2/19/99,74,265,1,48,2,Power Rusher - DE,91,0,78,0,75,0,73,0,77,0,63,0,53,0,66,0,12,0,44,0,55,0,55,0,54,0,72,0,35,0,59,0,76,0,85,0,91,0,47,0,36,0,38,0,15,0,28,0,25,0,41,0,66,0,45,0,45,0,45,0,6,0,61,0,66,0,27,0,75,0,44,0,45,0,45,0,45,0,Default Stride Loose,0,45,0,51,0,84,0,40,0,41,0,78,0,6,0,7,0,11,0,7,0,24,0,11,0,77,0,50,0,31,0
Trevor,Keegan,Philadelphia Eagles,LG,Michigan,25,66,8/30/00,78,305,1,77,1,Power - G,72,0,60,0,75,0,83,0,85,0,70,0,18,0,21,0,8,0,13,0,25,0,15,0,31,0,54,0,5,0,15,0,35,0,80,0,91,0,19,0,24,0,26,0,10,0,79,0,10,0,5,0,66,0,73,0,67,0,72,0,6,0,21,0,15,0,10,0,23,0,20,0,70,0,70,0,70,0,Long Stride Awkward,0,10,0,15,0,64,0,22,0,15,0,34,0,11,0,11,0,15,0,7,0,22,0,10,0,89,0,29,0,10,0
Tyler,Ott,Washington Commanders,LS,Harvard,33,66,2/28/92,75,253,1,69,10,Accurate - LS,77,0,64,0,75,0,76,0,72,0,55,0,48,0,43,0,18,0,20,0,68,0,54,0,69,0,60,0,38,0,24,0,53,0,56,0,92,0,48,0,24,0,25,0,10,0,41,0,15,0,43,0,66,0,54,0,40,0,50,0,10,0,25,0,19,0,25,0,57,0,44,0,49,0,35,0,40,0,Default,0,48,0,59,0,75,0,41,0,42,0,52,0,10,0,10,0,10,0,10,0,39,0,10,0,83,0,34,0,25,0
Tyrion,Ingram-Dawkins,Minnesota Vikings,DT,Georgia,22,66,6/26/03,77,276,1,90,0,,86,0,75,0,85,0,74,0,83,0,65,0,54,0,74,0,11,0,41,0,64,0,48,0,47,0,70,0,30,0,67,0,77,0,74,0,86,0,57,0,22,0,26,0,21,0,23,0,12,0,35,0,66,0,45,0,45,0,45,0,9,0,65,0,72,0,12,0,72,0,40,0,45,0,45,0,45,0,Long Stride Loose,0,40,0,47,0,77,0,48,0,53,0,71,0,10,0,12,0,14,0,10,0,28,0,10,0,85,0,57,0,13,0
Warren,Brinson,Green Bay Packers,DT,Georgia,23,66,2/4/02,77,315,1,91,0,Power Rusher - DT,75,0,65,0,74,0,73,0,83,0,66,0,33,0,77,0,11,0,21,0,39,0,18,0,19,0,59,0,12,0,72,0,77,0,82,0,87,0,18,0,25,0,14,0,32,0,24,0,10,0,15,0,66,0,45,0,45,0,45,0,6,0,63,0,77,0,11,0,73,0,13,0,45,0,45,0,45,0,Default Stride Awkward,0,17,0,18,0,70,0,18,0,34,0,76,0,6,0,6,0,6,0,6,0,24,0,10,0,86,0,32,0,14,0
Xavier,Weaver,Arizona Cardinals,WR,Colorado,24,66,10/12/00,72,180,1,89,1,,94,0,83,0,87,0,83,0,56,0,58,0,82,0,26,0,29,0,76,0,76,0,75,0,78,0,85,0,65,0,10,0,30,0,34,0,87,0,79,0,18,0,21,0,72,0,20,0,13,0,66,0,66,0,23,0,14,0,10,0,27,0,16,0,10,0,13,0,32,0,66,0,41,0,27,0,20,0,Default,0,67,0,77,0,91,0,68,0,60,0,27,0,27,0,32,0,38,0,34,0,47,0,28,0,84,0,50,0,17,0
Zayne,Anderson,Green Bay Packers,FS,BYU,28,66,1/3/97,74,206,1,39,4,Zone - S,89,0,90,0,82,0,86,0,59,0,60,0,53,0,45,0,18,0,35,0,60,0,50,0,65,0,84,0,15,0,52,0,63,0,47,0,80,0,60,0,24,0,23,0,45,0,20,0,64,0,20,0,66,0,35,0,35,0,35,0,10,0,61,0,43,0,58,0,76,0,25,0,35,0,35,0,35,0,Default,0,28,0,53,0,90,0,58,0,38,0,67,0,10,0,10,0,16,0,10,0,31,0,12,0,74,0,40,0,70,0
Ajani,Cornelius,Dallas Cowboys,RT,Oregon,23,65,5/21/02,77,312,1,69,0,Power - OT,70,0,51,0,73,0,87,0,86,0,69,0,12,0,29,0,11,0,13,0,30,0,21,0,20,0,46,0,5,0,27,0,33,0,83,0,88,0,14,0,12,0,14,0,10,0,79,0,10,0,5,0,65,0,70,0,70,0,72,0,6,0,31,0,28,0,10,0,29,0,13,0,70,0,71,0,71,0,Long Stride Awkward,0,18,0,21,0,64,0,11,0,15,0,29,0,6,0,6,0,6,0,6,0,13,0,6,0,88,0,28,0,12,0
Andre,Carter II,Las Vegas Raiders,RE,Army,25,65,3/28/00,78,256,1,99,2,Smaller Speed Rusher - DE,85,0,84,0,74,0,74,0,67,0,57,0,59,0,64,0,21,0,49,0,57,0,59,0,62,0,74,0,35,0,70,0,84,0,68,0,87,0,57,0,16,0,14,0,34,0,36,0,31,0,46,0,65,0,40,0,40,0,40,0,6,0,55,0,62,0,40,0,79,0,49,0,45,0,45,0,45,0,Long Stride Loose,0,52,0,61,0,75,0,51,0,57,0,78,0,6,0,6,0,6,0,15,0,22,0,6,0,88,0,55,0,43,0
Art,Green,NY Giants,CB,Houston,25,65,4/29/00,73,198,1,35,2,Zone - CB,95,0,83,0,86,0,83,0,57,0,59,0,66,0,45,0,16,0,50,0,58,0,59,0,68,0,83,0,21,0,33,0,54,0,35,0,87,0,74,0,12,0,14,0,40,0,10,0,62,0,23,0,65,0,25,0,25,0,25,0,15,0,55,0,25,0,62,0,74,0,20,0,30,0,30,0,30,0,Default Stride Loose,0,27,0,65,0,94,0,64,0,29,0,56,0,18,0,24,0,29,0,22,0,29,0,16,0,83,0,26,0,66,0
Asim,Richards,Dallas Cowboys,LT,North Carolina,24,65,10/2/00,76,307,1,76,2,Pass Protector - OT,73,0,59,0,72,0,88,0,87,0,67,0,47,0,45,0,12,0,40,0,57,0,50,0,52,0,51,0,35,0,35,0,51,0,83,0,93,0,39,0,12,0,12,0,10,0,71,0,11,0,40,0,65,0,74,0,75,0,74,0,6,0,46,0,46,0,10,0,49,0,44,0,64,0,64,0,64,0,Long Stride Awkward,0,42,0,54,0,67,0,35,0,46,0,45,0,6,0,6,0,6,0,6,0,21,0,13,0,78,0,43,0,12,0
Austin,Brinkman,Houston Texans,LS,West Virginia,23,65,6/20/02,75,242,1,40,0,Accurate - LS,76,0,66,0,68,0,75,0,65,0,50,0,31,0,46,0,11,0,25,0,58,0,42,0,47,0,60,0,22,0,10,0,48,0,67,0,89,0,32,0,20,0,17,0,10,0,49,0,18,0,28,0,65,0,53,0,43,0,49,0,6,0,26,0,10,0,16,0,49,0,24,0,49,0,42,0,46,0,Default Stride Loose,0,34,0,45,0,70,0,22,0,44,0,54,0,6,0,6,0,6,0,6,0,29,0,10,0,80,0,25,0,25,0
Blake,Freeland,Indianapolis Colts,LT,BYU,24,65,5/3/01,80,302,1,73,2,Agile - OT,81,0,72,0,87,0,84,0,83,0,66,0,52,0,47,0,52,0,49,0,57,0,53,0,53,0,55,0,45,0,44,0,58,0,75,0,90,0,44,0,23,0,21,0,15,0,69,0,14,0,48,0,65,0,67,0,70,0,64,0,42,0,10,0,55,0,10,0,51,0,57,0,70,0,75,0,65,0,Long Stride Awkward,0,51,0,54,0,73,0,40,0,55,0,47,0,39,0,46,0,48,0,43,0,54,0,35,0,85,0,51,0,15,0
Bo,Melton,Green Bay Packers,CB,Rutgers,26,65,5/18/99,71,189,1,16,3,Zone - CB,93,0,90,0,88,0,82,0,65,0,59,0,78,0,42,0,29,0,75,0,68,0,78,0,81,0,91,0,74,0,30,0,53,0,49,0,87,0,79,0,20,0,20,0,74,0,33,0,61,0,72,0,65,0,28,0,20,0,24,0,15,0,56,0,25,0,61,0,60,0,69,0,53,0,36,0,30,0,Short Stride Default,0,73,0,79,0,94,0,71,0,63,0,53,0,10,0,15,0,20,0,25,0,32,0,24,0,80,0,60,0,66,0
Brandon,Codrington,Buffalo Bills,CB,NC Central,24,65,11/17/00,68,176,1,29,1,Slot - CB,92,0,82,0,84,0,84,0,61,0,63,0,69,0,52,0,10,0,55,0,62,0,54,0,57,0,84,0,19,0,26,0,68,0,54,0,86,0,76,0,12,0,15,0,80,0,23,0,63,0,22,0,65,0,35,0,35,0,35,0,6,0,64,0,36,0,67,0,74,0,15,0,35,0,35,0,35,0,Default Stride Loose,0,25,0,56,0,89,0,64,0,35,0,64,0,6,0,6,0,6,0,6,0,26,0,14,0,82,0,32,0,66,0
Brandon,Johnson,Pittsburgh Steelers,WR,UCF,27,65,7/26/98,74,195,1,11,3,Physical - WR,87,0,77,0,85,0,84,0,60,0,71,0,79,0,26,0,22,0,68,0,68,0,77,0,82,0,76,0,66,0,11,0,29,0,44,0,90,0,74,0,15,0,16,0,62,0,25,0,16,0,70,0,65,0,37,0,20,0,21,0,9,0,21,0,11,0,21,0,35,0,75,0,47,0,33,0,34,0,Default Stride Loose,0,72,0,82,0,85,0,68,0,58,0,32,0,9,0,10,0,15,0,19,0,29,0,11,0,87,0,51,0,24,0
Branson,Taylor,Los Angeles Chargers,LG,Pittsburgh,23,65,2/13/02,78,275,1,71,0,Agile - G,68,0,60,0,53,0,85,0,85,0,67,0,17,0,42,0,11,0,11,0,24,0,18,0,18,0,55,0,5,0,38,0,36,0,81,0,86,0,10,0,16,0,18,0,10,0,79,0,12,0,5,0,65,0,71,0,71,0,70,0,6,0,23,0,42,0,10,0,28,0,13,0,70,0,71,0,69,0,Long Stride Awkward,0,16,0,18,0,63,0,10,0,19,0,30,0,6,0,6,0,6,0,6,0,14,0,13,0,86,0,30,0,15,0
Britain,Covey,Los Angeles Rams,WR,Utah,28,65,3/18/97,68,173,1,10,3,,93,0,91,0,78,0,82,0,41,0,62,0,84,0,16,0,56,0,74,0,73,0,73,0,77,0,90,0,59,0,10,0,15,0,30,0,83,0,74,0,15,0,16,0,88,0,16,0,14,0,64,0,65,0,22,0,16,0,18,0,45,0,16,0,10,0,10,0,32,0,53,0,34,0,24,0,23,0,Short Stride Loose,0,66,0,71,0,89,0,65,0,33,0,22,0,44,0,49,0,50,0,57,0,48,0,28,0,85,0,27,0,15,0
Brodric,Martin,Detroit Lions,DT,W. Kentucky,26,65,5/24/99,77,330,1,99,2,,69,0,48,0,64,0,67,0,87,0,62,0,39,0,74,0,9,0,35,0,51,0,45,0,48,0,49,0,26,0,50,0,83,0,90,0,91,0,24,0,12,0,13,0,10,0,44,0,15,0,34,0,65,0,45,0,45,0,45,0,8,0,59,0,64,0,10,0,73,0,44,0,45,0,45,0,45,0,Long Stride Awkward,0,38,0,48,0,61,0,22,0,51,0,81,0,6,0,8,0,12,0,7,0,16,0,10,0,85,0,45,0,21,0
Bryce,Oliver,Tennessee Titans,WR,Youngstown St.,25,65,5/19/00,73,214,1,80,1,,86,0,80,0,78,0,85,0,60,0,68,0,78,0,27,0,25,0,75,0,70,0,77,0,79,0,81,0,68,0,10,0,26,0,44,0,91,0,77,0,15,0,17,0,43,0,22,0,10,0,69,0,65,0,31,0,24,0,28,0,28,0,14,0,10,0,10,0,28,0,64,0,51,0,30,0,34,0,Default Stride Loose,0,70,0,78,0,87,0,73,0,53,0,29,0,6,0,10,0,15,0,25,0,30,0,19,0,88,0,57,0,10,0
Cameron,Latu,Philadelphia Eagles,TE,Alabama,25,65,2/24/00,77,244,1,49,2,Vertical Threat - TE,84,0,74,0,79,0,85,0,73,0,72,0,77,0,49,0,16,0,64,0,69,0,73,0,76,0,74,0,54,0,29,0,47,0,64,0,88,0,65,0,10,0,12,0,10,0,54,0,21,0,60,0,65,0,56,0,52,0,56,0,5,0,36,0,27,0,25,0,52,0,60,0,59,0,59,0,56,0,Long Stride Default,0,65,0,77,0,80,0,58,0,64,0,50,0,5,0,10,0,15,0,10,0,25,0,15,0,88,0,69,0,27,0
Charles,Woods,Los Angeles Rams,CB,SMU,25,65,6/17/00,71,185,1,21,1,Manto Man - CB,85,0,87,0,79,0,81,0,55,0,68,0,69,0,45,0,26,0,63,0,65,0,66,0,70,0,85,0,23,0,29,0,52,0,64,0,84,0,68,0,15,0,14,0,54,0,28,0,68,0,28,0,65,0,27,0,23,0,21,0,12,0,65,0,34,0,72,0,70,0,32,0,35,0,31,0,31,0,Default Stride Loose,0,30,0,65,0,86,0,63,0,48,0,53,0,13,0,14,0,20,0,22,0,21,0,13,0,79,0,54,0,63,0
Charlie,Woerner,Atlanta Falcons,TE,Georgia,27,65,10/16/97,77,241,1,89,5,Possession - TE,83,0,76,0,83,0,84,0,77,0,72,0,63,0,56,0,21,0,54,0,71,0,74,0,73,0,68,0,51,0,42,0,63,0,73,0,91,0,55,0,13,0,17,0,57,0,64,0,50,0,56,0,65,0,61,0,59,0,59,0,13,0,58,0,36,0,50,0,58,0,62,0,62,0,60,0,57,0,Long Stride Default,0,64,0,74,0,82,0,51,0,59,0,58,0,11,0,16,0,22,0,18,0,34,0,17,0,90,0,66,0,57,0
Chase,Lucas,San Francisco 49ers,CB,Arizona St.,28,65,3/4/97,72,176,1,26,3,Zone - CB,94,0,90,0,92,0,87,0,54,0,61,0,74,0,42,0,19,0,66,0,66,0,55,0,62,0,89,0,24,0,30,0,49,0,39,0,89,0,77,0,12,0,12,0,45,0,15,0,63,0,30,0,65,0,34,0,34,0,34,0,6,0,59,0,24,0,67,0,61,0,25,0,34,0,34,0,34,0,Short Stride Default,0,37,0,60,0,90,0,68,0,44,0,46,0,11,0,13,0,16,0,14,0,25,0,9,0,77,0,35,0,68,0
Chase,Lundt,Buffalo Bills,RT,Connecticut,23,65,6/16/02,80,303,1,77,0,Agile - OT,74,0,62,0,67,0,86,0,82,0,72,0,25,0,25,0,11,0,13,0,44,0,27,0,37,0,56,0,17,0,18,0,26,0,85,0,86,0,26,0,12,0,11,0,10,0,77,0,11,0,21,0,65,0,70,0,71,0,69,0,6,0,18,0,20,0,10,0,29,0,20,0,71,0,72,0,69,0,Long Stride Awkward,0,24,0,27,0,69,0,25,0,27,0,25,0,6,0,6,0,6,0,6,0,20,0,13,0,87,0,24,0,13,0
Chigozie,Anusiem,Cleveland Browns,CB,Colorado St.,24,65,11/5/00,73,200,1,35,1,Zone - CB,90,0,82,0,89,0,85,0,60,0,63,0,68,0,53,0,24,0,55,0,57,0,54,0,64,0,77,0,15,0,45,0,68,0,56,0,90,0,70,0,14,0,15,0,45,0,25,0,61,0,24,0,65,0,35,0,35,0,35,0,6,0,62,0,35,0,75,0,73,0,24,0,35,0,35,0,35,0,Default,0,31,0,57,0,91,0,65,0,62,0,62,0,6,0,6,0,6,0,6,0,26,0,10,0,87,0,51,0,66,0
Chris,Board,NY Giants,ROLB,North Dakota St.,30,65,7/23/95,74,239,1,49,7,Run Stopper - OLB,87,0,85,0,83,0,83,0,69,0,66,0,48,0,60,0,15,0,40,0,55,0,40,0,55,0,74,0,10,0,52,0,76,0,78,0,91,0,63,0,16,0,18,0,42,0,24,0,57,0,10,0,65,0,30,0,35,0,35,0,6,0,68,0,48,0,43,0,80,0,25,0,42,0,35,0,35,0,Default Stride Loose,0,15,0,46,0,87,0,54,0,50,0,80,0,6,0,6,0,6,0,6,0,20,0,11,0,87,0,52,0,62,0
Christian,Braswell,Jacksonville Jaguars,CB,Rutgers,25,65,9/27/99,70,181,1,21,2,Zone - CB,90,0,89,0,93,0,87,0,42,0,61,0,69,0,51,0,31,0,61,0,62,0,62,0,69,0,87,0,44,0,33,0,55,0,39,0,88,0,72,0,12,0,13,0,60,0,14,0,61,0,45,0,65,0,35,0,35,0,35,0,23,0,59,0,29,0,59,0,64,0,38,0,35,0,35,0,35,0,Default Stride Loose,0,49,0,67,0,90,0,65,0,30,0,60,0,12,0,14,0,19,0,21,0,32,0,13,0,77,0,31,0,70,0
Dalton,Tucker,Indianapolis Colts,RG,Marshall,25,65,3/18/00,78,307,1,68,1,Power - G,62,0,63,0,79,0,83,0,82,0,63,0,10,0,20,0,12,0,5,0,20,0,10,0,35,0,57,0,5,0,10,0,12,0,77,0,88,0,10,0,12,0,16,0,10,0,79,0,12,0,5,0,65,0,67,0,64,0,70,0,6,0,10,0,10,0,10,0,23,0,12,0,73,0,70,0,75,0,Default Stride Awkward,0,10,0,12,0,66,0,10,0,10,0,29,0,6,0,6,0,6,0,6,0,21,0,10,0,87,0,15,0,12,0
Danny,Pinter,Indianapolis Colts,C,Ball State,29,65,6/19/96,76,306,1,63,5,Agile - C,75,0,60,0,73,0,82,0,82,0,74,0,33,0,35,0,12,0,31,0,38,0,40,0,48,0,56,0,25,0,21,0,33,0,80,0,87,0,25,0,21,0,22,0,10,0,86,0,13,0,31,0,65,0,62,0,64,0,60,0,6,0,30,0,33,0,10,0,29,0,40,0,74,0,77,0,72,0,Long Stride High and Tight,0,34,0,37,0,74,0,18,0,30,0,37,0,6,0,6,0,6,0,6,0,30,0,11,0,85,0,35,0,15,0
Dareke,Young,Seattle Seahawks,WR,Lenoir-Rhyne University,26,65,6/4/99,74,224,1,83,3,,93,0,86,0,88,0,80,0,71,0,59,0,82,0,28,0,19,0,75,0,78,0,79,0,77,0,82,0,63,0,10,0,36,0,45,0,85,0,74,0,17,0,21,0,63,0,27,0,12,0,66,0,65,0,30,0,28,0,29,0,6,0,15,0,10,0,12,0,42,0,62,0,43,0,29,0,34,0,Long Stride Loose,0,68,0,75,0,91,0,66,0,68,0,30,0,8,0,10,0,15,0,16,0,23,0,11,0,75,0,69,0,10,0
David,Sills V,Atlanta Falcons,WR,West Virginia,29,65,5/29/96,75,211,1,87,7,Deep Threat - WR,89,0,84,0,89,0,80,0,60,0,63,0,74,0,24,0,65,0,70,0,71,0,77,0,78,0,80,0,72,0,10,0,12,0,44,0,79,0,73,0,17,0,19,0,50,0,24,0,10,0,68,0,65,0,35,0,27,0,30,0,63,0,23,0,10,0,10,0,27,0,70,0,45,0,18,0,26,0,Long Stride Default,0,72,0,81,0,87,0,68,0,45,0,25,0,58,0,64,0,69,0,72,0,73,0,55,0,82,0,46,0,16,0
Davis,Mills,Houston Texans,QB,Stanford,26,65,10/21/98,76,225,1,10,4,Field General - QB,75,0,76,0,77,0,77,0,56,0,67,0,55,0,19,0,52,0,38,0,61,0,15,0,22,0,75,0,10,0,10,0,15,0,18,0,88,0,51,0,41,0,54,0,10,0,10,0,10,0,11,0,65,0,14,0,15,0,13,0,78,0,15,0,10,0,10,0,21,0,14,0,16,0,10,0,14,0,Long Stride Default,0,12,0,12,0,78,0,34,0,30,0,19,0,77,0,77,0,82,0,73,0,87,0,76,0,88,0,33,0,14,0
Dee,Williams,NY Giants,CB,Tennessee,25,65,12/6/99,70,190,1,33,1,Zone - CB,89,0,76,0,75,0,87,0,57,0,68,0,73,0,51,0,15,0,63,0,69,0,68,0,73,0,82,0,48,0,44,0,67,0,52,0,88,0,76,0,18,0,19,0,40,0,14,0,63,0,50,0,65,0,35,0,35,0,35,0,6,0,56,0,38,0,67,0,73,0,59,0,35,0,35,0,35,0,Short Stride Loose,0,53,0,69,0,91,0,68,0,38,0,66,0,6,0,6,0,6,0,6,0,31,0,14,0,79,0,44,0,67,0
Del'Shawn,Phillips,Los Angeles Chargers,LOLB,Illinois,28,65,10/9/96,74,230,1,53,6,Run Stopper - OLB,83,0,76,0,86,0,82,0,72,0,68,0,44,0,66,0,15,0,43,0,58,0,42,0,65,0,70,0,6,0,52,0,84,0,75,0,88,0,62,0,14,0,15,0,10,0,20,0,54,0,10,0,65,0,45,0,45,0,45,0,6,0,69,0,46,0,46,0,77,0,19,0,45,0,45,0,45,0,Default Stride Loose,0,15,0,60,0,87,0,54,0,41,0,76,0,6,0,6,0,6,0,6,0,25,0,13,0,83,0,46,0,64,0
Delarrin,Turner-Yell,Denver Broncos,FS,Oklahoma,25,65,12/16/99,71,200,1,32,3,Zone - S,92,0,85,0,85,0,89,0,53,0,66,0,60,0,49,0,18,0,43,0,60,0,53,0,69,0,78,0,27,0,39,0,62,0,57,0,81,0,69,0,17,0,15,0,40,0,18,0,60,0,31,0,65,0,32,0,32,0,32,0,12,0,64,0,33,0,58,0,69,0,23,0,33,0,33,0,33,0,Default,0,34,0,63,0,90,0,63,0,39,0,61,0,10,0,10,0,15,0,15,0,25,0,9,0,74,0,35,0,68,0
Demani,Richardson,Carolina Panthers,SS,Texas AM,24,65,10/7/00,73,214,1,36,1,Zone - S,92,0,78,0,79,0,86,0,64,0,65,0,74,0,52,0,21,0,56,0,62,0,62,0,67,0,77,0,24,0,48,0,76,0,59,0,90,0,72,0,24,0,25,0,38,0,32,0,62,0,38,0,65,0,33,0,33,0,33,0,9,0,63,0,36,0,65,0,78,0,34,0,35,0,35,0,35,0,Default Stride Loose,0,40,0,65,0,86,0,65,0,45,0,69,0,13,0,16,0,20,0,22,0,27,0,11,0,88,0,47,0,66,0
DeMarvin,Leal,Pittsburgh Steelers,DT,Texas AM,25,65,7/1/00,76,290,1,98,3,Speed Rusher - DT,78,0,77,0,75,0,78,0,74,0,72,0,38,0,70,0,12,0,29,0,35,0,31,0,44,0,64,0,20,0,71,0,75,0,77,0,87,0,44,0,15,0,16,0,10,0,28,0,24,0,24,0,65,0,45,0,45,0,45,0,9,0,67,0,66,0,26,0,83,0,25,0,45,0,45,0,45,0,Long Stride Default,0,26,0,34,0,73,0,42,0,36,0,76,0,9,0,9,0,9,0,9,0,20,0,17,0,86,0,41,0,28,0
Demontrey,Jacobs,New England Patriots,RT,USF,26,65,11/22/98,78,315,1,75,2,Agile - OT,70,0,67,0,66,0,81,0,83,0,72,0,10,0,31,0,12,0,5,0,30,0,22,0,28,0,56,0,10,0,15,0,38,0,79,0,92,0,10,0,11,0,21,0,10,0,81,0,12,0,15,0,65,0,73,0,69,0,66,0,6,0,21,0,20,0,10,0,33,0,22,0,70,0,74,0,72,0,Long Stride Awkward,0,22,0,25,0,67,0,10,0,10,0,34,0,6,0,6,0,6,0,6,0,16,0,13,0,85,0,21,0,12,0
Deon,Bush,Kansas City Chiefs,SS,Miami,32,65,8/14/93,72,200,1,26,9,Run Support - S,88,0,82,0,86,0,88,0,71,0,69,0,62,0,46,0,15,0,45,0,62,0,32,0,68,0,79,0,10,0,27,0,83,0,59,0,87,0,62,0,18,0,21,0,42,0,14,0,59,0,10,0,65,0,25,0,33,0,34,0,15,0,71,0,31,0,62,0,70,0,23,0,14,0,33,0,33,0,Default Stride Loose,0,20,0,60,0,88,0,59,0,42,0,62,0,10,0,10,0,15,0,15,0,27,0,12,0,83,0,53,0,65,0
Devon,Key,Denver Broncos,FS,W. Kentucky,27,65,10/28/97,72,208,1,26,4,Hybrid - S,89,0,79,0,90,0,84,0,66,0,64,0,58,0,59,0,24,0,44,0,60,0,49,0,58,0,83,0,15,0,39,0,86,0,63,0,92,0,68,0,12,0,14,0,30,0,25,0,62,0,20,0,65,0,35,0,35,0,35,0,15,0,60,0,45,0,71,0,77,0,20,0,35,0,35,0,35,0,Default Stride Loose,0,30,0,54,0,86,0,64,0,44,0,69,0,10,0,10,0,15,0,20,0,30,0,16,0,86,0,45,0,64,0
Dez,Fitzpatrick,Los Angeles Chargers,WR,Louisville,27,65,12/17/97,74,208,1,87,4,Deep Threat - WR,88,0,83,0,86,0,81,0,59,0,68,0,79,0,29,0,18,0,71,0,70,0,79,0,78,0,81,0,69,0,10,0,20,0,42,0,90,0,72,0,40,0,46,0,50,0,23,0,15,0,67,0,65,0,28,0,20,0,24,0,6,0,17,0,10,0,16,0,31,0,68,0,41,0,27,0,21,0,Default Stride Loose,0,67,0,80,0,89,0,73,0,53,0,29,0,10,0,15,0,20,0,10,0,28,0,16,0,87,0,44,0,19,0
DJ,Ivey,Cincinnati Bengals,CB,Miami,25,65,2/25/00,73,189,1,38,2,Manto Man - CB,90,0,83,0,92,0,86,0,54,0,59,0,65,0,41,0,15,0,50,0,59,0,56,0,64,0,87,0,11,0,38,0,62,0,42,0,90,0,69,0,16,0,19,0,55,0,18,0,67,0,12,0,65,0,30,0,30,0,30,0,6,0,56,0,27,0,72,0,64,0,14,0,35,0,35,0,35,0,Default Stride Loose,0,17,0,63,0,90,0,64,0,49,0,56,0,6,0,6,0,6,0,6,0,22,0,13,0,78,0,35,0,68,0
Drake,Thomas,Seattle Seahawks,ROLB,N.C. State,25,65,2/25/00,71,228,1,42,2,Run Stopper - OLB,87,0,80,0,85,0,84,0,66,0,63,0,50,0,59,0,7,0,25,0,53,0,49,0,57,0,79,0,6,0,54,0,81,0,68,0,90,0,51,0,22,0,24,0,10,0,31,0,52,0,13,0,65,0,35,0,35,0,35,0,6,0,68,0,45,0,44,0,85,0,16,0,45,0,45,0,45,0,Default Stride High and Tight,0,23,0,50,0,82,0,49,0,45,0,79,0,10,0,11,0,15,0,7,0,27,0,8,0,89,0,48,0,63,0
Drew,Ogletree,Indianapolis Colts,TE,Youngstown St.,27,65,7/28/98,77,260,1,85,3,Vertical Threat - TE,86,0,77,0,84,0,80,0,74,0,68,0,62,0,24,0,21,0,61,0,74,0,73,0,79,0,67,0,55,0,10,0,34,0,64,0,86,0,64,0,14,0,19,0,10,0,54,0,10,0,60,0,65,0,58,0,59,0,56,0,6,0,21,0,10,0,10,0,31,0,61,0,58,0,58,0,57,0,Long Stride Default,0,65,0,76,0,82,0,58,0,68,0,26,0,6,0,10,0,15,0,12,0,25,0,11,0,78,0,69,0,10,0
Drew,Kendall,Philadelphia Eagles,C,Boston College,23,65,11/27/01,76,308,1,66,0,Power - C,72,0,66,0,75,0,84,0,81,0,76,0,10,0,15,0,11,0,6,0,23,0,20,0,22,0,64,0,5,0,11,0,24,0,79,0,92,0,10,0,12,0,13,0,10,0,77,0,11,0,10,0,65,0,71,0,69,0,71,0,6,0,24,0,25,0,10,0,31,0,12,0,71,0,71,0,69,0,Long Stride Awkward,0,18,0,22,0,71,0,10,0,10,0,23,0,6,0,6,0,6,0,6,0,15,0,12,0,90,0,21,0,10,0
Dylan,Laube,Las Vegas Raiders,HB,New Hampshire,25,65,12/14/99,70,208,1,23,1,Elusive Back - HB,89,0,88,0,84,0,91,0,67,0,51,0,81,0,26,0,20,0,73,0,85,0,65,0,75,0,90,0,59,0,10,0,22,0,34,0,91,0,78,0,25,0,25,0,84,0,28,0,11,0,64,0,65,0,50,0,25,0,30,0,10,0,13,0,10,0,15,0,32,0,63,0,31,0,25,0,28,0,Default,0,70,0,63,0,88,0,73,0,71,0,27,0,10,0,10,0,15,0,10,0,27,0,17,0,92,0,75,0,16,0
Dyontae,Johnson,NY Giants,ROLB,Toledo,24,65,9/28/00,74,230,1,54,2,Run Stopper - OLB,88,0,74,0,71,0,83,0,73,0,59,0,46,0,68,0,12,0,27,0,54,0,42,0,57,0,66,0,6,0,55,0,78,0,76,0,91,0,46,0,16,0,10,0,10,0,17,0,52,0,11,0,65,0,45,0,45,0,45,0,6,0,58,0,60,0,47,0,80,0,16,0,45,0,45,0,45,0,Default Stride Loose,0,21,0,44,0,86,0,40,0,32,0,78,0,6,0,6,0,6,0,6,0,36,0,10,0,87,0,36,0,61,0
Eli,Ricks,Philadelphia Eagles,CB,Alabama,23,65,9/26/01,74,188,1,23,2,Manto Man - CB,90,0,82,0,84,0,88,0,50,0,68,0,80,0,43,0,12,0,66,0,64,0,64,0,73,0,78,0,39,0,41,0,73,0,51,0,81,0,72,0,13,0,15,0,60,0,21,0,64,0,46,0,65,0,22,0,22,0,22,0,6,0,66,0,30,0,76,0,67,0,50,0,34,0,35,0,34,0,Long Stride Loose,0,51,0,70,0,87,0,64,0,47,0,47,0,6,0,10,0,15,0,10,0,35,0,10,0,78,0,48,0,66,0
Elijah,Cooks,Philadelphia Eagles,WR,San Jose St.,26,65,10/13/98,75,215,1,86,2,Physical - WR,91,0,80,0,86,0,83,0,65,0,53,0,77,0,25,0,26,0,74,0,75,0,82,0,82,0,81,0,62,0,29,0,45,0,49,0,88,0,74,0,12,0,15,0,58,0,24,0,33,0,65,0,65,0,37,0,25,0,24,0,15,0,19,0,27,0,35,0,35,0,70,0,51,0,26,0,33,0,Long Stride Default,0,66,0,82,0,87,0,68,0,65,0,39,0,19,0,21,0,25,0,15,0,27,0,16,0,84,0,60,0,39,0
Elijah,Garcia,NY Giants,DT,Rice,26,65,3/11/99,77,302,1,90,3,,74,0,70,0,74,0,73,0,83,0,55,0,19,0,77,0,12,0,23,0,26,0,11,0,30,0,60,0,5,0,49,0,81,0,76,0,89,0,17,0,12,0,14,0,10,0,22,0,17,0,6,0,65,0,45,0,45,0,45,0,6,0,54,0,67,0,10,0,74,0,12,0,45,0,45,0,45,0,Default Stride Awkward,0,10,0,12,0,72,0,11,0,29,0,78,0,6,0,6,0,6,0,6,0,13,0,17,0,78,0,26,0,19,0
Elijah,Higgins,Arizona Cardinals,TE,Stanford,24,65,10/27/00,75,235,1,84,2,Vertical Threat - TE,90,0,81,0,84,0,82,0,69,0,56,0,79,0,25,0,24,0,68,0,71,0,76,0,78,0,76,0,60,0,10,0,19,0,43,0,92,0,72,0,18,0,19,0,50,0,23,0,13,0,61,0,65,0,50,0,47,0,49,0,6,0,15,0,10,0,10,0,30,0,63,0,51,0,52,0,49,0,Long Stride Default,0,64,0,78,0,89,0,66,0,59,0,24,0,6,0,10,0,15,0,10,0,25,0,17,0,90,0,55,0,20,0
Emanuel,Wilson,Green Bay Packers,HB,Fort Valley State,26,65,5/8/99,71,226,1,31,2,Elusive Back - HB,93,0,80,0,86,0,84,0,72,0,63,0,77,0,31,0,32,0,75,0,84,0,62,0,68,0,79,0,49,0,10,0,41,0,50,0,90,0,77,0,17,0,16,0,70,0,44,0,10,0,57,0,65,0,54,0,41,0,40,0,10,0,22,0,10,0,10,0,36,0,53,0,51,0,39,0,42,0,Default Stride Loose,0,62,0,60,0,90,0,73,0,79,0,37,0,21,0,26,0,29,0,21,0,35,0,11,0,85,0,76,0,15,0
Eric,Johnson II,Indianapolis Colts,DT,Missouri State,27,65,7/16/98,76,320,1,98,3,,80,0,65,0,69,0,73,0,79,0,69,0,18,0,70,0,12,0,15,0,30,0,14,0,32,0,59,0,3,0,57,0,76,0,82,0,92,0,25,0,14,0,17,0,10,0,28,0,15,0,5,0,65,0,45,0,45,0,45,0,6,0,66,0,67,0,10,0,79,0,15,0,45,0,45,0,45,0,Default Stride Awkward,0,13,0,16,0,77,0,24,0,32,0,77,0,6,0,6,0,6,0,6,0,23,0,12,0,82,0,30,0,16,0
Eric,Watts,NY Jets,LE,Connecticut,24,65,10/1/00,78,274,1,58,1,Run Stopper - DE,88,0,65,0,87,0,86,0,79,0,63,0,48,0,74,0,20,0,41,0,41,0,32,0,35,0,58,0,14,0,68,0,78,0,71,0,90,0,45,0,26,0,26,0,39,0,35,0,28,0,16,0,65,0,32,0,36,0,30,0,13,0,64,0,69,0,35,0,72,0,19,0,37,0,33,0,36,0,Long Stride Loose,0,18,0,35,0,83,0,38,0,32,0,76,0,14,0,19,0,25,0,15,0,32,0,21,0,90,0,37,0,21,0
Erik,Ezukanma,Miami Dolphins,WR,Texas Tech,25,65,1/25/00,74,206,1,84,3,Physical - WR,91,0,81,0,86,0,84,0,68,0,60,0,79,0,25,0,26,0,76,0,73,0,79,0,80,0,78,0,64,0,10,0,22,0,49,0,92,0,74,0,15,0,19,0,50,0,31,0,12,0,66,0,65,0,36,0,24,0,30,0,12,0,15,0,10,0,15,0,28,0,71,0,50,0,31,0,36,0,Long Stride Default,0,68,0,81,0,88,0,68,0,61,0,20,0,10,0,15,0,20,0,19,0,25,0,16,0,85,0,66,0,16,0
Gregory,Junior,Green Bay Packers,CB,Ouachita Baptist,26,65,6/21/99,72,190,1,38,3,Manto Man - CB,87,0,84,0,93,0,87,0,64,0,63,0,58,0,52,0,14,0,46,0,55,0,53,0,57,0,86,0,21,0,38,0,57,0,51,0,91,0,70,0,11,0,11,0,40,0,21,0,65,0,24,0,65,0,35,0,35,0,35,0,6,0,62,0,29,0,73,0,71,0,31,0,35,0,35,0,35,0,Default Stride Loose,0,28,0,56,0,91,0,64,0,42,0,57,0,6,0,6,0,6,0,14,0,25,0,9,0,78,0,30,0,64,0
Hayden,Conner,Arizona Cardinals,LG,Texas,23,65,4/26/02,78,322,1,58,0,Power - G,75,0,63,0,52,0,88,0,86,0,65,0,33,0,39,0,12,0,35,0,38,0,32,0,21,0,57,0,26,0,38,0,41,0,80,0,89,0,18,0,22,0,19,0,20,0,77,0,10,0,27,0,65,0,69,0,67,0,70,0,6,0,29,0,42,0,10,0,28,0,28,0,71,0,69,0,71,0,Long Stride Awkward,0,31,0,33,0,65,0,20,0,35,0,35,0,6,0,6,0,6,0,6,0,23,0,6,0,88,0,35,0,11,0
Hunter,Wohler,Indianapolis Colts,FS,Wisconsin,22,65,1/12/03,74,213,1,30,0,Zone - S,90,0,92,0,88,0,88,0,63,0,62,0,64,0,51,0,14,0,49,0,60,0,52,0,64,0,83,0,16,0,34,0,74,0,51,0,85,0,63,0,15,0,19,0,70,0,25,0,61,0,20,0,65,0,35,0,35,0,35,0,6,0,60,0,37,0,66,0,74,0,25,0,35,0,35,0,35,0,Default Stride Loose,0,27,0,57,0,87,0,55,0,42,0,67,0,6,0,6,0,6,0,6,0,24,0,12,0,84,0,44,0,66,0
Isaiah,Bolden,New England Patriots,CB,Jackson St.,25,65,12/16/99,74,205,1,29,2,Zone - CB,93,0,80,0,90,0,85,0,63,0,55,0,85,0,44,0,17,0,74,0,66,0,55,0,59,0,79,0,28,0,39,0,69,0,50,0,91,0,80,0,13,0,19,0,83,0,19,0,65,0,32,0,65,0,30,0,30,0,30,0,6,0,52,0,31,0,67,0,75,0,36,0,35,0,35,0,35,0,Long Stride Loose,0,35,0,58,0,95,0,76,0,60,0,58,0,8,0,13,0,16,0,15,0,26,0,11,0,82,0,55,0,69,0
Isaiahh,Loudermilk,Pittsburgh Steelers,DT,Wisconsin,27,65,10/10/97,79,293,1,92,4,,78,0,66,0,71,0,74,0,79,0,61,0,44,0,72,0,12,0,29,0,49,0,40,0,51,0,63,0,18,0,67,0,81,0,80,0,88,0,39,0,15,0,15,0,10,0,29,0,14,0,23,0,65,0,45,0,45,0,45,0,6,0,64,0,64,0,15,0,76,0,28,0,45,0,45,0,45,0,Long Stride Loose,0,28,0,42,0,69,0,34,0,43,0,79,0,6,0,6,0,6,0,6,0,28,0,13,0,84,0,43,0,24,0
Ja'Quinden,Jackson,Jacksonville Jaguars,HB,Arkansas,23,65,9/12/01,74,236,1,38,0,Power Back - HB,86,0,80,0,81,0,82,0,74,0,70,0,83,0,31,0,60,0,78,0,86,0,52,0,64,0,77,0,39,0,26,0,28,0,45,0,86,0,79,0,21,0,29,0,70,0,39,0,18,0,48,0,65,0,49,0,28,0,32,0,57,0,30,0,20,0,23,0,38,0,47,0,40,0,32,0,28,0,Default,0,54,0,51,0,83,0,72,0,77,0,29,0,58,0,57,0,61,0,62,0,76,0,56,0,84,0,80,0,23,0
Jacob,Monk,Green Bay Packers,C,Duke,24,65,6/4/01,75,308,1,62,1,Agile - C,76,0,67,0,73,0,84,0,83,0,72,0,10,0,21,0,9,0,5,0,25,0,22,0,27,0,57,0,5,0,21,0,39,0,80,0,94,0,10,0,19,0,25,0,10,0,80,0,11,0,8,0,65,0,70,0,69,0,68,0,9,0,26,0,23,0,9,0,36,0,12,0,69,0,73,0,65,0,Default Stride Awkward,0,15,0,26,0,69,0,10,0,10,0,28,0,10,0,11,0,15,0,8,0,25,0,9,0,85,0,15,0,10,0
Jaheim,Bell,New England Patriots,TE,Florida State,24,65,6/14/01,74,241,1,88,1,Vertical Threat - TE,91,0,81,0,85,0,84,0,70,0,54,0,78,0,33,0,28,0,71,0,73,0,75,0,78,0,73,0,60,0,10,0,26,0,59,0,89,0,73,0,13,0,17,0,20,0,58,0,10,0,62,0,65,0,51,0,52,0,50,0,13,0,15,0,10,0,15,0,39,0,66,0,53,0,54,0,50,0,Default,0,66,0,74,0,85,0,66,0,69,0,33,0,11,0,10,0,15,0,18,0,20,0,14,0,86,0,70,0,15,0
Jake,Kubas,NY Giants,RG,North Dakota St.,25,65,8/13/00,76,308,1,63,1,Agile - G,72,0,61,0,76,0,83,0,86,0,65,0,14,0,31,0,12,0,6,0,40,0,10,0,28,0,59,0,5,0,17,0,37,0,78,0,91,0,12,0,17,0,22,0,14,0,79,0,12,0,5,0,65,0,72,0,73,0,69,0,6,0,27,0,22,0,10,0,33,0,12,0,69,0,70,0,67,0,Default Stride Awkward,0,19,0,12,0,65,0,11,0,38,0,34,0,6,0,6,0,6,0,6,0,23,0,12,0,88,0,25,0,12,0
Jalen,Milroe,Seattle Seahawks,QB,Alabama,22,65,12/13/02,74,216,1,6,0,Scrambler - QB,93,0,89,0,87,0,81,0,69,0,49,0,87,0,37,0,74,0,74,0,56,0,21,0,40,0,87,0,23,0,38,0,40,0,26,0,88,0,78,0,21,0,28,0,33,0,31,0,20,0,19,0,65,0,23,0,32,0,32,0,79,0,26,0,38,0,19,0,28,0,28,0,30,0,33,0,33,0,Default Stride Loose,0,19,0,18,0,93,0,73,0,68,0,42,0,78,0,73,0,76,0,77,0,92,0,74,0,89,0,52,0,18,0
Jalen,Graham,San Francisco 49ers,LOLB,Purdue,24,65,1/11/01,75,220,1,41,2,Run Stopper - OLB,90,0,75,0,77,0,84,0,65,0,67,0,60,0,61,0,52,0,45,0,50,0,58,0,66,0,73,0,19,0,46,0,79,0,66,0,89,0,63,0,15,0,20,0,39,0,25,0,49,0,24,0,65,0,25,0,25,0,25,0,30,0,68,0,39,0,55,0,82,0,32,0,25,0,25,0,25,0,Default Stride Bread Loaf,0,30,0,63,0,84,0,55,0,54,0,77,0,41,0,45,0,48,0,46,0,54,0,34,0,86,0,45,0,65,0
James,Mitchell,Carolina Panthers,TE,Virginia Tech,26,65,8/11/99,75,255,1,85,3,Vertical Threat - TE,87,0,76,0,78,0,79,0,70,0,65,0,70,0,32,0,48,0,57,0,76,0,75,0,76,0,69,0,61,0,22,0,39,0,60,0,83,0,67,0,19,0,25,0,10,0,58,0,18,0,63,0,65,0,56,0,57,0,55,0,31,0,14,0,23,0,10,0,35,0,63,0,57,0,59,0,52,0,Long Stride High and Tight,0,63,0,73,0,84,0,59,0,67,0,35,0,30,0,33,0,37,0,44,0,42,0,30,0,83,0,63,0,20,0
Jaret,Patterson,Los Angeles Chargers,HB,Buffalo,25,65,12/23/99,68,195,1,34,4,Elusive Back - HB,89,0,82,0,74,0,84,0,61,0,66,0,78,0,26,0,22,0,75,0,79,0,62,0,66,0,82,0,39,0,24,0,41,0,26,0,90,0,83,0,12,0,19,0,55,0,27,0,28,0,49,0,65,0,45,0,34,0,31,0,15,0,28,0,17,0,31,0,52,0,39,0,35,0,36,0,34,0,Short Stride Default,0,60,0,58,0,85,0,77,0,53,0,37,0,14,0,15,0,19,0,26,0,24,0,16,0,84,0,48,0,33,0
Jay,Toia,Dallas Cowboys,DT,UCLA,22,65,7/16/03,75,341,1,93,0,,72,0,53,0,63,0,81,0,86,0,72,0,31,0,73,0,12,0,28,0,41,0,18,0,20,0,51,0,12,0,60,0,74,0,83,0,94,0,17,0,21,0,21,0,26,0,46,0,11,0,15,0,65,0,45,0,45,0,45,0,11,0,71,0,68,0,13,0,71,0,13,0,45,0,45,0,45,0,Default Stride Awkward,0,17,0,18,0,65,0,18,0,33,0,73,0,7,0,10,0,14,0,9,0,19,0,13,0,91,0,30,0,16,0
Jerrick,Reed II,Seattle Seahawks,SS,New Mexico,25,65,8/7/00,70,196,1,32,2,Hybrid - S,93,0,78,0,90,0,85,0,59,0,62,0,72,0,50,0,17,0,61,0,63,0,63,0,71,0,81,0,41,0,33,0,83,0,55,0,90,0,70,0,17,0,16,0,52,0,25,0,67,0,39,0,65,0,30,0,30,0,30,0,11,0,64,0,26,0,61,0,64,0,39,0,35,0,35,0,35,0,Short Stride Loose,0,44,0,67,0,91,0,63,0,30,0,66,0,8,0,10,0,15,0,19,0,21,0,12,0,79,0,26,0,62,0
Jordan,McFadden,Chicago Bears,RG,Clemson,25,65,11/16/99,74,303,1,74,2,Agile - G,76,0,61,0,71,0,85,0,82,0,73,0,13,0,15,0,12,0,8,0,38,0,15,0,26,0,54,0,5,0,13,0,22,0,75,0,92,0,11,0,13,0,12,0,10,0,81,0,10,0,7,0,65,0,71,0,74,0,68,0,5,0,19,0,12,0,10,0,22,0,12,0,64,0,67,0,61,0,Default Stride Awkward,0,13,0,14,0,73,0,10,0,15,0,35,0,5,0,5,0,5,0,5,0,11,0,14,0,85,0,20,0,11,0
Jordan,Jackson,Denver Broncos,DT,Air Force,27,65,1/30/98,76,294,1,94,3,,74,0,76,0,75,0,74,0,78,0,67,0,26,0,70,0,16,0,19,0,30,0,17,0,24,0,66,0,5,0,59,0,76,0,79,0,88,0,22,0,21,0,22,0,10,0,25,0,23,0,5,0,65,0,45,0,45,0,45,0,6,0,69,0,68,0,20,0,78,0,17,0,45,0,45,0,45,0,Long Stride Awkward,0,14,0,17,0,74,0,21,0,27,0,78,0,6,0,6,0,6,0,6,0,22,0,14,0,86,0,34,0,29,0
Josh,Blackwell,Chicago Bears,CB,Duke,26,65,4/5/99,71,180,1,39,3,Manto Man - CB,92,0,91,0,88,0,84,0,53,0,56,0,64,0,38,0,21,0,55,0,55,0,48,0,59,0,84,0,24,0,32,0,54,0,37,0,87,0,72,0,12,0,13,0,62,0,15,0,65,0,30,0,65,0,35,0,35,0,35,0,15,0,52,0,26,0,71,0,69,0,35,0,35,0,35,0,35,0,Default Stride Loose,0,34,0,52,0,94,0,66,0,29,0,47,0,16,0,20,0,22,0,23,0,24,0,13,0,85,0,30,0,62,0
Josiah,Deguara,Arizona Cardinals,TE,Cincinnati,28,65,2/14/97,74,238,1,47,5,Possession - TE,84,0,77,0,84,0,84,0,78,0,61,0,70,0,41,0,26,0,55,0,74,0,78,0,81,0,73,0,54,0,10,0,32,0,67,0,86,0,59,0,16,0,21,0,30,0,61,0,12,0,57,0,65,0,56,0,54,0,52,0,21,0,27,0,14,0,17,0,41,0,65,0,60,0,61,0,55,0,Long Stride Default,0,63,0,80,0,85,0,56,0,61,0,41,0,20,0,25,0,30,0,26,0,41,0,26,0,87,0,63,0,14,0
Julian,Ashby,New England Patriots,LS,Vanderbilt,23,65,7/8/02,73,231,1,47,0,Accurate - LS,83,0,72,0,74,0,76,0,68,0,60,0,52,0,37,0,14,0,51,0,62,0,49,0,45,0,69,0,35,0,32,0,22,0,56,0,88,0,45,0,24,0,24,0,10,0,31,0,17,0,40,0,65,0,45,0,40,0,41,0,17,0,34,0,32,0,15,0,52,0,34,0,51,0,49,0,51,0,Default Stride Awkward,0,47,0,47,0,74,0,44,0,47,0,50,0,10,0,11,0,10,0,14,0,29,0,16,0,86,0,45,0,20,0
Julius,Chestnut,Tennessee Titans,HB,Sacred Heart,24,65,10/26/00,71,228,1,36,3,Power Back - HB,91,0,83,0,82,0,80,0,76,0,64,0,78,0,38,0,21,0,80,0,83,0,63,0,68,0,79,0,45,0,10,0,40,0,45,0,85,0,78,0,17,0,21,0,60,0,42,0,10,0,50,0,65,0,54,0,51,0,48,0,10,0,16,0,10,0,10,0,42,0,52,0,45,0,46,0,42,0,Default Stride Loose,0,60,0,59,0,88,0,69,0,78,0,35,0,10,0,20,0,25,0,10,0,25,0,11,0,85,0,80,0,12,0
Kalen,King,Green Bay Packers,CB,Penn State,22,65,1/28/03,71,191,1,34,1,Manto Man - CB,91,0,87,0,88,0,85,0,47,0,66,0,65,0,54,0,23,0,61,0,59,0,65,0,68,0,90,0,18,0,41,0,61,0,44,0,94,0,72,0,9,0,11,0,55,0,16,0,62,0,25,0,65,0,30,0,26,0,25,0,15,0,61,0,36,0,72,0,69,0,35,0,35,0,29,0,31,0,Default Stride Loose,0,31,0,67,0,87,0,66,0,40,0,56,0,9,0,10,0,15,0,15,0,23,0,8,0,76,0,36,0,65,0
Kalia,Davis,San Francisco 49ers,DT,UCF,26,65,10/2/98,74,310,1,93,3,,80,0,54,0,69,0,68,0,84,0,62,0,20,0,73,0,10,0,15,0,27,0,25,0,32,0,48,0,5,0,57,0,76,0,86,0,80,0,25,0,10,0,10,0,10,0,32,0,20,0,9,0,65,0,45,0,45,0,45,0,6,0,66,0,67,0,15,0,73,0,20,0,45,0,45,0,45,0,Default Stride Awkward,0,15,0,19,0,70,0,24,0,25,0,75,0,6,0,6,0,6,0,6,0,20,0,10,0,78,0,25,0,28,0
Keith,Taylor,Atlanta Falcons,CB,Washington,26,65,11/20/98,75,195,1,39,4,Zone - CB,90,0,88,0,81,0,90,0,58,0,66,0,61,0,44,0,15,0,47,0,57,0,49,0,57,0,83,0,5,0,39,0,56,0,42,0,92,0,71,0,13,0,18,0,43,0,22,0,61,0,12,0,65,0,35,0,35,0,35,0,6,0,65,0,32,0,76,0,70,0,10,0,35,0,35,0,35,0,Default Stride Loose,0,17,0,54,0,88,0,65,0,38,0,59,0,6,0,6,0,6,0,6,0,30,0,17,0,87,0,36,0,67,0
Kendall,Milton,Cincinnati Bengals,HB,Georgia,23,65,2/10/02,73,230,1,36,1,Elusive Back - HB,93,0,82,0,85,0,81,0,72,0,66,0,77,0,27,0,19,0,76,0,86,0,50,0,66,0,76,0,48,0,10,0,24,0,33,0,85,0,78,0,12,0,17,0,83,0,29,0,13,0,53,0,65,0,47,0,26,0,23,0,14,0,13,0,10,0,13,0,35,0,53,0,26,0,22,0,18,0,Default,0,61,0,51,0,86,0,71,0,66,0,31,0,10,0,15,0,20,0,17,0,27,0,12,0,82,0,74,0,17,0
Kingsley,Jonathan,NY Jets,LE,Syracuse,27,65,4/28/98,76,260,1,57,3,Power Rusher - DE,88,0,83,0,83,0,70,0,80,0,56,0,29,0,68,0,12,0,25,0,39,0,25,0,35,0,68,0,5,0,61,0,77,0,77,0,89,0,27,0,27,0,31,0,10,0,21,0,17,0,7,0,65,0,45,0,45,0,45,0,6,0,57,0,69,0,17,0,80,0,13,0,45,0,45,0,45,0,Long Stride Loose,0,10,0,34,0,80,0,23,0,31,0,73,0,6,0,6,0,6,0,6,0,20,0,14,0,84,0,35,0,21,0
KJ,Henry,Cleveland Browns,RE,Clemson,26,65,1/27/99,76,255,1,52,2,Smaller Speed Rusher - DE,89,0,68,0,77,0,75,0,68,0,64,0,32,0,63,0,17,0,21,0,45,0,25,0,39,0,69,0,5,0,66,0,82,0,67,0,88,0,48,0,12,0,14,0,10,0,26,0,32,0,7,0,65,0,35,0,35,0,35,0,8,0,58,0,70,0,33,0,81,0,7,0,40,0,40,0,40,0,Long Stride Loose,0,14,0,32,0,85,0,42,0,35,0,76,0,6,0,7,0,9,0,6,0,22,0,10,0,89,0,43,0,40,0
Ko,Kieft,Tampa Bay Buccaneers,TE,Minnesota,27,65,1/20/98,77,265,1,41,3,Blocking - TE,70,0,79,0,76,0,82,0,75,0,66,0,58,0,35,0,12,0,52,0,72,0,72,0,74,0,65,0,51,0,10,0,35,0,73,0,91,0,59,0,12,0,15,0,10,0,63,0,10,0,58,0,65,0,63,0,63,0,59,0,15,0,25,0,10,0,10,0,37,0,66,0,65,0,64,0,63,0,Default Stride High and Tight,0,64,0,71,0,73,0,52,0,66,0,34,0,11,0,15,0,22,0,19,0,24,0,11,0,92,0,66,0,10,0
Kobe,Hudson,Carolina Panthers,WR,UCF,23,65,9/11/01,73,193,1,86,0,,88,0,77,0,84,0,88,0,64,0,68,0,79,0,34,0,27,0,70,0,74,0,76,0,76,0,80,0,72,0,31,0,28,0,39,0,90,0,76,0,23,0,27,0,76,0,27,0,25,0,70,0,65,0,26,0,18,0,22,0,19,0,37,0,29,0,23,0,37,0,69,0,45,0,28,0,26,0,Default,0,70,0,78,0,87,0,71,0,43,0,32,0,15,0,20,0,23,0,27,0,39,0,27,0,87,0,41,0,34,0
Kobee,Minor,New England Patriots,CB,Memphis,23,65,7/8/02,71,188,1,19,0,Zone - CB,90,0,78,0,86,0,84,0,55,0,68,0,64,0,43,0,24,0,44,0,50,0,47,0,64,0,78,0,24,0,24,0,48,0,40,0,87,0,68,0,23,0,24,0,48,0,26,0,64,0,24,0,65,0,35,0,35,0,25,0,33,0,69,0,30,0,67,0,68,0,26,0,35,0,35,0,25,0,Default Stride Loose,0,23,0,58,0,87,0,60,0,32,0,50,0,27,0,29,0,12,0,17,0,20,0,30,0,79,0,25,0,69,0
KT,Leveston,Los Angeles Rams,RG,Kansas State,25,65,10/28/99,76,337,1,70,1,Power - G,65,0,55,0,69,0,81,0,85,0,68,0,14,0,35,0,10,0,19,0,29,0,14,0,29,0,52,0,6,0,10,0,35,0,81,0,91,0,14,0,10,0,13,0,10,0,79,0,12,0,8,0,65,0,71,0,67,0,71,0,7,0,10,0,10,0,10,0,25,0,12,0,70,0,71,0,70,0,Default Stride Awkward,0,12,0,12,0,60,0,15,0,34,0,35,0,5,0,5,0,10,0,6,0,13,0,5,0,90,0,28,0,11,0
Lawrence,Cager,Washington Commanders,TE,Georgia,28,65,8/20/97,77,220,1,89,5,Vertical Threat - TE,88,0,77,0,81,0,80,0,69,0,57,0,75,0,27,0,21,0,69,0,75,0,77,0,78,0,73,0,57,0,10,0,28,0,52,0,86,0,74,0,12,0,17,0,30,0,40,0,12,0,61,0,65,0,51,0,52,0,47,0,19,0,16,0,10,0,16,0,30,0,63,0,57,0,56,0,53,0,Long Stride Default,0,64,0,79,0,87,0,68,0,63,0,31,0,10,0,15,0,20,0,21,0,29,0,19,0,79,0,54,0,17,0
Leonard,Taylor III,NY Jets,DT,Miami,23,65,5/29/02,76,303,1,96,1,,75,0,58,0,74,0,71,0,84,0,65,0,46,0,73,0,26,0,44,0,33,0,21,0,28,0,57,0,5,0,76,0,73,0,77,0,90,0,27,0,20,0,26,0,36,0,30,0,25,0,10,0,65,0,33,0,46,0,28,0,17,0,67,0,72,0,30,0,71,0,16,0,30,0,38,0,28,0,Long Stride Awkward,0,15,0,24,0,68,0,32,0,33,0,75,0,5,0,10,0,15,0,12,0,10,0,17,0,79,0,25,0,32,0
Malik,Taylor,Detroit Lions,WR,Ferris State,29,65,12/21/95,75,220,1,86,5,,84,0,87,0,86,0,85,0,59,0,60,0,76,0,46,0,17,0,73,0,68,0,76,0,80,0,85,0,68,0,31,0,39,0,47,0,82,0,79,0,14,0,19,0,83,0,23,0,15,0,67,0,65,0,32,0,17,0,17,0,15,0,35,0,19,0,15,0,47,0,64,0,52,0,25,0,30,0,Default Stride Loose,0,69,0,81,0,88,0,72,0,57,0,44,0,15,0,22,0,30,0,18,0,30,0,12,0,78,0,49,0,22,0
Malik,Willis,Green Bay Packers,QB,Liberty,26,65,5/25/99,73,219,1,2,3,Scrambler - QB,93,0,92,0,83,0,84,0,72,0,43,0,88,0,29,0,78,0,78,0,67,0,39,0,58,0,89,0,17,0,10,0,30,0,35,0,92,0,84,0,20,0,23,0,48,0,24,0,22,0,26,0,65,0,20,0,18,0,16,0,82,0,16,0,10,0,16,0,41,0,22,0,26,0,15,0,19,0,Default,0,33,0,43,0,90,0,80,0,73,0,35,0,75,0,72,0,78,0,77,0,93,0,68,0,94,0,69,0,28,0
Markees,Watts,Tampa Bay Buccaneers,RE,Charlotte,25,65,12/7/99,73,240,1,58,2,Smaller Speed Rusher - DE,81,0,81,0,77,0,79,0,71,0,59,0,51,0,67,0,12,0,33,0,51,0,43,0,52,0,73,0,5,0,72,0,82,0,65,0,91,0,46,0,17,0,15,0,10,0,28,0,44,0,7,0,65,0,45,0,45,0,45,0,6,0,60,0,66,0,16,0,79,0,12,0,45,0,45,0,45,0,Default Stride Loose,0,10,0,48,0,81,0,39,0,29,0,72,0,6,0,6,0,6,0,6,0,31,0,17,0,82,0,45,0,52,0
Matt,Dickerson,Miami Dolphins,DT,UCLA,29,65,11/9/95,77,292,1,98,7,,67,0,64,0,76,0,72,0,81,0,63,0,13,0,75,0,12,0,10,0,26,0,10,0,30,0,56,0,2,0,57,0,76,0,83,0,84,0,17,0,12,0,14,0,10,0,22,0,22,0,3,0,65,0,45,0,45,0,45,0,6,0,65,0,66,0,10,0,73,0,12,0,45,0,45,0,45,0,Default Stride Awkward,0,10,0,12,0,72,0,11,0,29,0,79,0,6,0,6,0,6,0,6,0,13,0,17,0,86,0,26,0,33,0
Maxen,Hook,Philadelphia Eagles,SS,Toledo,24,65,8/19/01,73,201,1,37,0,Hybrid - S,91,0,86,0,85,0,90,0,64,0,61,0,64,0,48,0,14,0,52,0,60,0,56,0,66,0,80,0,24,0,34,0,75,0,52,0,87,0,68,0,15,0,19,0,79,0,25,0,66,0,29,0,65,0,35,0,35,0,35,0,6,0,58,0,34,0,66,0,74,0,31,0,35,0,35,0,35,0,Default Stride Loose,0,34,0,58,0,88,0,59,0,43,0,64,0,6,0,6,0,6,0,6,0,24,0,12,0,87,0,46,0,68,0
Michael,Jerrell,Seattle Seahawks,LT,Findlay,26,65,8/18/99,77,294,1,65,1,Agile - OT,81,0,53,0,79,0,76,0,82,0,53,0,13,0,31,0,12,0,13,0,24,0,20,0,23,0,54,0,7,0,18,0,33,0,78,0,93,0,10,0,17,0,18,0,10,0,84,0,9,0,11,0,65,0,70,0,75,0,66,0,5,0,15,0,12,0,10,0,34,0,15,0,72,0,74,0,70,0,Long Stride Awkward,0,12,0,19,0,74,0,10,0,10,0,36,0,5,0,5,0,5,0,7,0,16,0,10,0,88,0,25,0,12,0
Michael,Barrett,Las Vegas Raiders,MLB,Michigan,25,65,12/21/99,72,232,1,43,1,Pass Coverage - MLB,86,0,74,0,76,0,85,0,63,0,72,0,61,0,61,0,12,0,44,0,56,0,51,0,62,0,71,0,20,0,65,0,87,0,65,0,94,0,63,0,12,0,13,0,35,0,34,0,61,0,25,0,65,0,35,0,35,0,35,0,11,0,68,0,53,0,53,0,80,0,30,0,42,0,42,0,42,0,Default Stride Loose,0,32,0,57,0,82,0,57,0,54,0,76,0,13,0,18,0,23,0,22,0,24,0,17,0,88,0,45,0,69,0
Mike,White,Buffalo Bills,QB,W. Kentucky,30,65,3/25/95,77,218,1,14,8,Field General - QB,74,0,70,0,68,0,74,0,54,0,64,0,43,0,22,0,49,0,32,0,57,0,15,0,31,0,72,0,13,0,10,0,12,0,20,0,92,0,41,0,15,0,18,0,10,0,16,0,11,0,14,0,65,0,19,0,17,0,18,0,76,0,18,0,10,0,10,0,24,0,12,0,22,0,18,0,21,0,Long Stride Default,0,21,0,19,0,69,0,27,0,26,0,26,0,75,0,81,0,84,0,78,0,85,0,78,0,96,0,21,0,17,0
Mike,Greene,Tampa Bay Buccaneers,DT,J. Madison,26,65,5/3/99,75,293,1,91,3,,72,0,64,0,75,0,72,0,83,0,67,0,19,0,70,0,12,0,10,0,31,0,15,0,40,0,61,0,5,0,67,0,78,0,74,0,88,0,10,0,11,0,12,0,10,0,23,0,15,0,10,0,65,0,40,0,40,0,40,0,6,0,67,0,61,0,10,0,70,0,15,0,45,0,45,0,45,0,Default Stride Awkward,0,15,0,17,0,67,0,10,0,34,0,79,0,7,0,10,0,15,0,8,0,20,0,10,0,79,0,33,0,21,0
Myles,Adams,Detroit Lions,DT,Rice,27,65,3/9/98,74,290,1,66,5,,75,0,64,0,71,0,71,0,80,0,70,0,24,0,71,0,12,0,22,0,34,0,20,0,29,0,57,0,4,0,62,0,79,0,80,0,87,0,24,0,10,0,15,0,10,0,29,0,18,0,8,0,65,0,45,0,45,0,45,0,6,0,68,0,73,0,14,0,78,0,20,0,45,0,45,0,45,0,Default Stride Awkward,0,15,0,16,0,66,0,22,0,32,0,75,0,6,0,6,0,6,0,6,0,25,0,14,0,75,0,27,0,23,0
Myles,Hinton,Philadelphia Eagles,RT,Michigan,23,65,1/9/02,79,325,1,78,0,Agile - OT,69,0,56,0,77,0,86,0,82,0,67,0,22,0,31,0,12,0,20,0,43,0,17,0,22,0,52,0,5,0,36,0,38,0,80,0,86,0,14,0,10,0,14,0,10,0,81,0,13,0,5,0,65,0,72,0,73,0,71,0,6,0,29,0,44,0,10,0,21,0,14,0,71,0,72,0,70,0,Long Stride Awkward,0,12,0,15,0,66,0,21,0,12,0,30,0,6,0,6,0,6,0,6,0,29,0,7,0,86,0,21,0,15,0
Myles,Cole,Jacksonville Jaguars,LE,Texas Tech,25,65,4/29/00,78,280,1,59,1,Run Stopper - DE,85,0,63,0,84,0,75,0,78,0,65,0,26,0,75,0,13,0,30,0,40,0,35,0,32,0,57,0,23,0,65,0,75,0,81,0,90,0,41,0,16,0,18,0,10,0,22,0,32,0,24,0,65,0,45,0,45,0,45,0,8,0,63,0,64,0,20,0,79,0,32,0,45,0,45,0,45,0,Long Stride Loose,0,29,0,35,0,83,0,35,0,35,0,75,0,7,0,10,0,13,0,7,0,22,0,9,0,84,0,40,0,34,0
Naquan,Jones,Los Angeles Chargers,DT,Michigan St.,27,65,2/5/98,75,313,1,96,4,,56,0,57,0,64,0,75,0,82,0,73,0,25,0,74,0,12,0,19,0,42,0,23,0,33,0,53,0,10,0,55,0,75,0,84,0,87,0,15,0,15,0,15,0,25,0,41,0,12,0,12,0,65,0,45,0,45,0,45,0,6,0,75,0,72,0,14,0,74,0,12,0,45,0,45,0,45,0,Long Stride Loose,0,18,0,22,0,61,0,14,0,35,0,78,0,6,0,6,0,6,0,6,0,19,0,10,0,78,0,45,0,13,0
Nephi,Sewell,New Orleans Saints,ROLB,Utah,26,65,12/19/98,72,228,1,45,3,Pass Coverage - OLB,88,0,83,0,78,0,84,0,68,0,65,0,62,0,58,0,15,0,53,0,60,0,47,0,50,0,78,0,33,0,57,0,83,0,64,0,82,0,64,0,25,0,28,0,10,0,32,0,55,0,35,0,65,0,35,0,31,0,30,0,6,0,66,0,64,0,39,0,83,0,35,0,36,0,29,0,24,0,Short Stride Loose,0,39,0,49,0,83,0,60,0,52,0,80,0,5,0,6,0,9,0,6,0,25,0,7,0,86,0,55,0,64,0
Rejzohn,Wright,New Orleans Saints,CB,Oregon State,24,65,9/4/00,74,193,1,25,2,Zone - CB,92,0,84,0,89,0,88,0,53,0,63,0,65,0,49,0,44,0,45,0,49,0,65,0,70,0,81,0,15,0,43,0,67,0,47,0,88,0,69,0,17,0,20,0,47,0,15,0,59,0,26,0,65,0,22,0,22,0,22,0,40,0,64,0,28,0,76,0,74,0,35,0,34,0,34,0,34,0,Long Stride Loose,0,31,0,72,0,89,0,64,0,35,0,50,0,40,0,42,0,44,0,43,0,47,0,33,0,83,0,35,0,67,0
Riley,Leonard,Indianapolis Colts,QB,Notre Dame,22,65,9/13/02,76,216,1,15,0,Scrambler - QB,83,0,84,0,77,0,88,0,70,0,58,0,81,0,34,0,78,0,73,0,69,0,18,0,39,0,83,0,21,0,33,0,34,0,32,0,87,0,72,0,33,0,18,0,28,0,24,0,17,0,16,0,65,0,26,0,27,0,30,0,83,0,16,0,35,0,32,0,25,0,28,0,38,0,28,0,31,0,Long Stride Default,0,16,0,16,0,86,0,68,0,54,0,37,0,75,0,72,0,81,0,79,0,89,0,72,0,87,0,58,0,44,0
Ryan,Neuzil,Atlanta Falcons,C,Appalach. St.,28,65,7/31/97,75,301,0,64,4,Agile - C,72,0,68,0,72,0,80,0,85,0,72,0,51,0,22,0,12,0,45,0,57,0,50,0,50,0,58,0,39,0,10,0,35,0,76,0,94,0,41,0,52,0,57,0,10,0,78,0,6,0,44,0,65,0,71,0,74,0,68,0,6,0,25,0,10,0,10,0,29,0,51,0,68,0,70,0,66,0,Default Stride Awkward,0,46,0,48,0,69,0,36,0,47,0,22,0,5,0,6,0,7,0,7,0,21,0,10,0,84,0,47,0,10,0
Sam,Howell,Minnesota Vikings,QB,North Carolina,24,65,9/16/00,73,220,1,8,3,Scrambler - QB,87,0,78,0,71,0,91,0,64,0,51,0,81,0,24,0,72,0,72,0,66,0,37,0,61,0,78,0,12,0,10,0,23,0,27,0,93,0,72,0,37,0,36,0,14,0,16,0,12,0,14,0,65,0,15,0,14,0,18,0,79,0,13,0,10,0,10,0,33,0,15,0,23,0,16,0,22,0,Default,0,15,0,51,0,82,0,66,0,51,0,29,0,79,0,76,0,81,0,78,0,92,0,74,0,92,0,53,0,14,0
Taki,Taimani,Minnesota Vikings,DT,Oregon,25,65,10/6/99,74,325,1,94,1,,66,0,52,0,64,0,73,0,80,0,69,0,14,0,76,0,12,0,25,0,32,0,14,0,24,0,46,0,4,0,52,0,79,0,87,0,93,0,10,0,12,0,13,0,10,0,39,0,10,0,7,0,65,0,45,0,45,0,45,0,6,0,69,0,65,0,12,0,75,0,10,0,45,0,45,0,45,0,Default Stride Awkward,0,12,0,15,0,62,0,10,0,15,0,76,0,6,0,6,0,6,0,6,0,17,0,15,0,85,0,36,0,11,0
Tariq,Castro-Fields,Philadelphia Eagles,CB,Penn State,26,65,1/14/99,73,197,1,46,3,Zone - CB,95,0,82,0,88,0,87,0,60,0,60,0,58,0,50,0,18,0,47,0,55,0,49,0,58,0,85,0,29,0,31,0,52,0,52,0,83,0,71,0,19,0,20,0,48,0,15,0,62,0,32,0,65,0,34,0,34,0,34,0,6,0,57,0,27,0,70,0,62,0,36,0,35,0,35,0,35,0,Default Stride Loose,0,35,0,62,0,93,0,64,0,34,0,54,0,6,0,6,0,6,0,6,0,29,0,12,0,73,0,32,0,66,0
Tatum,Bethune,San Francisco 49ers,MLB,Florida State,24,65,2/19/01,72,227,1,48,1,Pass Coverage - MLB,87,0,83,0,75,0,82,0,67,0,66,0,58,0,65,0,24,0,40,0,55,0,55,0,67,0,76,0,10,0,64,0,80,0,68,0,92,0,64,0,14,0,16,0,45,0,34,0,62,0,10,0,65,0,30,0,25,0,25,0,11,0,66,0,54,0,63,0,82,0,23,0,42,0,35,0,35,0,Default Stride Loose,0,15,0,60,0,81,0,58,0,50,0,71,0,21,0,23,0,31,0,22,0,20,0,13,0,85,0,50,0,68,0
Thomas,Fidone II,NY Giants,TE,Nebraska,22,65,9/20/02,77,243,1,86,0,Vertical Threat - TE,89,0,83,0,85,0,82,0,71,0,63,0,65,0,45,0,19,0,61,0,69,0,74,0,77,0,78,0,57,0,42,0,35,0,64,0,80,0,66,0,27,0,26,0,22,0,50,0,28,0,61,0,65,0,62,0,60,0,63,0,23,0,32,0,38,0,18,0,45,0,63,0,56,0,54,0,56,0,Long Stride Default,0,66,0,73,0,81,0,60,0,63,0,42,0,22,0,17,0,24,0,21,0,29,0,33,0,81,0,66,0,30,0
Timmy,Horne,Tennessee Titans,DT,Kansas State,27,65,10/25/97,76,323,1,94,3,,63,0,66,0,84,0,72,0,85,0,62,0,10,0,75,0,12,0,20,0,29,0,15,0,24,0,54,0,3,0,54,0,73,0,85,0,87,0,14,0,16,0,15,0,10,0,35,0,11,0,7,0,65,0,45,0,45,0,45,0,6,0,65,0,66,0,10,0,72,0,15,0,45,0,45,0,45,0,Default Stride Awkward,0,15,0,15,0,64,0,12,0,25,0,79,0,6,0,6,0,6,0,6,0,20,0,15,0,87,0,27,0,12,0
Titus,Leo,Tennessee Titans,RE,Wagner College,26,65,8/26/99,75,245,1,90,2,Smaller Speed Rusher - DE,91,0,74,0,82,0,82,0,69,0,59,0,44,0,62,0,12,0,38,0,45,0,45,0,55,0,71,0,7,0,72,0,79,0,63,0,88,0,55,0,51,0,55,0,10,0,25,0,25,0,13,0,65,0,45,0,45,0,45,0,6,0,53,0,67,0,35,0,78,0,17,0,45,0,45,0,45,0,Default Stride High and Tight,0,17,0,49,0,83,0,45,0,50,0,69,0,5,0,6,0,7,0,7,0,24,0,15,0,77,0,44,0,35,0
Tommy,Akingbesote,Dallas Cowboys,DT,Maryland,22,65,2/25/03,76,306,1,92,0,Power Rusher - DT,74,0,62,0,73,0,77,0,82,0,70,0,28,0,73,0,11,0,20,0,37,0,18,0,21,0,55,0,12,0,63,0,75,0,82,0,90,0,18,0,21,0,23,0,27,0,26,0,13,0,15,0,65,0,45,0,45,0,45,0,13,0,69,0,74,0,17,0,72,0,15,0,45,0,45,0,45,0,Long Stride Awkward,0,17,0,18,0,69,0,21,0,35,0,73,0,8,0,10,0,12,0,10,0,27,0,12,0,85,0,32,0,17,0
Travis,Bell,Minnesota Vikings,DT,Kennesaw State University,26,65,10/27/98,72,310,1,95,2,,79,0,53,0,79,0,70,0,86,0,61,0,22,0,71,0,9,0,15,0,25,0,19,0,30,0,59,0,5,0,52,0,80,0,82,0,90,0,25,0,10,0,12,0,10,0,31,0,15,0,10,0,65,0,40,0,40,0,40,0,6,0,60,0,62,0,15,0,73,0,15,0,45,0,45,0,45,0,Short Stride Awkward,0,15,0,18,0,72,0,20,0,21,0,78,0,6,0,6,0,6,0,6,0,20,0,10,0,81,0,25,0,19,0
Truman,Jones,New England Patriots,RE,Harvard,25,65,5/13/00,75,250,1,54,2,Power Rusher - DE,89,0,82,0,88,0,74,0,71,0,65,0,27,0,72,0,17,0,17,0,32,0,26,0,32,0,72,0,5,0,63,0,84,0,74,0,90,0,35,0,23,0,27,0,10,0,25,0,32,0,7,0,65,0,35,0,35,0,35,0,6,0,62,0,69,0,37,0,78,0,13,0,40,0,40,0,40,0,Default Stride High and Tight,0,10,0,27,0,83,0,29,0,26,0,73,0,6,0,6,0,6,0,6,0,20,0,11,0,80,0,27,0,38,0
Ty'Ron,Hopper,Green Bay Packers,MLB,Missouri,24,65,4/6/01,74,228,1,59,1,Field General - MLB,87,0,77,0,86,0,82,0,66,0,73,0,42,0,65,0,22,0,21,0,55,0,52,0,58,0,71,0,5,0,66,0,79,0,67,0,91,0,56,0,14,0,15,0,45,0,29,0,52,0,7,0,65,0,40,0,40,0,40,0,16,0,75,0,72,0,52,0,86,0,13,0,45,0,45,0,45,0,Default Stride High and Tight,0,15,0,54,0,83,0,55,0,40,0,70,0,25,0,26,0,31,0,14,0,35,0,13,0,83,0,44,0,64,0
Tycen,Anderson,Cincinnati Bengals,FS,Toledo,26,65,6/13/99,74,209,1,26,3,Hybrid - S,95,0,92,0,88,0,86,0,59,0,60,0,64,0,55,0,17,0,49,0,57,0,56,0,58,0,82,0,29,0,37,0,62,0,50,0,87,0,72,0,14,0,13,0,45,0,20,0,65,0,31,0,65,0,33,0,33,0,33,0,7,0,56,0,32,0,73,0,66,0,41,0,34,0,34,0,34,0,Long Stride Default,0,36,0,55,0,92,0,63,0,45,0,60,0,6,0,8,0,10,0,15,0,24,0,9,0,74,0,39,0,63,0
Tyler,Owens,Washington Commanders,SS,Texas Tech,24,65,5/12/01,74,213,1,40,1,Zone - S,94,0,79,0,93,0,83,0,63,0,62,0,68,0,54,0,16,0,54,0,64,0,59,0,65,0,76,0,12,0,36,0,59,0,50,0,89,0,71,0,17,0,19,0,39,0,14,0,63,0,16,0,65,0,35,0,35,0,35,0,6,0,58,0,27,0,64,0,72,0,15,0,35,0,35,0,35,0,Default Stride High and Tight,0,20,0,62,0,93,0,61,0,38,0,62,0,6,0,6,0,6,0,6,0,22,0,10,0,84,0,35,0,68,0
Tyrek,Funderburk,Tampa Bay Buccaneers,CB,Appalach. St.,24,65,11/28/00,71,186,1,24,1,Manto Man - CB,93,0,83,0,83,0,87,0,58,0,62,0,70,0,43,0,12,0,60,0,61,0,61,0,60,0,85,0,15,0,29,0,50,0,51,0,90,0,72,0,15,0,21,0,35,0,17,0,65,0,20,0,65,0,35,0,35,0,35,0,6,0,64,0,22,0,64,0,63,0,13,0,35,0,35,0,35,0,Default Stride Loose,0,22,0,60,0,92,0,66,0,39,0,51,0,6,0,6,0,6,0,6,0,27,0,17,0,81,0,32,0,63,0
Tyreke,Smith,Seattle Seahawks,LE,Ohio State,25,65,2/14/00,75,255,1,59,3,Run Stopper - DE,78,0,82,0,82,0,75,0,72,0,62,0,35,0,76,0,11,0,26,0,41,0,37,0,36,0,71,0,28,0,63,0,84,0,80,0,87,0,35,0,15,0,18,0,10,0,21,0,32,0,31,0,65,0,45,0,45,0,45,0,6,0,59,0,68,0,30,0,81,0,27,0,45,0,45,0,45,0,Default Stride Loose,0,34,0,35,0,77,0,32,0,36,0,79,0,6,0,6,0,6,0,6,0,24,0,10,0,79,0,32,0,46,0
Tyrell,Shavers,Buffalo Bills,WR,San Diego St.,26,65,8/18/99,76,211,1,80,2,,88,0,79,0,82,0,83,0,55,0,59,0,79,0,26,0,29,0,75,0,69,0,77,0,78,0,83,0,64,0,12,0,27,0,41,0,86,0,81,0,19,0,23,0,53,0,21,0,21,0,68,0,65,0,30,0,11,0,10,0,17,0,27,0,10,0,26,0,38,0,59,0,48,0,28,0,33,0,Long Stride Default,0,73,0,77,0,91,0,74,0,41,0,28,0,19,0,22,0,26,0,29,0,30,0,19,0,85,0,39,0,25,0
Tyrese,Robinson,New England Patriots,LG,Oklahoma,26,65,8/21/99,75,319,1,55,2,Power - G,62,0,49,0,59,0,84,0,85,0,55,0,10,0,20,0,12,0,5,0,20,0,10,0,25,0,49,0,5,0,10,0,12,0,82,0,88,0,10,0,12,0,16,0,10,0,78,0,12,0,5,0,65,0,74,0,71,0,75,0,6,0,10,0,10,0,10,0,23,0,12,0,71,0,67,0,73,0,Default Stride Awkward,0,10,0,12,0,67,0,10,0,10,0,29,0,6,0,6,0,6,0,6,0,21,0,10,0,86,0,15,0,12,0
Vederian,Lowe,New England Patriots,LT,Illinois,26,65,4/17/99,78,320,1,59,3,Power - OT,75,0,57,0,65,0,81,0,82,0,78,0,27,0,33,0,10,0,13,0,24,0,20,0,50,0,54,0,5,0,21,0,37,0,84,0,92,0,20,0,11,0,12,0,10,0,73,0,8,0,15,0,65,0,75,0,68,0,70,0,6,0,25,0,24,0,10,0,31,0,13,0,69,0,73,0,69,0,Default Stride Awkward,0,32,0,16,0,65,0,22,0,31,0,29,0,6,0,6,0,6,0,6,0,19,0,6,0,82,0,28,0,9,0
Warren,McClendon Jr,Los Angeles Rams,RT,Georgia,24,65,4/11/01,76,317,1,71,2,Power - OT,77,0,53,0,65,0,83,0,88,0,72,0,13,0,35,0,12,0,13,0,24,0,21,0,25,0,50,0,10,0,33,0,39,0,84,0,89,0,10,0,12,0,12,0,10,0,72,0,10,0,15,0,65,0,71,0,66,0,75,0,5,0,23,0,41,0,10,0,42,0,17,0,68,0,72,0,64,0,Long Stride Awkward,0,20,0,22,0,69,0,10,0,10,0,40,0,5,0,5,0,5,0,5,0,10,0,7,0,89,0,10,0,10,0
Will,Mallory,Indianapolis Colts,TE,Miami,26,65,6/2/99,76,239,1,86,2,Vertical Threat - TE,89,0,77,0,87,0,88,0,72,0,66,0,79,0,33,0,15,0,64,0,70,0,76,0,78,0,73,0,56,0,10,0,26,0,59,0,92,0,72,0,13,0,17,0,20,0,48,0,10,0,58,0,65,0,52,0,51,0,46,0,13,0,15,0,10,0,15,0,39,0,60,0,52,0,52,0,47,0,Long Stride Default,0,63,0,78,0,87,0,59,0,66,0,33,0,11,0,16,0,22,0,18,0,27,0,14,0,91,0,64,0,15,0
Will,Clapp,New Orleans Saints,C,LSU,28,65,9/19/96,77,311,1,76,7,Agile - C,63,0,53,0,72,0,83,0,80,0,78,0,10,0,19,0,15,0,14,0,29,0,15,0,24,0,47,0,5,0,10,0,20,0,78,0,85,0,10,0,14,0,19,0,10,0,77,0,10,0,5,0,65,0,71,0,72,0,69,0,6,0,10,0,10,0,10,0,15,0,15,0,68,0,72,0,64,0,Long Stride Awkward,0,15,0,15,0,72,0,10,0,10,0,26,0,6,0,6,0,6,0,6,0,14,0,11,0,90,0,10,0,11,0
Zach,Carter,Las Vegas Raiders,DT,Florida,26,65,4/7/99,76,290,1,93,3,,82,0,72,0,69,0,79,0,76,0,68,0,24,0,70,0,18,0,19,0,33,0,10,0,25,0,62,0,4,0,61,0,75,0,79,0,92,0,24,0,14,0,20,0,10,0,28,0,19,0,6,0,65,0,45,0,45,0,45,0,6,0,67,0,70,0,23,0,77,0,16,0,45,0,45,0,45,0,Default Stride Awkward,0,10,0,15,0,73,0,28,0,28,0,81,0,4,0,6,0,8,0,5,0,22,0,10,0,87,0,31,0,27,0
Zaire,Barnes,NY Jets,ROLB,W. Michigan,25,65,9/3/99,73,232,1,53,2,Pass Coverage - OLB,91,0,83,0,82,0,83,0,67,0,59,0,60,0,62,0,24,0,50,0,56,0,55,0,60,0,78,0,24,0,58,0,77,0,68,0,88,0,68,0,11,0,18,0,45,0,23,0,67,0,31,0,65,0,45,0,45,0,45,0,13,0,55,0,48,0,48,0,83,0,34,0,45,0,45,0,45,0,Default Stride Loose,0,37,0,62,0,88,0,62,0,33,0,78,0,18,0,22,0,24,0,12,0,28,0,14,0,75,0,48,0,65,0
Zeek,Biggers,Miami Dolphins,DT,Georgia Tech,21,65,10/4/03,78,321,1,93,0,,76,0,56,0,81,0,80,0,84,0,67,0,21,0,73,0,11,0,20,0,36,0,18,0,18,0,56,0,12,0,66,0,83,0,81,0,87,0,18,0,18,0,23,0,25,0,27,0,19,0,14,0,65,0,45,0,45,0,45,0,6,0,64,0,70,0,14,0,71,0,16,0,45,0,45,0,45,0,Long Stride Awkward,0,16,0,19,0,69,0,17,0,35,0,75,0,6,0,6,0,6,0,6,0,32,0,10,0,84,0,32,0,15,0
Zemaiah,Vaughn,Minnesota Vikings,CB,Utah,23,65,4/2/02,75,186,1,34,0,Manto Man - CB,92,0,73,0,93,0,86,0,66,0,57,0,66,0,43,0,14,0,51,0,57,0,62,0,68,0,82,0,12,0,33,0,56,0,54,0,93,0,70,0,15,0,15,0,48,0,15,0,67,0,16,0,65,0,30,0,30,0,30,0,6,0,56,0,30,0,75,0,69,0,23,0,35,0,35,0,35,0,Default Stride Loose,0,24,0,66,0,91,0,61,0,35,0,53,0,6,0,6,0,6,0,6,0,25,0,10,0,85,0,29,0,67,0
Zion,Logue,Buffalo Bills,DT,Georgia,24,65,7/13/01,77,295,1,93,1,,68,0,56,0,72,0,81,0,83,0,60,0,10,0,74,0,12,0,10,0,45,0,15,0,34,0,50,0,4,0,64,0,77,0,84,0,89,0,10,0,15,0,19,0,10,0,18,0,15,0,8,0,65,0,45,0,45,0,45,0,6,0,63,0,69,0,22,0,75,0,17,0,45,0,45,0,45,0,Long Stride Awkward,0,15,0,15,0,68,0,10,0,10,0,80,0,6,0,6,0,6,0,6,0,25,0,15,0,85,0,25,0,25,0
Adetomiwa,Adebawore,Indianapolis Colts,DT,Northwestern,24,64,3/4/01,74,282,1,95,2,,92,0,79,0,88,0,75,0,84,0,60,0,24,0,70,0,15,0,12,0,35,0,24,0,30,0,73,0,5,0,60,0,79,0,81,0,92,0,41,0,21,0,25,0,10,0,25,0,19,0,6,0,64,0,40,0,40,0,40,0,7,0,59,0,68,0,24,0,74,0,14,0,45,0,45,0,45,0,Default Stride High and Tight,0,13,0,26,0,89,0,37,0,32,0,66,0,6,0,10,0,14,0,7,0,21,0,5,0,88,0,33,0,25,0
Adin,Huntington,Cleveland Browns,LE,Tulane,23,64,3/18/02,73,281,1,66,0,Smaller Speed Rusher - DE,87,0,67,0,86,0,87,0,81,0,57,0,22,0,69,0,12,0,17,0,38,0,20,0,34,0,67,0,5,0,71,0,75,0,80,0,87,0,21,0,15,0,17,0,10,0,27,0,25,0,7,0,64,0,45,0,45,0,45,0,6,0,53,0,65,0,17,0,76,0,15,0,45,0,45,0,45,0,Default Stride Loose,0,15,0,21,0,82,0,16,0,28,0,74,0,6,0,6,0,6,0,6,0,20,0,10,0,87,0,34,0,32,0
Alex,Palczewski,Denver Broncos,RT,Illinois,26,64,8/3/99,78,314,1,63,2,Agile - OT,75,0,60,0,71,0,79,0,82,0,70,0,17,0,37,0,12,0,11,0,43,0,21,0,25,0,58,0,7,0,30,0,40,0,74,0,85,0,26,0,10,0,15,0,5,0,83,0,12,0,15,0,64,0,70,0,72,0,68,0,5,0,25,0,40,0,10,0,32,0,15,0,70,0,72,0,68,0,Long Stride Awkward,0,25,0,25,0,63,0,13,0,28,0,38,0,6,0,7,0,8,0,6,0,16,0,5,0,78,0,26,0,12,0
Alex,Bachman,Las Vegas Raiders,WR,Wake Forest,29,64,5/29/96,71,190,1,81,5,Deep Threat - WR,89,0,89,0,81,0,82,0,61,0,57,0,74,0,33,0,16,0,70,0,72,0,81,0,79,0,83,0,65,0,10,0,18,0,41,0,88,0,73,0,17,0,23,0,71,0,22,0,19,0,67,0,64,0,27,0,10,0,10,0,6,0,24,0,10,0,21,0,39,0,70,0,47,0,34,0,29,0,Default Stride Loose,0,69,0,79,0,88,0,71,0,42,0,33,0,6,0,10,0,15,0,10,0,26,0,13,0,79,0,40,0,27,0
Allan,George,Washington Commanders,CB,Vanderbilt,26,64,7/16/99,71,191,1,38,3,Zone - CB,94,0,85,0,94,0,84,0,61,0,57,0,65,0,36,0,12,0,52,0,52,0,49,0,57,0,83,0,19,0,30,0,61,0,39,0,90,0,72,0,13,0,14,0,50,0,19,0,61,0,24,0,64,0,35,0,35,0,35,0,6,0,58,0,22,0,64,0,75,0,24,0,35,0,35,0,35,0,Default Stride Loose,0,26,0,53,0,89,0,66,0,27,0,59,0,6,0,6,0,6,0,6,0,30,0,10,0,75,0,30,0,67,0
Amari,Burney,Tennessee Titans,MLB,Florida,25,64,6/12/00,74,228,1,58,2,Pass Coverage - MLB,88,0,83,0,80,0,78,0,70,0,58,0,55,0,61,0,32,0,45,0,53,0,56,0,65,0,81,0,36,0,58,0,83,0,65,0,90,0,62,0,13,0,15,0,35,0,34,0,59,0,45,0,64,0,40,0,40,0,40,0,21,0,59,0,64,0,45,0,83,0,44,0,40,0,40,0,40,0,Default Stride Loose,0,47,0,58,0,89,0,53,0,45,0,78,0,23,0,27,0,32,0,35,0,34,0,17,0,81,0,48,0,61,0
Andrew,Rupcich,Tennessee Titans,RG,Culver-Stockton,26,64,4/1/99,78,318,1,76,3,Power - G,69,0,54,0,76,0,79,0,85,0,70,0,12,0,21,0,7,0,9,0,22,0,11,0,25,0,51,0,5,0,21,0,32,0,80,0,91,0,10,0,10,0,12,0,10,0,78,0,10,0,7,0,64,0,70,0,71,0,69,0,6,0,21,0,31,0,9,0,22,0,12,0,67,0,64,0,70,0,Long Stride Awkward,0,10,0,15,0,62,0,10,0,15,0,25,0,5,0,6,0,8,0,5,0,21,0,5,0,89,0,19,0,10,0
Austin,Schlottmann,NY Giants,C,TCU,29,64,9/18/95,78,300,1,65,7,Agile - C,75,0,58,0,74,0,80,0,86,0,74,0,15,0,25,0,12,0,5,0,29,0,20,0,36,0,47,0,8,0,10,0,15,0,78,0,86,0,10,0,21,0,20,0,10,0,80,0,12,0,10,0,64,0,68,0,70,0,66,0,6,0,10,0,10,0,10,0,31,0,32,0,68,0,71,0,64,0,Default Stride Awkward,0,16,0,20,0,70,0,10,0,10,0,35,0,6,0,6,0,6,0,6,0,17,0,10,0,85,0,15,0,12,0
Bailey,Zappe,Kansas City Chiefs,QB,W. Kentucky,26,64,4/26/99,73,220,1,14,3,Field General - QB,85,0,76,0,74,0,88,0,56,0,65,0,66,0,19,0,56,0,42,0,67,0,13,0,22,0,74,0,10,0,10,0,15,0,26,0,91,0,55,0,32,0,38,0,10,0,17,0,10,0,12,0,64,0,17,0,13,0,17,0,77,0,16,0,10,0,10,0,24,0,16,0,19,0,11,0,14,0,Default,0,14,0,14,0,76,0,47,0,32,0,24,0,77,0,76,0,84,0,77,0,85,0,76,0,89,0,27,0,13,0
Bill,Murray,Chicago Bears,LG,William  Mary,28,64,7/3/97,76,307,1,60,2,Power - G,72,0,61,0,63,0,78,0,82,0,71,0,10,0,25,0,12,0,6,0,31,0,15,0,24,0,51,0,5,0,10,0,20,0,77,0,87,0,10,0,12,0,15,0,10,0,79,0,12,0,5,0,64,0,69,0,65,0,70,0,6,0,21,0,10,0,10,0,27,0,15,0,67,0,64,0,68,0,Default Stride Awkward,0,15,0,15,0,67,0,10,0,10,0,30,0,6,0,6,0,6,0,6,0,11,0,10,0,83,0,14,0,13,0
Blake,Hance,Tennessee Titans,RG,Northwestern,29,64,1/11/96,77,310,1,73,5,Agile - G,62,0,61,0,68,0,83,0,85,0,75,0,21,0,41,0,12,0,19,0,41,0,31,0,43,0,53,0,20,0,24,0,31,0,78,0,90,0,30,0,21,0,22,0,10,0,85,0,13,0,23,0,64,0,60,0,61,0,59,0,6,0,39,0,30,0,10,0,32,0,30,0,72,0,75,0,68,0,Long Stride Awkward,0,29,0,33,0,70,0,16,0,28,0,43,0,6,0,6,0,6,0,6,0,30,0,10,0,82,0,32,0,15,0
Brenden,Bates,Cleveland Browns,TE,Kentucky,25,64,10/17/99,76,255,1,82,1,Possession - TE,80,0,80,0,81,0,83,0,75,0,66,0,63,0,35,0,12,0,54,0,72,0,73,0,74,0,69,0,50,0,10,0,35,0,71,0,91,0,59,0,12,0,15,0,10,0,60,0,10,0,54,0,64,0,63,0,62,0,59,0,15,0,25,0,10,0,10,0,37,0,65,0,64,0,65,0,62,0,Long Stride Default,0,61,0,72,0,82,0,52,0,65,0,34,0,11,0,15,0,22,0,19,0,24,0,11,0,88,0,63,0,10,0
Brevyn,Spann-Ford,Dallas Cowboys,TE,Minnesota,25,64,12/27/99,79,260,1,89,1,Possession - TE,83,0,71,0,77,0,83,0,72,0,65,0,72,0,51,0,24,0,62,0,70,0,74,0,77,0,66,0,51,0,40,0,58,0,64,0,89,0,63,0,22,0,29,0,27,0,53,0,29,0,59,0,64,0,61,0,56,0,62,0,5,0,31,0,46,0,31,0,59,0,63,0,59,0,58,0,60,0,Long Stride Default,0,63,0,76,0,80,0,55,0,67,0,55,0,5,0,10,0,15,0,10,0,25,0,15,0,88,0,67,0,38,0
C.J.,Hanson,Kansas City Chiefs,RG,Holy Cross,24,64,3/3/01,77,300,1,61,1,Agile - G,74,0,55,0,81,0,79,0,82,0,69,0,50,0,20,0,17,0,32,0,33,0,32,0,35,0,57,0,16,0,10,0,38,0,78,0,90,0,48,0,20,0,21,0,10,0,80,0,12,0,21,0,64,0,72,0,70,0,69,0,11,0,15,0,10,0,10,0,29,0,19,0,69,0,70,0,65,0,Long Stride Default,0,22,0,35,0,72,0,23,0,44,0,33,0,12,0,13,0,21,0,15,0,25,0,6,0,80,0,35,0,13,0
Caleb,Murphy,Los Angeles Chargers,LE,Ferris State,25,64,12/15/99,75,254,1,50,2,Smaller Speed Rusher - DE,84,0,74,0,76,0,79,0,70,0,56,0,50,0,59,0,17,0,45,0,45,0,35,0,47,0,68,0,23,0,73,0,82,0,67,0,91,0,64,0,10,0,15,0,15,0,20,0,39,0,26,0,64,0,35,0,35,0,35,0,15,0,58,0,68,0,35,0,80,0,36,0,45,0,45,0,45,0,Default Stride Loose,0,32,0,42,0,79,0,59,0,42,0,71,0,10,0,10,0,15,0,15,0,28,0,13,0,83,0,48,0,44,0
Calvin,Anderson,Pittsburgh Steelers,RT,Texas,29,64,3/25/96,77,300,1,67,6,Agile - OT,70,0,70,0,76,0,83,0,85,0,77,0,20,0,15,0,12,0,8,0,33,0,10,0,30,0,56,0,5,0,20,0,44,0,80,0,83,0,21,0,22,0,24,0,10,0,84,0,12,0,5,0,64,0,67,0,69,0,65,0,6,0,10,0,32,0,10,0,23,0,12,0,66,0,68,0,64,0,Default Stride Awkward,0,10,0,12,0,65,0,19,0,26,0,30,0,6,0,6,0,6,0,6,0,25,0,7,0,85,0,31,0,15,0
Cam,Lampkin,Los Angeles Rams,CB,Wash. St.,24,64,7/31/01,70,176,1,33,1,Zone - CB,90,0,81,0,83,0,85,0,53,0,67,0,61,0,46,0,14,0,50,0,56,0,53,0,60,0,83,0,10,0,38,0,51,0,49,0,87,0,68,0,12,0,15,0,35,0,19,0,63,0,10,0,64,0,23,0,23,0,23,0,12,0,65,0,32,0,62,0,66,0,13,0,27,0,27,0,27,0,Short Stride Loose,0,22,0,57,0,87,0,62,0,34,0,52,0,7,0,11,0,16,0,19,0,21,0,12,0,82,0,33,0,68,0
Cam,Jones,Kansas City Chiefs,LOLB,Indiana,25,64,10/21/99,74,227,1,44,2,Pass Coverage - OLB,90,0,74,0,80,0,82,0,65,0,68,0,45,0,60,0,22,0,35,0,52,0,45,0,54,0,70,0,5,0,54,0,81,0,67,0,83,0,51,0,11,0,20,0,30,0,33,0,52,0,5,0,64,0,45,0,45,0,45,0,14,0,69,0,46,0,48,0,81,0,20,0,45,0,45,0,45,0,Default Stride High and Tight,0,15,0,47,0,85,0,44,0,41,0,78,0,11,0,13,0,19,0,15,0,30,0,25,0,85,0,51,0,62,0
Carson,Bruener,Pittsburgh Steelers,ROLB,Washington,24,64,6/5/01,73,227,1,44,0,Pass Coverage - OLB,90,0,81,0,81,0,87,0,67,0,63,0,49,0,58,0,28,0,40,0,61,0,42,0,48,0,73,0,18,0,46,0,74,0,68,0,88,0,49,0,18,0,21,0,10,0,22,0,59,0,21,0,64,0,45,0,45,0,45,0,12,0,62,0,44,0,47,0,80,0,22,0,45,0,45,0,45,0,Default,0,24,0,47,0,86,0,46,0,44,0,76,0,15,0,18,0,21,0,26,0,25,0,15,0,88,0,43,0,65,0
Casey,Rogers,Buffalo Bills,DT,Oregon,26,64,12/18/98,76,305,1,71,1,,75,0,69,0,78,0,80,0,83,0,59,0,18,0,74,0,19,0,19,0,32,0,28,0,33,0,64,0,7,0,58,0,79,0,81,0,88,0,18,0,17,0,20,0,21,0,16,0,13,0,7,0,64,0,24,0,13,0,11,0,14,0,59,0,66,0,15,0,71,0,17,0,29,0,17,0,22,0,Default Stride Awkward,0,7,0,14,0,77,0,13,0,17,0,73,0,11,0,13,0,16,0,8,0,19,0,14,0,88,0,34,0,18,0
Chandler,Zavala,Carolina Panthers,RG,N.C. State,26,64,4/2/99,75,322,1,62,2,Agile - G,72,0,65,0,78,0,82,0,88,0,64,0,22,0,19,0,12,0,21,0,34,0,21,0,30,0,57,0,7,0,15,0,31,0,74,0,81,0,12,0,13,0,21,0,10,0,78,0,9,0,11,0,64,0,72,0,67,0,71,0,9,0,21,0,14,0,10,0,25,0,18,0,69,0,72,0,66,0,Default Stride Awkward,0,12,0,23,0,66,0,12,0,14,0,31,0,7,0,9,0,9,0,9,0,21,0,10,0,83,0,33,0,10,0
Chazz,Surratt,San Francisco 49ers,LOLB,North Carolina,28,64,2/16/97,74,233,1,46,4,Run Stopper - OLB,87,0,82,0,77,0,79,0,75,0,64,0,61,0,61,0,60,0,41,0,66,0,33,0,58,0,73,0,5,0,57,0,84,0,67,0,89,0,62,0,20,0,21,0,10,0,13,0,54,0,5,0,64,0,45,0,45,0,45,0,51,0,60,0,52,0,40,0,83,0,20,0,45,0,45,0,45,0,Default Stride Loose,0,15,0,35,0,85,0,55,0,52,0,74,0,52,0,59,0,63,0,59,0,67,0,48,0,84,0,44,0,63,0
Chris,Williams,Chicago Bears,DT,Wagner College,27,64,6/16/98,74,302,1,91,4,,73,0,58,0,68,0,71,0,84,0,60,0,19,0,70,0,12,0,19,0,36,0,15,0,28,0,47,0,3,0,54,0,81,0,81,0,88,0,10,0,17,0,21,0,10,0,37,0,13,0,7,0,64,0,45,0,45,0,45,0,6,0,62,0,72,0,10,0,75,0,15,0,45,0,45,0,45,0,Default Stride Awkward,0,15,0,15,0,67,0,10,0,17,0,78,0,6,0,6,0,6,0,6,0,14,0,12,0,78,0,38,0,15,0
Cole,Turner,Washington Commanders,TE,Nevada,25,64,3/16/00,78,240,1,88,3,Vertical Threat - TE,88,0,82,0,77,0,80,0,68,0,60,0,71,0,29,0,18,0,60,0,73,0,76,0,79,0,74,0,53,0,15,0,30,0,59,0,88,0,69,0,19,0,21,0,18,0,51,0,14,0,58,0,64,0,56,0,57,0,53,0,6,0,22,0,15,0,15,0,33,0,65,0,59,0,58,0,54,0,Long Stride Default,0,63,0,81,0,81,0,63,0,56,0,29,0,6,0,10,0,15,0,10,0,30,0,10,0,68,0,65,0,16,0
Curtis,Jacobs,Tennessee Titans,ROLB,Penn State,23,64,2/18/02,74,241,1,57,1,Pass Coverage - OLB,88,0,79,0,84,0,85,0,68,0,64,0,41,0,61,0,33,0,38,0,56,0,54,0,56,0,75,0,5,0,44,0,75,0,78,0,89,0,68,0,22,0,24,0,25,0,25,0,67,0,5,0,64,0,35,0,21,0,21,0,17,0,70,0,42,0,55,0,78,0,18,0,35,0,21,0,21,0,Default Stride Loose,0,15,0,55,0,87,0,61,0,37,0,73,0,5,0,10,0,15,0,21,0,44,0,23,0,86,0,40,0,64,0
D'Marco,Jackson,New Orleans Saints,MLB,Appalach. St.,27,64,7/20/98,73,233,1,52,3,Run Stopper - MLB,92,0,77,0,80,0,84,0,69,0,64,0,64,0,63,0,20,0,51,0,51,0,46,0,57,0,75,0,17,0,52,0,78,0,85,0,87,0,55,0,15,0,14,0,10,0,27,0,48,0,23,0,64,0,45,0,45,0,45,0,6,0,66,0,58,0,38,0,80,0,27,0,45,0,45,0,45,0,Default,0,27,0,44,0,87,0,49,0,48,0,80,0,6,0,6,0,6,0,6,0,25,0,13,0,88,0,54,0,53,0
D.J.,Montgomery,Indianapolis Colts,WR,Austin Peay,28,64,11/17/96,73,201,1,2,5,,92,0,91,0,89,0,83,0,53,0,57,0,78,0,28,0,24,0,67,0,70,0,74,0,75,0,79,0,66,0,11,0,41,0,45,0,90,0,78,0,16,0,17,0,70,0,35,0,25,0,63,0,64,0,27,0,17,0,20,0,8,0,22,0,11,0,28,0,33,0,71,0,55,0,31,0,29,0,Default Stride Loose,0,62,0,71,0,90,0,72,0,60,0,37,0,8,0,10,0,15,0,10,0,25,0,17,0,81,0,53,0,21,0
Darian,Kinnard,Philadelphia Eagles,RT,Kentucky,25,64,12/29/99,77,322,1,72,3,Power - OT,72,0,50,0,64,0,80,0,86,0,55,0,12,0,29,0,15,0,17,0,24,0,15,0,23,0,49,0,5,0,12,0,37,0,87,0,91,0,13,0,12,0,14,0,10,0,71,0,8,0,5,0,64,0,67,0,63,0,72,0,6,0,10,0,19,0,10,0,19,0,12,0,72,0,71,0,73,0,Default Stride Awkward,0,10,0,12,0,62,0,12,0,28,0,32,0,6,0,6,0,6,0,6,0,21,0,8,0,86,0,31,0,8,0
Darius,Muasau,NY Giants,MLB,UCLA,24,64,2/10/01,73,230,1,53,1,Field General - MLB,88,0,76,0,87,0,82,0,63,0,71,0,54,0,65,0,21,0,37,0,58,0,58,0,70,0,75,0,7,0,67,0,82,0,65,0,93,0,63,0,31,0,34,0,35,0,25,0,56,0,13,0,64,0,35,0,30,0,30,0,7,0,69,0,54,0,54,0,77,0,15,0,40,0,35,0,35,0,Default Stride Loose,0,23,0,62,0,82,0,56,0,38,0,77,0,6,0,11,0,13,0,11,0,21,0,10,0,80,0,41,0,65,0
Dennis,Daley,Jacksonville Jaguars,LT,South Carolina,29,64,8/7/96,78,325,1,78,6,Power - OT,64,0,55,0,67,0,84,0,82,0,76,0,10,0,33,0,12,0,5,0,40,0,15,0,27,0,49,0,5,0,24,0,26,0,77,0,86,0,10,0,11,0,21,0,10,0,79,0,12,0,5,0,64,0,65,0,64,0,65,0,6,0,32,0,23,0,10,0,31,0,15,0,72,0,70,0,74,0,Default Stride Awkward,0,15,0,15,0,67,0,10,0,10,0,41,0,6,0,6,0,6,0,6,0,33,0,3,0,83,0,25,0,12,0
Donovan,Jennings,Green Bay Packers,RG,USF,25,64,11/24/99,76,323,1,67,1,Power - G,73,0,65,0,70,0,72,0,86,0,65,0,40,0,34,0,33,0,36,0,28,0,23,0,21,0,57,0,6,0,27,0,26,0,77,0,76,0,36,0,26,0,25,0,10,0,72,0,22,0,5,0,64,0,68,0,72,0,68,0,15,0,20,0,23,0,16,0,35,0,16,0,67,0,68,0,72,0,Long Stride Awkward,0,10,0,26,0,72,0,46,0,39,0,34,0,5,0,5,0,10,0,18,0,20,0,18,0,85,0,40,0,27,0
Dylan,McMahon,Los Angeles Rams,C,N.C. State,24,64,1/22/01,76,305,1,63,1,Agile - C,75,0,75,0,80,0,85,0,80,0,72,0,10,0,29,0,12,0,5,0,35,0,15,0,25,0,66,0,5,0,10,0,33,0,79,0,92,0,10,0,22,0,19,0,10,0,80,0,9,0,9,0,64,0,71,0,68,0,69,0,6,0,34,0,10,0,10,0,46,0,12,0,72,0,72,0,69,0,Default Stride Awkward,0,15,0,15,0,69,0,10,0,10,0,36,0,13,0,19,0,21,0,12,0,25,0,11,0,78,0,25,0,9,0
Elias,Neal,Los Angeles Rams,ROLB,Marshall,23,64,9/11/01,72,227,1,58,1,Run Stopper - OLB,88,0,75,0,84,0,83,0,70,0,63,0,55,0,65,0,23,0,42,0,64,0,60,0,68,0,76,0,6,0,41,0,79,0,76,0,87,0,64,0,15,0,20,0,15,0,15,0,47,0,12,0,64,0,45,0,45,0,45,0,37,0,65,0,46,0,48,0,80,0,12,0,45,0,45,0,45,0,Default Stride Loose,0,22,0,57,0,84,0,56,0,45,0,77,0,17,0,22,0,27,0,21,0,31,0,22,0,85,0,50,0,56,0
Eric,Gregory,Cincinnati Bengals,DT,Arkansas,24,64,9/13/00,75,319,1,94,0,,74,0,62,0,69,0,85,0,86,0,56,0,23,0,75,0,12,0,16,0,37,0,21,0,35,0,59,0,5,0,60,0,77,0,83,0,89,0,20,0,14,0,16,0,10,0,27,0,16,0,7,0,64,0,45,0,45,0,45,0,6,0,54,0,68,0,17,0,72,0,15,0,45,0,45,0,45,0,Long Stride Awkward,0,15,0,20,0,68,0,17,0,29,0,76,0,6,0,6,0,6,0,6,0,20,0,10,0,86,0,32,0,21,0
Fabien,Lovett Sr,Kansas City Chiefs,DT,Florida State,25,64,12/5/99,75,316,1,96,1,,76,0,66,0,67,0,75,0,84,0,61,0,25,0,73,0,12,0,12,0,26,0,22,0,30,0,53,0,3,0,59,0,78,0,81,0,82,0,20,0,15,0,15,0,10,0,26,0,22,0,5,0,64,0,45,0,45,0,45,0,6,0,63,0,64,0,15,0,68,0,12,0,45,0,45,0,45,0,Default Stride Awkward,0,13,0,17,0,73,0,16,0,29,0,74,0,6,0,6,0,6,0,6,0,19,0,10,0,82,0,34,0,33,0
Gabe,Jeudy-Lally,Tennessee Titans,CB,Tennessee,24,64,2/16/01,73,189,1,32,1,Zone - CB,91,0,79,0,85,0,85,0,54,0,66,0,65,0,46,0,15,0,49,0,58,0,58,0,69,0,83,0,13,0,38,0,59,0,42,0,88,0,71,0,11,0,10,0,32,0,13,0,63,0,19,0,64,0,25,0,25,0,25,0,6,0,64,0,31,0,65,0,68,0,24,0,30,0,30,0,30,0,Default,0,24,0,64,0,88,0,63,0,32,0,55,0,6,0,6,0,6,0,6,0,24,0,10,0,81,0,26,0,67,0
Garrett,Dellinger,Baltimore Ravens,RG,LSU,23,64,2/18/02,77,320,1,74,0,Agile - G,77,0,63,0,78,0,85,0,88,0,65,0,12,0,25,0,12,0,13,0,24,0,11,0,26,0,59,0,5,0,10,0,24,0,78,0,82,0,10,0,15,0,18,0,10,0,76,0,10,0,5,0,64,0,67,0,69,0,67,0,6,0,22,0,10,0,10,0,25,0,12,0,68,0,71,0,68,0,Long Stride Awkward,0,12,0,32,0,67,0,11,0,19,0,18,0,6,0,6,0,6,0,6,0,22,0,11,0,82,0,24,0,11,0
Gary,Brightwell,Cincinnati Bengals,HB,Arizona,27,64,2/28/98,73,218,1,32,4,Elusive Back - HB,87,0,81,0,83,0,83,0,73,0,66,0,79,0,33,0,25,0,76,0,84,0,48,0,59,0,83,0,35,0,15,0,34,0,41,0,90,0,77,0,14,0,19,0,75,0,39,0,17,0,45,0,64,0,47,0,37,0,41,0,17,0,16,0,13,0,19,0,39,0,43,0,38,0,25,0,19,0,Default Stride Loose,0,55,0,43,0,85,0,75,0,68,0,37,0,19,0,23,0,28,0,25,0,36,0,20,0,85,0,77,0,27,0
Gavin,Bartholomew,Minnesota Vikings,TE,Pittsburgh,22,64,4/30/03,77,246,1,86,0,Vertical Threat - TE,87,0,82,0,87,0,88,0,70,0,66,0,70,0,43,0,28,0,64,0,71,0,75,0,76,0,77,0,52,0,35,0,32,0,65,0,90,0,64,0,26,0,27,0,28,0,53,0,27,0,55,0,64,0,58,0,56,0,59,0,26,0,26,0,39,0,14,0,46,0,62,0,59,0,53,0,53,0,Long Stride Default,0,63,0,76,0,82,0,62,0,68,0,36,0,19,0,24,0,26,0,29,0,39,0,26,0,89,0,64,0,33,0
George,Holani,Seattle Seahawks,HB,Boise State,25,64,12/16/99,70,208,1,36,1,Elusive Back - HB,92,0,78,0,89,0,83,0,71,0,60,0,78,0,27,0,22,0,76,0,88,0,62,0,69,0,80,0,43,0,10,0,31,0,42,0,82,0,78,0,13,0,17,0,49,0,38,0,15,0,53,0,64,0,50,0,31,0,36,0,15,0,20,0,10,0,15,0,24,0,50,0,34,0,26,0,31,0,Default,0,58,0,58,0,89,0,71,0,68,0,25,0,20,0,26,0,31,0,17,0,42,0,15,0,79,0,73,0,18,0
Hunter,Long,Jacksonville Jaguars,TE,Boston College,27,64,8/19/98,77,253,1,84,4,Possession - TE,86,0,71,0,79,0,83,0,72,0,60,0,70,0,50,0,14,0,61,0,74,0,79,0,79,0,69,0,55,0,38,0,56,0,64,0,88,0,63,0,19,0,23,0,24,0,50,0,14,0,60,0,64,0,57,0,56,0,52,0,6,0,38,0,47,0,17,0,52,0,61,0,59,0,57,0,53,0,Long Stride High and Tight,0,66,0,80,0,81,0,50,0,68,0,53,0,6,0,10,0,15,0,10,0,30,0,10,0,87,0,69,0,21,0
Irvin,Charles,NY Jets,WR,IUP,28,64,4/13/97,76,219,1,19,3,Physical - WR,91,0,83,0,82,0,83,0,66,0,57,0,79,0,27,0,26,0,73,0,75,0,81,0,79,0,78,0,63,0,11,0,42,0,49,0,88,0,75,0,12,0,15,0,51,0,24,0,23,0,66,0,64,0,37,0,25,0,24,0,15,0,19,0,11,0,26,0,28,0,69,0,53,0,26,0,33,0,Long Stride Default,0,67,0,81,0,87,0,68,0,63,0,36,0,19,0,21,0,25,0,15,0,27,0,16,0,84,0,59,0,29,0
Isaiah,Land,Indianapolis Colts,LE,Florida AM,25,64,2/5/00,76,236,1,55,2,Smaller Speed Rusher - DE,90,0,77,0,83,0,76,0,69,0,59,0,48,0,60,0,23,0,34,0,47,0,44,0,52,0,70,0,24,0,64,0,84,0,65,0,88,0,51,0,14,0,17,0,35,0,34,0,40,0,29,0,64,0,45,0,45,0,45,0,12,0,57,0,68,0,43,0,78,0,33,0,45,0,45,0,45,0,Long Stride Loose,0,35,0,48,0,85,0,44,0,43,0,71,0,11,0,13,0,17,0,11,0,30,0,12,0,75,0,42,0,49,0
J.J.,Roberts,Tampa Bay Buccaneers,FS,Marshall,23,64,9/22/01,71,192,1,36,0,Hybrid - S,93,0,85,0,94,0,88,0,62,0,57,0,64,0,49,0,14,0,54,0,62,0,57,0,62,0,85,0,15,0,32,0,75,0,59,0,89,0,64,0,14,0,18,0,78,0,25,0,63,0,20,0,64,0,35,0,35,0,35,0,6,0,55,0,33,0,58,0,71,0,22,0,35,0,35,0,35,0,Default Stride Loose,0,25,0,58,0,91,0,61,0,46,0,66,0,6,0,6,0,6,0,6,0,24,0,12,0,88,0,51,0,67,0
Jack,Heflin,Los Angeles Rams,DT,Iowa,27,64,3/8/98,75,304,1,93,4,,69,0,65,0,72,0,70,0,83,0,67,0,24,0,77,0,12,0,13,0,34,0,14,0,25,0,59,0,3,0,52,0,76,0,82,0,89,0,17,0,14,0,17,0,9,0,29,0,18,0,6,0,64,0,46,0,46,0,46,0,6,0,65,0,64,0,13,0,67,0,15,0,48,0,48,0,48,0,Default Stride Awkward,0,13,0,21,0,61,0,17,0,25,0,74,0,6,0,6,0,6,0,6,0,15,0,12,0,81,0,29,0,24,0
Jacoby,Windmon,Carolina Panthers,MLB,Michigan St.,24,64,8/20/01,73,250,1,41,1,Pass Coverage - MLB,89,0,73,0,76,0,82,0,70,0,55,0,33,0,66,0,12,0,22,0,50,0,30,0,57,0,71,0,5,0,56,0,78,0,70,0,89,0,30,0,12,0,16,0,10,0,16,0,62,0,9,0,64,0,45,0,45,0,45,0,6,0,53,0,62,0,50,0,83,0,12,0,45,0,45,0,45,0,Default Stride Loose,0,18,0,33,0,84,0,23,0,46,0,82,0,6,0,6,0,6,0,6,0,26,0,10,0,86,0,38,0,68,0
Jalen,McLeod,Jacksonville Jaguars,MLB,Auburn,23,64,6/5/02,74,241,1,53,0,Run Stopper - MLB,86,0,72,0,78,0,79,0,77,0,66,0,30,0,68,0,21,0,25,0,44,0,23,0,34,0,68,0,5,0,70,0,79,0,76,0,92,0,34,0,25,0,27,0,33,0,25,0,54,0,10,0,64,0,45,0,45,0,45,0,13,0,65,0,66,0,43,0,79,0,13,0,45,0,45,0,45,0,Long Stride Loose,0,15,0,25,0,81,0,34,0,30,0,77,0,10,0,10,0,18,0,16,0,21,0,17,0,93,0,25,0,60,0
Joe,Giles-Harris,Cincinnati Bengals,ROLB,Duke,28,64,4/1/97,74,234,1,53,6,Run Stopper - OLB,81,0,79,0,73,0,80,0,69,0,60,0,41,0,70,0,12,0,37,0,45,0,45,0,53,0,66,0,20,0,62,0,82,0,81,0,86,0,45,0,13,0,18,0,10,0,17,0,48,0,24,0,64,0,45,0,45,0,45,0,6,0,58,0,61,0,31,0,80,0,33,0,45,0,45,0,45,0,Default Stride Loose,0,27,0,47,0,83,0,37,0,33,0,81,0,6,0,6,0,6,0,6,0,25,0,10,0,87,0,43,0,57,0
Joey,Blount,Arizona Cardinals,SS,Virginia,26,64,11/16/98,73,201,1,32,3,Hybrid - S,94,0,87,0,90,0,82,0,65,0,62,0,79,0,51,0,27,0,74,0,61,0,54,0,62,0,80,0,19,0,40,0,77,0,49,0,86,0,75,0,14,0,15,0,40,0,18,0,58,0,24,0,64,0,29,0,29,0,29,0,15,0,63,0,35,0,65,0,65,0,25,0,33,0,33,0,33,0,Default Stride Loose,0,28,0,57,0,92,0,69,0,64,0,60,0,8,0,10,0,15,0,21,0,26,0,13,0,88,0,64,0,64,0
Jon,Rhattigan,Carolina Panthers,ROLB,Army,26,64,2/2/99,72,236,1,49,4,Run Stopper - OLB,84,0,75,0,78,0,82,0,72,0,55,0,45,0,65,0,12,0,48,0,58,0,37,0,59,0,71,0,20,0,55,0,75,0,78,0,83,0,41,0,20,0,20,0,10,0,54,0,50,0,31,0,64,0,49,0,49,0,49,0,6,0,65,0,51,0,40,0,81,0,34,0,51,0,51,0,52,0,Default Stride Loose,0,34,0,40,0,80,0,37,0,50,0,81,0,6,0,6,0,6,0,6,0,25,0,14,0,88,0,51,0,60,0
Josh,Thompson,Atlanta Falcons,SS,Texas,26,64,10/20/98,72,194,1,45,3,Zone - S,92,0,89,0,89,0,88,0,61,0,64,0,65,0,53,0,14,0,49,0,58,0,48,0,59,0,90,0,29,0,33,0,65,0,44,0,85,0,72,0,14,0,17,0,42,0,18,0,62,0,32,0,64,0,35,0,35,0,35,0,6,0,61,0,25,0,64,0,68,0,24,0,35,0,35,0,35,0,Default,0,36,0,56,0,92,0,65,0,28,0,50,0,11,0,14,0,19,0,16,0,23,0,10,0,85,0,27,0,66,0
Joshua,Ezeudu,NY Giants,LT,North Carolina,25,64,9/19/99,76,308,1,75,3,Agile - OT,72,0,57,0,71,0,84,0,81,0,70,0,17,0,20,0,11,0,12,0,35,0,12,0,23,0,58,0,5,0,10,0,31,0,78,0,88,0,10,0,23,0,24,0,10,0,86,0,9,0,5,0,64,0,71,0,72,0,70,0,6,0,24,0,10,0,10,0,19,0,10,0,69,0,71,0,67,0,Default Stride Awkward,0,10,0,15,0,66,0,10,0,19,0,21,0,6,0,6,0,6,0,6,0,16,0,7,0,77,0,20,0,10,0
Josiah,Ezirim,New Orleans Saints,RT,E. Kentucky,24,64,5/21/01,78,329,1,72,1,Power - OT,65,0,66,0,73,0,80,0,88,0,65,0,10,0,59,0,12,0,5,0,42,0,34,0,39,0,59,0,15,0,49,0,63,0,82,0,90,0,10,0,11,0,19,0,10,0,84,0,10,0,20,0,64,0,69,0,66,0,69,0,5,0,45,0,61,0,10,0,66,0,27,0,69,0,70,0,70,0,Long Stride Awkward,0,26,0,32,0,67,0,10,0,10,0,56,0,5,0,6,0,6,0,5,0,16,0,9,0,84,0,21,0,12,0
Julius,Wood,Tennessee Titans,SS,East Carolina,24,64,5/2/01,73,193,1,24,1,Run Support - S,87,0,90,0,81,0,85,0,63,0,55,0,71,0,59,0,15,0,57,0,68,0,62,0,70,0,79,0,18,0,29,0,79,0,61,0,89,0,72,0,19,0,17,0,30,0,24,0,66,0,25,0,64,0,35,0,35,0,35,0,6,0,57,0,35,0,67,0,80,0,25,0,35,0,35,0,35,0,Long Stride Default,0,35,0,68,0,88,0,62,0,53,0,72,0,6,0,6,0,6,0,6,0,21,0,12,0,86,0,48,0,63,0
Junior,Bergen,San Francisco 49ers,WR,Montana,22,64,10/23/02,70,184,1,86,0,Slot - WR,90,0,84,0,87,0,82,0,59,0,69,0,76,0,36,0,34,0,68,0,73,0,74,0,83,0,87,0,64,0,28,0,32,0,40,0,84,0,70,0,20,0,24,0,84,0,29,0,39,0,65,0,64,0,22,0,11,0,20,0,33,0,28,0,27,0,25,0,31,0,63,0,50,0,23,0,22,0,Default Stride Loose,0,66,0,74,0,88,0,64,0,41,0,34,0,31,0,35,0,41,0,40,0,50,0,36,0,81,0,42,0,37,0
Justin,Shorter,Las Vegas Raiders,TE,Florida,25,64,4/17/00,76,223,1,88,2,Vertical Threat - TE,88,0,77,0,88,0,85,0,69,0,52,0,75,0,38,0,21,0,70,0,72,0,75,0,79,0,74,0,63,0,10,0,35,0,51,0,84,0,71,0,11,0,16,0,40,0,35,0,21,0,62,0,64,0,53,0,54,0,51,0,6,0,25,0,10,0,30,0,37,0,62,0,54,0,54,0,51,0,Long Stride Default,0,65,0,77,0,87,0,63,0,51,0,39,0,6,0,10,0,15,0,10,0,34,0,15,0,84,0,61,0,27,0
Justin,Dedich,Los Angeles Rams,LG,USC,25,64,4/21/00,74,300,1,67,1,Power - G,62,0,56,0,73,0,79,0,89,0,63,0,10,0,31,0,12,0,10,0,36,0,10,0,27,0,57,0,5,0,10,0,12,0,84,0,88,0,10,0,20,0,24,0,10,0,82,0,14,0,5,0,64,0,70,0,66,0,72,0,6,0,22,0,10,0,10,0,34,0,12,0,66,0,68,0,64,0,Long Stride Awkward,0,10,0,12,0,60,0,10,0,10,0,33,0,6,0,6,0,6,0,6,0,15,0,15,0,86,0,30,0,14,0
Kaimon,Rucker,Baltimore Ravens,RE,North Carolina,23,64,2/28/02,73,255,1,56,0,Power Rusher - DE,84,0,72,0,84,0,79,0,81,0,53,0,34,0,69,0,12,0,23,0,35,0,25,0,33,0,68,0,5,0,67,0,77,0,66,0,87,0,28,0,13,0,15,0,10,0,20,0,36,0,7,0,64,0,45,0,45,0,45,0,6,0,52,0,69,0,30,0,80,0,15,0,45,0,45,0,45,0,Long Stride Loose,0,13,0,24,0,81,0,27,0,36,0,77,0,6,0,6,0,6,0,6,0,19,0,10,0,85,0,34,0,45,0
Keidron,Smith,Denver Broncos,SS,Kentucky,25,64,11/1/99,74,210,1,43,2,Zone - S,86,0,77,0,86,0,87,0,62,0,65,0,59,0,62,0,18,0,42,0,59,0,63,0,72,0,81,0,11,0,41,0,74,0,62,0,92,0,64,0,15,0,17,0,44,0,17,0,59,0,16,0,64,0,35,0,35,0,35,0,10,0,63,0,35,0,76,0,71,0,18,0,35,0,35,0,35,0,Default Stride Loose,0,20,0,63,0,86,0,57,0,46,0,69,0,10,0,10,0,15,0,11,0,23,0,10,0,83,0,40,0,68,0
Kendall,Williamson,Los Angeles Chargers,FS,Stanford,25,64,8/24/00,73,203,1,40,2,Hybrid - S,90,0,84,0,91,0,86,0,63,0,67,0,63,0,53,0,20,0,59,0,57,0,56,0,62,0,81,0,10,0,42,0,70,0,58,0,92,0,69,0,15,0,21,0,44,0,20,0,69,0,15,0,64,0,34,0,34,0,34,0,15,0,64,0,35,0,64,0,75,0,20,0,35,0,35,0,35,0,Default Stride Loose,0,20,0,64,0,91,0,62,0,50,0,47,0,10,0,10,0,15,0,15,0,30,0,12,0,83,0,51,0,62,0
Kenny,Yeboah,Detroit Lions,TE,Ole Miss,26,64,10/30/98,75,250,1,88,4,Vertical Threat - TE,82,0,82,0,84,0,80,0,70,0,62,0,73,0,40,0,24,0,57,0,76,0,76,0,76,0,74,0,57,0,10,0,31,0,64,0,86,0,71,0,58,0,70,0,40,0,52,0,15,0,59,0,64,0,58,0,59,0,55,0,6,0,39,0,10,0,32,0,44,0,62,0,57,0,57,0,55,0,Long Stride Loose,0,64,0,75,0,82,0,63,0,65,0,43,0,6,0,10,0,15,0,10,0,29,0,10,0,84,0,67,0,44,0
Kenny,McIntosh,Seattle Seahawks,HB,Georgia,25,64,3/3/00,72,210,1,25,2,Elusive Back - HB,89,0,83,0,83,0,82,0,66,0,64,0,73,0,33,0,36,0,81,0,86,0,45,0,72,0,82,0,52,0,12,0,30,0,41,0,83,0,78,0,20,0,19,0,77,0,38,0,25,0,57,0,64,0,55,0,32,0,24,0,27,0,21,0,11,0,27,0,41,0,50,0,47,0,26,0,33,0,Default,0,64,0,45,0,87,0,71,0,77,0,39,0,35,0,39,0,45,0,49,0,53,0,38,0,78,0,70,0,35,0
Khalil,Dorsey,Detroit Lions,CB,N. Arizona,27,64,3/31/98,69,170,1,30,5,Manto Man - CB,91,0,87,0,84,0,87,0,51,0,59,0,70,0,54,0,10,0,52,0,60,0,59,0,64,0,86,0,37,0,35,0,68,0,50,0,84,0,75,0,13,0,14,0,65,0,17,0,64,0,32,0,64,0,35,0,35,0,35,0,6,0,56,0,32,0,67,0,74,0,26,0,35,0,35,0,35,0,Short Stride Loose,0,34,0,63,0,92,0,64,0,33,0,60,0,6,0,6,0,6,0,6,0,35,0,15,0,83,0,19,0,61,0
Kobe,King,Minnesota Vikings,MLB,Penn State,22,64,1/28/03,73,243,1,41,0,Field General - MLB,91,0,77,0,80,0,87,0,76,0,66,0,46,0,64,0,22,0,37,0,60,0,42,0,49,0,73,0,17,0,51,0,79,0,78,0,88,0,46,0,18,0,22,0,10,0,22,0,55,0,20,0,64,0,45,0,45,0,45,0,6,0,65,0,52,0,45,0,79,0,21,0,45,0,45,0,45,0,Default Stride Loose,0,23,0,48,0,83,0,43,0,41,0,76,0,6,0,6,0,6,0,6,0,23,0,12,0,88,0,40,0,61,0
LaCale,London,Atlanta Falcons,DT,W. Illinois,28,64,8/5/97,75,297,1,94,5,,77,0,66,0,79,0,73,0,83,0,60,0,22,0,71,0,12,0,15,0,28,0,16,0,25,0,51,0,3,0,57,0,78,0,80,0,87,0,20,0,15,0,22,0,16,0,20,0,16,0,5,0,64,0,45,0,45,0,45,0,6,0,62,0,69,0,12,0,73,0,13,0,45,0,45,0,45,0,Long Stride Loose,0,10,0,16,0,72,0,18,0,29,0,76,0,6,0,6,0,6,0,6,0,24,0,14,0,81,0,26,0,22,0
LaDarius,Henderson,Houston Texans,RG,Michigan,23,64,12/11/01,76,309,1,73,1,Power - G,60,0,51,0,69,0,83,0,83,0,60,0,13,0,31,0,12,0,13,0,24,0,20,0,29,0,57,0,11,0,18,0,33,0,83,0,92,0,10,0,12,0,18,0,10,0,79,0,12,0,13,0,64,0,67,0,62,0,72,0,5,0,13,0,12,0,10,0,34,0,13,0,71,0,73,0,69,0,Long Stride Awkward,0,20,0,19,0,64,0,10,0,10,0,31,0,5,0,5,0,5,0,5,0,16,0,10,0,85,0,10,0,12,0
Liam,McCullough,Atlanta Falcons,LS,Ohio State,28,64,6/5/97,74,247,1,49,4,Accurate - LS,79,0,63,0,72,0,72,0,64,0,55,0,29,0,44,0,11,0,27,0,66,0,49,0,55,0,54,0,34,0,10,0,52,0,68,0,90,0,36,0,17,0,19,0,10,0,59,0,20,0,38,0,64,0,55,0,54,0,49,0,7,0,35,0,10,0,15,0,48,0,20,0,45,0,39,0,43,0,Default Stride Awkward,0,45,0,44,0,76,0,29,0,44,0,56,0,10,0,18,0,24,0,5,0,39,0,12,0,74,0,38,0,20,0
Loren,Strickland,Detroit Lions,SS,Ball State,25,64,5/31/00,69,202,1,24,1,Zone - S,90,0,85,0,86,0,86,0,62,0,63,0,62,0,54,0,10,0,32,0,58,0,59,0,65,0,77,0,10,0,46,0,73,0,56,0,88,0,68,0,12,0,17,0,36,0,19,0,61,0,17,0,64,0,35,0,35,0,35,0,6,0,61,0,37,0,66,0,75,0,21,0,35,0,35,0,35,0,Default Stride Loose,0,25,0,62,0,87,0,64,0,30,0,63,0,6,0,6,0,6,0,6,0,25,0,19,0,84,0,29,0,67,0
Lucas,Krull,Denver Broncos,TE,Pittsburgh,27,64,7/11/98,78,253,1,85,2,Vertical Threat - TE,88,0,79,0,84,0,79,0,68,0,67,0,74,0,23,0,29,0,57,0,72,0,70,0,78,0,70,0,51,0,14,0,39,0,58,0,89,0,64,0,11,0,15,0,25,0,53,0,13,0,60,0,64,0,58,0,52,0,54,0,23,0,25,0,12,0,17,0,32,0,64,0,56,0,52,0,48,0,Long Stride Loose,0,64,0,76,0,84,0,57,0,69,0,36,0,32,0,39,0,47,0,21,0,65,0,22,0,77,0,63,0,14,0
Luke,Haggard,Tampa Bay Buccaneers,RG,Indiana,25,64,1/3/00,78,305,1,72,2,Power - G,73,0,60,0,70,0,71,0,84,0,62,0,18,0,26,0,12,0,8,0,27,0,14,0,20,0,47,0,5,0,13,0,31,0,82,0,90,0,17,0,20,0,20,0,9,0,72,0,12,0,5,0,64,0,73,0,71,0,70,0,6,0,19,0,12,0,8,0,31,0,15,0,71,0,70,0,71,0,Long Stride Awkward,0,13,0,14,0,67,0,11,0,15,0,29,0,6,0,6,0,6,0,6,0,24,0,15,0,84,0,28,0,14,0
Luke,Lachey,Houston Texans,TE,Iowa,24,64,6/29/01,78,250,1,42,0,Vertical Threat - TE,81,0,78,0,84,0,83,0,74,0,70,0,67,0,39,0,26,0,64,0,72,0,75,0,78,0,74,0,55,0,31,0,42,0,64,0,84,0,65,0,23,0,24,0,24,0,48,0,25,0,59,0,64,0,58,0,56,0,57,0,26,0,31,0,34,0,17,0,44,0,68,0,55,0,55,0,55,0,Long Stride Default,0,65,0,77,0,77,0,61,0,61,0,45,0,15,0,20,0,9,0,21,0,28,0,36,0,85,0,68,0,29,0
Luke,Farrell,San Francisco 49ers,TE,Ohio State,27,64,10/14/97,77,250,1,89,4,Possession - TE,80,0,78,0,84,0,82,0,77,0,63,0,62,0,44,0,15,0,53,0,75,0,75,0,78,0,73,0,49,0,12,0,44,0,67,0,90,0,55,0,19,0,24,0,15,0,55,0,12,0,56,0,64,0,61,0,62,0,60,0,6,0,18,0,17,0,19,0,43,0,65,0,63,0,59,0,63,0,Long Stride High and Tight,0,62,0,72,0,78,0,47,0,65,0,45,0,6,0,10,0,15,0,10,0,25,0,10,0,88,0,65,0,17,0
Marcus,Bryant,New England Patriots,LT,Missouri,23,64,6/22/02,79,317,1,52,0,Power - OT,73,0,66,0,71,0,86,0,85,0,65,0,12,0,24,0,23,0,10,0,34,0,25,0,23,0,56,0,5,0,10,0,28,0,81,0,87,0,10,0,13,0,14,0,10,0,78,0,27,0,5,0,64,0,69,0,68,0,71,0,6,0,29,0,11,0,10,0,21,0,18,0,69,0,68,0,70,0,Long Stride Awkward,0,16,0,29,0,68,0,10,0,10,0,22,0,6,0,6,0,6,0,6,0,22,0,15,0,87,0,25,0,14,0
Mario,Goodrich,Denver Broncos,CB,Clemson,25,64,1/12/00,72,191,1,46,2,Zone - CB,92,0,81,0,76,0,90,0,52,0,63,0,63,0,51,0,15,0,52,0,59,0,62,0,65,0,81,0,28,0,35,0,63,0,53,0,89,0,70,0,14,0,15,0,45,0,15,0,62,0,30,0,64,0,35,0,35,0,35,0,6,0,62,0,25,0,71,0,71,0,32,0,35,0,35,0,35,0,Default Stride Loose,0,33,0,57,0,88,0,63,0,38,0,56,0,6,0,6,0,6,0,14,0,27,0,9,0,84,0,31,0,66,0
Mark,Robinson,Pittsburgh Steelers,MLB,Ole Miss,26,64,8/14/99,71,235,1,93,3,Run Stopper - MLB,89,0,72,0,81,0,83,0,81,0,60,0,73,0,66,0,25,0,67,0,68,0,56,0,62,0,74,0,23,0,49,0,75,0,78,0,90,0,58,0,13,0,12,0,35,0,32,0,49,0,29,0,64,0,45,0,45,0,45,0,6,0,61,0,45,0,41,0,77,0,25,0,45,0,45,0,45,0,Default,0,34,0,57,0,83,0,47,0,64,0,81,0,6,0,6,0,6,0,6,0,14,0,10,0,79,0,57,0,54,0
Marquise,Robinson,Baltimore Ravens,CB,Arkansas,23,64,7/16/02,72,192,1,28,0,Manto Man - CB,93,0,79,0,83,0,88,0,64,0,56,0,65,0,42,0,11,0,50,0,58,0,60,0,66,0,81,0,12,0,33,0,56,0,53,0,92,0,68,0,15,0,13,0,50,0,15,0,67,0,15,0,64,0,30,0,30,0,30,0,6,0,54,0,25,0,68,0,72,0,25,0,35,0,35,0,35,0,Default,0,28,0,66,0,91,0,64,0,35,0,54,0,6,0,6,0,6,0,6,0,22,0,10,0,87,0,30,0,70,0
Matt,Waletzko,Dallas Cowboys,RT,North Dakota,25,64,12/15/99,80,305,1,79,3,Agile - OT,80,0,74,0,68,0,82,0,85,0,68,0,14,0,31,0,9,0,10,0,31,0,14,0,20,0,59,0,10,0,30,0,32,0,77,0,86,0,10,0,11,0,15,0,10,0,83,0,10,0,12,0,64,0,68,0,71,0,65,0,6,0,22,0,25,0,10,0,26,0,18,0,67,0,68,0,65,0,Long Stride Awkward,0,13,0,18,0,71,0,10,0,14,0,28,0,6,0,6,0,6,0,6,0,21,0,8,0,79,0,20,0,11,0
Mike,Brown,Tennessee Titans,FS,Miami Univ.,26,64,4/7/99,73,222,1,44,3,Run Support - S,88,0,83,0,80,0,84,0,66,0,62,0,63,0,60,0,14,0,35,0,63,0,49,0,65,0,78,0,10,0,50,0,83,0,54,0,91,0,64,0,11,0,12,0,35,0,15,0,58,0,10,0,64,0,35,0,35,0,35,0,6,0,63,0,44,0,63,0,76,0,15,0,35,0,35,0,35,0,Default Stride Loose,0,15,0,55,0,89,0,59,0,49,0,65,0,6,0,7,0,9,0,7,0,30,0,5,0,88,0,52,0,65,0
Mike,Caliendo,Kansas City Chiefs,LG,W. Michigan,27,64,10/21/97,76,301,1,66,3,Power - G,71,0,59,0,71,0,77,0,82,0,63,0,15,0,26,0,12,0,19,0,32,0,15,0,42,0,55,0,13,0,10,0,27,0,79,0,92,0,12,0,11,0,10,0,10,0,72,0,12,0,17,0,64,0,68,0,74,0,72,0,6,0,10,0,10,0,10,0,27,0,20,0,69,0,66,0,72,0,Default Stride Awkward,0,25,0,14,0,60,0,10,0,20,0,25,0,6,0,6,0,6,0,6,0,17,0,14,0,79,0,30,0,12,0
Mitchell,Tinsley,Cincinnati Bengals,WR,Penn State,25,64,9/15/99,73,205,1,82,2,,89,0,91,0,85,0,84,0,60,0,58,0,80,0,33,0,28,0,68,0,73,0,81,0,79,0,87,0,60,0,10,0,32,0,50,0,92,0,75,0,18,0,18,0,64,0,28,0,18,0,65,0,64,0,27,0,17,0,20,0,21,0,26,0,10,0,17,0,41,0,62,0,56,0,48,0,42,0,Default Stride Loose,0,69,0,77,0,86,0,71,0,54,0,31,0,22,0,25,0,29,0,15,0,35,0,19,0,87,0,53,0,26,0
Mitchell,Trubisky,Buffalo Bills,QB,North Carolina,31,64,8/20/94,74,220,1,11,8,Scrambler - QB,85,0,86,0,69,0,80,0,71,0,52,0,83,0,24,0,74,0,69,0,63,0,33,0,44,0,82,0,18,0,10,0,32,0,31,0,90,0,68,0,23,0,31,0,10,0,21,0,15,0,28,0,64,0,18,0,21,0,21,0,79,0,18,0,10,0,13,0,43,0,31,0,21,0,19,0,19,0,Default,0,38,0,29,0,84,0,70,0,57,0,35,0,76,0,74,0,81,0,78,0,89,0,75,0,86,0,53,0,17,0
Nikko,Reed,Los Angeles Chargers,CB,Oregon,22,64,3/3/03,69,183,1,46,0,Manto Man - CB,91,0,85,0,78,0,89,0,62,0,56,0,66,0,42,0,11,0,50,0,57,0,62,0,65,0,80,0,11,0,34,0,57,0,48,0,86,0,72,0,15,0,17,0,50,0,15,0,67,0,18,0,64,0,30,0,30,0,30,0,6,0,55,0,23,0,71,0,71,0,24,0,35,0,35,0,35,0,Short Stride Loose,0,28,0,64,0,90,0,63,0,33,0,53,0,6,0,6,0,6,0,6,0,26,0,10,0,81,0,28,0,69,0
Ochaun,Mathis,Philadelphia Eagles,LOLB,Nebraska,26,64,8/1/99,76,247,1,45,2,Run Stopper - OLB,90,0,77,0,84,0,74,0,75,0,62,0,40,0,74,0,7,0,34,0,41,0,32,0,42,0,72,0,14,0,61,0,79,0,86,0,89,0,48,0,14,0,14,0,12,0,33,0,34,0,18,0,64,0,35,0,35,0,35,0,8,0,64,0,66,0,44,0,79,0,23,0,40,0,40,0,40,0,Long Stride Loose,0,25,0,35,0,82,0,43,0,49,0,73,0,11,0,15,0,19,0,7,0,25,0,8,0,79,0,40,0,40,0
Patrick,McMorris,Miami Dolphins,SS,California,23,64,10/18/01,72,210,1,32,1,Zone - S,90,0,81,0,76,0,84,0,63,0,64,0,73,0,58,0,18,0,59,0,74,0,64,0,71,0,82,0,44,0,37,0,83,0,60,0,93,0,72,0,15,0,15,0,44,0,32,0,63,0,45,0,64,0,35,0,30,0,30,0,13,0,63,0,42,0,68,0,74,0,35,0,35,0,35,0,35,0,Default Stride Loose,0,54,0,67,0,87,0,67,0,59,0,63,0,22,0,27,0,32,0,20,0,41,0,25,0,80,0,61,0,67,0
Pokey,Wilson,NY Jets,WR,Florida State,26,64,8/12/99,72,181,1,81,2,,89,0,79,0,78,0,82,0,54,0,67,0,77,0,23,0,22,0,71,0,69,0,77,0,79,0,80,0,69,0,10,0,20,0,31,0,85,0,75,0,18,0,20,0,50,0,17,0,13,0,69,0,64,0,22,0,25,0,20,0,6,0,17,0,10,0,18,0,26,0,61,0,39,0,19,0,26,0,Default,0,69,0,79,0,87,0,70,0,51,0,27,0,6,0,10,0,15,0,10,0,25,0,22,0,80,0,47,0,17,0
Quindell,Johnson,Pittsburgh Steelers,FS,Memphis,25,64,11/5/99,72,206,1,35,2,Hybrid - S,91,0,81,0,79,0,82,0,61,0,63,0,61,0,49,0,41,0,51,0,57,0,64,0,73,0,81,0,14,0,34,0,84,0,63,0,90,0,67,0,17,0,18,0,45,0,21,0,66,0,19,0,64,0,25,0,25,0,25,0,33,0,62,0,42,0,71,0,68,0,21,0,30,0,30,0,30,0,Default Stride Loose,0,27,0,69,0,88,0,62,0,34,0,64,0,34,0,38,0,44,0,42,0,48,0,26,0,87,0,46,0,63,0
Quinton,Bell,Miami Dolphins,RE,P. View AM,29,64,5/9/96,76,253,1,56,7,Smaller Speed Rusher - DE,89,0,75,0,89,0,75,0,75,0,58,0,48,0,66,0,12,0,29,0,57,0,51,0,66,0,66,0,37,0,63,0,80,0,77,0,87,0,65,0,14,0,18,0,10,0,17,0,52,0,44,0,64,0,45,0,45,0,45,0,6,0,56,0,57,0,38,0,78,0,50,0,45,0,45,0,45,0,Long Stride Loose,0,50,0,54,0,89,0,58,0,23,0,75,0,6,0,6,0,6,0,6,0,24,0,10,0,85,0,46,0,60,0
Rashad,Wisdom,Tampa Bay Buccaneers,SS,UTSA,24,64,6/6/01,69,203,1,38,1,Run Support - S,92,0,87,0,88,0,83,0,57,0,61,0,78,0,56,0,29,0,66,0,63,0,60,0,68,0,88,0,10,0,39,0,77,0,56,0,85,0,74,0,13,0,13,0,60,0,24,0,52,0,18,0,64,0,20,0,20,0,20,0,26,0,66,0,33,0,64,0,73,0,27,0,23,0,21,0,23,0,Default Stride Loose,0,28,0,64,0,87,0,65,0,55,0,67,0,10,0,12,0,23,0,24,0,25,0,24,0,85,0,66,0,63,0
Seth,McLaughlin,Cincinnati Bengals,C,Ohio State,24,64,8/27/01,76,304,1,68,0,Power - C,68,0,62,0,69,0,83,0,89,0,64,0,13,0,24,0,15,0,9,0,24,0,13,0,24,0,58,0,5,0,10,0,26,0,83,0,85,0,10,0,14,0,15,0,10,0,80,0,11,0,5,0,64,0,70,0,68,0,70,0,6,0,14,0,16,0,10,0,25,0,12,0,71,0,69,0,71,0,Default Stride Awkward,0,14,0,15,0,63,0,10,0,15,0,24,0,6,0,6,0,6,0,6,0,15,0,13,0,84,0,27,0,12,0
Sidy,Sow,New England Patriots,LG,Eastern Michigan,27,64,6/8/98,77,326,1,62,2,Power - G,70,0,63,0,78,0,86,0,87,0,72,0,52,0,45,0,12,0,33,0,53,0,48,0,50,0,54,0,36,0,46,0,57,0,83,0,92,0,48,0,18,0,21,0,10,0,71,0,15,0,40,0,64,0,67,0,63,0,65,0,6,0,47,0,53,0,20,0,52,0,45,0,76,0,69,0,67,0,Long Stride Awkward,0,42,0,47,0,73,0,45,0,51,0,51,0,6,0,6,0,6,0,6,0,24,0,9,0,85,0,50,0,23,0
Skylar,Thompson,Pittsburgh Steelers,QB,Kansas State,28,64,6/4/97,74,219,1,17,3,Strong Arm - QB,85,0,83,0,76,0,78,0,65,0,59,0,75,0,22,0,65,0,53,0,56,0,16,0,34,0,80,0,12,0,10,0,20,0,17,0,86,0,60,0,19,0,23,0,10,0,22,0,10,0,14,0,64,0,15,0,12,0,12,0,78,0,14,0,10,0,10,0,30,0,14,0,20,0,22,0,19,0,Default,0,15,0,19,0,77,0,43,0,41,0,26,0,78,0,77,0,80,0,76,0,88,0,76,0,82,0,43,0,15,0
Spencer,Anderson,Pittsburgh Steelers,LG,Maryland,25,64,6/7/00,77,305,1,74,2,Power - G,70,0,63,0,75,0,81,0,88,0,72,0,22,0,24,0,12,0,21,0,24,0,20,0,21,0,50,0,5,0,10,0,37,0,82,0,91,0,14,0,14,0,15,0,10,0,71,0,12,0,5,0,64,0,69,0,65,0,73,0,6,0,26,0,27,0,10,0,15,0,12,0,65,0,68,0,62,0,Long Stride Default,0,12,0,22,0,67,0,10,0,22,0,35,0,6,0,7,0,8,0,8,0,26,0,14,0,83,0,26,0,12,0
Tanner,McLachlan,Cincinnati Bengals,TE,Arizona,26,64,3/15/99,77,244,1,84,1,Vertical Threat - TE,90,0,71,0,84,0,81,0,74,0,61,0,71,0,38,0,20,0,66,0,72,0,76,0,78,0,68,0,53,0,10,0,39,0,60,0,85,0,67,0,15,0,18,0,30,0,54,0,15,0,60,0,64,0,55,0,55,0,51,0,16,0,18,0,10,0,20,0,42,0,64,0,57,0,55,0,53,0,Long Stride Loose,0,63,0,77,0,85,0,58,0,65,0,40,0,10,0,15,0,20,0,25,0,28,0,15,0,87,0,68,0,18,0
Tim,Jones,Minnesota Vikings,WR,Southern Miss,27,64,5/15/98,73,200,1,14,4,Deep Threat - WR,87,0,82,0,93,0,84,0,63,0,63,0,74,0,35,0,18,0,65,0,74,0,78,0,79,0,84,0,65,0,10,0,40,0,47,0,90,0,75,0,13,0,18,0,73,0,21,0,22,0,69,0,64,0,27,0,17,0,20,0,6,0,25,0,10,0,27,0,41,0,73,0,51,0,25,0,22,0,Default Stride Loose,0,72,0,73,0,89,0,70,0,61,0,35,0,6,0,10,0,15,0,10,0,25,0,17,0,80,0,60,0,26,0
Tomon,Fox,NY Giants,RE,North Carolina,27,64,3/16/98,75,260,1,45,3,Smaller Speed Rusher - DE,85,0,77,0,79,0,74,0,77,0,55,0,32,0,67,0,12,0,23,0,40,0,25,0,36,0,69,0,4,0,69,0,72,0,73,0,90,0,42,0,16,0,15,0,20,0,21,0,38,0,8,0,64,0,45,0,45,0,45,0,6,0,58,0,63,0,39,0,83,0,30,0,45,0,45,0,45,0,Default Stride Loose,0,15,0,29,0,81,0,35,0,35,0,71,0,6,0,6,0,6,0,6,0,28,0,12,0,76,0,34,0,46,0
Travis,Glover,Green Bay Packers,RT,Georgia State,25,64,8/17/00,78,317,1,79,1,Power - OT,69,0,50,0,69,0,83,0,86,0,69,0,10,0,37,0,9,0,11,0,22,0,10,0,25,0,51,0,5,0,35,0,40,0,80,0,95,0,10,0,8,0,9,0,10,0,79,0,9,0,7,0,64,0,69,0,68,0,70,0,6,0,24,0,42,0,10,0,38,0,12,0,73,0,69,0,68,0,Long Stride Awkward,0,10,0,12,0,63,0,10,0,24,0,44,0,6,0,8,0,11,0,7,0,19,0,5,0,87,0,21,0,8,0
Trevor,Nowaske,Detroit Lions,LOLB,Saginaw Valley,26,64,11/7/98,75,235,1,53,2,Run Stopper - OLB,89,0,86,0,83,0,79,0,74,0,59,0,39,0,64,0,11,0,34,0,48,0,46,0,62,0,81,0,5,0,53,0,86,0,67,0,91,0,48,0,21,0,22,0,10,0,25,0,50,0,9,0,64,0,35,0,35,0,35,0,15,0,58,0,62,0,45,0,80,0,12,0,35,0,35,0,35,0,Default Stride High and Tight,0,18,0,53,0,88,0,44,0,52,0,74,0,12,0,16,0,19,0,14,0,24,0,14,0,77,0,47,0,55,0
Tyler,Cooper,Green Bay Packers,LG,Minnesota,24,64,4/20/01,77,302,1,60,0,Power - G,68,0,59,0,74,0,80,0,84,0,60,0,11,0,21,0,14,0,9,0,20,0,15,0,24,0,53,0,5,0,10,0,29,0,83,0,84,0,10,0,11,0,15,0,10,0,80,0,11,0,5,0,64,0,72,0,67,0,70,0,6,0,15,0,15,0,10,0,22,0,15,0,70,0,68,0,70,0,Default Stride Awkward,0,15,0,15,0,67,0,10,0,17,0,25,0,6,0,6,0,6,0,6,0,16,0,14,0,82,0,25,0,12,0
Will,Howard,Pittsburgh Steelers,QB,Ohio State,23,64,9/24/01,76,236,1,18,0,Field General - QB,83,0,78,0,72,0,86,0,68,0,63,0,66,0,39,0,60,0,53,0,63,0,20,0,42,0,76,0,16,0,39,0,40,0,30,0,91,0,50,0,23,0,21,0,32,0,29,0,21,0,18,0,64,0,27,0,34,0,37,0,81,0,37,0,42,0,16,0,47,0,26,0,25,0,33,0,35,0,Default,0,20,0,19,0,81,0,46,0,31,0,42,0,81,0,75,0,82,0,81,0,86,0,76,0,92,0,38,0,21,0
Aaron,Smith,NY Jets,MLB,S.C. State,23,63,8/12/02,74,230,1,48,0,Field General - MLB,87,0,72,0,84,0,84,0,75,0,61,0,47,0,68,0,22,0,30,0,60,0,43,0,54,0,71,0,17,0,54,0,79,0,75,0,88,0,50,0,20,0,21,0,10,0,21,0,56,0,20,0,63,0,45,0,45,0,45,0,6,0,59,0,51,0,46,0,79,0,14,0,45,0,45,0,45,0,Default Stride Loose,0,23,0,47,0,83,0,37,0,42,0,79,0,6,0,6,0,6,0,6,0,22,0,15,0,84,0,37,0,62,0
AJ,Finley,Seattle Seahawks,SS,Ole Miss,23,63,9/14/01,72,188,1,30,2,Hybrid - S,87,0,86,0,85,0,83,0,56,0,61,0,66,0,48,0,15,0,60,0,63,0,66,0,73,0,84,0,31,0,40,0,70,0,49,0,90,0,72,0,13,0,17,0,50,0,28,0,64,0,33,0,63,0,35,0,35,0,35,0,5,0,58,0,35,0,69,0,67,0,30,0,35,0,35,0,35,0,Default Stride Loose,0,38,0,67,0,87,0,65,0,55,0,66,0,6,0,6,0,6,0,5,0,31,0,5,0,77,0,51,0,68,0
Andre,Jones Jr,Washington Commanders,LE,UL Lafayette,26,63,10/25/98,77,258,1,50,2,Power Rusher - DE,90,0,78,0,76,0,72,0,67,0,62,0,48,0,71,0,22,0,44,0,44,0,43,0,49,0,71,0,33,0,57,0,81,0,69,0,91,0,47,0,22,0,24,0,25,0,42,0,36,0,35,0,63,0,35,0,35,0,35,0,10,0,61,0,66,0,45,0,82,0,32,0,40,0,40,0,40,0,Long Stride High and Tight,0,38,0,47,0,80,0,43,0,52,0,75,0,10,0,12,0,18,0,11,0,19,0,14,0,87,0,45,0,53,0
Andrew,Stueber,Cincinnati Bengals,RT,Michigan,26,63,7/1/99,78,312,1,73,3,Power - OT,63,0,51,0,63,0,83,0,82,0,71,0,17,0,40,0,10,0,19,0,20,0,12,0,21,0,49,0,5,0,35,0,37,0,81,0,86,0,14,0,14,0,15,0,10,0,72,0,10,0,5,0,63,0,64,0,61,0,68,0,6,0,34,0,42,0,10,0,38,0,12,0,71,0,68,0,73,0,Long Stride Awkward,0,10,0,15,0,60,0,15,0,25,0,39,0,6,0,6,0,6,0,6,0,19,0,6,0,88,0,24,0,11,0
Arron,Mosby,Green Bay Packers,RE,Fresno State,26,63,4/13/99,76,245,1,53,3,Smaller Speed Rusher - DE,86,0,67,0,74,0,76,0,76,0,58,0,50,0,73,0,17,0,44,0,53,0,46,0,54,0,62,0,6,0,67,0,80,0,76,0,90,0,62,0,13,0,14,0,30,0,24,0,49,0,14,0,63,0,35,0,35,0,35,0,15,0,55,0,58,0,61,0,78,0,16,0,45,0,45,0,45,0,Long Stride Default,0,24,0,50,0,82,0,55,0,42,0,75,0,10,0,10,0,15,0,15,0,31,0,13,0,82,0,42,0,57,0
Austin,Trammell,Jacksonville Jaguars,WR,Rice,27,63,7/4/98,70,185,1,81,4,Deep Threat - WR,91,0,89,0,88,0,82,0,66,0,55,0,76,0,20,0,22,0,71,0,74,0,81,0,82,0,87,0,62,0,10,0,22,0,44,0,86,0,72,0,34,0,42,0,71,0,24,0,10,0,64,0,63,0,27,0,17,0,19,0,6,0,15,0,10,0,13,0,20,0,67,0,52,0,31,0,24,0,Short Stride High and Tight,0,66,0,78,0,85,0,66,0,53,0,36,0,6,0,10,0,15,0,10,0,27,0,16,0,83,0,49,0,10,0
Baylon,Spector,Buffalo Bills,LOLB,Clemson,26,63,10/20/98,72,233,1,54,3,Pass Coverage - OLB,91,0,84,0,86,0,86,0,67,0,63,0,64,0,60,0,46,0,53,0,60,0,50,0,54,0,79,0,7,0,47,0,75,0,71,0,89,0,57,0,19,0,19,0,35,0,25,0,55,0,13,0,63,0,45,0,45,0,45,0,33,0,67,0,44,0,39,0,81,0,20,0,45,0,45,0,45,0,Default Stride Loose,0,29,0,52,0,86,0,48,0,46,0,73,0,27,0,33,0,38,0,44,0,43,0,32,0,87,0,47,0,63,0
Beau,Brade,Baltimore Ravens,FS,Maryland,23,63,1/29/02,72,203,1,25,1,Hybrid - S,91,0,87,0,79,0,83,0,61,0,62,0,70,0,50,0,32,0,72,0,63,0,60,0,69,0,81,0,27,0,50,0,56,0,51,0,86,0,68,0,18,0,26,0,39,0,31,0,62,0,30,0,63,0,29,0,24,0,25,0,25,0,59,0,60,0,62,0,68,0,24,0,24,0,22,0,22,0,Default Stride Loose,0,32,0,60,0,84,0,66,0,68,0,69,0,39,0,37,0,42,0,32,0,36,0,23,0,89,0,58,0,65,0
Ben,Brown,New England Patriots,C,Ole Miss,27,63,5/19/98,77,312,1,77,4,Agile - C,63,0,58,0,64,0,79,0,85,0,75,0,10,0,14,0,12,0,14,0,34,0,15,0,25,0,45,0,5,0,10,0,20,0,83,0,88,0,10,0,15,0,20,0,10,0,73,0,10,0,5,0,63,0,67,0,70,0,67,0,6,0,15,0,10,0,10,0,24,0,15,0,68,0,71,0,66,0,Long Stride Awkward,0,15,0,15,0,61,0,10,0,10,0,15,0,6,0,6,0,6,0,6,0,22,0,9,0,82,0,16,0,10,0
Bobby,Hart,Washington Commanders,RT,Florida State,31,63,8/21/94,77,310,1,51,10,Power - OT,50,0,50,0,68,0,78,0,84,0,77,0,10,0,40,0,12,0,5,0,45,0,15,0,39,0,40,0,5,0,10,0,20,0,75,0,91,0,10,0,21,0,25,0,15,0,72,0,12,0,5,0,63,0,69,0,68,0,70,0,6,0,10,0,10,0,10,0,39,0,15,0,71,0,73,0,70,0,Default Stride Awkward,0,15,0,15,0,49,0,10,0,10,0,40,0,6,0,6,0,6,0,6,0,35,0,11,0,80,0,25,0,12,0
Brayden,Willis,San Francisco 49ers,TE,Oklahoma,25,63,11/11/99,76,240,1,9,2,Possession - TE,85,0,79,0,83,0,83,0,76,0,47,0,75,0,40,0,62,0,69,0,70,0,77,0,77,0,74,0,48,0,27,0,40,0,71,0,90,0,62,0,30,0,47,0,19,0,60,0,12,0,53,0,63,0,61,0,58,0,61,0,52,0,30,0,37,0,15,0,40,0,58,0,67,0,64,0,66,0,Long Stride Default,0,58,0,76,0,84,0,57,0,64,0,46,0,50,0,56,0,60,0,58,0,58,0,43,0,83,0,68,0,20,0
Cal,Adomitis,Cincinnati Bengals,LS,Pittsburgh,27,63,7/9/98,74,238,1,48,3,Accurate - LS,82,0,66,0,73,0,70,0,69,0,50,0,48,0,43,0,10,0,33,0,65,0,61,0,64,0,66,0,47,0,16,0,53,0,59,0,89,0,44,0,11,0,12,0,10,0,50,0,15,0,52,0,63,0,52,0,42,0,45,0,10,0,13,0,24,0,10,0,50,0,49,0,50,0,42,0,40,0,Default Stride High and Tight,0,55,0,59,0,73,0,40,0,44,0,54,0,12,0,14,0,29,0,10,0,27,0,10,0,74,0,34,0,13,0
Cam,Camper,Jacksonville Jaguars,WR,Boise State,24,63,8/21/01,75,198,1,17,0,Deep Threat - WR,90,0,80,0,80,0,82,0,68,0,67,0,75,0,31,0,23,0,72,0,71,0,77,0,78,0,83,0,63,0,21,0,36,0,48,0,86,0,72,0,16,0,22,0,65,0,33,0,22,0,65,0,63,0,37,0,25,0,27,0,15,0,24,0,22,0,34,0,35,0,68,0,52,0,31,0,34,0,Long Stride Default,0,68,0,76,0,89,0,70,0,53,0,37,0,10,0,10,0,15,0,15,0,30,0,19,0,85,0,53,0,24,0
Cam,Riley,New England Patriots,ROLB,Florida State,23,63,3/29/02,76,228,1,42,0,Run Stopper - OLB,90,0,78,0,78,0,89,0,69,0,60,0,52,0,63,0,23,0,42,0,59,0,45,0,54,0,72,0,22,0,57,0,77,0,71,0,87,0,51,0,18,0,14,0,10,0,24,0,54,0,25,0,63,0,45,0,45,0,45,0,6,0,58,0,54,0,43,0,79,0,26,0,45,0,45,0,45,0,Long Stride Loose,0,28,0,51,0,84,0,43,0,44,0,78,0,6,0,6,0,6,0,6,0,23,0,12,0,86,0,48,0,61,0
Cameron,McGrone,Indianapolis Colts,MLB,Michigan,25,63,6/22/00,73,236,1,59,4,Run Stopper - MLB,90,0,81,0,82,0,81,0,69,0,57,0,35,0,64,0,12,0,24,0,60,0,51,0,56,0,67,0,5,0,56,0,74,0,68,0,79,0,35,0,12,0,14,0,10,0,28,0,53,0,5,0,63,0,45,0,45,0,45,0,6,0,67,0,45,0,47,0,80,0,25,0,45,0,45,0,45,0,Default Stride Awkward,0,15,0,47,0,87,0,33,0,31,0,78,0,6,0,6,0,6,0,6,0,15,0,14,0,75,0,32,0,58,0
Carlos,Washington Jr,Atlanta Falcons,HB,SE Louisiana,26,63,12/26/98,71,210,1,26,2,Elusive Back - HB,92,0,84,0,82,0,84,0,73,0,56,0,79,0,32,0,23,0,76,0,90,0,51,0,69,0,77,0,44,0,15,0,44,0,43,0,90,0,75,0,9,0,10,0,55,0,38,0,15,0,52,0,63,0,55,0,38,0,45,0,24,0,26,0,13,0,15,0,36,0,48,0,44,0,38,0,42,0,Default,0,62,0,53,0,86,0,71,0,74,0,38,0,17,0,21,0,24,0,23,0,25,0,15,0,87,0,80,0,21,0
Case,Keenum,Chicago Bears,QB,Houston,37,63,2/17/88,73,206,1,11,13,Strong Arm - QB,72,0,72,0,78,0,74,0,54,0,63,0,65,0,22,0,75,0,54,0,62,0,10,0,33,0,71,0,10,0,10,0,12,0,25,0,84,0,53,0,24,0,22,0,10,0,15,0,10,0,10,0,63,0,21,0,20,0,27,0,79,0,22,0,10,0,10,0,24,0,15,0,17,0,10,0,10,0,Default,0,10,0,10,0,77,0,57,0,23,0,14,0,77,0,76,0,82,0,77,0,85,0,79,0,76,0,36,0,12,0
Charlie,Heck,Tampa Bay Buccaneers,LT,North Carolina,28,63,11/20/96,80,311,1,77,5,Agile - OT,69,0,54,0,70,0,86,0,84,0,77,0,25,0,35,0,12,0,26,0,30,0,20,0,35,0,52,0,21,0,22,0,40,0,78,0,87,0,34,0,12,0,10,0,10,0,82,0,12,0,22,0,63,0,65,0,67,0,63,0,6,0,13,0,33,0,10,0,38,0,19,0,69,0,72,0,66,0,Long Stride Awkward,0,25,0,25,0,67,0,24,0,22,0,36,0,6,0,6,0,6,0,6,0,12,0,14,0,93,0,30,0,16,0
Christopher,Hinton,Los Angeles Chargers,DT,Michigan,24,63,9/14/00,76,310,1,98,3,,72,0,55,0,77,0,69,0,84,0,52,0,25,0,77,0,14,0,20,0,41,0,23,0,24,0,52,0,9,0,52,0,81,0,86,0,90,0,22,0,11,0,13,0,10,0,31,0,10,0,12,0,63,0,45,0,45,0,45,0,6,0,49,0,66,0,10,0,73,0,12,0,45,0,45,0,45,0,Default Stride Loose,0,15,0,25,0,63,0,21,0,30,0,80,0,6,0,6,0,6,0,6,0,14,0,7,0,85,0,30,0,10,0
Claudin,Cherelus,Carolina Panthers,MLB,Alcorn St.,26,63,2/9/99,74,230,1,53,2,Run Stopper - MLB,85,0,70,0,87,0,82,0,70,0,66,0,55,0,62,0,29,0,42,0,57,0,45,0,50,0,71,0,6,0,41,0,79,0,69,0,93,0,64,0,15,0,20,0,15,0,15,0,45,0,12,0,63,0,45,0,45,0,45,0,37,0,68,0,46,0,47,0,83,0,12,0,45,0,45,0,45,0,Default Stride High and Tight,0,22,0,46,0,87,0,56,0,45,0,77,0,27,0,32,0,37,0,21,0,41,0,22,0,84,0,50,0,54,0
Clay,Webb,Denver Broncos,LG,Jacksonville State,25,63,3/28/00,76,312,1,64,0,Power - G,78,0,51,0,76,0,82,0,87,0,61,0,14,0,23,0,15,0,9,0,24,0,12,0,21,0,51,0,5,0,10,0,24,0,80,0,87,0,10,0,13,0,15,0,10,0,77,0,11,0,5,0,63,0,69,0,66,0,68,0,6,0,13,0,16,0,10,0,22,0,15,0,70,0,67,0,69,0,Default Stride Awkward,0,13,0,15,0,69,0,10,0,14,0,21,0,6,0,6,0,6,0,6,0,13,0,14,0,81,0,21,0,12,0
Colby,Sorsdal,Detroit Lions,RT,William  Mary,25,63,3/1/00,78,304,1,75,2,Agile - OT,66,0,59,0,69,0,83,0,80,0,71,0,10,0,25,0,12,0,5,0,41,0,15,0,34,0,57,0,5,0,10,0,35,0,68,0,91,0,10,0,11,0,11,0,10,0,83,0,11,0,10,0,63,0,65,0,67,0,63,0,6,0,15,0,10,0,9,0,33,0,15,0,71,0,75,0,67,0,Long Stride Awkward,0,15,0,15,0,67,0,10,0,10,0,31,0,6,0,6,0,6,0,6,0,10,0,10,0,81,0,15,0,12,0
Connor,Colby,San Francisco 49ers,LG,Iowa,22,63,1/16/03,78,309,1,75,0,Power - G,73,0,66,0,71,0,87,0,83,0,65,0,11,0,20,0,11,0,10,0,28,0,11,0,32,0,61,0,6,0,10,0,34,0,79,0,89,0,26,0,19,0,16,0,10,0,77,0,10,0,6,0,63,0,68,0,67,0,69,0,6,0,30,0,10,0,10,0,25,0,15,0,68,0,68,0,68,0,Long Stride Awkward,0,15,0,13,0,69,0,10,0,12,0,28,0,6,0,6,0,6,0,6,0,17,0,10,0,87,0,26,0,10,0
Corey,Levin,Tennessee Titans,C,Tenn-Chat,31,63,8/12/94,76,307,1,62,7,Power - C,66,0,63,0,67,0,82,0,84,0,73,0,25,0,28,0,12,0,12,0,22,0,23,0,25,0,53,0,5,0,10,0,36,0,81,0,89,0,23,0,23,0,21,0,11,0,78,0,15,0,8,0,63,0,72,0,70,0,73,0,6,0,25,0,10,0,10,0,35,0,14,0,64,0,62,0,66,0,Default Stride Awkward,0,18,0,18,0,64,0,15,0,31,0,32,0,6,0,6,0,6,0,6,0,16,0,10,0,83,0,38,0,20,0
Corey,Thornton,Carolina Panthers,CB,Louisville,24,63,1/30/01,73,193,1,31,0,Zone - CB,91,0,77,0,79,0,90,0,55,0,58,0,66,0,41,0,13,0,52,0,56,0,60,0,67,0,85,0,11,0,34,0,57,0,41,0,86,0,72,0,15,0,14,0,49,0,15,0,69,0,17,0,63,0,30,0,30,0,30,0,6,0,56,0,29,0,65,0,70,0,24,0,35,0,35,0,35,0,Default Stride Loose,0,22,0,67,0,85,0,63,0,32,0,55,0,6,0,6,0,6,0,6,0,27,0,10,0,85,0,29,0,71,0
D'Angelo,Ross,Houston Texans,CB,New Mexico,28,63,10/29/96,69,190,1,37,4,Zone - CB,94,0,78,0,92,0,84,0,59,0,61,0,63,0,45,0,14,0,55,0,51,0,58,0,70,0,78,0,20,0,42,0,63,0,40,0,90,0,74,0,15,0,20,0,64,0,15,0,62,0,28,0,63,0,25,0,25,0,25,0,5,0,61,0,35,0,55,0,68,0,32,0,25,0,25,0,25,0,Short Stride Loose,0,34,0,60,0,92,0,70,0,32,0,55,0,6,0,7,0,11,0,6,0,17,0,9,0,75,0,35,0,64,0
D'Shawn,Jamison,Pittsburgh Steelers,CB,Texas,26,63,6/4/99,69,186,1,17,2,Manto Man - CB,91,0,91,0,80,0,84,0,55,0,61,0,79,0,38,0,11,0,75,0,59,0,61,0,68,0,85,0,12,0,35,0,53,0,39,0,87,0,83,0,9,0,10,0,80,0,15,0,67,0,17,0,63,0,30,0,25,0,25,0,11,0,56,0,25,0,59,0,67,0,15,0,35,0,35,0,35,0,Short Stride Loose,0,27,0,66,0,89,0,75,0,31,0,48,0,13,0,14,0,18,0,13,0,30,0,13,0,75,0,29,0,63,0
Desjuan,Johnson,Los Angeles Rams,DT,Toledo,25,63,9/3/99,74,285,1,94,2,,80,0,62,0,72,0,74,0,79,0,65,0,32,0,70,0,8,0,13,0,46,0,45,0,48,0,64,0,6,0,64,0,80,0,84,0,92,0,43,0,8,0,11,0,10,0,24,0,22,0,8,0,63,0,40,0,40,0,40,0,7,0,64,0,68,0,25,0,78,0,15,0,45,0,45,0,45,0,Default Stride Awkward,0,18,0,41,0,72,0,35,0,34,0,74,0,6,0,7,0,6,0,6,0,10,0,9,0,88,0,34,0,29,0
Devin,Harper,Pittsburgh Steelers,ROLB,Oklahoma St.,27,63,5/13/98,72,234,1,40,3,Run Stopper - OLB,91,0,87,0,94,0,77,0,70,0,57,0,65,0,62,0,24,0,59,0,56,0,40,0,58,0,81,0,10,0,61,0,86,0,69,0,90,0,65,0,15,0,15,0,10,0,15,0,36,0,15,0,63,0,45,0,45,0,45,0,6,0,56,0,51,0,35,0,82,0,25,0,45,0,45,0,45,0,Default Stride Loose,0,25,0,49,0,89,0,52,0,53,0,80,0,6,0,6,0,6,0,6,0,15,0,12,0,75,0,55,0,43,0
Elijah,Campbell,Miami Dolphins,FS,Northern Iowa,30,63,8/24/95,71,195,1,22,7,Hybrid - S,84,0,84,0,92,0,86,0,61,0,62,0,64,0,48,0,15,0,55,0,60,0,45,0,70,0,81,0,11,0,41,0,54,0,46,0,84,0,74,0,17,0,18,0,56,0,15,0,65,0,16,0,63,0,33,0,34,0,33,0,6,0,60,0,35,0,65,0,69,0,27,0,34,0,34,0,33,0,Short Stride Loose,0,26,0,62,0,90,0,65,0,29,0,60,0,6,0,6,0,6,0,6,0,27,0,10,0,76,0,28,0,66,0
Emani,Bailey,Carolina Panthers,HB,TCU,23,63,11/28/01,68,206,1,39,1,Elusive Back - HB,91,0,82,0,81,0,88,0,64,0,68,0,75,0,32,0,21,0,69,0,84,0,51,0,61,0,81,0,38,0,10,0,39,0,44,0,90,0,78,0,13,0,14,0,57,0,24,0,15,0,45,0,63,0,37,0,27,0,28,0,22,0,28,0,10,0,22,0,35,0,45,0,28,0,25,0,27,0,Default,0,51,0,54,0,85,0,70,0,69,0,34,0,24,0,26,0,29,0,25,0,38,0,24,0,84,0,65,0,20,0
Ethan,Downs,Jacksonville Jaguars,RE,Oklahoma,22,63,10/13/02,76,269,1,96,0,Power Rusher - DE,87,0,65,0,82,0,77,0,83,0,51,0,33,0,68,0,12,0,20,0,33,0,22,0,35,0,63,0,5,0,66,0,79,0,64,0,87,0,32,0,13,0,15,0,10,0,20,0,32,0,7,0,63,0,45,0,45,0,45,0,6,0,53,0,68,0,31,0,76,0,15,0,45,0,45,0,45,0,Long Stride High and Tight,0,15,0,22,0,83,0,27,0,35,0,76,0,6,0,6,0,6,0,6,0,21,0,10,0,86,0,31,0,42,0
Eugene,Asante,Miami Dolphins,MLB,Auburn,25,63,1/22/00,73,219,1,51,0,Field General - MLB,91,0,79,0,87,0,86,0,69,0,61,0,46,0,65,0,22,0,39,0,62,0,47,0,53,0,80,0,16,0,61,0,78,0,74,0,86,0,55,0,18,0,21,0,10,0,24,0,55,0,18,0,63,0,45,0,45,0,45,0,6,0,59,0,56,0,47,0,79,0,23,0,45,0,45,0,45,0,Default Stride Loose,0,24,0,49,0,90,0,53,0,45,0,79,0,6,0,6,0,6,0,6,0,21,0,12,0,87,0,43,0,61,0
Frank,Crum,Denver Broncos,LT,Wyoming,25,63,5/14/00,80,315,1,73,1,Power - OT,79,0,71,0,77,0,86,0,85,0,54,0,17,0,20,0,12,0,8,0,29,0,10,0,19,0,56,0,5,0,10,0,37,0,81,0,91,0,10,0,14,0,14,0,15,0,78,0,10,0,5,0,63,0,69,0,66,0,68,0,6,0,22,0,20,0,10,0,27,0,15,0,72,0,70,0,73,0,Long Stride Awkward,0,10,0,12,0,74,0,10,0,15,0,33,0,6,0,6,0,6,0,6,0,22,0,15,0,89,0,29,0,17,0
Garmon,Randolph,Los Angeles Chargers,RE,Vanderbilt,24,63,10/5/00,78,265,1,97,0,Smaller Speed Rusher - DE,88,0,78,0,80,0,77,0,78,0,51,0,34,0,68,0,12,0,23,0,33,0,19,0,34,0,67,0,5,0,67,0,75,0,86,0,86,0,31,0,13,0,15,0,10,0,20,0,33,0,7,0,63,0,45,0,45,0,45,0,6,0,50,0,63,0,32,0,78,0,15,0,45,0,45,0,45,0,Long Stride Default,0,16,0,21,0,80,0,29,0,31,0,76,0,6,0,6,0,6,0,6,0,19,0,10,0,83,0,31,0,44,0
Grant,Stuard,Detroit Lions,MLB,Houston,26,63,10/15/98,71,230,1,15,4,Run Stopper - MLB,88,0,69,0,74,0,85,0,76,0,67,0,26,0,60,0,12,0,10,0,46,0,29,0,47,0,67,0,5,0,46,0,85,0,68,0,91,0,21,0,26,0,26,0,10,0,20,0,58,0,5,0,63,0,45,0,45,0,45,0,6,0,59,0,42,0,32,0,83,0,20,0,45,0,45,0,45,0,Short Stride Awkward,0,15,0,25,0,84,0,21,0,25,0,78,0,6,0,6,0,6,0,6,0,26,0,17,0,90,0,35,0,55,0
Grayson,Murphy,Miami Dolphins,RE,UCLA,24,63,10/13/00,74,260,1,42,1,Smaller Speed Rusher - DE,88,0,80,0,88,0,81,0,76,0,52,0,36,0,68,0,23,0,46,0,50,0,35,0,50,0,66,0,5,0,66,0,77,0,75,0,90,0,44,0,15,0,17,0,35,0,24,0,34,0,5,0,63,0,35,0,20,0,21,0,20,0,65,0,58,0,45,0,77,0,23,0,33,0,16,0,17,0,Default Stride High and Tight,0,15,0,37,0,85,0,41,0,41,0,70,0,5,0,10,0,15,0,21,0,38,0,27,0,83,0,36,0,41,0
Hakeem,Adeniji,Dallas Cowboys,RT,Kansas,27,63,12/8/97,76,315,1,75,5,Power - OT,71,0,42,0,82,0,84,0,84,0,75,0,10,0,30,0,12,0,11,0,40,0,10,0,25,0,44,0,5,0,23,0,42,0,80,0,86,0,10,0,12,0,17,0,10,0,77,0,16,0,5,0,63,0,65,0,64,0,66,0,6,0,29,0,31,0,10,0,34,0,12,0,70,0,68,0,72,0,Long Stride Awkward,0,10,0,12,0,66,0,10,0,10,0,36,0,6,0,6,0,6,0,6,0,15,0,14,0,90,0,10,0,11,0
Jack,Stoll,New Orleans Saints,TE,Nebraska,27,63,1/28/98,76,247,1,88,4,Vertical Threat - TE,85,0,82,0,77,0,84,0,68,0,65,0,68,0,35,0,17,0,45,0,74,0,69,0,80,0,75,0,49,0,10,0,26,0,65,0,90,0,65,0,18,0,24,0,46,0,56,0,15,0,58,0,63,0,59,0,55,0,58,0,6,0,20,0,10,0,10,0,39,0,61,0,63,0,62,0,58,0,Default,0,63,0,78,0,83,0,62,0,58,0,34,0,6,0,10,0,17,0,10,0,33,0,10,0,85,0,64,0,19,0
Jack,Nelson,Atlanta Falcons,LT,Wisconsin,23,63,1/15/02,79,318,1,69,0,Agile - OT,71,0,64,0,69,0,86,0,84,0,66,0,17,0,35,0,17,0,6,0,34,0,24,0,27,0,53,0,5,0,33,0,30,0,80,0,87,0,11,0,18,0,17,0,10,0,77,0,11,0,5,0,63,0,70,0,71,0,69,0,6,0,28,0,34,0,10,0,30,0,16,0,69,0,70,0,68,0,Long Stride Awkward,0,16,0,19,0,67,0,12,0,15,0,25,0,6,0,6,0,6,0,6,0,17,0,11,0,87,0,27,0,12,0
Jah,Joyner,Las Vegas Raiders,LE,Minnesota,24,63,7/30/01,76,262,1,59,0,Smaller Speed Rusher - DE,83,0,73,0,74,0,78,0,76,0,52,0,32,0,70,0,12,0,22,0,32,0,21,0,34,0,64,0,5,0,69,0,76,0,66,0,89,0,31,0,13,0,15,0,10,0,20,0,34,0,7,0,63,0,45,0,45,0,45,0,6,0,51,0,66,0,30,0,79,0,15,0,45,0,45,0,45,0,Default Stride High and Tight,0,15,0,21,0,86,0,26,0,35,0,75,0,6,0,6,0,6,0,6,0,20,0,10,0,85,0,30,0,44,0
Jahmal,Banks,Baltimore Ravens,WR,Nebraska,23,63,10/2/01,75,218,1,86,0,Physical - WR,86,0,77,0,84,0,86,0,64,0,66,0,74,0,27,0,29,0,67,0,72,0,79,0,83,0,82,0,62,0,18,0,27,0,40,0,87,0,71,0,16,0,18,0,70,0,27,0,19,0,66,0,63,0,30,0,15,0,20,0,37,0,23,0,15,0,23,0,30,0,71,0,46,0,30,0,32,0,Long Stride Loose,0,67,0,80,0,87,0,65,0,48,0,25,0,46,0,49,0,50,0,51,0,61,0,48,0,85,0,48,0,24,0
Jake,Briningstool,Kansas City Chiefs,TE,Clemson,22,63,12/9/02,78,241,1,88,0,Vertical Threat - TE,84,0,77,0,76,0,82,0,71,0,58,0,68,0,33,0,15,0,63,0,72,0,75,0,78,0,72,0,57,0,13,0,34,0,60,0,88,0,64,0,13,0,17,0,18,0,57,0,14,0,62,0,63,0,56,0,54,0,59,0,6,0,29,0,14,0,15,0,36,0,70,0,58,0,52,0,55,0,Long Stride High and Tight,0,66,0,76,0,81,0,55,0,62,0,37,0,6,0,10,0,15,0,10,0,24,0,10,0,81,0,64,0,19,0
Jake,Hansen,Houston Texans,MLB,Illinois,27,63,6/19/98,73,235,1,35,3,Run Stopper - MLB,85,0,76,0,74,0,82,0,71,0,65,0,48,0,63,0,12,0,43,0,64,0,60,0,61,0,72,0,6,0,47,0,79,0,70,0,78,0,43,0,10,0,14,0,10,0,27,0,40,0,14,0,63,0,45,0,45,0,45,0,6,0,69,0,55,0,49,0,76,0,18,0,45,0,45,0,45,0,Default,0,24,0,57,0,81,0,35,0,50,0,83,0,6,0,6,0,6,0,6,0,24,0,10,0,94,0,42,0,55,0
Jake,Curhan,Arizona Cardinals,LG,California,27,63,2/9/98,78,316,1,64,4,Agile - G,60,0,50,0,62,0,84,0,81,0,72,0,15,0,39,0,11,0,7,0,37,0,15,0,31,0,52,0,5,0,26,0,38,0,81,0,91,0,10,0,17,0,23,0,10,0,82,0,10,0,5,0,63,0,66,0,63,0,68,0,6,0,24,0,29,0,10,0,37,0,15,0,72,0,76,0,68,0,Default Stride Awkward,0,15,0,15,0,57,0,10,0,26,0,32,0,6,0,6,0,6,0,6,0,28,0,10,0,78,0,25,0,10,0
Jake,Haener,New Orleans Saints,QB,Fresno State,26,63,3/16/99,73,200,1,3,2,Scrambler - QB,88,0,82,0,82,0,83,0,61,0,65,0,75,0,19,0,66,0,50,0,63,0,10,0,31,0,81,0,10,0,10,0,17,0,20,0,82,0,63,0,48,0,56,0,10,0,13,0,10,0,10,0,63,0,14,0,10,0,10,0,79,0,12,0,10,0,10,0,24,0,15,0,17,0,10,0,10,0,Default Stride High and Tight,0,10,0,10,0,83,0,63,0,33,0,22,0,73,0,74,0,83,0,75,0,86,0,74,0,89,0,33,0,12,0
Jamarco,Jones,Detroit Lions,LT,Ohio State,29,63,6/4/96,76,293,1,72,7,Agile - OT,53,0,50,0,62,0,82,0,80,0,68,0,12,0,26,0,12,0,11,0,26,0,16,0,20,0,45,0,5,0,10,0,27,0,76,0,86,0,15,0,12,0,15,0,11,0,79,0,12,0,8,0,63,0,70,0,74,0,67,0,6,0,10,0,10,0,10,0,27,0,12,0,68,0,72,0,66,0,Long Stride Awkward,0,10,0,14,0,58,0,10,0,20,0,31,0,6,0,6,0,6,0,6,0,17,0,14,0,94,0,30,0,12,0
James,Hudson III,NY Giants,LT,Cincinnati,26,63,5/13/99,77,313,1,55,4,Power - OT,65,0,51,0,71,0,83,0,82,0,73,0,10,0,45,0,12,0,15,0,35,0,24,0,34,0,51,0,5,0,39,0,56,0,87,0,90,0,10,0,16,0,23,0,14,0,85,0,12,0,5,0,63,0,65,0,63,0,67,0,6,0,51,0,49,0,10,0,54,0,15,0,72,0,75,0,69,0,Default Stride Awkward,0,15,0,26,0,60,0,10,0,10,0,48,0,6,0,6,0,6,0,6,0,24,0,11,0,89,0,15,0,15,0
Jamon,Dumas-Johnson,Green Bay Packers,LOLB,Kentucky,23,63,11/28/01,73,238,1,48,0,Run Stopper - OLB,90,0,78,0,89,0,87,0,66,0,58,0,47,0,68,0,22,0,34,0,54,0,46,0,57,0,74,0,18,0,53,0,79,0,75,0,86,0,51,0,18,0,22,0,10,0,24,0,55,0,21,0,63,0,45,0,45,0,45,0,6,0,56,0,48,0,46,0,78,0,22,0,45,0,45,0,45,0,Default Stride Loose,0,24,0,54,0,86,0,47,0,41,0,78,0,6,0,6,0,6,0,6,0,25,0,12,0,87,0,43,0,60,0
Javion,Cohen,Cleveland Browns,LG,Miami,23,63,8/8/02,76,322,1,67,1,Power - G,66,0,48,0,67,0,85,0,83,0,59,0,24,0,41,0,33,0,31,0,23,0,25,0,29,0,45,0,10,0,26,0,30,0,79,0,89,0,47,0,29,0,25,0,28,0,82,0,31,0,15,0,63,0,73,0,69,0,74,0,34,0,18,0,42,0,35,0,27,0,27,0,69,0,69,0,66,0,Long Stride Awkward,0,18,0,26,0,61,0,25,0,48,0,40,0,31,0,22,0,31,0,23,0,16,0,46,0,83,0,47,0,42,0
Jaylen,Harrell,Tennessee Titans,LE,Michigan,23,63,5/1/02,76,247,1,92,1,Smaller Speed Rusher - DE,88,0,67,0,88,0,79,0,75,0,65,0,26,0,66,0,12,0,15,0,32,0,20,0,44,0,67,0,5,0,65,0,70,0,77,0,90,0,33,0,24,0,25,0,10,0,11,0,39,0,5,0,63,0,45,0,45,0,45,0,6,0,64,0,62,0,31,0,79,0,25,0,45,0,45,0,45,0,Long Stride Bread Loaf,0,15,0,20,0,83,0,28,0,28,0,72,0,6,0,6,0,6,0,6,0,27,0,13,0,80,0,27,0,43,0
John,Humphrey,Las Vegas Raiders,CB,USC,23,63,7/4/02,74,193,1,39,0,Manto Man - CB,92,0,73,0,92,0,88,0,57,0,55,0,65,0,43,0,12,0,48,0,53,0,52,0,65,0,87,0,12,0,34,0,59,0,43,0,87,0,72,0,15,0,16,0,45,0,15,0,66,0,15,0,63,0,30,0,30,0,30,0,6,0,51,0,26,0,68,0,72,0,22,0,35,0,35,0,35,0,Short Stride Default,0,21,0,60,0,88,0,60,0,30,0,57,0,6,0,6,0,6,0,6,0,26,0,10,0,84,0,28,0,67,0
John,FitzPatrick,Green Bay Packers,TE,Georgia,25,63,3/9/00,79,250,1,86,3,Blocking - TE,83,0,67,0,83,0,82,0,79,0,70,0,61,0,45,0,18,0,50,0,76,0,70,0,73,0,63,0,49,0,36,0,44,0,68,0,86,0,57,0,31,0,36,0,10,0,64,0,12,0,56,0,63,0,62,0,64,0,57,0,5,0,39,0,38,0,15,0,45,0,64,0,65,0,63,0,59,0,Long Stride Default,0,60,0,68,0,80,0,52,0,62,0,43,0,6,0,10,0,13,0,11,0,23,0,6,0,89,0,60,0,15,0
John,Stephens Jr,Dallas Cowboys,TE,UL Lafayette,25,63,9/23/99,78,221,1,49,3,Vertical Threat - TE,89,0,77,0,84,0,80,0,77,0,57,0,68,0,31,0,17,0,50,0,73,0,74,0,77,0,75,0,58,0,10,0,26,0,65,0,84,0,57,0,18,0,24,0,46,0,56,0,15,0,60,0,63,0,61,0,58,0,60,0,6,0,20,0,10,0,10,0,34,0,63,0,61,0,62,0,57,0,Long Stride Default,0,62,0,77,0,83,0,54,0,60,0,34,0,6,0,10,0,17,0,10,0,27,0,10,0,82,0,63,0,19,0
John,Williams,Green Bay Packers,LG,Cincinnati,23,63,1/17/02,76,322,1,73,0,Power - G,71,0,54,0,62,0,86,0,87,0,65,0,11,0,27,0,12,0,8,0,21,0,16,0,22,0,57,0,5,0,14,0,26,0,78,0,88,0,11,0,13,0,18,0,10,0,77,0,10,0,5,0,63,0,70,0,66,0,68,0,6,0,29,0,29,0,10,0,21,0,18,0,68,0,68,0,67,0,Long Stride Awkward,0,11,0,17,0,67,0,15,0,13,0,29,0,6,0,6,0,6,0,6,0,20,0,13,0,87,0,27,0,10,0
Jonah,Monheim,Jacksonville Jaguars,C,USC,23,63,6/7/02,76,303,1,60,0,Agile - C,80,0,68,0,78,0,85,0,80,0,70,0,10,0,30,0,12,0,6,0,34,0,17,0,29,0,59,0,5,0,10,0,18,0,78,0,93,0,12,0,20,0,18,0,10,0,78,0,10,0,5,0,63,0,70,0,70,0,67,0,6,0,23,0,10,0,10,0,30,0,18,0,71,0,71,0,68,0,Long Stride Awkward,0,15,0,18,0,72,0,10,0,10,0,10,0,6,0,6,0,6,0,6,0,19,0,10,0,88,0,21,0,10,0
Jonathan,Ford,Chicago Bears,DT,Miami,26,63,9/28/98,77,338,1,64,3,,66,0,52,0,72,0,72,0,84,0,65,0,23,0,72,0,15,0,25,0,33,0,15,0,32,0,47,0,5,0,53,0,78,0,88,0,90,0,19,0,14,0,15,0,10,0,33,0,12,0,8,0,63,0,45,0,45,0,45,0,6,0,62,0,64,0,10,0,72,0,12,0,45,0,45,0,45,0,Long Stride Awkward,0,12,0,22,0,57,0,15,0,33,0,80,0,6,0,6,0,6,0,6,0,19,0,10,0,79,0,35,0,14,0
Josh,Woods,Atlanta Falcons,ROLB,Maryland,29,63,7/1/96,73,230,1,42,7,Pass Coverage - OLB,84,0,78,0,77,0,81,0,64,0,73,0,35,0,61,0,12,0,24,0,60,0,51,0,60,0,69,0,5,0,49,0,79,0,68,0,84,0,47,0,12,0,14,0,10,0,28,0,56,0,5,0,63,0,45,0,45,0,45,0,6,0,71,0,47,0,59,0,77,0,25,0,45,0,45,0,45,0,Default Stride Loose,0,15,0,47,0,84,0,36,0,31,0,74,0,6,0,6,0,6,0,6,0,15,0,14,0,83,0,26,0,62,0
Julian,Hill,Miami Dolphins,TE,Campbell Univ.,25,63,7/9/00,76,251,1,89,2,Possession - TE,85,0,72,0,83,0,82,0,75,0,55,0,76,0,37,0,52,0,62,0,70,0,76,0,74,0,73,0,51,0,10,0,26,0,67,0,90,0,69,0,15,0,15,0,35,0,62,0,15,0,60,0,63,0,60,0,55,0,54,0,45,0,23,0,10,0,21,0,36,0,65,0,60,0,59,0,57,0,Long Stride Loose,0,64,0,72,0,83,0,65,0,69,0,34,0,48,0,52,0,58,0,50,0,60,0,37,0,87,0,71,0,22,0
Kameron,Johnson,Tampa Bay Buccaneers,WR,Barton,23,63,3/17/02,70,184,1,19,1,,92,0,82,0,87,0,76,0,63,0,61,0,74,0,24,0,23,0,67,0,69,0,70,0,75,0,83,0,62,0,10,0,19,0,33,0,90,0,79,0,13,0,19,0,84,0,19,0,20,0,64,0,63,0,24,0,22,0,17,0,22,0,25,0,10,0,21,0,32,0,61,0,44,0,30,0,24,0,Short Stride Default,0,65,0,73,0,90,0,73,0,48,0,26,0,20,0,26,0,33,0,27,0,40,0,38,0,79,0,38,0,27,0
Kayode,Awosika,Detroit Lions,RG,Buffalo,26,63,10/27/98,77,315,1,74,4,Power - G,64,0,48,0,74,0,78,0,86,0,64,0,14,0,28,0,10,0,10,0,24,0,12,0,26,0,50,0,5,0,10,0,42,0,82,0,89,0,10,0,27,0,33,0,10,0,62,0,10,0,6,0,63,0,65,0,62,0,67,0,6,0,21,0,10,0,10,0,29,0,10,0,72,0,70,0,74,0,Default Stride Awkward,0,13,0,15,0,65,0,10,0,18,0,35,0,5,0,6,0,7,0,6,0,15,0,5,0,84,0,22,0,10,0
Kendell,Brooks,Tennessee Titans,FS,Michigan St.,25,63,3/3/00,72,206,1,33,2,Hybrid - S,92,0,77,0,85,0,84,0,63,0,57,0,66,0,54,0,15,0,60,0,55,0,52,0,58,0,81,0,13,0,40,0,74,0,53,0,82,0,72,0,13,0,17,0,50,0,28,0,62,0,21,0,63,0,35,0,35,0,35,0,5,0,58,0,35,0,66,0,78,0,23,0,35,0,35,0,35,0,Default Stride Loose,0,25,0,56,0,91,0,65,0,55,0,65,0,6,0,6,0,6,0,5,0,31,0,5,0,83,0,51,0,67,0
Kendric,Pryor,Cincinnati Bengals,WR,Wisconsin,27,63,1/6/98,71,189,1,19,3,,92,0,85,0,90,0,82,0,52,0,49,0,74,0,20,0,32,0,64,0,69,0,73,0,76,0,85,0,61,0,14,0,29,0,40,0,90,0,81,0,15,0,17,0,63,0,24,0,22,0,64,0,63,0,25,0,15,0,13,0,23,0,25,0,12,0,17,0,35,0,52,0,48,0,36,0,32,0,Default Stride Loose,0,63,0,80,0,93,0,74,0,40,0,27,0,24,0,26,0,31,0,35,0,30,0,21,0,81,0,37,0,29,0
Kevin,Austin Jr,New Orleans Saints,WR,Notre Dame,25,63,3/30/00,74,200,1,81,3,Deep Threat - WR,95,0,91,0,92,0,82,0,67,0,48,0,73,0,34,0,23,0,65,0,71,0,76,0,75,0,85,0,63,0,11,0,42,0,48,0,85,0,69,0,22,0,23,0,50,0,30,0,38,0,65,0,63,0,40,0,19,0,21,0,6,0,42,0,11,0,43,0,39,0,72,0,49,0,21,0,26,0,Default Stride Loose,0,66,0,75,0,91,0,64,0,49,0,38,0,6,0,10,0,15,0,10,0,32,0,21,0,86,0,38,0,35,0
Kristian,Welch,Green Bay Packers,MLB,Iowa,27,63,5/24/98,75,242,1,54,5,Run Stopper - MLB,84,0,78,0,81,0,81,0,75,0,63,0,71,0,65,0,18,0,48,0,64,0,48,0,57,0,69,0,15,0,50,0,80,0,81,0,90,0,68,0,20,0,16,0,10,0,16,0,53,0,25,0,63,0,48,0,45,0,45,0,20,0,60,0,56,0,44,0,79,0,13,0,45,0,45,0,45,0,Default Stride Loose,0,33,0,50,0,85,0,58,0,51,0,79,0,17,0,21,0,25,0,15,0,20,0,21,0,86,0,43,0,61,0
Levelle,Bailey,Denver Broncos,ROLB,Fresno State,24,63,12/4/00,74,225,1,56,1,Run Stopper - OLB,78,0,76,0,77,0,85,0,69,0,66,0,45,0,65,0,12,0,27,0,62,0,57,0,68,0,75,0,6,0,54,0,76,0,70,0,91,0,48,0,16,0,10,0,10,0,17,0,58,0,11,0,63,0,45,0,45,0,45,0,6,0,64,0,65,0,51,0,79,0,16,0,45,0,45,0,45,0,Default,0,21,0,59,0,81,0,40,0,32,0,77,0,6,0,6,0,6,0,6,0,36,0,10,0,83,0,36,0,64,0
Luke,Kandra,Carolina Panthers,RG,Cincinnati,24,63,8/8/01,77,320,1,67,0,Power - G,72,0,43,0,79,0,83,0,93,0,56,0,12,0,27,0,13,0,9,0,25,0,14,0,20,0,55,0,5,0,10,0,25,0,80,0,87,0,10,0,11,0,15,0,10,0,74,0,11,0,5,0,63,0,69,0,64,0,68,0,6,0,13,0,16,0,10,0,26,0,15,0,70,0,65,0,69,0,Long Stride Awkward,0,14,0,11,0,67,0,10,0,17,0,25,0,6,0,6,0,6,0,6,0,15,0,15,0,84,0,32,0,12,0
Major,Burns,Chicago Bears,SS,LSU,23,63,5/22/02,74,207,1,35,0,Hybrid - S,92,0,79,0,89,0,89,0,61,0,60,0,67,0,52,0,25,0,52,0,60,0,53,0,64,0,77,0,17,0,34,0,77,0,56,0,85,0,67,0,15,0,19,0,42,0,25,0,63,0,20,0,63,0,35,0,34,0,33,0,16,0,57,0,33,0,61,0,73,0,25,0,35,0,34,0,33,0,Default,0,27,0,57,0,89,0,58,0,45,0,68,0,13,0,17,0,21,0,21,0,32,0,18,0,86,0,49,0,65,0
Malik,Herring,Kansas City Chiefs,RE,Georgia,26,63,11/9/98,75,275,1,94,4,Power Rusher - DE,79,0,69,0,74,0,72,0,78,0,59,0,42,0,71,0,12,0,34,0,42,0,27,0,34,0,54,0,17,0,65,0,83,0,86,0,85,0,41,0,10,0,14,0,10,0,24,0,15,0,21,0,63,0,45,0,45,0,45,0,6,0,56,0,72,0,19,0,71,0,26,0,45,0,45,0,45,0,Default Stride Awkward,0,24,0,34,0,75,0,34,0,42,0,78,0,6,0,6,0,6,0,6,0,12,0,10,0,78,0,33,0,21,0
Malik,Hamm,Baltimore Ravens,LE,Lafayette,25,63,8/26/00,75,250,1,59,2,Power Rusher - DE,76,0,77,0,72,0,80,0,79,0,60,0,52,0,68,0,22,0,34,0,49,0,41,0,44,0,70,0,23,0,61,0,81,0,76,0,86,0,48,0,12,0,14,0,15,0,35,0,39,0,31,0,63,0,40,0,40,0,40,0,14,0,62,0,71,0,42,0,80,0,23,0,45,0,45,0,45,0,Default Stride Loose,0,35,0,48,0,74,0,45,0,45,0,73,0,15,0,21,0,26,0,23,0,30,0,12,0,85,0,51,0,44,0
Marquis,Hayes,NY Jets,RG,Oklahoma,26,63,2/14/99,77,318,1,77,3,Power - G,68,0,54,0,63,0,83,0,86,0,58,0,18,0,35,0,10,0,15,0,20,0,11,0,21,0,52,0,8,0,18,0,38,0,84,0,90,0,17,0,12,0,15,0,10,0,69,0,10,0,10,0,63,0,65,0,62,0,69,0,6,0,19,0,20,0,10,0,24,0,8,0,71,0,67,0,74,0,Default Stride Awkward,0,12,0,16,0,62,0,16,0,30,0,28,0,6,0,6,0,6,0,6,0,20,0,10,0,86,0,30,0,10,0
Mason,Richman,Seattle Seahawks,RT,Iowa,23,63,5/7/02,77,307,1,78,0,Power - OT,72,0,65,0,71,0,85,0,84,0,65,0,12,0,40,0,13,0,13,0,33,0,18,0,26,0,51,0,23,0,33,0,33,0,81,0,86,0,24,0,12,0,12,0,31,0,76,0,11,0,25,0,63,0,69,0,70,0,71,0,6,0,31,0,37,0,10,0,29,0,29,0,68,0,69,0,70,0,Long Stride Awkward,0,26,0,17,0,60,0,27,0,22,0,28,0,6,0,6,0,6,0,6,0,26,0,11,0,86,0,30,0,12,0
Matt,Jones,Las Vegas Raiders,ROLB,Baylor,24,63,9/9/00,74,236,1,42,0,Run Stopper - OLB,88,0,85,0,79,0,88,0,72,0,55,0,43,0,63,0,23,0,44,0,55,0,48,0,58,0,76,0,15,0,56,0,78,0,70,0,87,0,45,0,18,0,21,0,10,0,26,0,53,0,20,0,63,0,45,0,45,0,45,0,6,0,53,0,52,0,48,0,80,0,19,0,45,0,45,0,45,0,Default Stride Loose,0,25,0,51,0,83,0,45,0,41,0,79,0,6,0,6,0,6,0,6,0,22,0,12,0,87,0,44,0,61,0
Michael,Bandy,Denver Broncos,WR,San Diego,27,63,12/5/97,70,190,1,83,4,,88,0,87,0,78,0,87,0,49,0,55,0,80,0,22,0,24,0,72,0,71,0,76,0,77,0,85,0,65,0,10,0,19,0,40,0,89,0,76,0,20,0,21,0,60,0,20,0,18,0,64,0,63,0,30,0,19,0,20,0,24,0,24,0,10,0,10,0,35,0,55,0,44,0,32,0,34,0,Short Stride Default,0,69,0,72,0,86,0,67,0,39,0,25,0,14,0,19,0,29,0,23,0,32,0,12,0,80,0,37,0,25,0
Michael,Niese,Detroit Lions,RG,Temple,27,63,1/13/98,75,295,1,62,2,Agile - G,85,0,69,0,73,0,81,0,82,0,64,0,17,0,34,0,12,0,11,0,36,0,21,0,25,0,62,0,7,0,20,0,36,0,77,0,89,0,26,0,10,0,15,0,5,0,80,0,12,0,15,0,63,0,67,0,68,0,64,0,5,0,25,0,30,0,10,0,35,0,15,0,69,0,70,0,65,0,Long Stride Awkward,0,25,0,25,0,71,0,13,0,28,0,33,0,6,0,7,0,8,0,6,0,16,0,5,0,86,0,26,0,12,0
Moliki,Matavao,New Orleans Saints,TE,UCLA,22,63,3/17/03,78,260,1,80,0,Possession - TE,80,0,76,0,79,0,83,0,76,0,66,0,66,0,40,0,28,0,65,0,69,0,72,0,77,0,69,0,54,0,28,0,37,0,63,0,89,0,61,0,29,0,21,0,29,0,58,0,30,0,56,0,63,0,54,0,53,0,54,0,23,0,23,0,32,0,11,0,39,0,64,0,63,0,60,0,63,0,Long Stride Default,0,63,0,72,0,79,0,60,0,57,0,40,0,10,0,20,0,16,0,19,0,17,0,24,0,88,0,67,0,23,0
Myles,Purchase,Los Angeles Chargers,CB,Iowa State,22,63,11/26/02,69,203,1,49,0,Manto Man - CB,92,0,71,0,84,0,85,0,61,0,57,0,63,0,43,0,14,0,49,0,55,0,58,0,64,0,77,0,17,0,35,0,57,0,48,0,87,0,70,0,13,0,14,0,52,0,15,0,69,0,19,0,63,0,30,0,30,0,30,0,6,0,56,0,29,0,69,0,72,0,24,0,35,0,35,0,35,0,Short Stride Loose,0,22,0,62,0,89,0,60,0,33,0,50,0,6,0,6,0,6,0,6,0,25,0,10,0,76,0,30,0,68,0
Nate,Valcarcel,Los Angeles Rams,FS,N. Illinois,23,63,5/23/02,72,194,1,43,0,Hybrid - S,92,0,87,0,83,0,87,0,58,0,59,0,63,0,50,0,14,0,53,0,62,0,57,0,65,0,89,0,16,0,33,0,76,0,59,0,87,0,63,0,14,0,18,0,42,0,25,0,62,0,21,0,63,0,35,0,35,0,35,0,6,0,57,0,33,0,59,0,73,0,23,0,35,0,35,0,35,0,Long Stride Loose,0,26,0,57,0,88,0,59,0,45,0,64,0,6,0,6,0,6,0,6,0,24,0,12,0,86,0,50,0,64,0
Natrone,Brooks,Atlanta Falcons,CB,Southern Miss,25,63,12/11/99,70,175,1,35,2,Zone - CB,90,0,82,0,76,0,85,0,50,0,66,0,64,0,45,0,16,0,51,0,63,0,62,0,71,0,79,0,21,0,34,0,57,0,43,0,90,0,72,0,12,0,14,0,50,0,10,0,61,0,23,0,63,0,25,0,25,0,25,0,15,0,63,0,26,0,63,0,71,0,20,0,30,0,30,0,30,0,Default Stride Loose,0,27,0,68,0,88,0,64,0,29,0,56,0,18,0,24,0,29,0,22,0,29,0,16,0,82,0,30,0,65,0
Nick,Saldiveri,New Orleans Saints,RG,Old Dominion,25,63,8/14/00,78,316,1,64,2,Power - G,78,0,61,0,76,0,87,0,84,0,68,0,24,0,32,0,12,0,23,0,21,0,22,0,24,0,61,0,16,0,23,0,38,0,83,0,92,0,22,0,12,0,13,0,10,0,73,0,11,0,16,0,63,0,70,0,69,0,71,0,7,0,18,0,34,0,10,0,25,0,14,0,65,0,65,0,65,0,Long Stride Awkward,0,16,0,16,0,65,0,16,0,25,0,27,0,5,0,6,0,7,0,6,0,26,0,10,0,82,0,31,0,11,0
Nick,Zakelj,San Francisco 49ers,RG,Fordham,26,63,6/22/99,78,316,1,63,3,Agile - G,83,0,60,0,71,0,85,0,85,0,70,0,33,0,40,0,12,0,27,0,35,0,25,0,37,0,57,0,22,0,32,0,39,0,78,0,92,0,25,0,14,0,17,0,10,0,79,0,10,0,26,0,63,0,67,0,70,0,64,0,6,0,33,0,37,0,10,0,41,0,31,0,63,0,66,0,61,0,Long Stride Awkward,0,30,0,32,0,68,0,22,0,38,0,35,0,6,0,6,0,6,0,6,0,17,0,14,0,84,0,32,0,10,0
Nick,Broeker,Pittsburgh Steelers,LG,Ole Miss,24,63,10/7/00,76,305,1,61,2,Power - G,74,0,60,0,68,0,85,0,81,0,72,0,24,0,32,0,14,0,26,0,42,0,30,0,35,0,56,0,18,0,26,0,29,0,73,0,92,0,24,0,15,0,19,0,10,0,78,0,11,0,21,0,63,0,69,0,67,0,71,0,6,0,32,0,38,0,10,0,35,0,15,0,68,0,70,0,66,0,Default Stride Awkward,0,24,0,33,0,63,0,23,0,21,0,26,0,6,0,8,0,10,0,6,0,25,0,10,0,81,0,30,0,12,0
Pat,O'Connor,Detroit Lions,LE,Eastern Michigan,31,63,11/1/93,76,300,1,95,8,Smaller Speed Rusher - DE,83,0,70,0,76,0,73,0,82,0,58,0,28,0,74,0,12,0,10,0,24,0,26,0,29,0,62,0,6,0,71,0,78,0,86,0,88,0,21,0,25,0,17,0,10,0,12,0,21,0,10,0,63,0,45,0,45,0,45,0,6,0,55,0,61,0,17,0,72,0,15,0,45,0,45,0,45,0,Long Stride Loose,0,17,0,20,0,75,0,14,0,36,0,75,0,6,0,6,0,6,0,6,0,25,0,10,0,81,0,37,0,29,0
Payne,Durham,Tampa Bay Buccaneers,TE,Purdue,25,63,6/15/00,78,253,1,87,2,Possession - TE,84,0,80,0,83,0,87,0,73,0,59,0,71,0,39,0,11,0,65,0,72,0,79,0,78,0,67,0,49,0,10,0,42,0,67,0,91,0,66,0,19,0,21,0,18,0,56,0,14,0,55,0,63,0,55,0,52,0,55,0,20,0,18,0,10,0,17,0,37,0,62,0,61,0,58,0,61,0,Long Stride Default,0,61,0,75,0,77,0,64,0,62,0,44,0,14,0,20,0,25,0,26,0,20,0,10,0,89,0,65,0,21,0
Quinn,Ewers,Miami Dolphins,QB,Texas,22,63,3/15/03,74,214,1,14,0,Field General - QB,77,0,74,0,70,0,89,0,66,0,65,0,60,0,30,0,57,0,54,0,54,0,27,0,41,0,74,0,23,0,27,0,23,0,26,0,86,0,49,0,32,0,33,0,18,0,25,0,38,0,18,0,63,0,27,0,23,0,21,0,86,0,46,0,27,0,30,0,46,0,28,0,19,0,17,0,20,0,Default,0,25,0,33,0,78,0,37,0,29,0,23,0,74,0,76,0,81,0,78,0,86,0,77,0,85,0,30,0,19,0
Quintin,Morris,Jacksonville Jaguars,TE,Bowling Green St.,26,63,1/21/99,74,252,1,45,4,Vertical Threat - TE,86,0,78,0,82,0,83,0,72,0,62,0,77,0,35,0,31,0,66,0,73,0,77,0,80,0,65,0,54,0,32,0,33,0,56,0,89,0,71,0,14,0,15,0,44,0,45,0,22,0,57,0,63,0,53,0,51,0,47,0,12,0,33,0,38,0,24,0,41,0,66,0,55,0,54,0,51,0,Default Stride Loose,0,56,0,80,0,83,0,65,0,65,0,42,0,10,0,15,0,24,0,20,0,29,0,11,0,76,0,64,0,28,0
Robert,Beal Jr,San Francisco 49ers,LE,Georgia,26,63,8/18/99,76,250,1,51,2,Power Rusher - DE,92,0,75,0,77,0,69,0,68,0,66,0,47,0,67,0,15,0,37,0,45,0,35,0,44,0,71,0,22,0,57,0,79,0,81,0,88,0,48,0,14,0,14,0,10,0,43,0,34,0,31,0,63,0,45,0,45,0,45,0,6,0,61,0,67,0,48,0,77,0,38,0,45,0,45,0,45,0,Default Stride Loose,0,33,0,41,0,90,0,44,0,50,0,70,0,6,0,6,0,6,0,6,0,21,0,11,0,75,0,40,0,50,0
Ross,Dwelley,San Francisco 49ers,TE,San Diego,30,63,1/26/95,77,235,1,82,7,Possession - TE,77,0,70,0,69,0,83,0,72,0,67,0,60,0,29,0,14,0,50,0,72,0,78,0,79,0,64,0,53,0,17,0,27,0,64,0,93,0,60,0,15,0,18,0,18,0,55,0,14,0,61,0,63,0,57,0,51,0,55,0,6,0,22,0,17,0,17,0,28,0,65,0,58,0,54,0,58,0,Long Stride Default,0,65,0,80,0,79,0,54,0,57,0,33,0,6,0,10,0,15,0,10,0,30,0,10,0,85,0,65,0,21,0
Ryan,Van Demark,Buffalo Bills,RT,Connecticut,27,63,3/22/98,78,307,1,74,2,Agile - OT,75,0,66,0,75,0,80,0,83,0,67,0,10,0,40,0,12,0,5,0,36,0,22,0,35,0,58,0,10,0,30,0,35,0,73,0,92,0,10,0,11,0,21,0,10,0,82,0,12,0,15,0,63,0,66,0,68,0,64,0,6,0,21,0,40,0,10,0,35,0,22,0,68,0,73,0,63,0,Long Stride Awkward,0,22,0,25,0,63,0,10,0,10,0,40,0,6,0,6,0,6,0,6,0,16,0,13,0,85,0,21,0,12,0
Ryan,Hayes,Miami Dolphins,LT,Michigan,25,63,2/28/00,78,307,1,77,2,Power - OT,78,0,71,0,74,0,82,0,78,0,70,0,43,0,35,0,21,0,41,0,51,0,47,0,45,0,58,0,34,0,38,0,49,0,75,0,90,0,41,0,51,0,56,0,10,0,81,0,10,0,41,0,63,0,68,0,66,0,69,0,32,0,41,0,47,0,10,0,50,0,48,0,70,0,68,0,72,0,Long Stride Awkward,0,43,0,45,0,66,0,40,0,42,0,40,0,35,0,42,0,51,0,23,0,47,0,22,0,85,0,42,0,11,0
Sean,McKeon,Indianapolis Colts,TE,Michigan,27,63,12/28/97,77,238,1,49,5,Vertical Threat - TE,84,0,74,0,84,0,82,0,72,0,59,0,61,0,38,0,14,0,52,0,68,0,76,0,79,0,73,0,55,0,36,0,43,0,63,0,84,0,60,0,19,0,21,0,18,0,55,0,14,0,60,0,63,0,59,0,54,0,58,0,6,0,38,0,41,0,17,0,40,0,64,0,59,0,55,0,58,0,Long Stride Default,0,64,0,78,0,83,0,58,0,61,0,52,0,6,0,10,0,15,0,10,0,30,0,10,0,81,0,60,0,21,0
Shaun,Jolly,Los Angeles Rams,CB,Appalach. St.,26,63,10/17/98,69,180,1,24,3,Slot - CB,90,0,87,0,87,0,85,0,44,0,57,0,63,0,48,0,19,0,54,0,60,0,58,0,69,0,90,0,17,0,35,0,57,0,39,0,87,0,65,0,13,0,14,0,47,0,17,0,62,0,19,0,63,0,30,0,18,0,20,0,6,0,60,0,29,0,71,0,70,0,19,0,35,0,21,0,24,0,Short Stride Loose,0,22,0,62,0,89,0,60,0,23,0,57,0,6,0,6,0,6,0,6,0,35,0,15,0,76,0,25,0,66,0
Shilo,Sanders,Tampa Bay Buccaneers,FS,Colorado,25,63,2/9/00,72,196,1,28,0,Zone - S,88,0,78,0,84,0,88,0,60,0,67,0,61,0,47,0,14,0,52,0,60,0,58,0,67,0,79,0,17,0,32,0,74,0,56,0,84,0,61,0,14,0,18,0,41,0,25,0,59,0,22,0,63,0,35,0,35,0,35,0,6,0,65,0,32,0,59,0,72,0,24,0,35,0,35,0,35,0,Default Stride Loose,0,27,0,59,0,86,0,58,0,44,0,63,0,6,0,6,0,6,0,6,0,24,0,12,0,84,0,49,0,65,0
Silas,Bolden,Minnesota Vikings,WR,Texas,23,63,11/9/01,68,162,1,83,0,,88,0,77,0,82,0,81,0,60,0,65,0,79,0,23,0,21,0,71,0,68,0,76,0,81,0,81,0,65,0,10,0,22,0,33,0,84,0,75,0,16,0,18,0,81,0,21,0,19,0,67,0,63,0,23,0,15,0,20,0,15,0,23,0,10,0,23,0,28,0,57,0,42,0,24,0,20,0,Short Stride Default,0,71,0,77,0,88,0,73,0,47,0,20,0,12,0,15,0,18,0,15,0,24,0,19,0,82,0,34,0,24,0
Stone,Smartt,NY Jets,TE,Old Dominion,26,63,10/8/98,76,226,1,84,3,Vertical Threat - TE,91,0,79,0,91,0,80,0,62,0,63,0,76,0,35,0,77,0,69,0,75,0,71,0,79,0,78,0,57,0,17,0,29,0,48,0,88,0,73,0,15,0,16,0,60,0,31,0,14,0,60,0,63,0,47,0,45,0,42,0,66,0,37,0,17,0,17,0,41,0,58,0,45,0,47,0,43,0,Long Stride Loose,0,63,0,77,0,85,0,66,0,65,0,35,0,64,0,65,0,67,0,77,0,78,0,49,0,76,0,67,0,15,0
Storm,Duck,Miami Dolphins,CB,Louisville,24,63,12/15/00,72,195,1,36,1,Zone - CB,92,0,80,0,92,0,83,0,63,0,62,0,63,0,47,0,14,0,55,0,62,0,62,0,71,0,86,0,20,0,42,0,59,0,46,0,87,0,71,0,15,0,20,0,69,0,15,0,60,0,26,0,63,0,25,0,25,0,25,0,5,0,60,0,35,0,63,0,69,0,27,0,25,0,25,0,25,0,Default Stride Loose,0,30,0,64,0,91,0,66,0,32,0,52,0,6,0,7,0,11,0,6,0,17,0,9,0,79,0,35,0,64,0
Teagan,Quitoriano,Atlanta Falcons,TE,Oregon State,25,63,3/15/00,78,258,1,85,3,Possession - TE,74,0,73,0,78,0,83,0,78,0,57,0,64,0,44,0,18,0,61,0,75,0,79,0,76,0,66,0,52,0,32,0,43,0,68,0,91,0,60,0,19,0,24,0,15,0,50,0,10,0,61,0,63,0,56,0,55,0,56,0,6,0,36,0,38,0,10,0,45,0,60,0,61,0,56,0,62,0,Long Stride Default,0,66,0,78,0,74,0,55,0,65,0,46,0,6,0,10,0,15,0,10,0,25,0,9,0,82,0,67,0,12,0
Travis,Clayton,Buffalo Bills,LT,None,24,63,2/17/01,79,301,1,67,1,Agile - OT,82,0,72,0,66,0,74,0,79,0,51,0,25,0,35,0,21,0,14,0,41,0,35,0,39,0,58,0,24,0,23,0,46,0,75,0,87,0,33,0,46,0,53,0,10,0,84,0,9,0,26,0,63,0,69,0,74,0,64,0,12,0,25,0,31,0,7,0,41,0,28,0,70,0,72,0,68,0,Long Stride Awkward,0,31,0,37,0,79,0,30,0,47,0,33,0,16,0,22,0,24,0,11,0,29,0,7,0,81,0,41,0,9,0
Treven,Ma'ae,Las Vegas Raiders,DT,Baylor,24,63,2/26/01,75,277,1,68,0,,86,0,69,0,80,0,88,0,83,0,56,0,22,0,70,0,12,0,14,0,36,0,22,0,34,0,61,0,5,0,61,0,76,0,85,0,87,0,19,0,12,0,18,0,10,0,27,0,16,0,7,0,63,0,45,0,45,0,45,0,6,0,54,0,64,0,17,0,70,0,15,0,45,0,45,0,45,0,Default Stride Awkward,0,15,0,21,0,77,0,18,0,28,0,77,0,6,0,6,0,6,0,6,0,20,0,10,0,86,0,31,0,20,0
Trey,Lance,Los Angeles Chargers,QB,North Dakota St.,25,63,5/9/00,76,224,1,5,4,Scrambler - QB,90,0,89,0,82,0,84,0,71,0,32,0,86,0,38,0,75,0,77,0,68,0,31,0,51,0,85,0,14,0,22,0,50,0,37,0,86,0,76,0,18,0,29,0,43,0,26,0,32,0,18,0,63,0,18,0,17,0,15,0,83,0,34,0,20,0,32,0,54,0,21,0,27,0,15,0,18,0,Default,0,27,0,36,0,87,0,74,0,59,0,52,0,77,0,75,0,80,0,77,0,91,0,73,0,89,0,70,0,40,0
Trey,Hill,Green Bay Packers,C,Georgia,25,63,1/23/00,76,310,1,64,4,Power - C,62,0,44,0,62,0,82,0,84,0,73,0,10,0,21,0,12,0,6,0,29,0,10,0,24,0,48,0,5,0,10,0,12,0,85,0,83,0,10,0,22,0,22,0,10,0,73,0,12,0,5,0,63,0,65,0,64,0,67,0,6,0,10,0,10,0,10,0,30,0,12,0,71,0,69,0,73,0,Default Stride Awkward,0,10,0,12,0,56,0,10,0,10,0,37,0,6,0,6,0,6,0,6,0,26,0,10,0,84,0,24,0,12,0
Ty,Summers,NY Giants,MLB,TCU,29,63,12/31/95,73,241,0,47,6,Run Stopper - MLB,87,0,81,0,86,0,80,0,77,0,54,0,61,0,67,0,49,0,47,0,52,0,30,0,50,0,73,0,5,0,66,0,80,0,81,0,87,0,64,0,14,0,19,0,10,0,20,0,50,0,5,0,63,0,45,0,45,0,45,0,51,0,56,0,54,0,34,0,81,0,18,0,45,0,45,0,45,0,Default Stride Loose,0,15,0,31,0,89,0,57,0,54,0,78,0,55,0,52,0,57,0,57,0,70,0,44,0,89,0,54,0,55,0
Tylan,Grable,Buffalo Bills,LT,UCF,25,63,10/4/99,77,309,1,68,1,Agile - OT,81,0,73,0,87,0,81,0,81,0,68,0,52,0,45,0,49,0,34,0,57,0,49,0,51,0,65,0,33,0,46,0,52,0,79,0,90,0,46,0,13,0,13,0,10,0,79,0,12,0,35,0,63,0,68,0,68,0,69,0,35,0,42,0,57,0,10,0,51,0,51,0,70,0,70,0,67,0,Long Stride Awkward,0,43,0,55,0,74,0,44,0,57,0,48,0,45,0,48,0,52,0,39,0,57,0,35,0,79,0,58,0,13,0
Tyler,Batty,Minnesota Vikings,RE,BYU,26,63,5/2/99,78,271,1,96,0,Power Rusher - DE,81,0,77,0,82,0,76,0,83,0,52,0,30,0,69,0,12,0,21,0,35,0,20,0,36,0,65,0,5,0,67,0,77,0,62,0,84,0,31,0,13,0,15,0,10,0,20,0,35,0,7,0,63,0,45,0,45,0,45,0,6,0,54,0,66,0,31,0,77,0,15,0,45,0,45,0,45,0,Long Stride Loose,0,13,0,21,0,80,0,29,0,32,0,77,0,6,0,6,0,6,0,6,0,20,0,10,0,83,0,29,0,44,0
Tysheem,Johnson,Chicago Bears,FS,Oregon,22,63,9/30/02,70,195,1,33,0,Zone - S,91,0,81,0,84,0,91,0,53,0,60,0,64,0,48,0,14,0,53,0,61,0,58,0,66,0,84,0,21,0,35,0,74,0,60,0,87,0,61,0,16,0,19,0,77,0,25,0,62,0,25,0,63,0,35,0,35,0,35,0,6,0,57,0,36,0,62,0,72,0,22,0,35,0,35,0,35,0,Short Stride Default,0,28,0,56,0,89,0,56,0,42,0,64,0,6,0,6,0,6,0,6,0,24,0,12,0,86,0,50,0,66,0
Walter,Rouse,Minnesota Vikings,RT,Oklahoma,24,63,3/9/01,78,322,1,73,1,Power - OT,66,0,55,0,80,0,81,0,83,0,64,0,15,0,22,0,12,0,10,0,25,0,15,0,38,0,53,0,5,0,15,0,38,0,81,0,90,0,20,0,21,0,25,0,10,0,80,0,8,0,5,0,63,0,72,0,70,0,71,0,6,0,10,0,15,0,9,0,21,0,20,0,71,0,71,0,70,0,Long Stride Awkward,0,10,0,15,0,64,0,22,0,15,0,37,0,6,0,7,0,10,0,7,0,22,0,8,0,86,0,35,0,8,0
Xavier,Smith,Los Angeles Rams,WR,Florida AM,27,63,9/21/97,69,174,0,19,2,,93,0,78,0,82,0,81,0,60,0,56,0,81,0,26,0,29,0,74,0,76,0,75,0,79,0,79,0,65,0,10,0,30,0,34,0,84,0,76,0,18,0,21,0,72,0,20,0,13,0,66,0,63,0,23,0,14,0,10,0,27,0,16,0,10,0,13,0,32,0,66,0,41,0,27,0,20,0,Default,0,67,0,77,0,90,0,67,0,60,0,27,0,27,0,32,0,38,0,34,0,47,0,28,0,79,0,50,0,17,0
Zach,Thomas,Houston Texans,LG,San Diego St.,27,63,5/26/98,77,300,1,78,3,Agile - G,85,0,71,0,59,0,82,0,81,0,63,0,19,0,34,0,12,0,20,0,27,0,21,0,22,0,56,0,10,0,20,0,35,0,84,0,89,0,10,0,13,0,17,0,10,0,75,0,10,0,15,0,63,0,64,0,64,0,64,0,6,0,23,0,30,0,10,0,33,0,20,0,72,0,74,0,70,0,Default Stride Awkward,0,22,0,15,0,74,0,10,0,19,0,34,0,6,0,6,0,6,0,6,0,16,0,13,0,86,0,10,0,10,0
Aaron,Brewer,Arizona Cardinals,LS,San Diego St.,35,62,7/5/90,77,232,1,46,13,Accurate - LS,72,0,69,0,68,0,77,0,68,0,60,0,39,0,59,0,15,0,20,0,50,0,45,0,55,0,63,0,37,0,35,0,50,0,68,0,87,0,35,0,13,0,13,0,10,0,53,0,28,0,42,0,62,0,57,0,40,0,50,0,6,0,35,0,51,0,25,0,61,0,22,0,51,0,34,0,39,0,Default,0,47,0,40,0,73,0,40,0,55,0,58,0,6,0,6,0,6,0,6,0,14,0,10,0,69,0,50,0,32,0
Alex,Ward,Los Angeles Rams,LS,UCF,26,62,4/21/99,76,236,1,47,2,Accurate - LS,77,0,72,0,74,0,74,0,66,0,52,0,45,0,40,0,16,0,25,0,52,0,48,0,48,0,71,0,39,0,25,0,49,0,62,0,90,0,52,0,12,0,14,0,25,0,46,0,16,0,42,0,62,0,45,0,45,0,44,0,6,0,25,0,20,0,20,0,43,0,25,0,48,0,49,0,44,0,Default Stride Awkward,0,44,0,47,0,69,0,47,0,42,0,46,0,9,0,15,0,24,0,6,0,31,0,10,0,78,0,48,0,24,0
Andrew,Meyer,Miami Dolphins,C,UTEP,25,62,1/14/00,75,295,1,60,1,Power - C,73,0,52,0,74,0,82,0,86,0,58,0,17,0,29,0,10,0,8,0,21,0,11,0,22,0,60,0,5,0,10,0,30,0,79,0,92,0,10,0,10,0,10,0,10,0,78,0,10,0,7,0,62,0,72,0,70,0,73,0,6,0,10,0,10,0,10,0,33,0,10,0,69,0,68,0,71,0,Default Stride Awkward,0,12,0,13,0,70,0,10,0,25,0,25,0,6,0,6,0,6,0,6,0,17,0,10,0,85,0,25,0,10,0
Antonio,Grier Jr,Tampa Bay Buccaneers,MLB,Arkansas,25,62,1/18/00,71,230,1,48,1,Run Stopper - MLB,90,0,71,0,86,0,80,0,74,0,60,0,32,0,65,0,12,0,22,0,44,0,21,0,48,0,74,0,8,0,53,0,79,0,76,0,86,0,36,0,12,0,16,0,10,0,12,0,48,0,13,0,62,0,45,0,45,0,45,0,6,0,61,0,64,0,39,0,79,0,24,0,45,0,45,0,45,0,Default Stride Loose,0,19,0,23,0,85,0,32,0,28,0,78,0,6,0,6,0,6,0,6,0,17,0,10,0,83,0,36,0,57,0
Atonio,Mafi,Las Vegas Raiders,RG,UCLA,24,62,10/20/00,75,329,1,56,2,Power - G,54,0,53,0,61,0,75,0,84,0,60,0,20,0,55,0,15,0,15,0,40,0,10,0,30,0,50,0,5,0,45,0,69,0,73,0,92,0,10,0,22,0,27,0,10,0,76,0,10,0,5,0,62,0,64,0,60,0,69,0,6,0,56,0,66,0,10,0,60,0,20,0,72,0,68,0,71,0,Default Stride Awkward,0,10,0,10,0,55,0,10,0,30,0,67,0,6,0,6,0,6,0,7,0,22,0,11,0,87,0,20,0,14,0
Austin,Deculus,Houston Texans,RT,LSU,26,62,3/12/99,77,321,1,76,3,Power - OT,77,0,50,0,71,0,81,0,84,0,68,0,16,0,29,0,12,0,7,0,24,0,15,0,19,0,48,0,8,0,10,0,35,0,81,0,93,0,16,0,16,0,19,0,10,0,73,0,8,0,16,0,62,0,64,0,62,0,66,0,6,0,20,0,10,0,10,0,21,0,13,0,67,0,63,0,70,0,Default Stride Awkward,0,20,0,17,0,70,0,14,0,28,0,27,0,6,0,6,0,6,0,6,0,18,0,8,0,90,0,26,0,9,0
Austin,Keys,Minnesota Vikings,MLB,Ole Miss,23,62,4/3/02,74,247,1,56,0,Field General - MLB,86,0,70,0,87,0,85,0,71,0,62,0,44,0,62,0,24,0,42,0,58,0,45,0,55,0,72,0,16,0,57,0,79,0,71,0,83,0,49,0,17,0,21,0,10,0,22,0,56,0,19,0,62,0,45,0,45,0,45,0,6,0,58,0,56,0,44,0,80,0,20,0,45,0,45,0,45,0,Default Stride High and Tight,0,22,0,46,0,85,0,49,0,42,0,80,0,6,0,6,0,6,0,6,0,21,0,12,0,84,0,45,0,62,0
Avery,Williams,Philadelphia Eagles,HB,Boise State,27,62,7/15/98,69,195,1,18,4,Elusive Back - HB,89,0,86,0,81,0,87,0,61,0,54,0,74,0,53,0,14,0,71,0,75,0,57,0,58,0,89,0,36,0,36,0,59,0,42,0,90,0,79,0,17,0,18,0,81,0,22,0,63,0,41,0,62,0,44,0,35,0,35,0,6,0,62,0,29,0,62,0,67,0,40,0,30,0,30,0,30,0,Short Stride Default,0,48,0,62,0,90,0,76,0,55,0,53,0,6,0,6,0,6,0,6,0,27,0,10,0,86,0,51,0,58,0
Ben,Sims,Green Bay Packers,TE,Baylor,25,62,5/16/00,77,250,0,89,2,Vertical Threat - TE,88,0,69,0,86,0,78,0,69,0,57,0,75,0,25,0,19,0,58,0,76,0,75,0,77,0,71,0,54,0,10,0,33,0,56,0,92,0,65,0,13,0,18,0,10,0,61,0,12,0,62,0,62,0,53,0,51,0,52,0,7,0,22,0,10,0,10,0,34,0,57,0,55,0,57,0,53,0,Long Stride High and Tight,0,65,0,79,0,85,0,63,0,62,0,28,0,7,0,10,0,15,0,11,0,27,0,12,0,79,0,57,0,14,0
Blake,Whiteheart,Cleveland Browns,TE,Wake Forest,25,62,3/22/00,76,247,1,86,2,Vertical Threat - TE,88,0,82,0,85,0,80,0,72,0,61,0,74,0,32,0,14,0,60,0,71,0,72,0,75,0,77,0,51,0,15,0,44,0,63,0,91,0,70,0,14,0,20,0,40,0,61,0,10,0,56,0,62,0,58,0,55,0,49,0,15,0,26,0,20,0,17,0,43,0,64,0,60,0,55,0,52,0,Long Stride Loose,0,61,0,76,0,82,0,65,0,65,0,42,0,21,0,24,0,30,0,16,0,33,0,15,0,88,0,62,0,12,0
Blayne,Taylor,Indianapolis Colts,WR,Abilene Chr.,23,62,3/30/02,76,212,1,4,0,,87,0,75,0,92,0,87,0,66,0,68,0,77,0,32,0,25,0,69,0,71,0,74,0,75,0,77,0,67,0,22,0,36,0,41,0,86,0,72,0,19,0,23,0,72,0,29,0,21,0,67,0,62,0,30,0,21,0,20,0,17,0,25,0,19,0,26,0,38,0,66,0,45,0,28,0,33,0,Long Stride Loose,0,65,0,79,0,91,0,66,0,39,0,31,0,19,0,22,0,26,0,23,0,30,0,19,0,84,0,45,0,25,0
Brady,Cook,NY Jets,QB,Missouri,23,62,10/12/01,74,214,1,4,0,Scrambler - QB,89,0,82,0,85,0,89,0,67,0,51,0,74,0,23,0,71,0,66,0,57,0,19,0,38,0,84,0,17,0,30,0,30,0,28,0,88,0,60,0,26,0,22,0,21,0,27,0,16,0,16,0,62,0,25,0,26,0,18,0,80,0,27,0,30,0,17,0,35,0,26,0,19,0,21,0,22,0,Default,0,18,0,18,0,85,0,56,0,42,0,32,0,73,0,75,0,79,0,80,0,88,0,72,0,88,0,47,0,17,0
Brandon,Smith,NY Jets,WR,Iowa,26,62,12/10/98,73,218,1,87,4,Physical - WR,90,0,67,0,92,0,85,0,70,0,52,0,77,0,33,0,22,0,78,0,73,0,74,0,74,0,72,0,57,0,10,0,37,0,59,0,90,0,74,0,11,0,17,0,50,0,40,0,16,0,61,0,62,0,44,0,30,0,29,0,17,0,22,0,10,0,20,0,41,0,76,0,54,0,30,0,36,0,Default Stride Loose,0,62,0,82,0,84,0,65,0,56,0,35,0,19,0,22,0,27,0,28,0,33,0,19,0,81,0,62,0,24,0
Brandon,Walton,Carolina Panthers,LT,FAU,27,62,3/18/98,77,300,1,73,4,Power - OT,57,0,55,0,65,0,77,0,85,0,73,0,25,0,28,0,12,0,10,0,28,0,10,0,25,0,48,0,5,0,25,0,27,0,80,0,88,0,15,0,14,0,14,0,15,0,78,0,10,0,5,0,62,0,69,0,66,0,71,0,6,0,25,0,24,0,10,0,24,0,15,0,66,0,67,0,65,0,Long Stride Awkward,0,10,0,12,0,61,0,13,0,29,0,25,0,6,0,6,0,6,0,6,0,20,0,11,0,79,0,30,0,12,0
Brandon,Pili,Seattle Seahawks,DT,USC,26,62,4/2/99,75,316,1,95,2,,72,0,60,0,72,0,72,0,82,0,68,0,14,0,73,0,12,0,16,0,23,0,13,0,22,0,49,0,5,0,55,0,77,0,86,0,80,0,17,0,9,0,10,0,10,0,26,0,12,0,8,0,62,0,40,0,40,0,40,0,5,0,67,0,62,0,11,0,68,0,12,0,45,0,45,0,45,0,Default Stride Awkward,0,10,0,12,0,61,0,16,0,25,0,71,0,5,0,6,0,7,0,6,0,18,0,5,0,88,0,30,0,14,0
Branson,Combs,Jacksonville Jaguars,MLB,Wake Forest,25,62,7/14/00,75,228,1,50,0,Field General - MLB,93,0,81,0,82,0,88,0,71,0,59,0,45,0,65,0,21,0,41,0,53,0,49,0,58,0,73,0,18,0,53,0,77,0,69,0,86,0,53,0,18,0,22,0,10,0,23,0,55,0,21,0,62,0,45,0,45,0,45,0,6,0,57,0,51,0,45,0,80,0,22,0,45,0,45,0,45,0,Default Stride Loose,0,24,0,53,0,83,0,50,0,44,0,77,0,6,0,6,0,6,0,6,0,23,0,12,0,86,0,44,0,61,0
C.J.,Brewer,Tampa Bay Buccaneers,DT,Coastal Carolina,27,62,11/22/97,74,290,1,52,3,,81,0,55,0,71,0,72,0,80,0,57,0,44,0,71,0,14,0,31,0,45,0,42,0,49,0,51,0,15,0,56,0,81,0,83,0,92,0,19,0,9,0,10,0,5,0,26,0,23,0,28,0,62,0,40,0,35,0,35,0,7,0,62,0,68,0,10,0,75,0,25,0,45,0,40,0,40,0,Default Stride Awkward,0,31,0,44,0,73,0,17,0,35,0,73,0,6,0,7,0,9,0,7,0,26,0,7,0,78,0,34,0,24,0
Chris,Stoll,Seattle Seahawks,LS,Penn State,27,62,8/3/98,74,255,1,41,2,Accurate - LS,74,0,61,0,71,0,72,0,65,0,49,0,33,0,43,0,10,0,15,0,61,0,44,0,46,0,53,0,34,0,10,0,60,0,67,0,91,0,34,0,12,0,13,0,10,0,55,0,15,0,38,0,62,0,52,0,53,0,50,0,6,0,32,0,10,0,14,0,39,0,32,0,54,0,55,0,49,0,Default Stride Awkward,0,40,0,42,0,75,0,29,0,45,0,48,0,6,0,9,0,16,0,7,0,33,0,10,0,80,0,42,0,14,0
Christian,Kuntz,Pittsburgh Steelers,LS,Duquesne,31,62,4/13/94,73,228,1,46,5,Power - LS,85,0,78,0,78,0,77,0,76,0,50,0,50,0,62,0,12,0,40,0,44,0,46,0,61,0,75,0,22,0,53,0,80,0,65,0,90,0,49,0,20,0,20,0,15,0,25,0,39,0,24,0,62,0,45,0,45,0,45,0,6,0,51,0,58,0,45,0,76,0,16,0,45,0,45,0,45,0,Default Stride Loose,0,29,0,42,0,79,0,45,0,46,0,76,0,6,0,6,0,15,0,6,0,25,0,10,0,85,0,45,0,49,0
CJ,Dippre,New England Patriots,TE,Alabama,23,62,4/29/02,77,256,1,82,0,Possession - TE,85,0,75,0,83,0,81,0,78,0,61,0,64,0,31,0,25,0,62,0,67,0,71,0,74,0,63,0,47,0,14,0,32,0,67,0,88,0,60,0,14,0,17,0,15,0,57,0,13,0,52,0,62,0,60,0,59,0,60,0,16,0,25,0,11,0,16,0,35,0,67,0,67,0,64,0,63,0,Long Stride High and Tight,0,58,0,72,0,83,0,54,0,60,0,34,0,16,0,20,0,25,0,20,0,35,0,20,0,82,0,62,0,14,0
Clayton,Tune,Arizona Cardinals,QB,Houston,26,62,3/23/99,75,220,1,15,2,Scrambler - QB,92,0,86,0,87,0,85,0,60,0,56,0,82,0,20,0,63,0,61,0,62,0,15,0,28,0,81,0,10,0,10,0,18,0,25,0,89,0,60,0,14,0,22,0,50,0,18,0,12,0,10,0,62,0,15,0,12,0,16,0,80,0,16,0,10,0,11,0,27,0,13,0,19,0,15,0,12,0,Long Stride Default,0,13,0,15,0,84,0,59,0,44,0,23,0,73,0,76,0,82,0,76,0,85,0,77,0,91,0,44,0,15,0
Cody,Lindenberg,Las Vegas Raiders,MLB,Minnesota,23,62,1/15/02,74,236,1,55,0,Field General - MLB,81,0,79,0,87,0,86,0,71,0,64,0,42,0,64,0,30,0,34,0,55,0,48,0,57,0,77,0,21,0,50,0,78,0,72,0,82,0,48,0,18,0,21,0,10,0,23,0,54,0,24,0,62,0,45,0,45,0,45,0,14,0,63,0,48,0,46,0,79,0,24,0,45,0,45,0,45,0,Default Stride Loose,0,27,0,51,0,82,0,39,0,37,0,77,0,17,0,20,0,23,0,28,0,26,0,17,0,83,0,40,0,62,0
Dallas,Gant,Philadelphia Eagles,MLB,Toledo,25,62,5/16/00,75,228,1,57,1,Pass Coverage - MLB,85,0,73,0,84,0,82,0,68,0,60,0,44,0,62,0,12,0,22,0,56,0,49,0,56,0,75,0,5,0,46,0,79,0,71,0,90,0,37,0,20,0,20,0,10,0,23,0,62,0,5,0,62,0,35,0,35,0,35,0,10,0,66,0,48,0,48,0,77,0,25,0,35,0,35,0,35,0,Long Stride Loose,0,15,0,46,0,83,0,24,0,48,0,77,0,6,0,6,0,6,0,15,0,25,0,10,0,85,0,43,0,65,0
Dalton,Cooper,Kansas City Chiefs,RT,Oklahoma St.,24,62,3/15/01,79,315,1,73,0,Agile - OT,72,0,55,0,70,0,81,0,86,0,60,0,13,0,29,0,13,0,9,0,26,0,15,0,23,0,59,0,5,0,13,0,25,0,78,0,88,0,10,0,11,0,14,0,10,0,82,0,11,0,5,0,62,0,69,0,69,0,66,0,6,0,15,0,19,0,10,0,31,0,14,0,71,0,70,0,67,0,Long Stride Awkward,0,15,0,15,0,73,0,10,0,16,0,24,0,6,0,6,0,6,0,6,0,15,0,11,0,82,0,25,0,11,0
Danny,Striggow,Jacksonville Jaguars,LE,Minnesota,23,62,7/24/02,76,253,1,92,0,Power Rusher - DE,80,0,81,0,80,0,76,0,75,0,56,0,33,0,67,0,12,0,24,0,34,0,19,0,35,0,74,0,5,0,67,0,77,0,65,0,87,0,31,0,13,0,15,0,10,0,20,0,34,0,7,0,62,0,45,0,45,0,45,0,6,0,55,0,68,0,33,0,78,0,15,0,45,0,45,0,45,0,Long Stride Loose,0,15,0,23,0,78,0,29,0,33,0,75,0,6,0,6,0,6,0,6,0,22,0,10,0,84,0,30,0,47,0
Dartanyan,Tinsley,Cleveland Browns,LG,Cincinnati,24,62,3/21/01,75,340,1,65,0,Power - G,67,0,59,0,68,0,80,0,88,0,57,0,14,0,27,0,15,0,11,0,24,0,15,0,23,0,39,0,5,0,20,0,35,0,79,0,86,0,10,0,13,0,13,0,10,0,77,0,12,0,5,0,62,0,67,0,65,0,69,0,6,0,14,0,25,0,10,0,34,0,12,0,68,0,66,0,69,0,Default Stride Awkward,0,10,0,14,0,56,0,10,0,20,0,34,0,6,0,6,0,6,0,6,0,13,0,14,0,81,0,25,0,10,0
David,Martin-Robinson,Tennessee Titans,TE,Temple,25,62,12/26/99,75,247,1,88,1,Vertical Threat - TE,87,0,81,0,84,0,80,0,70,0,52,0,74,0,39,0,11,0,65,0,72,0,74,0,78,0,81,0,52,0,10,0,30,0,68,0,87,0,68,0,19,0,21,0,18,0,57,0,14,0,54,0,62,0,60,0,60,0,56,0,20,0,18,0,10,0,17,0,37,0,64,0,61,0,61,0,56,0,Long Stride Default,0,60,0,75,0,85,0,58,0,64,0,39,0,14,0,20,0,25,0,26,0,20,0,10,0,84,0,65,0,21,0
Demetrius,Flannigan-Fowles,NY Giants,MLB,Arizona,28,62,9/4/96,74,223,1,44,6,Pass Coverage - MLB,85,0,76,0,83,0,82,0,65,0,66,0,54,0,61,0,15,0,45,0,55,0,57,0,67,0,75,0,22,0,58,0,77,0,69,0,91,0,69,0,24,0,28,0,40,0,10,0,58,0,27,0,62,0,30,0,35,0,35,0,6,0,63,0,43,0,60,0,79,0,24,0,30,0,35,0,35,0,Default Stride Loose,0,37,0,66,0,86,0,61,0,51,0,74,0,6,0,6,0,6,0,6,0,27,0,12,0,81,0,48,0,65,0
Desmond,Watson,Tampa Bay Buccaneers,DT,Florida,22,62,1/5/03,78,415,1,56,0,,45,0,52,0,64,0,72,0,96,0,54,0,19,0,72,0,12,0,11,0,30,0,14,0,30,0,41,0,5,0,51,0,83,0,91,0,90,0,15,0,14,0,15,0,10,0,28,0,14,0,5,0,62,0,45,0,45,0,45,0,6,0,56,0,65,0,18,0,64,0,15,0,45,0,45,0,45,0,Long Stride Awkward,0,10,0,17,0,41,0,10,0,24,0,81,0,6,0,6,0,6,0,6,0,20,0,10,0,79,0,28,0,22,0
Devin,Culp,Tampa Bay Buccaneers,TE,Washington,25,62,2/2/00,76,237,1,82,1,Vertical Threat - TE,92,0,74,0,85,0,81,0,68,0,68,0,71,0,29,0,14,0,67,0,71,0,73,0,76,0,77,0,47,0,17,0,27,0,57,0,90,0,68,0,15,0,18,0,18,0,51,0,14,0,51,0,62,0,50,0,51,0,49,0,6,0,22,0,17,0,17,0,28,0,64,0,51,0,53,0,50,0,Long Stride Default,0,58,0,72,0,90,0,62,0,64,0,33,0,6,0,10,0,15,0,10,0,30,0,10,0,84,0,65,0,21,0
Donovan,McMillon,Cleveland Browns,FS,Pittsburgh,23,62,6/18/02,74,203,1,31,0,Zone - S,86,0,84,0,84,0,87,0,65,0,58,0,61,0,51,0,14,0,51,0,61,0,56,0,69,0,87,0,12,0,32,0,75,0,57,0,88,0,61,0,15,0,19,0,78,0,25,0,61,0,14,0,62,0,35,0,35,0,35,0,6,0,55,0,35,0,57,0,74,0,22,0,35,0,35,0,35,0,Default Stride Loose,0,24,0,57,0,90,0,57,0,43,0,65,0,6,0,6,0,6,0,6,0,24,0,12,0,87,0,48,0,64,0
Dorian,Mausi Jr.,Minnesota Vikings,ROLB,Auburn,23,62,3/5/02,73,234,1,52,0,Run Stopper - OLB,83,0,77,0,80,0,85,0,68,0,61,0,44,0,63,0,23,0,35,0,57,0,44,0,53,0,76,0,14,0,51,0,77,0,70,0,86,0,55,0,21,0,27,0,10,0,25,0,54,0,19,0,62,0,45,0,45,0,45,0,6,0,58,0,48,0,45,0,79,0,18,0,45,0,45,0,45,0,Default Stride Loose,0,24,0,52,0,83,0,43,0,41,0,78,0,6,0,6,0,6,0,6,0,21,0,12,0,85,0,47,0,60,0
Dylan,Cook,Pittsburgh Steelers,LT,Montana,27,62,1/11/98,78,305,1,60,3,Agile - OT,65,0,62,0,76,0,79,0,80,0,65,0,22,0,55,0,9,0,14,0,23,0,15,0,22,0,51,0,5,0,34,0,55,0,76,0,90,0,12,0,11,0,15,0,10,0,81,0,10,0,11,0,62,0,69,0,73,0,66,0,6,0,34,0,41,0,10,0,45,0,10,0,65,0,68,0,62,0,Long Stride Awkward,0,15,0,21,0,69,0,12,0,39,0,45,0,6,0,6,0,6,0,6,0,19,0,6,0,86,0,30,0,12,0
Easton,Stick,Atlanta Falcons,QB,North Dakota St.,28,62,9/15/96,73,224,1,12,6,Scrambler - QB,86,0,90,0,78,0,79,0,65,0,65,0,77,0,23,0,74,0,68,0,65,0,22,0,27,0,85,0,14,0,10,0,20,0,22,0,93,0,65,0,28,0,29,0,10,0,14,0,11,0,16,0,62,0,14,0,13,0,13,0,78,0,17,0,10,0,10,0,30,0,16,0,21,0,12,0,16,0,Default,0,21,0,18,0,85,0,68,0,43,0,23,0,75,0,74,0,78,0,77,0,83,0,72,0,90,0,56,0,17,0
Eku,Leota,Pittsburgh Steelers,RE,Auburn,26,62,5/11/99,75,252,1,53,2,Run Stopper - DE,81,0,74,0,75,0,77,0,78,0,55,0,52,0,72,0,11,0,35,0,59,0,54,0,60,0,72,0,24,0,52,0,82,0,78,0,85,0,50,0,28,0,31,0,10,0,40,0,45,0,35,0,62,0,40,0,40,0,40,0,6,0,56,0,65,0,35,0,76,0,44,0,45,0,45,0,45,0,Default Stride Loose,0,43,0,57,0,78,0,45,0,54,0,78,0,5,0,6,0,10,0,7,0,22,0,7,0,87,0,51,0,51,0
Ethan,Driskell,Kansas City Chiefs,RT,Marshall,25,62,6/29/00,80,313,1,75,1,Power - OT,58,0,69,0,67,0,79,0,87,0,56,0,28,0,37,0,20,0,34,0,26,0,25,0,28,0,52,0,5,0,10,0,25,0,79,0,83,0,33,0,25,0,29,0,36,0,76,0,11,0,10,0,62,0,67,0,63,0,68,0,15,0,22,0,10,0,12,0,31,0,17,0,71,0,67,0,72,0,Long Stride Awkward,0,15,0,24,0,64,0,28,0,36,0,34,0,10,0,15,0,20,0,15,0,15,0,19,0,84,0,25,0,10,0
Fred,Johnson,Jacksonville Jaguars,LT,Florida,28,62,6/5/97,79,326,1,74,6,Power - OT,60,0,53,0,63,0,81,0,85,0,72,0,16,0,25,0,12,0,5,0,20,0,17,0,24,0,42,0,5,0,10,0,40,0,79,0,89,0,14,0,13,0,14,0,10,0,79,0,9,0,8,0,62,0,64,0,62,0,65,0,6,0,15,0,10,0,10,0,23,0,15,0,71,0,74,0,69,0,Long Stride Awkward,0,18,0,15,0,63,0,10,0,22,0,31,0,6,0,6,0,6,0,6,0,12,0,10,0,83,0,25,0,14,0
Giovanni,Ricci,Minnesota Vikings,FB,W. Michigan,28,62,10/16/96,75,240,1,49,5,Utility - FB,80,0,77,0,79,0,81,0,69,0,60,0,74,0,29,0,40,0,51,0,74,0,67,0,68,0,71,0,44,0,17,0,27,0,55,0,90,0,72,0,22,0,20,0,35,0,66,0,14,0,53,0,62,0,60,0,55,0,51,0,34,0,21,0,15,0,15,0,37,0,44,0,55,0,45,0,47,0,Default,0,59,0,73,0,78,0,67,0,49,0,31,0,29,0,33,0,37,0,35,0,41,0,32,0,79,0,68,0,20,0
Glendon,Miller,Kansas City Chiefs,FS,Maryland,23,62,4/30/02,74,206,1,25,0,Hybrid - S,92,0,81,0,90,0,86,0,63,0,56,0,62,0,48,0,14,0,52,0,62,0,58,0,68,0,83,0,15,0,31,0,73,0,58,0,87,0,62,0,14,0,18,0,42,0,25,0,61,0,20,0,62,0,35,0,35,0,35,0,6,0,53,0,32,0,60,0,73,0,22,0,35,0,35,0,35,0,Default Stride Loose,0,25,0,58,0,91,0,59,0,45,0,63,0,6,0,6,0,6,0,6,0,24,0,12,0,87,0,49,0,65,0
J.T.,Gray,New Orleans Saints,FS,Mississippi St.,29,62,1/18/96,72,202,1,48,7,Zone - S,90,0,81,0,81,0,86,0,65,0,57,0,58,0,54,0,27,0,51,0,58,0,51,0,62,0,79,0,15,0,46,0,76,0,53,0,91,0,66,0,14,0,17,0,60,0,10,0,56,0,20,0,62,0,35,0,35,0,35,0,6,0,54,0,40,0,61,0,80,0,26,0,35,0,35,0,35,0,Default Stride Loose,0,30,0,62,0,90,0,59,0,61,0,72,0,6,0,6,0,6,0,6,0,31,0,10,0,81,0,54,0,63,0
Jack,Conley,New England Patriots,RG,Boston College,24,62,6/15/01,79,333,1,74,0,Power - G,67,0,55,0,70,0,80,0,83,0,59,0,12,0,21,0,12,0,9,0,26,0,15,0,22,0,36,0,5,0,10,0,27,0,80,0,86,0,10,0,12,0,14,0,10,0,78,0,10,0,5,0,62,0,67,0,67,0,68,0,6,0,15,0,15,0,10,0,25,0,13,0,69,0,68,0,69,0,Long Stride Awkward,0,12,0,15,0,62,0,10,0,15,0,27,0,6,0,6,0,6,0,6,0,16,0,14,0,82,0,20,0,11,0
Jacob,Hummel,Baltimore Ravens,MLB,Iowa State,26,62,1/4/99,73,235,1,35,3,Run Stopper - MLB,88,0,85,0,78,0,80,0,67,0,64,0,48,0,60,0,17,0,41,0,56,0,55,0,65,0,76,0,14,0,43,0,79,0,67,0,92,0,55,0,15,0,20,0,10,0,31,0,53,0,24,0,62,0,45,0,45,0,45,0,6,0,65,0,45,0,46,0,80,0,21,0,45,0,45,0,45,0,Default,0,31,0,58,0,87,0,46,0,42,0,76,0,6,0,6,0,6,0,6,0,22,0,15,0,88,0,33,0,59,0
Jalen,Davis,Cincinnati Bengals,CB,Utah State,29,62,2/2/96,70,190,1,35,7,Manto Man - CB,88,0,81,0,86,0,87,0,53,0,61,0,72,0,55,0,10,0,52,0,63,0,51,0,69,0,77,0,12,0,42,0,54,0,50,0,86,0,78,0,25,0,25,0,73,0,15,0,63,0,17,0,62,0,35,0,35,0,35,0,6,0,62,0,25,0,70,0,72,0,15,0,35,0,35,0,35,0,Short Stride Loose,0,27,0,62,0,88,0,71,0,31,0,57,0,6,0,6,0,6,0,6,0,30,0,12,0,78,0,25,0,62,0
Jalin,Conyers,Miami Dolphins,TE,Texas Tech,24,62,7/26/01,76,260,1,47,0,Vertical Threat - TE,85,0,85,0,85,0,81,0,74,0,56,0,58,0,35,0,15,0,63,0,73,0,73,0,75,0,74,0,56,0,15,0,31,0,59,0,88,0,62,0,15,0,17,0,18,0,55,0,15,0,61,0,62,0,58,0,55,0,55,0,6,0,27,0,16,0,15,0,35,0,71,0,59,0,52,0,51,0,Long Stride High and Tight,0,65,0,74,0,81,0,58,0,63,0,37,0,6,0,10,0,15,0,10,0,23,0,10,0,80,0,62,0,19,0
Jarrett,Stidham,Denver Broncos,QB,Auburn,29,62,8/8/96,75,215,1,8,6,Field General - QB,77,0,72,0,76,0,76,0,62,0,66,0,65,0,20,0,63,0,36,0,60,0,48,0,53,0,74,0,31,0,10,0,20,0,24,0,85,0,50,0,26,0,32,0,10,0,14,0,11,0,32,0,62,0,19,0,19,0,14,0,73,0,16,0,10,0,10,0,26,0,34,0,19,0,15,0,15,0,Long Stride Default,0,37,0,49,0,78,0,38,0,35,0,20,0,73,0,75,0,81,0,81,0,86,0,73,0,89,0,37,0,19,0
Joe,Huber,Minnesota Vikings,RG,Wisconsin,23,62,5/2/02,77,310,1,60,0,Power - G,70,0,61,0,70,0,75,0,86,0,55,0,13,0,25,0,12,0,9,0,23,0,15,0,22,0,55,0,5,0,10,0,28,0,79,0,83,0,10,0,12,0,11,0,10,0,78,0,11,0,5,0,62,0,69,0,68,0,70,0,6,0,13,0,17,0,10,0,24,0,12,0,68,0,67,0,68,0,Long Stride Awkward,0,14,0,14,0,66,0,10,0,16,0,27,0,6,0,6,0,6,0,6,0,14,0,12,0,81,0,30,0,12,0
Jovaughn,Gwyn,Atlanta Falcons,C,South Carolina,26,62,3/18/99,74,301,1,52,2,Agile - C,77,0,57,0,69,0,84,0,89,0,71,0,10,0,30,0,11,0,7,0,30,0,12,0,26,0,54,0,5,0,33,0,40,0,74,0,92,0,12,0,20,0,22,0,10,0,79,0,12,0,8,0,62,0,70,0,73,0,67,0,6,0,38,0,32,0,10,0,26,0,11,0,62,0,65,0,59,0,Default Stride Awkward,0,12,0,14,0,68,0,11,0,22,0,40,0,5,0,6,0,7,0,5,0,19,0,10,0,80,0,17,0,11,0
Kahlef,Hailassie,Minnesota Vikings,CB,W. Kentucky,24,62,11/9/00,73,195,1,25,2,Zone - CB,90,0,92,0,79,0,85,0,53,0,56,0,66,0,47,0,21,0,51,0,53,0,61,0,70,0,88,0,14,0,43,0,66,0,47,0,91,0,73,0,11,0,11,0,55,0,26,0,62,0,21,0,62,0,30,0,30,0,30,0,15,0,55,0,35,0,73,0,72,0,27,0,35,0,35,0,35,0,Default Stride Loose,0,28,0,63,0,88,0,67,0,52,0,55,0,10,0,10,0,15,0,15,0,25,0,11,0,87,0,44,0,67,0
Kana'i,Mauga,Los Angeles Chargers,ROLB,USC,25,62,1/8/00,74,245,1,56,3,Run Stopper - OLB,83,0,75,0,78,0,82,0,75,0,63,0,45,0,70,0,8,0,42,0,55,0,44,0,55,0,69,0,17,0,50,0,80,0,76,0,86,0,48,0,24,0,26,0,15,0,24,0,54,0,22,0,62,0,35,0,35,0,35,0,7,0,61,0,58,0,45,0,76,0,25,0,45,0,45,0,45,0,Default Stride High and Tight,0,25,0,45,0,83,0,44,0,50,0,72,0,6,0,7,0,9,0,6,0,25,0,7,0,86,0,49,0,57,0
Karsen,Barnhart,Los Angeles Chargers,RG,Michigan,24,62,3/2/01,77,316,1,61,1,Agile - G,75,0,57,0,74,0,78,0,82,0,63,0,17,0,20,0,12,0,8,0,29,0,10,0,19,0,57,0,5,0,10,0,62,0,77,0,90,0,10,0,14,0,14,0,15,0,79,0,10,0,5,0,62,0,66,0,69,0,69,0,6,0,22,0,20,0,10,0,27,0,15,0,68,0,69,0,68,0,Long Stride Awkward,0,10,0,12,0,65,0,10,0,15,0,55,0,6,0,6,0,6,0,6,0,22,0,15,0,88,0,29,0,17,0
Keir,Thomas,Los Angeles Rams,RE,Florida State,27,62,1/25/98,74,275,1,96,3,Power Rusher - DE,85,0,69,0,75,0,72,0,75,0,52,0,35,0,66,0,12,0,32,0,45,0,31,0,44,0,67,0,5,0,52,0,85,0,80,0,90,0,30,0,12,0,13,0,10,0,29,0,16,0,5,0,62,0,40,0,40,0,40,0,7,0,51,0,72,0,27,0,81,0,14,0,45,0,45,0,45,0,Default Stride Loose,0,15,0,34,0,77,0,25,0,40,0,74,0,7,0,6,0,6,0,8,0,25,0,7,0,84,0,48,0,24,0
Kurtis,Rourke,San Francisco 49ers,QB,Indiana,24,62,10/25/00,76,220,1,4,0,Strong Arm - QB,78,0,75,0,70,0,87,0,67,0,67,0,69,0,30,0,61,0,57,0,59,0,17,0,49,0,72,0,17,0,30,0,30,0,30,0,82,0,52,0,30,0,25,0,23,0,28,0,20,0,18,0,62,0,24,0,34,0,35,0,75,0,48,0,28,0,17,0,24,0,27,0,23,0,33,0,33,0,Long Stride Default,0,18,0,18,0,76,0,51,0,35,0,35,0,73,0,73,0,80,0,74,0,90,0,71,0,81,0,45,0,44,0
Kyle,Hergel,New Orleans Saints,LG,Boston College,25,62,10/7/99,75,302,1,60,1,Power - G,69,0,57,0,76,0,85,0,88,0,66,0,14,0,28,0,12,0,7,0,27,0,14,0,26,0,60,0,5,0,10,0,33,0,81,0,93,0,11,0,14,0,13,0,10,0,74,0,12,0,5,0,62,0,69,0,67,0,71,0,6,0,25,0,10,0,8,0,29,0,15,0,65,0,67,0,63,0,Default Stride Awkward,0,13,0,14,0,59,0,10,0,15,0,34,0,5,0,6,0,10,0,7,0,22,0,10,0,82,0,22,0,11,0
Landon,Young,New Orleans Saints,RT,Kentucky,28,62,8/21/97,79,321,1,67,4,Agile - OT,77,0,60,0,75,0,80,0,90,0,68,0,14,0,36,0,12,0,8,0,22,0,26,0,28,0,43,0,7,0,17,0,35,0,76,0,84,0,13,0,22,0,20,0,10,0,72,0,12,0,13,0,62,0,66,0,64,0,68,0,6,0,21,0,22,0,10,0,33,0,21,0,68,0,70,0,66,0,Default Stride Awkward,0,22,0,23,0,66,0,10,0,10,0,32,0,6,0,6,0,12,0,6,0,35,0,10,0,89,0,24,0,12,0
Maema,Njongmeta,Cincinnati Bengals,MLB,Wisconsin,24,62,3/9/01,72,230,1,45,1,Run Stopper - MLB,84,0,73,0,83,0,78,0,66,0,64,0,27,0,65,0,12,0,23,0,46,0,44,0,53,0,65,0,5,0,44,0,83,0,77,0,90,0,37,0,14,0,18,0,10,0,19,0,52,0,6,0,62,0,45,0,45,0,45,0,6,0,67,0,48,0,49,0,78,0,20,0,45,0,45,0,45,0,Long Stride Loose,0,10,0,41,0,80,0,30,0,31,0,79,0,6,0,6,0,6,0,6,0,23,0,12,0,85,0,30,0,63,0
Matt,Lee,Cincinnati Bengals,C,Miami,24,62,6/6/01,75,310,1,65,1,Agile - C,74,0,53,0,76,0,82,0,82,0,70,0,10,0,39,0,15,0,8,0,34,0,25,0,35,0,55,0,5,0,15,0,29,0,73,0,91,0,10,0,14,0,22,0,10,0,79,0,13,0,8,0,62,0,73,0,68,0,68,0,8,0,24,0,25,0,11,0,35,0,13,0,68,0,72,0,64,0,Default Stride Awkward,0,15,0,15,0,71,0,10,0,19,0,31,0,7,0,11,0,12,0,6,0,30,0,5,0,77,0,20,0,12,0
Maurice,Alexander,Chicago Bears,WR,FIU,28,62,1/10/97,71,180,1,13,4,,88,0,87,0,82,0,80,0,43,0,52,0,81,0,26,0,59,0,67,0,67,0,70,0,73,0,84,0,60,0,14,0,27,0,35,0,87,0,82,0,17,0,23,0,84,0,22,0,25,0,62,0,62,0,25,0,12,0,10,0,48,0,32,0,15,0,21,0,32,0,52,0,32,0,14,0,16,0,Default Stride Loose,0,64,0,72,0,90,0,75,0,38,0,24,0,49,0,51,0,54,0,62,0,61,0,34,0,72,0,34,0,33,0
Mello,Dotson,Carolina Panthers,CB,Kansas,23,62,2/19/02,73,183,1,28,0,Manto Man - CB,90,0,87,0,83,0,87,0,54,0,55,0,62,0,42,0,12,0,50,0,60,0,59,0,67,0,83,0,20,0,32,0,60,0,40,0,83,0,71,0,12,0,12,0,49,0,15,0,66,0,22,0,62,0,30,0,30,0,30,0,6,0,53,0,30,0,71,0,71,0,26,0,35,0,35,0,35,0,Default Stride Loose,0,30,0,64,0,87,0,64,0,39,0,56,0,6,0,6,0,6,0,6,0,25,0,10,0,85,0,30,0,68,0
Mike,Reid,Carolina Panthers,CB,South Dakota,23,62,5/24/02,73,203,1,35,0,Manto Man - CB,90,0,80,0,85,0,86,0,59,0,58,0,65,0,43,0,12,0,47,0,59,0,58,0,68,0,79,0,20,0,35,0,59,0,43,0,86,0,70,0,11,0,13,0,51,0,15,0,65,0,26,0,62,0,35,0,35,0,35,0,6,0,56,0,25,0,72,0,71,0,25,0,35,0,35,0,35,0,Default Stride Loose,0,33,0,63,0,87,0,65,0,33,0,56,0,6,0,6,0,6,0,6,0,26,0,10,0,85,0,28,0,67,0
Nash,Jones,Los Angeles Chargers,RG,Texas State,23,62,3/29/02,77,320,1,62,0,Power - G,68,0,56,0,74,0,82,0,87,0,58,0,15,0,23,0,12,0,9,0,26,0,15,0,25,0,53,0,5,0,10,0,23,0,80,0,86,0,10,0,11,0,11,0,10,0,77,0,12,0,5,0,62,0,68,0,67,0,68,0,6,0,11,0,16,0,10,0,25,0,15,0,69,0,68,0,69,0,Default Stride Awkward,0,15,0,15,0,62,0,10,0,15,0,24,0,6,0,6,0,6,0,6,0,13,0,10,0,82,0,35,0,13,0
Nate,Brooks,Cincinnati Bengals,CB,North Texas,28,62,9/5/96,72,192,1,41,6,Manto Man - CB,89,0,91,0,94,0,86,0,55,0,60,0,60,0,46,0,10,0,50,0,60,0,58,0,71,0,90,0,10,0,43,0,53,0,52,0,85,0,68,0,13,0,18,0,45,0,15,0,65,0,10,0,62,0,35,0,35,0,35,0,6,0,55,0,37,0,70,0,70,0,35,0,35,0,35,0,35,0,Default Stride Loose,0,20,0,65,0,84,0,65,0,30,0,50,0,6,0,6,0,6,0,6,0,30,0,16,0,76,0,35,0,63,0
Nick,Muse,Philadelphia Eagles,TE,South Carolina,26,62,11/25/98,77,252,1,87,3,Possession - TE,84,0,81,0,75,0,83,0,80,0,64,0,61,0,36,0,22,0,59,0,74,0,73,0,76,0,75,0,50,0,21,0,40,0,70,0,90,0,61,0,19,0,21,0,15,0,59,0,20,0,55,0,62,0,58,0,57,0,58,0,13,0,28,0,24,0,17,0,39,0,59,0,60,0,59,0,59,0,Long Stride Default,0,59,0,72,0,82,0,56,0,58,0,38,0,14,0,20,0,25,0,21,0,30,0,10,0,84,0,65,0,26,0
Nick,Samac,Baltimore Ravens,C,Michigan St.,24,62,8/21/01,76,307,1,61,1,Power - C,72,0,64,0,63,0,81,0,84,0,70,0,32,0,34,0,11,0,30,0,35,0,22,0,24,0,54,0,5,0,31,0,44,0,77,0,87,0,21,0,13,0,21,0,10,0,78,0,14,0,5,0,62,0,66,0,68,0,67,0,10,0,46,0,41,0,10,0,33,0,11,0,70,0,71,0,69,0,Default Stride Awkward,0,10,0,27,0,65,0,15,0,25,0,42,0,15,0,14,0,21,0,11,0,24,0,15,0,88,0,35,0,18,0
Raymond,Johnson III,Cincinnati Bengals,LE,Ga. Southern,26,62,10/21/98,75,270,1,56,4,Power Rusher - DE,81,0,67,0,80,0,74,0,75,0,62,0,34,0,71,0,12,0,27,0,38,0,32,0,35,0,63,0,11,0,58,0,77,0,81,0,90,0,39,0,16,0,15,0,10,0,19,0,20,0,15,0,62,0,45,0,45,0,45,0,6,0,60,0,69,0,24,0,76,0,17,0,45,0,45,0,45,0,Default Stride Awkward,0,22,0,31,0,79,0,32,0,44,0,75,0,6,0,6,0,6,0,6,0,25,0,10,0,81,0,28,0,23,0
Reid,Holskey,Baltimore Ravens,LT,Miami Univ.,23,62,1/3/02,78,310,1,56,0,Power - OT,73,0,63,0,71,0,81,0,91,0,56,0,10,0,24,0,12,0,9,0,25,0,15,0,25,0,58,0,5,0,10,0,25,0,79,0,89,0,10,0,13,0,15,0,10,0,74,0,11,0,5,0,62,0,67,0,65,0,68,0,6,0,13,0,16,0,10,0,22,0,12,0,69,0,66,0,69,0,Default Stride Awkward,0,15,0,15,0,69,0,10,0,15,0,26,0,6,0,6,0,6,0,6,0,15,0,12,0,83,0,25,0,12,0
Shaka,Heyward,Cincinnati Bengals,ROLB,Duke,25,62,4/19/00,75,238,1,50,2,Run Stopper - OLB,89,0,73,0,76,0,78,0,74,0,57,0,44,0,65,0,12,0,32,0,52,0,50,0,51,0,73,0,6,0,42,0,77,0,77,0,88,0,31,0,12,0,15,0,15,0,15,0,54,0,12,0,62,0,45,0,45,0,45,0,6,0,53,0,55,0,43,0,77,0,12,0,45,0,45,0,45,0,Short Stride Default,0,22,0,51,0,88,0,24,0,27,0,77,0,5,0,6,0,10,0,7,0,22,0,10,0,84,0,40,0,60,0
Shaun,Dolac,Los Angeles Rams,MLB,Buffalo,23,62,9/14/01,73,225,1,56,0,Field General - MLB,93,0,86,0,85,0,87,0,73,0,58,0,43,0,61,0,22,0,37,0,59,0,46,0,46,0,82,0,20,0,53,0,76,0,72,0,86,0,41,0,17,0,23,0,10,0,25,0,55,0,25,0,62,0,45,0,45,0,45,0,6,0,57,0,49,0,45,0,77,0,25,0,45,0,45,0,45,0,Default Stride Loose,0,32,0,48,0,85,0,44,0,45,0,77,0,6,0,6,0,6,0,6,0,24,0,12,0,86,0,45,0,61,0
Stetson,Bennett IV,Los Angeles Rams,QB,Georgia,27,62,10/28/97,71,190,1,13,2,Scrambler - QB,90,0,84,0,80,0,81,0,55,0,64,0,79,0,11,0,66,0,49,0,55,0,10,0,27,0,85,0,10,0,9,0,16,0,25,0,86,0,62,0,22,0,28,0,10,0,22,0,9,0,10,0,62,0,14,0,14,0,12,0,80,0,13,0,10,0,10,0,26,0,13,0,24,0,20,0,17,0,Default,0,10,0,13,0,84,0,44,0,40,0,20,0,76,0,72,0,81,0,78,0,84,0,76,0,85,0,36,0,13,0
Stone,Forsythe,NY Giants,RT,Florida,27,62,12/29/97,80,307,1,70,4,Agile - OT,67,0,67,0,69,0,78,0,87,0,73,0,16,0,25,0,12,0,5,0,20,0,17,0,24,0,49,0,5,0,10,0,34,0,75,0,91,0,14,0,13,0,14,0,10,0,70,0,9,0,8,0,62,0,68,0,66,0,70,0,6,0,15,0,10,0,10,0,23,0,15,0,66,0,68,0,63,0,Default Stride Awkward,0,18,0,15,0,67,0,10,0,22,0,31,0,6,0,6,0,6,0,6,0,12,0,10,0,74,0,25,0,11,0
Storm,Norton,Atlanta Falcons,RT,Toledo,31,62,5/16/94,79,317,1,77,8,Agile - OT,71,0,67,0,71,0,85,0,82,0,79,0,14,0,39,0,12,0,8,0,22,0,22,0,27,0,53,0,15,0,15,0,20,0,81,0,90,0,10,0,21,0,22,0,10,0,83,0,13,0,15,0,62,0,61,0,60,0,63,0,6,0,20,0,25,0,10,0,29,0,21,0,72,0,75,0,68,0,Default Stride Awkward,0,15,0,15,0,65,0,10,0,27,0,29,0,6,0,6,0,6,0,6,0,30,0,10,0,86,0,33,0,15,0
Tarron,Jackson,San Francisco 49ers,LE,Coastal Carolina,27,62,6/22/98,74,254,1,56,4,Run Stopper - DE,79,0,71,0,73,0,74,0,77,0,61,0,37,0,69,0,12,0,21,0,38,0,30,0,41,0,67,0,13,0,65,0,75,0,80,0,90,0,36,0,11,0,19,0,10,0,20,0,24,0,17,0,62,0,45,0,45,0,45,0,6,0,62,0,61,0,22,0,76,0,18,0,45,0,45,0,45,0,Long Stride Loose,0,23,0,32,0,81,0,38,0,35,0,75,0,6,0,6,0,6,0,6,0,25,0,15,0,81,0,32,0,38,0
TeRah,Edwards,Los Angeles Chargers,DT,Illinois,24,62,6/3/01,75,321,1,94,0,,70,0,61,0,65,0,87,0,87,0,58,0,23,0,72,0,12,0,15,0,37,0,23,0,36,0,58,0,5,0,61,0,79,0,84,0,87,0,19,0,12,0,18,0,10,0,26,0,17,0,7,0,62,0,45,0,45,0,45,0,6,0,56,0,69,0,16,0,68,0,15,0,45,0,45,0,45,0,Long Stride Loose,0,15,0,19,0,65,0,17,0,29,0,76,0,6,0,6,0,6,0,6,0,20,0,10,0,88,0,32,0,23,0
Thomas,Odukoya,Tennessee Titans,TE,Eastern Michigan,28,62,5/5/97,78,253,1,89,2,Vertical Threat - TE,81,0,74,0,78,0,77,0,72,0,70,0,66,0,36,0,23,0,54,0,71,0,75,0,77,0,73,0,53,0,10,0,29,0,62,0,87,0,62,0,25,0,29,0,20,0,51,0,12,0,57,0,62,0,56,0,56,0,50,0,20,0,19,0,10,0,10,0,40,0,63,0,57,0,57,0,53,0,Long Stride Default,0,62,0,74,0,83,0,55,0,60,0,38,0,10,0,15,0,20,0,18,0,31,0,22,0,79,0,61,0,15,0
Tommy,Mellott,Las Vegas Raiders,WR,Oregon,23,62,10/16/01,72,205,1,19,0,,95,0,86,0,92,0,86,0,63,0,59,0,75,0,33,0,72,0,73,0,71,0,68,0,76,0,85,0,61,0,32,0,30,0,31,0,85,0,70,0,37,0,39,0,35,0,22,0,24,0,61,0,62,0,21,0,27,0,25,0,62,0,29,0,30,0,22,0,39,0,54,0,43,0,26,0,29,0,Default,0,63,0,69,0,92,0,66,0,58,0,35,0,68,0,71,0,75,0,73,0,82,0,62,0,86,0,58,0,48,0
Trey,Washington,Indianapolis Colts,FS,Ole Miss,22,62,12/9/02,70,205,1,41,0,Hybrid - S,92,0,77,0,86,0,87,0,67,0,60,0,59,0,45,0,16,0,56,0,58,0,57,0,64,0,72,0,10,0,33,0,76,0,57,0,86,0,71,0,14,0,18,0,74,0,12,0,63,0,13,0,62,0,35,0,35,0,35,0,6,0,58,0,35,0,60,0,71,0,14,0,35,0,35,0,35,0,Default Stride Loose,0,23,0,55,0,89,0,63,0,31,0,64,0,6,0,6,0,6,0,6,0,25,0,13,0,84,0,32,0,66,0
Tristin,McCollum,Philadelphia Eagles,FS,Sam Houston,26,62,5/3/99,75,195,1,36,3,Hybrid - S,93,0,92,0,89,0,83,0,57,0,51,0,72,0,47,0,32,0,63,0,61,0,57,0,65,0,90,0,19,0,35,0,62,0,50,0,89,0,75,0,14,0,15,0,45,0,18,0,65,0,24,0,62,0,29,0,29,0,29,0,15,0,50,0,29,0,62,0,73,0,25,0,33,0,33,0,33,0,Default Stride Loose,0,28,0,63,0,90,0,65,0,47,0,60,0,8,0,10,0,15,0,21,0,26,0,13,0,76,0,42,0,67,0
Troy,Hairston,Cleveland Browns,FB,Central Michigan,26,62,12/8/98,71,245,1,36,3,Utility - FB,78,0,84,0,79,0,75,0,80,0,51,0,64,0,56,0,20,0,62,0,66,0,57,0,59,0,79,0,45,0,70,0,76,0,69,0,88,0,66,0,14,0,20,0,35,0,67,0,23,0,45,0,62,0,55,0,52,0,49,0,6,0,48,0,56,0,21,0,75,0,56,0,63,0,55,0,51,0,Default,0,48,0,54,0,80,0,62,0,67,0,72,0,6,0,6,0,6,0,6,0,25,0,10,0,88,0,68,0,32,0
Zack,Kuntz,NY Jets,TE,Old Dominion,26,62,6/6/99,79,251,1,88,2,Vertical Threat - TE,90,0,85,0,92,0,78,0,70,0,56,0,68,0,48,0,13,0,61,0,70,0,74,0,78,0,78,0,47,0,48,0,53,0,61,0,87,0,59,0,20,0,18,0,25,0,55,0,13,0,54,0,62,0,53,0,53,0,49,0,6,0,37,0,57,0,22,0,47,0,61,0,60,0,60,0,56,0,Long Stride Default,0,59,0,77,0,85,0,52,0,57,0,49,0,6,0,10,0,15,0,10,0,24,0,15,0,84,0,63,0,22,0
A.J.,Arcuri,Los Angeles Rams,LT,Michigan St.,28,61,8/13/97,79,320,1,61,3,Agile - OT,61,0,58,0,81,0,81,0,87,0,66,0,12,0,22,0,12,0,13,0,30,0,15,0,22,0,53,0,10,0,10,0,35,0,82,0,91,0,10,0,12,0,10,0,10,0,84,0,10,0,12,0,61,0,63,0,65,0,61,0,6,0,15,0,10,0,10,0,25,0,13,0,70,0,71,0,69,0,Long Stride Awkward,0,15,0,15,0,56,0,10,0,10,0,27,0,6,0,6,0,6,0,6,0,12,0,14,0,85,0,20,0,11,0
Addison,West,Miami Dolphins,LG,W. Michigan,24,61,12/5/00,75,305,1,65,0,Power - G,72,0,65,0,80,0,81,0,81,0,58,0,15,0,25,0,12,0,9,0,25,0,10,0,22,0,56,0,5,0,10,0,25,0,78,0,88,0,10,0,12,0,12,0,10,0,77,0,11,0,5,0,61,0,67,0,65,0,67,0,6,0,15,0,15,0,10,0,25,0,15,0,69,0,67,0,69,0,Long Stride Awkward,0,10,0,15,0,69,0,10,0,17,0,24,0,6,0,6,0,6,0,6,0,12,0,14,0,83,0,24,0,12,0
Alec,Lindstrom,New England Patriots,C,Boston College,27,61,7/7/98,75,296,0,61,3,Agile - C,76,0,66,0,72,0,83,0,82,0,65,0,15,0,24,0,10,0,9,0,30,0,12,0,25,0,55,0,5,0,10,0,22,0,74,0,91,0,10,0,14,0,16,0,10,0,79,0,9,0,8,0,61,0,72,0,76,0,68,0,6,0,25,0,10,0,10,0,28,0,12,0,64,0,66,0,61,0,Default Stride Awkward,0,10,0,14,0,66,0,10,0,16,0,31,0,6,0,6,0,6,0,6,0,15,0,6,0,79,0,23,0,10,0
Amari,Gainer,Las Vegas Raiders,ROLB,North Carolina,25,61,6/22/00,75,236,1,53,1,Run Stopper - OLB,85,0,76,0,81,0,82,0,67,0,64,0,31,0,67,0,16,0,46,0,53,0,50,0,53,0,77,0,5,0,62,0,81,0,80,0,90,0,46,0,17,0,17,0,20,0,23,0,56,0,5,0,61,0,33,0,14,0,15,0,19,0,57,0,60,0,46,0,78,0,28,0,41,0,20,0,21,0,Long Stride Loose,0,15,0,52,0,85,0,51,0,40,0,71,0,5,0,10,0,15,0,16,0,40,0,18,0,81,0,43,0,62,0
Andre,Baccellia,Arizona Cardinals,WR,Washington,28,61,1/1/97,70,175,1,82,4,,95,0,86,0,89,0,79,0,51,0,55,0,75,0,16,0,22,0,58,0,62,0,70,0,72,0,88,0,60,0,10,0,15,0,29,0,84,0,77,0,14,0,17,0,76,0,19,0,18,0,59,0,61,0,30,0,19,0,20,0,12,0,24,0,10,0,10,0,24,0,54,0,32,0,26,0,25,0,Short Stride Loose,0,61,0,70,0,94,0,70,0,30,0,20,0,14,0,19,0,29,0,23,0,36,0,11,0,67,0,29,0,20,0
Andrew,Farmer II,Denver Broncos,RE,Lane,25,61,4/19/00,76,250,1,53,2,Power Rusher - DE,82,0,65,0,88,0,71,0,79,0,51,0,41,0,72,0,8,0,32,0,35,0,32,0,37,0,65,0,14,0,57,0,84,0,76,0,91,0,39,0,9,0,11,0,10,0,35,0,33,0,18,0,61,0,35,0,35,0,35,0,11,0,52,0,67,0,45,0,75,0,23,0,40,0,40,0,40,0,Default Stride Awkward,0,25,0,39,0,82,0,35,0,55,0,77,0,12,0,17,0,19,0,10,0,35,0,8,0,88,0,44,0,39,0
Anthony,Kendall,Cleveland Browns,CB,Baldwin Wallace,25,61,12/17/99,70,177,1,44,2,Manto Man - CB,87,0,83,0,93,0,83,0,59,0,53,0,72,0,39,0,15,0,64,0,44,0,49,0,63,0,80,0,24,0,32,0,47,0,34,0,87,0,74,0,9,0,10,0,55,0,15,0,68,0,35,0,61,0,20,0,20,0,20,0,6,0,55,0,24,0,58,0,73,0,25,0,25,0,25,0,25,0,Short Stride Loose,0,39,0,55,0,91,0,70,0,30,0,44,0,11,0,13,0,16,0,14,0,25,0,9,0,75,0,33,0,64,0
Benjamin,Yurosek,Minnesota Vikings,TE,Georgia,23,61,3/17/02,76,245,1,48,0,Vertical Threat - TE,91,0,78,0,77,0,80,0,72,0,55,0,66,0,31,0,15,0,62,0,68,0,72,0,76,0,74,0,54,0,12,0,35,0,61,0,85,0,62,0,14,0,17,0,13,0,54,0,14,0,58,0,61,0,57,0,56,0,58,0,6,0,20,0,12,0,15,0,35,0,66,0,56,0,54,0,52,0,Long Stride Default,0,64,0,74,0,84,0,53,0,59,0,37,0,6,0,10,0,15,0,10,0,25,0,10,0,80,0,67,0,16,0
Benton,Whitley,Arizona Cardinals,LE,Holy Cross,26,61,2/12/99,75,260,1,49,3,Smaller Speed Rusher - DE,87,0,79,0,80,0,74,0,76,0,49,0,45,0,67,0,13,0,36,0,45,0,42,0,47,0,71,0,21,0,66,0,73,0,67,0,91,0,55,0,13,0,16,0,10,0,25,0,34,0,24,0,61,0,35,0,35,0,35,0,5,0,51,0,60,0,35,0,76,0,25,0,40,0,40,0,40,0,Long Stride Awkward,0,30,0,51,0,79,0,52,0,39,0,72,0,5,0,6,0,7,0,7,0,21,0,9,0,86,0,31,0,41,0
Brady,Russell,Seattle Seahawks,TE,Colorado,27,61,8/31/98,75,247,1,38,2,Vertical Threat - TE,83,0,75,0,83,0,82,0,71,0,62,0,75,0,44,0,21,0,59,0,74,0,76,0,75,0,73,0,55,0,29,0,39,0,63,0,88,0,66,0,11,0,14,0,33,0,55,0,13,0,59,0,61,0,55,0,49,0,51,0,15,0,40,0,41,0,15,0,45,0,64,0,58,0,56,0,53,0,Default Stride High and Tight,0,57,0,74,0,80,0,63,0,63,0,41,0,7,0,10,0,19,0,16,0,24,0,12,0,87,0,62,0,16,0
Cam,Grandy,Cincinnati Bengals,TE,Illinois St.,24,61,11/19/00,77,253,1,85,1,Possession - TE,84,0,72,0,73,0,78,0,77,0,53,0,76,0,29,0,21,0,68,0,73,0,77,0,78,0,67,0,47,0,16,0,32,0,63,0,88,0,66,0,22,0,24,0,35,0,56,0,18,0,53,0,61,0,60,0,55,0,60,0,5,0,32,0,14,0,25,0,32,0,65,0,60,0,59,0,57,0,Long Stride Default,0,59,0,77,0,76,0,60,0,69,0,38,0,6,0,10,0,13,0,10,0,23,0,6,0,85,0,69,0,25,0
Chaz,Chambliss,Minnesota Vikings,ROLB,Georgia,22,61,10/25/02,73,242,1,57,0,Run Stopper - OLB,84,0,82,0,78,0,87,0,79,0,59,0,40,0,61,0,22,0,38,0,58,0,47,0,51,0,74,0,21,0,53,0,78,0,76,0,86,0,41,0,16,0,20,0,10,0,24,0,54,0,24,0,61,0,45,0,45,0,45,0,6,0,56,0,52,0,43,0,76,0,25,0,45,0,45,0,45,0,Default Stride Awkward,0,27,0,45,0,81,0,43,0,41,0,77,0,6,0,6,0,6,0,6,0,25,0,12,0,86,0,42,0,60,0
Chris,Roland-Wallace,Kansas City Chiefs,CB,USC,23,61,11/23/01,72,202,1,30,1,Manto Man - CB,90,0,78,0,85,0,90,0,64,0,62,0,60,0,42,0,38,0,52,0,62,0,63,0,65,0,73,0,58,0,45,0,50,0,45,0,88,0,72,0,15,0,18,0,55,0,18,0,66,0,60,0,61,0,33,0,34,0,33,0,35,0,60,0,37,0,65,0,65,0,61,0,34,0,34,0,33,0,Short Stride Loose,0,62,0,65,0,86,0,64,0,28,0,50,0,31,0,34,0,36,0,32,0,38,0,26,0,89,0,33,0,62,0
Chris,Glaser,Chicago Bears,C,Virginia,25,61,10/1/99,76,306,1,63,3,Agile - C,70,0,69,0,69,0,79,0,86,0,64,0,23,0,35,0,8,0,31,0,26,0,21,0,28,0,56,0,9,0,23,0,39,0,75,0,91,0,21,0,11,0,11,0,10,0,80,0,10,0,10,0,61,0,68,0,69,0,67,0,7,0,30,0,33,0,10,0,25,0,14,0,67,0,68,0,66,0,Default Stride Awkward,0,13,0,23,0,65,0,20,0,30,0,32,0,6,0,8,0,10,0,6,0,20,0,7,0,80,0,30,0,10,0
Chris,Paul,Washington Commanders,LG,Tulsa,26,61,11/19/98,76,324,1,75,3,Power - G,83,0,60,0,68,0,80,0,82,0,55,0,21,0,23,0,10,0,14,0,25,0,10,0,29,0,53,0,5,0,15,0,26,0,81,0,90,0,10,0,23,0,27,0,10,0,73,0,8,0,6,0,61,0,63,0,59,0,67,0,6,0,30,0,19,0,10,0,33,0,12,0,69,0,69,0,69,0,Default Stride Awkward,0,12,0,15,0,76,0,10,0,25,0,31,0,6,0,6,0,6,0,6,0,25,0,10,0,72,0,25,0,9,0
Cody,White,Seattle Seahawks,WR,Michigan St.,26,61,11/28/98,75,215,1,82,5,Physical - WR,85,0,76,0,85,0,82,0,69,0,67,0,74,0,31,0,23,0,67,0,69,0,80,0,79,0,70,0,67,0,21,0,36,0,48,0,88,0,73,0,16,0,22,0,65,0,33,0,22,0,70,0,61,0,40,0,25,0,27,0,15,0,24,0,22,0,34,0,35,0,66,0,52,0,31,0,34,0,Default,0,68,0,77,0,83,0,69,0,56,0,37,0,10,0,10,0,15,0,15,0,30,0,19,0,79,0,48,0,24,0
Cole,Christiansen,Kansas City Chiefs,MLB,Army,28,61,7/30/97,73,230,1,48,5,Run Stopper - MLB,83,0,66,0,80,0,82,0,73,0,60,0,57,0,66,0,12,0,40,0,60,0,40,0,57,0,55,0,10,0,50,0,77,0,77,0,90,0,47,0,13,0,18,0,42,0,24,0,47,0,17,0,61,0,48,0,45,0,45,0,6,0,64,0,56,0,40,0,80,0,12,0,45,0,45,0,45,0,Default Stride Loose,0,30,0,35,0,82,0,40,0,39,0,79,0,6,0,6,0,6,0,6,0,25,0,16,0,87,0,48,0,53,0
Colson,Yankoff,Washington Commanders,TE,UCLA,25,61,3/1/00,76,225,1,41,1,Vertical Threat - TE,88,0,83,0,81,0,80,0,71,0,69,0,66,0,40,0,53,0,56,0,71,0,72,0,73,0,79,0,50,0,21,0,38,0,58,0,88,0,62,0,17,0,16,0,10,0,51,0,12,0,53,0,61,0,54,0,55,0,53,0,55,0,17,0,16,0,18,0,34,0,62,0,56,0,56,0,52,0,Long Stride Default,0,58,0,70,0,85,0,56,0,62,0,41,0,42,0,45,0,53,0,53,0,59,0,51,0,80,0,63,0,21,0
Dan,Skipper,Detroit Lions,RT,Arkansas,30,61,9/20/94,81,330,1,70,8,Power - OT,63,0,56,0,66,0,81,0,82,0,73,0,30,0,35,0,12,0,14,0,37,0,29,0,42,0,47,0,18,0,18,0,31,0,79,0,89,0,24,0,19,0,19,0,10,0,75,0,11,0,24,0,61,0,64,0,63,0,67,0,6,0,18,0,24,0,10,0,33,0,21,0,68,0,71,0,66,0,Default Stride Awkward,0,33,0,34,0,70,0,18,0,37,0,36,0,6,0,6,0,6,0,6,0,22,0,11,0,93,0,42,0,15,0
Dominique,Dafney,Carolina Panthers,TE,Indiana St.,28,61,6/3/97,75,235,1,46,5,Vertical Threat - TE,88,0,83,0,82,0,79,0,70,0,54,0,71,0,31,0,12,0,62,0,74,0,74,0,74,0,77,0,51,0,15,0,36,0,59,0,85,0,70,0,14,0,15,0,36,0,54,0,12,0,56,0,61,0,57,0,52,0,56,0,6,0,22,0,15,0,10,0,36,0,59,0,61,0,60,0,57,0,Long Stride Default,0,61,0,72,0,83,0,62,0,69,0,39,0,6,0,6,0,6,0,6,0,33,0,14,0,85,0,67,0,15,0
Dorian,Thompson-Robinson,Philadelphia Eagles,QB,UCLA,25,61,11/14/99,73,191,1,14,2,Scrambler - QB,88,0,77,0,83,0,80,0,61,0,40,0,84,0,21,0,73,0,64,0,56,0,58,0,71,0,76,0,44,0,10,0,21,0,28,0,86,0,71,0,23,0,23,0,22,0,17,0,9,0,50,0,61,0,12,0,12,0,16,0,79,0,15,0,10,0,9,0,30,0,47,0,21,0,23,0,18,0,Default,0,55,0,63,0,87,0,72,0,38,0,27,0,68,0,73,0,81,0,74,0,89,0,73,0,83,0,40,0,10,0
Esa,Pole,Kansas City Chiefs,LT,Wash. St.,24,61,7/4/01,79,319,1,79,0,Power - OT,65,0,52,0,72,0,82,0,83,0,57,0,17,0,25,0,12,0,6,0,24,0,24,0,27,0,57,0,5,0,10,0,25,0,78,0,87,0,11,0,13,0,12,0,10,0,74,0,11,0,5,0,61,0,70,0,68,0,71,0,6,0,13,0,14,0,10,0,25,0,16,0,70,0,71,0,69,0,Long Stride Awkward,0,16,0,19,0,63,0,12,0,15,0,25,0,6,0,6,0,6,0,6,0,17,0,11,0,84,0,27,0,12,0
Federico,Maranges,Seattle Seahawks,C,FAU,23,61,10/5/01,74,230,1,62,0,Power - C,75,0,58,0,76,0,83,0,86,0,60,0,25,0,37,0,12,0,12,0,29,0,10,0,33,0,57,0,5,0,25,0,42,0,79,0,85,0,24,0,24,0,20,0,10,0,79,0,13,0,5,0,61,0,68,0,67,0,69,0,6,0,20,0,32,0,10,0,33,0,12,0,71,0,67,0,70,0,Default Stride Awkward,0,10,0,12,0,66,0,18,0,31,0,32,0,6,0,6,0,6,0,6,0,22,0,15,0,84,0,30,0,15,0
Frank,Gore Jr,Buffalo Bills,HB,Southern Miss,23,61,3/13/02,68,198,1,20,1,Elusive Back - HB,87,0,81,0,75,0,90,0,66,0,73,0,77,0,23,0,35,0,70,0,81,0,54,0,64,0,80,0,39,0,10,0,30,0,43,0,90,0,76,0,31,0,29,0,44,0,22,0,13,0,46,0,61,0,35,0,30,0,22,0,29,0,23,0,10,0,20,0,32,0,49,0,26,0,22,0,20,0,Default,0,50,0,53,0,84,0,68,0,70,0,28,0,32,0,39,0,43,0,48,0,46,0,33,0,92,0,69,0,12,0
Graham,Mertz,Houston Texans,QB,Florida,24,61,12/6/00,75,212,1,18,0,Field General - QB,75,0,78,0,65,0,83,0,60,0,52,0,53,0,18,0,58,0,54,0,55,0,23,0,27,0,77,0,18,0,24,0,19,0,26,0,84,0,46,0,18,0,32,0,21,0,26,0,17,0,16,0,61,0,28,0,31,0,27,0,81,0,35,0,15,0,18,0,18,0,25,0,22,0,30,0,27,0,Long Stride Default,0,22,0,24,0,77,0,40,0,28,0,21,0,72,0,79,0,85,0,73,0,86,0,81,0,83,0,35,0,21,0
Hollin,Pierce,Philadelphia Eagles,LT,Rutgers,24,61,4/19/01,80,341,1,63,0,Power - OT,64,0,51,0,61,0,81,0,88,0,59,0,11,0,25,0,14,0,9,0,22,0,13,0,23,0,45,0,5,0,10,0,25,0,79,0,87,0,10,0,12,0,13,0,10,0,77,0,12,0,5,0,61,0,67,0,66,0,68,0,6,0,15,0,15,0,10,0,20,0,13,0,68,0,67,0,69,0,Long Stride Awkward,0,13,0,15,0,60,0,10,0,13,0,27,0,6,0,6,0,6,0,6,0,12,0,14,0,83,0,31,0,13,0
Jackson,Hawes,Buffalo Bills,TE,Georgia Tech,24,61,12/6/00,77,253,1,85,0,Possession - TE,86,0,73,0,83,0,85,0,72,0,60,0,68,0,33,0,21,0,60,0,70,0,70,0,73,0,71,0,50,0,32,0,41,0,68,0,91,0,64,0,27,0,24,0,23,0,58,0,17,0,54,0,61,0,61,0,60,0,62,0,20,0,25,0,28,0,13,0,30,0,61,0,64,0,61,0,64,0,Long Stride High and Tight,0,62,0,70,0,78,0,65,0,67,0,33,0,15,0,9,0,25,0,21,0,24,0,26,0,91,0,66,0,20,0
Jaelyn,Duncan,Tennessee Titans,RT,Maryland,25,61,7/8/00,78,306,1,71,2,Agile - OT,77,0,54,0,77,0,78,0,85,0,69,0,10,0,33,0,10,0,5,0,35,0,15,0,24,0,52,0,6,0,24,0,39,0,73,0,91,0,10,0,19,0,20,0,10,0,84,0,12,0,9,0,61,0,65,0,68,0,61,0,6,0,21,0,23,0,12,0,31,0,15,0,64,0,67,0,61,0,Long Stride Awkward,0,15,0,15,0,69,0,10,0,15,0,33,0,6,0,7,0,9,0,7,0,24,0,7,0,79,0,25,0,11,0
Jalen,Sundell,Seattle Seahawks,C,North Dakota St.,25,61,10/18/99,77,301,1,61,1,Agile - C,61,0,65,0,72,0,81,0,84,0,62,0,25,0,36,0,12,0,16,0,29,0,24,0,26,0,47,0,6,0,15,0,36,0,79,0,89,0,10,0,11,0,11,0,10,0,81,0,12,0,12,0,61,0,68,0,70,0,62,0,6,0,10,0,15,0,10,0,32,0,18,0,68,0,70,0,64,0,Long Stride Awkward,0,14,0,23,0,66,0,10,0,21,0,33,0,6,0,6,0,6,0,6,0,23,0,10,0,86,0,25,0,12,0
Jarrod,Hufford,Las Vegas Raiders,C,Iowa State,24,61,4/9/01,75,322,1,64,0,Power - C,69,0,52,0,75,0,81,0,89,0,57,0,12,0,21,0,12,0,9,0,23,0,13,0,23,0,50,0,5,0,10,0,27,0,79,0,84,0,10,0,13,0,13,0,10,0,77,0,12,0,5,0,61,0,67,0,67,0,69,0,6,0,14,0,14,0,10,0,24,0,15,0,69,0,68,0,70,0,Default Stride Awkward,0,16,0,15,0,68,0,10,0,18,0,27,0,6,0,6,0,6,0,6,0,16,0,11,0,81,0,28,0,14,0
Jay,Higgins,Baltimore Ravens,MLB,Iowa,23,61,2/14/02,72,224,1,49,0,Field General - MLB,84,0,83,0,80,0,88,0,68,0,62,0,45,0,63,0,22,0,31,0,56,0,41,0,53,0,76,0,22,0,51,0,80,0,73,0,88,0,51,0,19,0,23,0,10,0,24,0,53,0,25,0,61,0,45,0,45,0,45,0,6,0,60,0,53,0,42,0,78,0,26,0,45,0,45,0,45,0,Default Stride Loose,0,28,0,51,0,78,0,43,0,41,0,79,0,6,0,6,0,6,0,6,0,23,0,12,0,87,0,42,0,61,0
John,Ojukwu,Tennessee Titans,LT,Boise State,26,61,1/9/99,77,309,1,61,2,Agile - OT,74,0,65,0,71,0,78,0,86,0,64,0,22,0,55,0,9,0,14,0,23,0,14,0,21,0,58,0,5,0,47,0,60,0,82,0,93,0,12,0,11,0,15,0,10,0,80,0,10,0,6,0,61,0,66,0,68,0,64,0,6,0,45,0,57,0,10,0,59,0,10,0,68,0,68,0,68,0,Long Stride Awkward,0,10,0,20,0,64,0,12,0,39,0,55,0,6,0,6,0,6,0,6,0,19,0,6,0,85,0,30,0,12,0
Jordan,Oladokun,Los Angeles Chargers,CB,Bowling Green St.,23,61,7/29/02,71,188,1,37,0,Zone - CB,86,0,83,0,76,0,84,0,59,0,58,0,65,0,42,0,11,0,48,0,56,0,59,0,66,0,84,0,11,0,32,0,59,0,45,0,86,0,69,0,17,0,13,0,55,0,15,0,66,0,16,0,61,0,30,0,30,0,30,0,6,0,56,0,28,0,69,0,72,0,22,0,35,0,35,0,35,0,Short Stride High and Tight,0,26,0,65,0,85,0,63,0,37,0,53,0,6,0,6,0,6,0,6,0,25,0,10,0,83,0,31,0,71,0
Jordan,Mims,Tennessee Titans,HB,Fresno State,26,61,6/16/99,70,206,1,24,2,Elusive Back - HB,86,0,76,0,74,0,84,0,64,0,59,0,81,0,23,0,28,0,76,0,87,0,47,0,59,0,79,0,43,0,10,0,33,0,50,0,88,0,81,0,15,0,17,0,73,0,44,0,13,0,49,0,61,0,52,0,36,0,35,0,15,0,12,0,10,0,20,0,40,0,44,0,40,0,25,0,25,0,Default Stride Loose,0,54,0,50,0,85,0,73,0,67,0,35,0,24,0,28,0,33,0,26,0,30,0,21,0,87,0,66,0,12,0
Josh,Priebe,Miami Dolphins,LG,Michigan,24,61,7/30/01,77,306,1,68,0,Power - G,70,0,60,0,71,0,80,0,86,0,59,0,12,0,28,0,14,0,9,0,23,0,14,0,25,0,56,0,5,0,10,0,28,0,78,0,86,0,10,0,11,0,15,0,10,0,76,0,10,0,5,0,61,0,67,0,65,0,67,0,6,0,15,0,17,0,10,0,29,0,10,0,69,0,66,0,68,0,Long Stride Awkward,0,10,0,15,0,65,0,10,0,14,0,26,0,6,0,6,0,6,0,6,0,14,0,11,0,85,0,30,0,12,0
Joshua,Gray,Atlanta Falcons,LG,Oregon State,25,61,3/13/00,77,299,1,67,0,Agile - G,81,0,65,0,76,0,81,0,76,0,61,0,12,0,25,0,12,0,9,0,24,0,15,0,23,0,59,0,5,0,10,0,23,0,77,0,88,0,10,0,13,0,13,0,10,0,78,0,12,0,5,0,61,0,67,0,68,0,68,0,6,0,15,0,15,0,10,0,23,0,14,0,69,0,69,0,68,0,Long Stride Awkward,0,14,0,14,0,71,0,10,0,15,0,25,0,6,0,6,0,6,0,6,0,13,0,15,0,82,0,25,0,13,0
Julian,Pearl,Cleveland Browns,RT,Illinois,25,61,10/6/99,78,312,1,60,1,Power - OT,61,0,71,0,70,0,81,0,86,0,67,0,42,0,33,0,11,0,40,0,30,0,26,0,35,0,47,0,25,0,10,0,30,0,75,0,81,0,38,0,20,0,21,0,5,0,80,0,9,0,28,0,61,0,72,0,64,0,68,0,21,0,23,0,10,0,11,0,32,0,14,0,69,0,69,0,65,0,Long Stride Awkward,0,28,0,21,0,70,0,20,0,38,0,37,0,10,0,15,0,22,0,22,0,28,0,21,0,83,0,41,0,12,0
Kadeem,Telfort,Green Bay Packers,LT,UAB,26,61,11/10/98,79,322,1,76,2,Power - OT,61,0,47,0,63,0,76,0,86,0,63,0,15,0,30,0,15,0,10,0,25,0,10,0,20,0,44,0,5,0,10,0,38,0,84,0,90,0,12,0,8,0,10,0,10,0,69,0,8,0,6,0,61,0,67,0,63,0,72,0,5,0,16,0,18,0,9,0,15,0,12,0,65,0,64,0,66,0,Long Stride Awkward,0,12,0,15,0,58,0,10,0,14,0,28,0,6,0,7,0,9,0,6,0,21,0,5,0,84,0,30,0,9,0
Keith,Randolph Jr,Green Bay Packers,DT,Illinois,24,61,9/1/01,76,296,1,60,1,,72,0,60,0,71,0,74,0,79,0,64,0,29,0,71,0,31,0,40,0,30,0,29,0,30,0,54,0,5,0,58,0,75,0,81,0,87,0,28,0,13,0,12,0,21,0,24,0,24,0,10,0,61,0,14,0,12,0,12,0,13,0,63,0,64,0,31,0,66,0,17,0,24,0,12,0,13,0,Default Stride Awkward,0,15,0,26,0,67,0,19,0,18,0,76,0,5,0,10,0,15,0,22,0,20,0,21,0,80,0,40,0,29,0
Kyler,McMichael,Pittsburgh Steelers,CB,North Carolina,25,61,3/22/00,72,202,1,37,2,Manto Man - CB,88,0,85,0,94,0,85,0,60,0,53,0,62,0,42,0,15,0,45,0,60,0,53,0,57,0,79,0,28,0,41,0,74,0,48,0,91,0,66,0,15,0,18,0,25,0,15,0,62,0,35,0,61,0,35,0,35,0,35,0,6,0,55,0,33,0,79,0,72,0,30,0,35,0,35,0,35,0,Default Stride Loose,0,40,0,55,0,89,0,60,0,38,0,63,0,6,0,6,0,6,0,6,0,21,0,14,0,87,0,44,0,65,0
Lamar,Jackson,Atlanta Falcons,CB,Nebraska,27,61,4/13/98,74,208,1,38,5,Manto Man - CB,88,0,80,0,88,0,87,0,63,0,61,0,70,0,46,0,40,0,57,0,64,0,58,0,63,0,75,0,11,0,42,0,63,0,56,0,89,0,72,0,20,0,20,0,40,0,16,0,66,0,15,0,61,0,35,0,35,0,35,0,22,0,59,0,30,0,69,0,68,0,30,0,35,0,35,0,35,0,Long Stride Loose,0,25,0,62,0,87,0,63,0,60,0,47,0,35,0,40,0,46,0,41,0,53,0,32,0,76,0,40,0,61,0
Liam,Anderson,Indianapolis Colts,MLB,Holy Cross,25,61,4/30/00,75,226,1,47,2,Pass Coverage - MLB,88,0,80,0,81,0,84,0,70,0,56,0,64,0,63,0,15,0,50,0,62,0,53,0,65,0,76,0,8,0,49,0,79,0,70,0,87,0,58,0,13,0,14,0,10,0,25,0,57,0,14,0,61,0,45,0,45,0,45,0,6,0,55,0,57,0,58,0,77,0,21,0,45,0,45,0,45,0,Default Stride Loose,0,17,0,56,0,87,0,47,0,43,0,76,0,6,0,6,0,6,0,6,0,22,0,10,0,86,0,44,0,66,0
Luke,Tenuta,Indianapolis Colts,RT,Virginia Tech,26,61,9/1/99,80,314,1,67,3,Agile - OT,64,0,60,0,78,0,82,0,81,0,70,0,15,0,57,0,12,0,11,0,35,0,15,0,34,0,55,0,5,0,43,0,47,0,75,0,89,0,10,0,13,0,21,0,10,0,83,0,10,0,5,0,61,0,68,0,72,0,65,0,6,0,42,0,54,0,10,0,51,0,15,0,65,0,66,0,64,0,Long Stride Awkward,0,20,0,15,0,59,0,10,0,19,0,49,0,6,0,6,0,6,0,6,0,23,0,8,0,75,0,25,0,12,0
Malik,Cunningham,Baltimore Ravens,WR,Louisville,26,61,10/6/98,72,188,1,12,2,,90,0,90,0,82,0,82,0,63,0,53,0,86,0,19,0,75,0,76,0,67,0,70,0,76,0,85,0,54,0,10,0,22,0,27,0,91,0,76,0,11,0,17,0,45,0,21,0,10,0,56,0,61,0,21,0,10,0,10,0,82,0,15,0,10,0,10,0,27,0,56,0,22,0,10,0,10,0,Default Stride Loose,0,60,0,72,0,88,0,76,0,47,0,29,0,69,0,73,0,74,0,77,0,87,0,75,0,92,0,45,0,12,0
Matt,Orzech,Green Bay Packers,LS,Azusa Pacific,30,61,4/12/95,75,245,1,42,6,Accurate - LS,77,0,76,0,84,0,77,0,73,0,59,0,43,0,40,0,10,0,15,0,64,0,44,0,56,0,71,0,25,0,10,0,61,0,71,0,88,0,37,0,14,0,11,0,10,0,54,0,15,0,30,0,61,0,50,0,40,0,50,0,10,0,37,0,10,0,25,0,45,0,41,0,43,0,35,0,40,0,Default Stride Awkward,0,35,0,45,0,78,0,25,0,45,0,44,0,10,0,10,0,10,0,10,0,26,0,10,0,88,0,29,0,25,0
Messiah,Swinson,Green Bay Packers,TE,Arizona St.,25,61,4/20/00,79,259,1,48,1,Possession - TE,75,0,66,0,73,0,78,0,72,0,65,0,67,0,42,0,21,0,52,0,73,0,77,0,76,0,60,0,51,0,13,0,46,0,62,0,87,0,65,0,22,0,24,0,35,0,52,0,28,0,55,0,61,0,61,0,59,0,60,0,5,0,45,0,18,0,35,0,44,0,65,0,57,0,58,0,53,0,Long Stride Default,0,62,0,76,0,77,0,60,0,68,0,41,0,6,0,10,0,13,0,10,0,23,0,6,0,81,0,64,0,35,0
Michael,Jurgens,Minnesota Vikings,C,Wake Forest,25,61,1/1/00,77,307,1,65,1,Agile - C,70,0,67,0,78,0,80,0,80,0,69,0,19,0,20,0,8,0,9,0,20,0,15,0,26,0,54,0,7,0,10,0,29,0,71,0,90,0,13,0,22,0,23,0,10,0,79,0,12,0,11,0,61,0,69,0,67,0,67,0,5,0,17,0,10,0,10,0,26,0,15,0,69,0,72,0,69,0,Default Stride Awkward,0,13,0,15,0,58,0,10,0,24,0,30,0,6,0,6,0,6,0,8,0,23,0,8,0,85,0,28,0,15,0
Nate,Adkins,Denver Broncos,TE,South Carolina,26,61,7/9/99,75,252,1,45,2,Possession - TE,79,0,75,0,77,0,82,0,74,0,52,0,61,0,36,0,22,0,54,0,73,0,76,0,79,0,71,0,49,0,21,0,40,0,69,0,89,0,59,0,19,0,21,0,15,0,60,0,20,0,55,0,61,0,62,0,59,0,61,0,13,0,28,0,24,0,17,0,39,0,59,0,60,0,60,0,61,0,Long Stride Default,0,61,0,78,0,77,0,53,0,56,0,38,0,14,0,20,0,25,0,21,0,28,0,10,0,85,0,61,0,26,0
Nick,Mullens,Jacksonville Jaguars,QB,Southern Miss,30,61,3/21/95,72,210,1,14,8,Field General - QB,79,0,71,0,76,0,77,0,57,0,60,0,58,0,29,0,52,0,49,0,57,0,25,0,34,0,71,0,10,0,26,0,28,0,38,0,85,0,57,0,13,0,18,0,10,0,28,0,15,0,16,0,61,0,16,0,15,0,25,0,79,0,15,0,10,0,10,0,19,0,24,0,28,0,20,0,20,0,Default Stride Loose,0,21,0,32,0,74,0,58,0,50,0,26,0,76,0,76,0,82,0,78,0,84,0,75,0,95,0,42,0,20,0
Patrick,Taylor,San Francisco 49ers,HB,Memphis,27,61,4/29/98,74,217,1,32,5,Elusive Back - HB,89,0,77,0,82,0,79,0,67,0,68,0,72,0,35,0,22,0,78,0,87,0,54,0,67,0,76,0,43,0,21,0,46,0,43,0,87,0,74,0,16,0,20,0,63,0,37,0,14,0,51,0,61,0,43,0,38,0,37,0,23,0,29,0,24,0,15,0,36,0,48,0,39,0,40,0,39,0,Long Stride High and Tight,0,59,0,54,0,87,0,69,0,70,0,37,0,16,0,21,0,24,0,24,0,26,0,17,0,78,0,76,0,15,0
Power,Echols,Chicago Bears,MLB,North Carolina,22,61,1/20/03,71,234,1,57,0,Field General - MLB,88,0,71,0,80,0,86,0,63,0,62,0,46,0,63,0,24,0,34,0,59,0,43,0,55,0,71,0,17,0,52,0,78,0,70,0,87,0,45,0,18,0,23,0,10,0,24,0,57,0,20,0,61,0,45,0,45,0,45,0,6,0,60,0,51,0,45,0,81,0,21,0,45,0,45,0,45,0,Default Stride Loose,0,23,0,46,0,82,0,43,0,39,0,79,0,6,0,6,0,6,0,6,0,25,0,12,0,87,0,36,0,62,0
Princeton,Fant,Dallas Cowboys,TE,Tennessee,26,61,3/11/99,74,235,1,85,2,Vertical Threat - TE,86,0,84,0,81,0,78,0,72,0,51,0,69,0,30,0,15,0,64,0,72,0,74,0,74,0,77,0,52,0,10,0,15,0,64,0,86,0,68,0,14,0,15,0,30,0,50,0,15,0,57,0,61,0,56,0,54,0,56,0,15,0,20,0,10,0,15,0,31,0,61,0,56,0,56,0,53,0,Long Stride Default,0,62,0,75,0,87,0,61,0,70,0,35,0,14,0,17,0,19,0,16,0,30,0,15,0,83,0,67,0,20,0
Quentin,Skinner,NY Jets,WR,Kansas,23,61,12/24/01,76,203,1,39,0,,86,0,85,0,80,0,81,0,63,0,63,0,74,0,35,0,23,0,67,0,67,0,74,0,80,0,80,0,64,0,25,0,34,0,49,0,89,0,70,0,26,0,30,0,64,0,30,0,28,0,66,0,61,0,25,0,22,0,24,0,10,0,24,0,30,0,24,0,38,0,63,0,54,0,32,0,28,0,Long Stride Default,0,67,0,76,0,89,0,65,0,35,0,38,0,10,0,10,0,15,0,9,0,31,0,20,0,83,0,31,0,31,0
Raheem,Layne,NY Giants,SS,Indiana,26,61,7/2/99,71,192,1,43,3,Zone - S,92,0,75,0,83,0,83,0,60,0,59,0,70,0,54,0,15,0,65,0,60,0,49,0,54,0,75,0,19,0,41,0,76,0,53,0,87,0,71,0,17,0,19,0,35,0,25,0,60,0,22,0,61,0,35,0,35,0,35,0,6,0,55,0,35,0,66,0,76,0,15,0,35,0,35,0,35,0,Default Stride Loose,0,25,0,52,0,86,0,65,0,39,0,64,0,6,0,6,0,6,0,6,0,26,0,14,0,85,0,44,0,67,0
Raiqwon,O'Neal,Tampa Bay Buccaneers,LG,UCLA,25,61,1/12/00,76,305,1,75,2,Agile - G,69,0,61,0,71,0,82,0,81,0,64,0,10,0,27,0,10,0,17,0,32,0,23,0,30,0,57,0,5,0,23,0,30,0,79,0,91,0,10,0,19,0,21,0,10,0,74,0,15,0,5,0,61,0,69,0,72,0,66,0,12,0,30,0,29,0,10,0,35,0,15,0,63,0,64,0,62,0,Default Stride Awkward,0,10,0,22,0,71,0,10,0,10,0,34,0,14,0,21,0,23,0,11,0,22,0,11,0,83,0,23,0,21,0
Tanner,McKee,Philadelphia Eagles,QB,Stanford,25,61,4/27/00,78,231,1,16,2,Field General - QB,84,0,76,0,78,0,75,0,61,0,65,0,67,0,18,0,45,0,39,0,58,0,12,0,20,0,74,0,10,0,5,0,15,0,16,0,89,0,37,0,11,0,15,0,5,0,10,0,5,0,11,0,61,0,15,0,19,0,14,0,76,0,15,0,5,0,5,0,16,0,16,0,15,0,11,0,11,0,Default,0,12,0,10,0,77,0,27,0,28,0,20,0,73,0,73,0,80,0,80,0,86,0,75,0,87,0,39,0,11,0
Thomas,Harper,Las Vegas Raiders,FS,Notre Dame,24,61,11/5/00,70,189,1,34,1,Hybrid - S,94,0,80,0,91,0,89,0,60,0,59,0,69,0,42,0,22,0,52,0,59,0,64,0,57,0,81,0,15,0,42,0,50,0,47,0,77,0,67,0,15,0,20,0,45,0,21,0,65,0,18,0,61,0,35,0,35,0,35,0,16,0,58,0,36,0,66,0,63,0,20,0,35,0,35,0,35,0,Short Stride Default,0,22,0,61,0,89,0,60,0,42,0,52,0,10,0,15,0,20,0,27,0,25,0,22,0,84,0,42,0,63,0
Tommy,DeVito,NY Giants,QB,Illinois,27,61,8/7/98,74,210,1,15,2,Scrambler - QB,87,0,82,0,80,0,75,0,62,0,63,0,76,0,14,0,69,0,57,0,65,0,13,0,32,0,80,0,11,0,10,0,20,0,23,0,91,0,66,0,21,0,22,0,10,0,17,0,10,0,14,0,61,0,10,0,10,0,10,0,75,0,20,0,10,0,9,0,26,0,10,0,12,0,12,0,12,0,Default Stride Loose,0,15,0,15,0,84,0,63,0,76,0,21,0,71,0,74,0,79,0,76,0,83,0,73,0,84,0,45,0,10,0
Tre,Swilling,Carolina Panthers,CB,Georgia Tech,26,61,3/26/99,73,196,1,39,3,Zone - CB,87,0,90,0,88,0,85,0,61,0,60,0,65,0,52,0,14,0,49,0,55,0,52,0,57,0,86,0,12,0,48,0,65,0,48,0,86,0,72,0,12,0,14,0,50,0,15,0,61,0,16,0,61,0,10,0,10,0,10,0,10,0,59,0,34,0,71,0,75,0,19,0,29,0,19,0,15,0,Default Stride Loose,0,24,0,54,0,86,0,65,0,45,0,52,0,11,0,12,0,13,0,15,0,25,0,11,0,87,0,38,0,67,0
Tyreem,Powell,New Orleans Saints,MLB,Rutgers,23,61,12/28/01,77,239,1,57,0,Field General - MLB,91,0,67,0,78,0,86,0,68,0,61,0,47,0,66,0,25,0,42,0,62,0,44,0,57,0,65,0,24,0,58,0,78,0,69,0,85,0,47,0,17,0,21,0,10,0,24,0,57,0,26,0,61,0,45,0,45,0,45,0,11,0,59,0,55,0,43,0,81,0,28,0,45,0,45,0,45,0,Default Stride Loose,0,28,0,50,0,75,0,43,0,46,0,79,0,14,0,17,0,20,0,26,0,31,0,17,0,85,0,44,0,63,0
Wesley,French,Indianapolis Colts,LG,W. Michigan,28,61,11/30/96,76,307,1,62,3,Power - G,69,0,69,0,72,0,78,0,87,0,63,0,37,0,57,0,12,0,35,0,42,0,26,0,39,0,55,0,12,0,43,0,51,0,80,0,88,0,19,0,11,0,14,0,10,0,72,0,12,0,17,0,61,0,63,0,61,0,64,0,6,0,45,0,61,0,10,0,63,0,19,0,65,0,62,0,68,0,Default Stride Awkward,0,25,0,26,0,66,0,17,0,35,0,52,0,6,0,6,0,6,0,6,0,18,0,9,0,82,0,44,0,14,0
Zach,Davidson,Buffalo Bills,TE,Central Missouri,27,61,7/15/98,79,251,1,84,4,Vertical Threat - TE,80,0,83,0,87,0,80,0,71,0,56,0,68,0,38,0,38,0,54,0,71,0,75,0,78,0,76,0,55,0,10,0,29,0,61,0,92,0,69,0,65,0,79,0,20,0,49,0,12,0,58,0,61,0,55,0,53,0,47,0,50,0,19,0,10,0,10,0,38,0,59,0,56,0,55,0,51,0,Default,0,63,0,73,0,84,0,64,0,58,0,38,0,43,0,48,0,55,0,57,0,71,0,45,0,84,0,61,0,15,0
Amari,Kight,Seattle Seahawks,LT,UCF,24,60,12/21/00,77,299,1,79,0,Agile - OT,64,0,48,0,71,0,82,0,78,0,59,0,14,0,23,0,12,0,10,0,25,0,14,0,22,0,47,0,5,0,10,0,25,0,77,0,85,0,10,0,13,0,14,0,10,0,76,0,11,0,5,0,60,0,71,0,73,0,71,0,6,0,14,0,19,0,10,0,25,0,12,0,68,0,69,0,68,0,Default Stride Awkward,0,13,0,12,0,64,0,10,0,16,0,23,0,6,0,6,0,6,0,6,0,13,0,10,0,79,0,23,0,11,0
Bobby,Price,Washington Commanders,CB,Norfolk State,27,60,4/25/98,75,208,1,37,6,Zone - CB,91,0,87,0,96,0,87,0,70,0,51,0,62,0,50,0,15,0,42,0,58,0,52,0,63,0,86,0,10,0,42,0,81,0,52,0,85,0,73,0,11,0,14,0,40,0,20,0,57,0,15,0,60,0,35,0,35,0,35,0,6,0,49,0,40,0,68,0,78,0,20,0,35,0,35,0,35,0,Long Stride Loose,0,20,0,61,0,90,0,64,0,42,0,60,0,6,0,6,0,6,0,6,0,23,0,18,0,84,0,38,0,62,0
Bryson,Nesbit,Minnesota Vikings,TE,North Carolina,22,60,9/25/02,77,238,1,46,0,Possession - TE,82,0,74,0,79,0,80,0,71,0,60,0,64,0,32,0,15,0,62,0,72,0,74,0,77,0,71,0,52,0,13,0,33,0,61,0,85,0,63,0,15,0,17,0,17,0,54,0,16,0,57,0,60,0,59,0,54,0,58,0,6,0,26,0,12,0,15,0,35,0,62,0,58,0,55,0,55,0,Long Stride High and Tight,0,63,0,77,0,76,0,56,0,58,0,36,0,6,0,10,0,15,0,10,0,23,0,10,0,78,0,65,0,18,0
Caleb,Lohner,Denver Broncos,TE,Utah,24,60,1/1/01,79,256,1,84,0,Vertical Threat - TE,81,0,79,0,88,0,79,0,75,0,59,0,64,0,41,0,13,0,60,0,70,0,77,0,74,0,65,0,53,0,10,0,38,0,61,0,87,0,60,0,14,0,18,0,24,0,45,0,19,0,57,0,60,0,60,0,60,0,57,0,10,0,18,0,10,0,17,0,43,0,57,0,53,0,53,0,52,0,Long Stride Loose,0,64,0,77,0,83,0,56,0,56,0,37,0,10,0,10,0,15,0,10,0,25,0,15,0,83,0,58,0,22,0
Cam,Miller,Las Vegas Raiders,QB,North Dakota St.,24,60,6/18/01,73,210,1,5,0,Field General - QB,78,0,83,0,78,0,93,0,64,0,53,0,77,0,28,0,53,0,62,0,60,0,22,0,30,0,80,0,15,0,10,0,25,0,32,0,95,0,61,0,26,0,30,0,10,0,26,0,10,0,19,0,60,0,16,0,10,0,12,0,78,0,15,0,10,0,10,0,33,0,15,0,29,0,10,0,15,0,Default,0,19,0,25,0,78,0,53,0,43,0,32,0,78,0,77,0,82,0,79,0,85,0,75,0,95,0,43,0,12,0
Desmond,Igbinosun,Baltimore Ravens,SS,Rutgers,22,60,2/20/03,74,223,1,41,0,Hybrid - S,90,0,74,0,86,0,85,0,70,0,58,0,64,0,44,0,13,0,50,0,56,0,53,0,66,0,78,0,12,0,34,0,58,0,57,0,91,0,71,0,13,0,15,0,50,0,15,0,68,0,16,0,60,0,30,0,30,0,30,0,6,0,55,0,31,0,67,0,71,0,22,0,35,0,35,0,35,0,Long Stride Loose,0,25,0,61,0,86,0,64,0,32,0,54,0,6,0,6,0,6,0,6,0,25,0,10,0,82,0,29,0,65,0
Doug,Kramer Jr,Chicago Bears,C,Illinois,27,60,6/4/98,74,300,1,68,3,Agile - C,80,0,57,0,73,0,84,0,81,0,72,0,22,0,38,0,12,0,18,0,35,0,14,0,28,0,57,0,5,0,36,0,31,0,75,0,87,0,10,0,18,0,23,0,10,0,79,0,10,0,10,0,60,0,66,0,65,0,67,0,6,0,32,0,34,0,10,0,36,0,15,0,65,0,69,0,61,0,Default Stride Awkward,0,15,0,15,0,74,0,10,0,27,0,35,0,6,0,6,0,6,0,6,0,21,0,10,0,76,0,25,0,10,0
Elijah,Dotson,Atlanta Falcons,HB,N. Colorado,26,60,1/19/99,69,202,1,41,2,Elusive Back - HB,89,0,82,0,81,0,83,0,64,0,55,0,80,0,25,0,22,0,69,0,78,0,65,0,69,0,83,0,52,0,8,0,21,0,38,0,89,0,76,0,15,0,19,0,75,0,25,0,10,0,55,0,60,0,39,0,39,0,39,0,10,0,23,0,7,0,21,0,17,0,52,0,35,0,35,0,35,0,Short Stride High and Tight,0,61,0,64,0,88,0,73,0,57,0,31,0,15,0,21,0,22,0,10,0,30,0,15,0,78,0,58,0,15,0
Jack,Cochrane,Kansas City Chiefs,MLB,South Dakota,26,60,2/9/99,75,236,1,43,3,Field General - MLB,90,0,75,0,92,0,76,0,70,0,51,0,64,0,62,0,34,0,52,0,63,0,54,0,62,0,76,0,39,0,51,0,74,0,67,0,90,0,61,0,15,0,21,0,25,0,38,0,49,0,44,0,60,0,50,0,49,0,45,0,22,0,55,0,45,0,36,0,82,0,45,0,45,0,45,0,45,0,Default,0,47,0,50,0,84,0,52,0,55,0,78,0,24,0,26,0,29,0,32,0,35,0,21,0,75,0,52,0,62,0
Jared,Penning,Baltimore Ravens,LG,Northern Iowa,24,60,9/17/00,77,319,1,63,0,Agile - G,63,0,57,0,66,0,84,0,82,0,58,0,12,0,23,0,12,0,9,0,22,0,15,0,21,0,52,0,5,0,10,0,24,0,77,0,86,0,10,0,14,0,13,0,10,0,78,0,11,0,5,0,60,0,68,0,68,0,67,0,6,0,15,0,16,0,10,0,29,0,11,0,69,0,69,0,68,0,Default Stride Awkward,0,14,0,15,0,61,0,10,0,15,0,23,0,6,0,6,0,6,0,6,0,12,0,15,0,85,0,20,0,12,0
Jason,Ivey,Cleveland Browns,RT,N.C. AT,24,60,6/15/01,77,287,1,72,0,Agile - OT,80,0,55,0,67,0,83,0,78,0,60,0,10,0,15,0,12,0,14,0,20,0,15,0,12,0,50,0,5,0,10,0,12,0,79,0,85,0,10,0,16,0,19,0,10,0,80,0,10,0,5,0,60,0,71,0,70,0,69,0,6,0,25,0,10,0,10,0,19,0,10,0,69,0,68,0,67,0,Long Stride Awkward,0,10,0,10,0,67,0,10,0,10,0,20,0,6,0,6,0,6,0,6,0,17,0,12,0,84,0,10,0,11,0
Jaxson,Kirkland,Cincinnati Bengals,LG,Washington,27,60,7/30/98,79,328,1,60,2,Agile - G,59,0,54,0,66,0,82,0,80,0,72,0,10,0,26,0,12,0,5,0,28,0,14,0,24,0,51,0,11,0,10,0,29,0,68,0,87,0,10,0,19,0,19,0,10,0,69,0,10,0,14,0,60,0,70,0,72,0,68,0,6,0,20,0,10,0,9,0,23,0,12,0,64,0,66,0,62,0,Long Stride Awkward,0,15,0,15,0,63,0,10,0,10,0,28,0,6,0,6,0,6,0,6,0,22,0,15,0,86,0,15,0,9,0
Joe,Cardona,Miami Dolphins,LS,Navy,33,60,4/16/92,75,245,1,67,10,Accurate - LS,73,0,69,0,80,0,69,0,80,0,48,0,35,0,40,0,10,0,15,0,70,0,44,0,56,0,61,0,25,0,10,0,61,0,69,0,94,0,25,0,14,0,11,0,10,0,53,0,15,0,30,0,60,0,57,0,40,0,50,0,10,0,24,0,10,0,25,0,35,0,42,0,45,0,35,0,40,0,Default Stride Awkward,0,35,0,45,0,75,0,25,0,45,0,44,0,10,0,10,0,10,0,10,0,35,0,10,0,88,0,29,0,25,0
John,Wolford,Jacksonville Jaguars,QB,Wake Forest,29,60,10/16/95,73,200,1,18,5,Scrambler - QB,78,0,83,0,76,0,78,0,55,0,62,0,80,0,30,0,66,0,63,0,64,0,30,0,38,0,81,0,20,0,20,0,29,0,33,0,88,0,63,0,18,0,20,0,30,0,18,0,20,0,25,0,60,0,17,0,18,0,14,0,72,0,20,0,24,0,29,0,28,0,23,0,19,0,12,0,16,0,Default Stride Bread Loaf,0,31,0,35,0,80,0,53,0,37,0,37,0,68,0,74,0,80,0,77,0,83,0,75,0,89,0,48,0,26,0
Johnny,Walker Jr.,Denver Broncos,ROLB,Missouri,23,60,12/12/01,74,246,1,59,0,Run Stopper - OLB,78,0,61,0,78,0,85,0,73,0,62,0,45,0,64,0,23,0,41,0,59,0,43,0,52,0,65,0,22,0,52,0,79,0,72,0,86,0,51,0,16,0,18,0,10,0,24,0,54,0,25,0,60,0,45,0,45,0,45,0,6,0,59,0,49,0,45,0,78,0,26,0,45,0,45,0,45,0,Default Stride Loose,0,28,0,46,0,78,0,45,0,42,0,78,0,6,0,6,0,6,0,6,0,22,0,12,0,87,0,45,0,60,0
Josh,Sills,Indianapolis Colts,LG,Oklahoma St.,27,60,1/26/98,78,325,1,66,3,Power - G,66,0,64,0,64,0,79,0,78,0,61,0,18,0,33,0,9,0,15,0,40,0,24,0,35,0,53,0,14,0,23,0,35,0,72,0,90,0,22,0,38,0,43,0,10,0,78,0,11,0,16,0,60,0,65,0,61,0,67,0,5,0,23,0,31,0,10,0,31,0,15,0,68,0,66,0,71,0,Long Stride Awkward,0,22,0,30,0,64,0,20,0,32,0,25,0,5,0,5,0,5,0,5,0,25,0,7,0,87,0,25,0,11,0
Keondre,Jackson,Baltimore Ravens,FS,Illinois St.,23,60,5/2/02,74,207,1,39,0,Hybrid - S,83,0,86,0,85,0,88,0,65,0,57,0,62,0,45,0,14,0,51,0,60,0,61,0,64,0,82,0,18,0,36,0,61,0,53,0,89,0,75,0,16,0,15,0,51,0,15,0,69,0,23,0,60,0,30,0,30,0,30,0,6,0,60,0,30,0,72,0,68,0,24,0,35,0,35,0,35,0,Default Stride Loose,0,30,0,64,0,83,0,62,0,33,0,57,0,6,0,6,0,6,0,6,0,28,0,10,0,84,0,29,0,65,0
Kyle,Hinton,Atlanta Falcons,RG,Washburn,27,60,2/27/98,74,295,1,68,5,Agile - G,76,0,60,0,83,0,81,0,87,0,63,0,10,0,30,0,12,0,5,0,40,0,10,0,39,0,55,0,5,0,22,0,38,0,81,0,89,0,10,0,25,0,25,0,10,0,83,0,12,0,13,0,60,0,63,0,65,0,61,0,6,0,30,0,33,0,10,0,29,0,12,0,62,0,64,0,61,0,Default Stride Awkward,0,21,0,12,0,75,0,10,0,10,0,37,0,6,0,6,0,6,0,6,0,30,0,13,0,86,0,15,0,15,0
Kyle,Allen,Detroit Lions,QB,Houston,29,60,3/8/96,75,210,1,8,7,Field General - QB,77,0,74,0,71,0,71,0,53,0,62,0,52,0,21,0,60,0,33,0,56,0,18,0,24,0,76,0,15,0,9,0,11,0,22,0,89,0,49,0,15,0,18,0,11,0,12,0,12,0,17,0,60,0,17,0,18,0,14,0,74,0,21,0,9,0,9,0,28,0,19,0,16,0,10,0,10,0,Default Stride Loose,0,18,0,20,0,81,0,70,0,42,0,28,0,76,0,75,0,82,0,74,0,84,0,74,0,84,0,27,0,18,0
Marcelino,McCrary-Ball,NY Jets,ROLB,Indiana,26,60,3/23/99,72,214,1,41,2,Run Stopper - OLB,91,0,83,0,85,0,83,0,72,0,54,0,63,0,58,0,15,0,44,0,63,0,56,0,68,0,82,0,10,0,52,0,76,0,70,0,88,0,69,0,17,0,18,0,35,0,22,0,57,0,10,0,60,0,35,0,35,0,35,0,6,0,51,0,42,0,64,0,77,0,25,0,35,0,35,0,35,0,Default,0,20,0,61,0,89,0,56,0,49,0,72,0,6,0,6,0,6,0,6,0,24,0,15,0,82,0,42,0,64,0
Max,Brosmer,Minnesota Vikings,QB,Minnesota,24,60,3/28/01,74,218,1,12,0,Strong Arm - QB,80,0,77,0,71,0,84,0,70,0,54,0,60,0,36,0,68,0,67,0,55,0,18,0,31,0,75,0,16,0,33,0,29,0,28,0,87,0,63,0,33,0,25,0,20,0,30,0,18,0,15,0,60,0,39,0,27,0,27,0,76,0,33,0,34,0,15,0,42,0,25,0,20,0,20,0,22,0,Default,0,18,0,16,0,79,0,57,0,44,0,32,0,72,0,78,0,77,0,75,0,87,0,73,0,86,0,49,0,14,0
Sal,Wormley,Jacksonville Jaguars,RG,Penn State,24,60,7/23/01,75,327,1,61,0,Power - G,80,0,57,0,67,0,81,0,77,0,58,0,13,0,24,0,12,0,9,0,22,0,10,0,23,0,45,0,5,0,10,0,21,0,80,0,87,0,10,0,13,0,14,0,10,0,78,0,12,0,5,0,60,0,67,0,65,0,68,0,6,0,11,0,15,0,10,0,27,0,15,0,68,0,67,0,69,0,Default Stride Awkward,0,15,0,12,0,64,0,10,0,11,0,27,0,6,0,6,0,6,0,6,0,12,0,15,0,83,0,35,0,17,0
Sam,Kamara,Cleveland Browns,DT,Stony Brook,27,60,12/21/97,73,272,1,92,4,,68,0,70,0,72,0,74,0,78,0,57,0,35,0,72,0,12,0,23,0,45,0,23,0,38,0,65,0,5,0,58,0,80,0,79,0,88,0,25,0,26,0,30,0,10,0,35,0,29,0,5,0,60,0,45,0,45,0,45,0,6,0,55,0,70,0,45,0,75,0,15,0,45,0,45,0,45,0,Default Stride Loose,0,10,0,27,0,72,0,20,0,48,0,75,0,6,0,6,0,6,0,6,0,16,0,18,0,82,0,56,0,34,0
Stephen,Carlson,Chicago Bears,TE,Princeton,28,60,12/12/96,76,240,1,88,6,Possession - TE,83,0,82,0,79,0,79,0,70,0,54,0,65,0,35,0,17,0,52,0,74,0,76,0,76,0,76,0,50,0,10,0,45,0,62,0,84,0,65,0,19,0,21,0,39,0,49,0,19,0,54,0,60,0,60,0,59,0,55,0,6,0,19,0,10,0,23,0,33,0,62,0,60,0,60,0,57,0,Long Stride Default,0,59,0,77,0,79,0,59,0,67,0,37,0,6,0,10,0,15,0,10,0,25,0,10,0,83,0,65,0,23,0
Trey,Wedig,Los Angeles Rams,RT,Indiana,23,60,1/10/02,78,310,1,64,0,Power - OT,79,0,55,0,76,0,81,0,77,0,60,0,13,0,21,0,15,0,9,0,26,0,11,0,22,0,51,0,5,0,10,0,24,0,80,0,87,0,10,0,12,0,13,0,10,0,79,0,11,0,5,0,60,0,69,0,67,0,69,0,6,0,14,0,15,0,10,0,26,0,12,0,68,0,66,0,68,0,Default Stride Awkward,0,11,0,12,0,65,0,10,0,15,0,23,0,6,0,6,0,6,0,6,0,13,0,14,0,82,0,22,0,12,0
Tyler,Mabry,Carolina Panthers,TE,Maryland,28,60,11/21/96,75,247,1,43,5,Possession - TE,81,0,74,0,77,0,78,0,73,0,62,0,67,0,39,0,16,0,48,0,74,0,73,0,78,0,66,0,46,0,10,0,28,0,65,0,88,0,59,0,11,0,15,0,34,0,52,0,15,0,52,0,60,0,58,0,56,0,58,0,6,0,19,0,12,0,17,0,34,0,60,0,60,0,61,0,58,0,Long Stride Default,0,59,0,74,0,75,0,51,0,60,0,37,0,6,0,10,0,15,0,10,0,24,0,10,0,81,0,63,0,19,0
Tyler,Davis,New England Patriots,TE,Georgia Tech,28,60,4/2/97,76,252,1,30,5,Possession - TE,85,0,76,0,79,0,82,0,74,0,68,0,65,0,43,0,39,0,46,0,76,0,75,0,77,0,69,0,48,0,26,0,41,0,62,0,85,0,57,0,13,0,17,0,44,0,50,0,15,0,55,0,60,0,56,0,55,0,54,0,46,0,30,0,21,0,21,0,43,0,62,0,54,0,54,0,51,0,Long Stride Default,0,60,0,76,0,82,0,50,0,54,0,45,0,46,0,51,0,58,0,51,0,61,0,41,0,86,0,57,0,23,0
Tyrone,Wheatley Jr.,Atlanta Falcons,LT,Stony Brook,28,60,2/4/97,78,320,1,74,3,Agile - OT,78,0,69,0,75,0,83,0,84,0,59,0,61,0,24,0,18,0,43,0,68,0,64,0,63,0,58,0,42,0,10,0,31,0,78,0,89,0,48,0,11,0,12,0,10,0,77,0,8,0,47,0,60,0,69,0,71,0,67,0,9,0,14,0,10,0,10,0,22,0,55,0,62,0,65,0,60,0,Long Stride Awkward,0,56,0,61,0,71,0,45,0,48,0,30,0,11,0,13,0,15,0,8,0,23,0,8,0,85,0,54,0,9,0
Amen,Ogbongbemiga,Chicago Bears,ROLB,Oklahoma St.,26,59,9/4/98,72,231,1,45,4,Run Stopper - OLB,86,0,73,0,78,0,85,0,68,0,58,0,37,0,62,0,12,0,32,0,48,0,36,0,46,0,73,0,5,0,53,0,75,0,66,0,89,0,62,0,25,0,29,0,10,0,27,0,41,0,8,0,59,0,45,0,45,0,45,0,6,0,63,0,57,0,43,0,80,0,25,0,45,0,45,0,45,0,Default Stride Awkward,0,15,0,44,0,83,0,48,0,46,0,73,0,6,0,6,0,6,0,6,0,17,0,13,0,87,0,45,0,46,0
Andrew,Coker,Cincinnati Bengals,LT,TCU,24,59,3/23/01,79,315,1,79,1,Power - OT,66,0,54,0,65,0,78,0,84,0,61,0,15,0,29,0,9,0,18,0,29,0,20,0,29,0,50,0,10,0,10,0,36,0,78,0,88,0,21,0,8,0,7,0,5,0,76,0,10,0,15,0,59,0,66,0,67,0,68,0,9,0,31,0,19,0,10,0,30,0,13,0,63,0,68,0,67,0,Long Stride Awkward,0,20,0,16,0,60,0,23,0,19,0,30,0,10,0,11,0,13,0,8,0,12,0,7,0,80,0,17,0,10,0
Ben,VanSumeren,Philadelphia Eagles,ROLB,Michigan St.,25,59,5/5/00,74,231,1,43,2,Run Stopper - OLB,93,0,80,0,93,0,79,0,75,0,54,0,69,0,54,0,22,0,55,0,74,0,65,0,67,0,71,0,33,0,49,0,73,0,65,0,89,0,66,0,21,0,23,0,45,0,53,0,57,0,44,0,59,0,54,0,55,0,52,0,12,0,51,0,39,0,45,0,79,0,39,0,55,0,53,0,51,0,Default Stride Loose,0,51,0,66,0,91,0,61,0,60,0,72,0,10,0,15,0,20,0,14,0,30,0,12,0,77,0,62,0,54,0
Ben,Dooley,Los Angeles Rams,LT,Boise State,24,59,4/3/01,77,320,1,66,0,Power - OT,67,0,54,0,64,0,82,0,80,0,58,0,12,0,27,0,12,0,9,0,23,0,15,0,21,0,50,0,5,0,10,0,25,0,77,0,85,0,10,0,12,0,14,0,10,0,75,0,11,0,5,0,59,0,67,0,65,0,67,0,6,0,13,0,14,0,10,0,24,0,14,0,68,0,66,0,68,0,Default Stride Awkward,0,15,0,14,0,63,0,10,0,15,0,24,0,6,0,6,0,6,0,6,0,15,0,14,0,81,0,23,0,12,0
Brenden,Jaimes,Tennessee Titans,C,Nebraska,26,59,5/28/99,77,300,1,66,4,Agile - C,69,0,68,0,75,0,79,0,82,0,71,0,15,0,21,0,12,0,5,0,24,0,14,0,21,0,54,0,5,0,12,0,24,0,74,0,93,0,10,0,21,0,20,0,10,0,74,0,8,0,5,0,59,0,66,0,70,0,62,0,6,0,10,0,10,0,10,0,29,0,13,0,62,0,64,0,60,0,Default Stride Awkward,0,10,0,16,0,65,0,10,0,10,0,32,0,6,0,6,0,6,0,6,0,14,0,10,0,77,0,18,0,10,0
Caleb,Johnson,Atlanta Falcons,MLB,Houston Baptist,27,59,7/28/98,74,227,1,53,4,Pass Coverage - MLB,84,0,78,0,89,0,84,0,67,0,56,0,57,0,55,0,10,0,36,0,57,0,54,0,63,0,76,0,13,0,54,0,72,0,65,0,87,0,60,0,17,0,20,0,35,0,10,0,57,0,18,0,59,0,35,0,35,0,35,0,6,0,58,0,42,0,66,0,76,0,23,0,35,0,35,0,35,0,Default Stride Loose,0,22,0,55,0,81,0,52,0,36,0,77,0,6,0,6,0,6,0,6,0,30,0,11,0,67,0,29,0,65,0
Cam'Ron,Silmon-Craig,Jacksonville Jaguars,SS,Colorado,22,59,10/30/02,71,194,1,32,0,Zone - S,83,0,76,0,75,0,91,0,59,0,60,0,63,0,47,0,14,0,63,0,60,0,59,0,67,0,78,0,12,0,30,0,73,0,50,0,87,0,63,0,14,0,18,0,75,0,25,0,63,0,14,0,59,0,35,0,35,0,35,0,6,0,57,0,31,0,62,0,74,0,21,0,35,0,35,0,35,0,Default Stride Loose,0,24,0,58,0,83,0,61,0,43,0,64,0,6,0,6,0,6,0,6,0,24,0,12,0,87,0,49,0,67,0
Carter,Runyon,Las Vegas Raiders,TE,Towson,24,59,7/23/01,77,243,1,46,0,Vertical Threat - TE,81,0,77,0,87,0,81,0,74,0,60,0,65,0,38,0,15,0,61,0,71,0,70,0,75,0,77,0,49,0,15,0,32,0,60,0,86,0,64,0,11,0,17,0,13,0,53,0,12,0,54,0,59,0,58,0,56,0,59,0,6,0,26,0,14,0,14,0,36,0,60,0,59,0,53,0,53,0,Long Stride Default,0,60,0,71,0,85,0,52,0,58,0,35,0,6,0,10,0,15,0,10,0,24,0,10,0,80,0,64,0,18,0
Cole,Van Lanen,Jacksonville Jaguars,RT,Wisconsin,27,59,4/23/98,76,312,1,70,4,Power - OT,79,0,72,0,74,0,80,0,79,0,67,0,10,0,35,0,12,0,8,0,22,0,15,0,22,0,59,0,5,0,15,0,22,0,82,0,90,0,10,0,10,0,14,0,10,0,84,0,13,0,5,0,59,0,61,0,59,0,63,0,6,0,21,0,25,0,10,0,29,0,14,0,64,0,62,0,67,0,Default Stride Awkward,0,15,0,15,0,68,0,10,0,19,0,26,0,6,0,6,0,6,0,6,0,30,0,12,0,87,0,23,0,15,0
Devin,Cochran,Cincinnati Bengals,RT,Georgia Tech,27,59,7/17/98,79,330,1,76,3,Power - OT,74,0,61,0,74,0,78,0,83,0,64,0,14,0,42,0,15,0,19,0,35,0,21,0,24,0,53,0,10,0,28,0,35,0,81,0,88,0,10,0,14,0,18,0,10,0,75,0,10,0,12,0,59,0,63,0,59,0,65,0,6,0,32,0,33,0,10,0,34,0,11,0,65,0,64,0,66,0,Long Stride Awkward,0,15,0,22,0,69,0,10,0,20,0,32,0,6,0,6,0,6,0,6,0,16,0,10,0,79,0,21,0,10,0
Jake,Majors,Tampa Bay Buccaneers,C,Texas,23,59,1/17/02,75,304,0,65,0,Power - C,70,0,60,0,67,0,82,0,83,0,57,0,10,0,27,0,13,0,9,0,21,0,15,0,23,0,60,0,5,0,10,0,28,0,79,0,88,0,10,0,13,0,14,0,10,0,78,0,12,0,5,0,59,0,67,0,67,0,68,0,6,0,13,0,15,0,10,0,29,0,13,0,69,0,68,0,69,0,Default Stride Awkward,0,15,0,15,0,65,0,10,0,16,0,25,0,9,0,6,0,6,0,6,0,16,0,13,0,82,0,29,0,13,0
Jake,Tonges,San Francisco 49ers,TE,California,26,59,7/8/99,76,240,1,88,3,Vertical Threat - TE,88,0,81,0,85,0,77,0,69,0,56,0,71,0,29,0,40,0,50,0,75,0,72,0,75,0,72,0,58,0,17,0,38,0,56,0,90,0,68,0,22,0,20,0,40,0,61,0,15,0,62,0,59,0,55,0,47,0,45,0,34,0,26,0,15,0,15,0,38,0,56,0,53,0,47,0,45,0,Default,0,64,0,75,0,80,0,64,0,55,0,35,0,29,0,33,0,37,0,35,0,36,0,32,0,75,0,65,0,20,0
Jared,Ivey,Seattle Seahawks,LE,Ole Miss,23,59,12/5/01,78,274,1,51,0,Run Stopper - DE,66,0,66,0,75,0,78,0,74,0,60,0,32,0,72,0,12,0,21,0,34,0,20,0,35,0,58,0,5,0,71,0,77,0,77,0,87,0,34,0,13,0,15,0,10,0,20,0,36,0,7,0,59,0,45,0,45,0,45,0,6,0,58,0,64,0,32,0,79,0,15,0,45,0,45,0,45,0,Default Stride Awkward,0,15,0,21,0,67,0,28,0,33,0,76,0,6,0,6,0,6,0,6,0,20,0,10,0,84,0,31,0,46,0
Jayson,Jones,Baltimore Ravens,DT,Auburn,23,59,10/29/01,78,325,1,69,0,,62,0,51,0,60,0,84,0,78,0,60,0,24,0,72,0,12,0,15,0,38,0,21,0,35,0,49,0,5,0,58,0,80,0,88,0,86,0,20,0,13,0,17,0,10,0,26,0,16,0,7,0,59,0,45,0,45,0,45,0,6,0,58,0,68,0,17,0,67,0,15,0,45,0,45,0,45,0,Long Stride Awkward,0,15,0,20,0,62,0,17,0,30,0,78,0,6,0,6,0,6,0,6,0,20,0,10,0,87,0,32,0,21,0
Jimmy,Morrissey,NY Giants,C,Pittsburgh,27,59,6/9/98,75,303,1,67,4,Agile - C,81,0,68,0,76,0,82,0,81,0,70,0,10,0,24,0,12,0,5,0,36,0,10,0,35,0,59,0,5,0,22,0,31,0,82,0,90,0,10,0,25,0,25,0,10,0,80,0,12,0,5,0,59,0,62,0,63,0,61,0,6,0,32,0,31,0,10,0,29,0,12,0,66,0,68,0,64,0,Default Stride Awkward,0,10,0,12,0,61,0,10,0,10,0,37,0,6,0,6,0,6,0,6,0,30,0,13,0,82,0,15,0,15,0
Josh,Johnson,Washington Commanders,QB,San Diego,39,59,5/15/86,75,198,1,14,16,Scrambler - QB,81,0,81,0,81,0,72,0,53,0,61,0,77,0,24,0,72,0,61,0,60,0,41,0,54,0,74,0,19,0,10,0,12,0,30,0,91,0,68,0,25,0,25,0,10,0,20,0,15,0,25,0,59,0,15,0,15,0,25,0,61,0,15,0,10,0,10,0,20,0,43,0,15,0,20,0,30,0,Default Stride Loose,0,32,0,34,0,80,0,74,0,30,0,30,0,67,0,67,0,78,0,79,0,84,0,75,0,70,0,24,0,20,0
Kyle,Trask,Tampa Bay Buccaneers,QB,Florida,27,59,3/6/98,77,236,1,2,4,Field General - QB,79,0,77,0,77,0,79,0,57,0,60,0,70,0,21,0,51,0,44,0,62,0,14,0,33,0,72,0,11,0,10,0,14,0,24,0,87,0,51,0,38,0,48,0,14,0,21,0,10,0,13,0,59,0,14,0,10,0,13,0,73,0,17,0,10,0,10,0,27,0,14,0,17,0,10,0,13,0,Long Stride Default,0,16,0,15,0,69,0,48,0,38,0,26,0,74,0,76,0,80,0,76,0,84,0,71,0,87,0,43,0,16,0
Michael,Pratt,Tampa Bay Buccaneers,QB,Tulane,23,59,9/30/01,75,217,1,11,1,Scrambler - QB,84,0,78,0,85,0,86,0,66,0,47,0,76,0,15,0,72,0,58,0,65,0,10,0,38,0,82,0,10,0,10,0,12,0,23,0,86,0,63,0,19,0,21,0,10,0,20,0,10,0,10,0,59,0,15,0,15,0,25,0,74,0,15,0,10,0,10,0,25,0,12,0,15,0,20,0,15,0,Long Stride Default,0,10,0,12,0,81,0,52,0,45,0,17,0,76,0,73,0,79,0,77,0,84,0,76,0,92,0,41,0,10,0
Morice,Norris,Detroit Lions,SS,Fresno State,24,59,9/27/00,70,192,1,26,1,Hybrid - S,85,0,85,0,90,0,83,0,56,0,55,0,73,0,47,0,10,0,62,0,67,0,59,0,65,0,88,0,16,0,38,0,77,0,52,0,88,0,73,0,22,0,26,0,45,0,26,0,61,0,18,0,59,0,35,0,35,0,35,0,6,0,52,0,32,0,61,0,69,0,29,0,35,0,35,0,35,0,Default Stride Loose,0,25,0,60,0,87,0,66,0,48,0,62,0,6,0,6,0,6,0,6,0,21,0,13,0,81,0,49,0,63,0
Ozzie,Hutchinson,Baltimore Ravens,C,Albany,23,59,9/16/01,77,309,1,65,0,Agile - C,69,0,59,0,71,0,78,0,88,0,56,0,10,0,22,0,12,0,9,0,21,0,15,0,24,0,56,0,5,0,10,0,25,0,78,0,85,0,10,0,15,0,13,0,10,0,79,0,11,0,5,0,59,0,68,0,68,0,67,0,6,0,11,0,14,0,10,0,26,0,15,0,68,0,69,0,68,0,Default Stride Awkward,0,15,0,15,0,67,0,10,0,15,0,25,0,6,0,6,0,6,0,6,0,14,0,10,0,80,0,19,0,11,0
Tucker,Fisk,Los Angeles Chargers,TE,Stanford,26,59,1/19/99,76,285,1,42,3,Blocking - TE,69,0,73,0,75,0,78,0,79,0,57,0,65,0,59,0,15,0,47,0,73,0,70,0,68,0,61,0,41,0,49,0,64,0,70,0,90,0,60,0,12,0,22,0,25,0,59,0,12,0,50,0,59,0,60,0,56,0,64,0,7,0,49,0,57,0,15,0,65,0,63,0,67,0,60,0,63,0,Default Stride Awkward,0,56,0,66,0,65,0,55,0,69,0,58,0,7,0,9,0,15,0,10,0,24,0,7,0,87,0,66,0,15,0
Ty,Okada,Seattle Seahawks,SS,Montana State,26,59,6/4/99,71,193,1,39,2,Hybrid - S,91,0,88,0,94,0,82,0,62,0,50,0,73,0,45,0,45,0,64,0,67,0,59,0,61,0,90,0,26,0,38,0,79,0,51,0,89,0,73,0,22,0,26,0,45,0,26,0,63,0,28,0,59,0,35,0,35,0,35,0,41,0,47,0,32,0,61,0,69,0,29,0,35,0,35,0,35,0,Default Stride Loose,0,35,0,60,0,90,0,66,0,48,0,59,0,40,0,46,0,51,0,51,0,52,0,31,0,77,0,49,0,59,0
Will,Sherman,Denver Broncos,RG,Colorado,26,59,5/27/99,76,300,1,78,4,Power - G,63,0,60,0,66,0,79,0,81,0,66,0,15,0,31,0,12,0,12,0,25,0,10,0,31,0,43,0,5,0,30,0,25,0,84,0,90,0,20,0,17,0,12,0,10,0,74,0,11,0,5,0,59,0,62,0,59,0,64,0,6,0,15,0,30,0,10,0,23,0,15,0,64,0,61,0,67,0,Long Stride Awkward,0,10,0,15,0,65,0,25,0,17,0,36,0,6,0,6,0,6,0,6,0,12,0,14,0,75,0,24,0,12,0
Willie,Lampkin,Los Angeles Rams,RG,North Carolina,23,59,1/22/02,71,290,1,62,0,Agile - G,74,0,59,0,61,0,81,0,72,0,61,0,15,0,26,0,12,0,9,0,22,0,15,0,20,0,59,0,5,0,10,0,22,0,75,0,87,0,10,0,11,0,11,0,10,0,79,0,12,0,5,0,59,0,69,0,68,0,65,0,6,0,15,0,15,0,10,0,27,0,12,0,68,0,69,0,66,0,Default Stride Awkward,0,10,0,14,0,65,0,10,0,15,0,23,0,6,0,6,0,6,0,6,0,17,0,14,0,81,0,30,0,12,0
Ben,Scott,Tampa Bay Buccaneers,C,Nebraska,24,58,1/9/01,77,310,1,66,0,Agile - C,70,0,62,0,68,0,81,0,84,0,57,0,14,0,22,0,13,0,9,0,23,0,15,0,23,0,58,0,5,0,10,0,23,0,77,0,87,0,10,0,12,0,14,0,10,0,77,0,11,0,5,0,58,0,68,0,67,0,66,0,6,0,14,0,15,0,10,0,22,0,15,0,69,0,68,0,67,0,Long Stride Awkward,0,15,0,15,0,68,0,10,0,17,0,24,0,6,0,6,0,6,0,6,0,13,0,13,0,83,0,29,0,12,0
Bump,Cooper Jr,NY Jets,CB,Oregon State,24,58,8/31/01,71,186,1,46,1,Manto Man - CB,86,0,78,0,76,0,86,0,58,0,63,0,70,0,40,0,10,0,54,0,60,0,59,0,64,0,79,0,10,0,42,0,47,0,47,0,86,0,69,0,13,0,18,0,45,0,15,0,63,0,10,0,58,0,35,0,35,0,35,0,6,0,61,0,34,0,61,0,62,0,35,0,35,0,35,0,35,0,Default Stride Loose,0,20,0,62,0,84,0,64,0,30,0,44,0,6,0,6,0,6,0,6,0,30,0,16,0,84,0,35,0,64,0
Chandler,Brewer,Tennessee Titans,RG,Mid Tenn St.,28,58,6/12/97,78,320,1,67,6,Power - G,63,0,58,0,67,0,78,0,88,0,58,0,10,0,20,0,12,0,5,0,31,0,15,0,34,0,51,0,5,0,10,0,20,0,79,0,85,0,10,0,25,0,25,0,10,0,70,0,12,0,5,0,58,0,64,0,62,0,66,0,10,0,15,0,10,0,10,0,15,0,12,0,62,0,62,0,63,0,Default Stride Awkward,0,15,0,15,0,66,0,10,0,10,0,33,0,10,0,10,0,10,0,10,0,27,0,13,0,84,0,20,0,15,0
Devin,Leary,Baltimore Ravens,QB,Kentucky,25,58,9/10/99,73,215,1,13,1,Strong Arm - QB,82,0,75,0,72,0,78,0,54,0,45,0,65,0,22,0,62,0,47,0,54,0,10,0,29,0,72,0,10,0,10,0,12,0,16,0,85,0,55,0,18,0,21,0,10,0,11,0,10,0,10,0,58,0,13,0,10,0,10,0,76,0,16,0,10,0,10,0,24,0,15,0,14,0,10,0,10,0,Long Stride Default,0,10,0,10,0,80,0,35,0,29,0,14,0,72,0,74,0,78,0,76,0,91,0,71,0,83,0,31,0,12,0
Eric,Banks,Tampa Bay Buccaneers,LE,UTSA,27,58,1/30/98,77,274,1,93,5,Power Rusher - DE,79,0,68,0,76,0,69,0,74,0,58,0,21,0,66,0,31,0,13,0,32,0,19,0,35,0,60,0,4,0,56,0,77,0,81,0,85,0,36,0,12,0,17,0,10,0,14,0,30,0,8,0,58,0,45,0,45,0,45,0,24,0,55,0,63,0,21,0,77,0,12,0,45,0,45,0,45,0,Long Stride Loose,0,10,0,16,0,72,0,29,0,31,0,77,0,29,0,36,0,40,0,36,0,43,0,32,0,79,0,28,0,42,0
Evan,Deckers,Tampa Bay Buccaneers,LS,Duke,26,58,2/23/99,75,245,1,86,2,Power - LS,62,0,56,0,70,0,79,0,62,0,52,0,39,0,41,0,10,0,20,0,65,0,62,0,67,0,63,0,24,0,10,0,12,0,54,0,93,0,45,0,18,0,29,0,10,0,43,0,14,0,38,0,58,0,50,0,45,0,55,0,6,0,34,0,10,0,32,0,24,0,33,0,44,0,34,0,39,0,Default,0,43,0,60,0,67,0,35,0,40,0,39,0,6,0,6,0,6,0,6,0,35,0,10,0,82,0,46,0,23,0
Josh,Ross,Seattle Seahawks,MLB,Michigan,25,58,10/31/99,72,229,1,47,3,Run Stopper - MLB,86,0,72,0,81,0,82,0,65,0,60,0,43,0,58,0,10,0,37,0,55,0,54,0,59,0,69,0,5,0,60,0,82,0,69,0,88,0,52,0,13,0,12,0,40,0,24,0,55,0,5,0,58,0,44,0,45,0,45,0,6,0,56,0,50,0,37,0,82,0,15,0,45,0,45,0,45,0,Default Stride Loose,0,15,0,52,0,79,0,46,0,35,0,77,0,6,0,6,0,6,0,6,0,25,0,8,0,83,0,41,0,56,0
Kingsley,Eguakun,Detroit Lions,C,Florida,24,58,3/23/01,76,304,1,65,1,Agile - C,68,0,65,0,78,0,80,0,84,0,60,0,26,0,29,0,19,0,31,0,34,0,33,0,40,0,64,0,37,0,10,0,36,0,78,0,78,0,23,0,23,0,22,0,11,0,79,0,12,0,38,0,58,0,69,0,66,0,67,0,10,0,25,0,10,0,12,0,24,0,23,0,67,0,68,0,67,0,Long Stride Awkward,0,38,0,15,0,61,0,20,0,20,0,29,0,6,0,10,0,15,0,15,0,25,0,22,0,84,0,28,0,12,0
Kion,Smith,Miami Dolphins,LT,Fayetteville State,26,58,10/7/98,77,306,1,71,3,Agile - OT,67,0,60,0,63,0,78,0,75,0,62,0,14,0,35,0,5,0,19,0,27,0,17,0,23,0,55,0,10,0,23,0,37,0,73,0,92,0,10,0,10,0,15,0,5,0,83,0,10,0,12,0,58,0,63,0,66,0,60,0,6,0,21,0,33,0,10,0,29,0,11,0,67,0,70,0,63,0,Long Stride Awkward,0,15,0,19,0,61,0,10,0,20,0,32,0,5,0,7,0,7,0,5,0,17,0,7,0,80,0,27,0,10,0
Leroy,Watson,Minnesota Vikings,LT,UTSA,27,58,6/10/98,77,310,1,72,2,Agile - OT,82,0,69,0,81,0,76,0,78,0,59,0,52,0,20,0,12,0,50,0,67,0,62,0,68,0,56,0,44,0,10,0,44,0,73,0,90,0,54,0,11,0,13,0,5,0,81,0,10,0,49,0,58,0,64,0,68,0,60,0,9,0,19,0,10,0,10,0,39,0,61,0,62,0,65,0,59,0,Long Stride Awkward,0,54,0,64,0,75,0,48,0,59,0,35,0,9,0,11,0,14,0,9,0,31,0,10,0,75,0,60,0,10,0
Nikola,Kalinic,Atlanta Falcons,TE,York University,28,58,1/21/97,76,245,1,88,4,Possession - TE,80,0,68,0,75,0,76,0,65,0,57,0,65,0,53,0,21,0,49,0,73,0,73,0,73,0,69,0,48,0,41,0,56,0,67,0,90,0,54,0,28,0,34,0,35,0,60,0,20,0,55,0,58,0,57,0,52,0,56,0,7,0,42,0,41,0,28,0,54,0,64,0,63,0,54,0,59,0,Long Stride Awkward,0,60,0,74,0,78,0,49,0,66,0,50,0,6,0,10,0,15,0,7,0,24,0,8,0,85,0,68,0,21,0
Rex,Sunahara,Cleveland Browns,LS,West Virginia,28,58,10/9/96,78,250,1,50,1,Accurate - LS,77,0,67,0,72,0,78,0,62,0,50,0,29,0,25,0,17,0,25,0,58,0,46,0,55,0,59,0,29,0,25,0,48,0,59,0,88,0,21,0,18,0,29,0,10,0,44,0,15,0,34,0,58,0,60,0,53,0,58,0,12,0,28,0,34,0,21,0,62,0,26,0,53,0,35,0,39,0,Default,0,40,0,42,0,69,0,21,0,22,0,38,0,12,0,12,0,12,0,12,0,38,0,15,0,82,0,33,0,25,0
Stevo,Klotz,Los Angeles Chargers,TE,Iowa State,23,58,12/28/01,76,247,1,41,0,Possession - TE,85,0,67,0,82,0,80,0,64,0,61,0,60,0,35,0,15,0,57,0,70,0,70,0,74,0,70,0,46,0,15,0,35,0,64,0,87,0,58,0,12,0,17,0,15,0,55,0,15,0,51,0,58,0,62,0,67,0,61,0,6,0,25,0,15,0,14,0,37,0,66,0,61,0,64,0,59,0,Long Stride Default,0,57,0,72,0,79,0,49,0,55,0,38,0,6,0,10,0,15,0,10,0,24,0,10,0,82,0,60,0,15,0
Torricelli,Simpkins III,New Orleans Saints,C,South Carolina,23,58,6/6/02,77,312,1,68,0,Power - C,66,0,41,0,72,0,81,0,78,0,61,0,15,0,26,0,15,0,9,0,24,0,16,0,24,0,51,0,5,0,10,0,24,0,77,0,88,0,10,0,14,0,13,0,10,0,79,0,12,0,5,0,58,0,68,0,67,0,69,0,6,0,13,0,17,0,10,0,23,0,14,0,70,0,68,0,70,0,Default Stride High and Tight,0,11,0,15,0,57,0,10,0,18,0,26,0,6,0,6,0,6,0,6,0,13,0,14,0,85,0,29,0,13,0
Tyson,Bagent,Chicago Bears,QB,Shepherd Univ.,25,58,6/8/00,75,213,1,17,2,Scrambler - QB,86,0,85,0,84,0,76,0,59,0,59,0,62,0,20,0,66,0,39,0,60,0,10,0,25,0,77,0,10,0,10,0,14,0,23,0,90,0,45,0,26,0,32,0,10,0,14,0,11,0,10,0,58,0,19,0,19,0,14,0,76,0,15,0,10,0,10,0,26,0,12,0,19,0,15,0,15,0,Long Stride Default,0,10,0,14,0,79,0,26,0,27,0,20,0,68,0,71,0,77,0,75,0,86,0,74,0,87,0,26,0,14,0
Vi,Jones,Arizona Cardinals,ROLB,N.C. State,27,58,5/5/98,74,225,1,53,3,Run Stopper - OLB,91,0,86,0,86,0,80,0,61,0,55,0,49,0,60,0,15,0,44,0,55,0,48,0,56,0,77,0,15,0,63,0,82,0,63,0,88,0,60,0,15,0,16,0,25,0,26,0,50,0,20,0,58,0,45,0,45,0,45,0,15,0,53,0,51,0,48,0,78,0,19,0,45,0,45,0,45,0,Default Stride Loose,0,25,0,51,0,88,0,55,0,56,0,73,0,9,0,10,0,15,0,15,0,30,0,10,0,80,0,50,0,57,0
William,Kwenkeu,Baltimore Ravens,ROLB,Temple,28,58,1/8/97,73,235,1,57,3,Run Stopper - OLB,92,0,84,0,81,0,79,0,72,0,49,0,44,0,60,0,23,0,45,0,55,0,34,0,53,0,74,0,5,0,65,0,80,0,67,0,91,0,55,0,32,0,37,0,24,0,25,0,47,0,5,0,58,0,40,0,35,0,35,0,10,0,48,0,53,0,45,0,74,0,15,0,45,0,40,0,40,0,Default Stride Loose,0,15,0,41,0,86,0,43,0,41,0,75,0,12,0,17,0,22,0,15,0,21,0,14,0,86,0,47,0,53,0
Xavier,Newman,NY Jets,LG,Baylor,26,58,8/4/99,74,297,1,65,3,Agile - G,76,0,43,0,68,0,79,0,81,0,60,0,15,0,26,0,11,0,14,0,25,0,14,0,20,0,44,0,5,0,13,0,35,0,81,0,89,0,11,0,12,0,15,0,10,0,68,0,10,0,8,0,58,0,62,0,64,0,60,0,6,0,15,0,18,0,10,0,22,0,11,0,67,0,71,0,63,0,Default Stride Awkward,0,10,0,13,0,67,0,12,0,22,0,31,0,6,0,6,0,10,0,6,0,15,0,10,0,88,0,29,0,10,0
Zeke,Correll,Minnesota Vikings,C,N.C. State,24,58,11/10/00,75,307,1,63,0,Agile - C,72,0,45,0,72,0,83,0,82,0,59,0,14,0,26,0,12,0,9,0,24,0,16,0,23,0,59,0,5,0,10,0,25,0,79,0,87,0,10,0,12,0,15,0,10,0,79,0,12,0,5,0,58,0,71,0,70,0,68,0,6,0,15,0,14,0,10,0,27,0,15,0,68,0,69,0,67,0,Default Stride Awkward,0,15,0,16,0,55,0,10,0,15,0,26,0,6,0,6,0,6,0,6,0,13,0,14,0,80,0,28,0,12,0
Ben,Wooldridge,New England Patriots,QB,UL Lafayette,25,57,9/27/99,74,214,1,17,0,Field General - QB,84,0,79,0,82,0,82,0,64,0,55,0,64,0,28,0,50,0,56,0,61,0,18,0,26,0,79,0,16,0,27,0,23,0,27,0,85,0,53,0,22,0,23,0,18,0,25,0,15,0,18,0,57,0,22,0,23,0,21,0,82,0,26,0,27,0,18,0,40,0,16,0,19,0,21,0,20,0,Long Stride Default,0,20,0,18,0,79,0,43,0,37,0,23,0,77,0,74,0,78,0,78,0,85,0,71,0,84,0,44,0,19,0
Brett,Rypien,Minnesota Vikings,QB,Boise State,29,57,7/9/96,74,202,1,11,7,Field General - QB,78,0,76,0,78,0,68,0,52,0,62,0,59,0,22,0,58,0,38,0,55,0,28,0,46,0,76,0,16,0,10,0,16,0,16,0,88,0,50,0,18,0,21,0,13,0,19,0,11,0,18,0,57,0,17,0,18,0,14,0,74,0,15,0,10,0,10,0,32,0,20,0,16,0,10,0,12,0,Default Stride High and Tight,0,25,0,29,0,76,0,33,0,40,0,31,0,74,0,71,0,79,0,79,0,83,0,72,0,81,0,29,0,15,0
Curtis,Robinson,San Francisco 49ers,MLB,Stanford,27,57,6/2/98,75,235,1,59,4,Field General - MLB,85,0,83,0,89,0,79,0,74,0,57,0,40,0,59,0,12,0,29,0,56,0,47,0,51,0,77,0,5,0,44,0,75,0,67,0,88,0,42,0,17,0,18,0,10,0,18,0,45,0,5,0,57,0,45,0,45,0,45,0,6,0,55,0,43,0,52,0,74,0,12,0,45,0,45,0,45,0,Default Stride Loose,0,15,0,49,0,85,0,40,0,36,0,76,0,6,0,6,0,6,0,6,0,24,0,10,0,76,0,40,0,58,0
Ezekiel,Turner,Detroit Lions,ROLB,Washington,29,57,6/9/96,74,214,1,47,7,Pass Coverage - OLB,88,0,82,0,75,0,83,0,63,0,58,0,58,0,51,0,15,0,40,0,61,0,48,0,61,0,72,0,21,0,38,0,71,0,67,0,86,0,60,0,14,0,16,0,35,0,20,0,59,0,26,0,57,0,35,0,35,0,35,0,6,0,55,0,31,0,62,0,67,0,19,0,35,0,35,0,35,0,Default,0,29,0,60,0,86,0,57,0,52,0,70,0,6,0,6,0,6,0,6,0,25,0,13,0,80,0,31,0,65,0
Jackson,Barton,Cleveland Browns,RT,Utah,30,57,8/8/95,79,302,1,68,6,Power - OT,65,0,58,0,68,0,81,0,85,0,59,0,10,0,40,0,12,0,5,0,35,0,22,0,37,0,50,0,10,0,30,0,35,0,79,0,89,0,10,0,11,0,21,0,10,0,77,0,12,0,15,0,57,0,63,0,62,0,64,0,6,0,24,0,40,0,10,0,35,0,22,0,63,0,61,0,64,0,Long Stride Awkward,0,22,0,25,0,66,0,10,0,10,0,40,0,6,0,6,0,6,0,6,0,16,0,13,0,87,0,21,0,12,0
Patrick,O'Connell,Seattle Seahawks,MLB,Montana,26,57,12/31/98,73,227,1,52,2,Run Stopper - MLB,87,0,83,0,89,0,80,0,62,0,59,0,55,0,56,0,12,0,42,0,53,0,48,0,60,0,78,0,5,0,65,0,78,0,63,0,90,0,55,0,15,0,15,0,25,0,24,0,46,0,10,0,57,0,45,0,45,0,45,0,12,0,60,0,55,0,45,0,79,0,20,0,45,0,45,0,45,0,Default Stride Loose,0,15,0,52,0,82,0,51,0,47,0,76,0,11,0,15,0,21,0,11,0,31,0,8,0,75,0,48,0,51,0
Sam,Hartman,Washington Commanders,QB,Notre Dame,26,57,7/29/99,73,211,1,15,1,Scrambler - QB,84,0,77,0,73,0,92,0,58,0,46,0,71,0,26,0,63,0,59,0,63,0,14,0,28,0,80,0,10,0,10,0,24,0,25,0,93,0,60,0,26,0,30,0,18,0,25,0,10,0,15,0,57,0,25,0,12,0,16,0,76,0,14,0,10,0,10,0,28,0,20,0,25,0,19,0,19,0,Default,0,20,0,18,0,79,0,50,0,34,0,29,0,76,0,73,0,81,0,75,0,86,0,75,0,93,0,37,0,15,0
Scott,Daly,Chicago Bears,LS,Notre Dame,31,57,2/7/94,73,250,1,46,5,Power - LS,71,0,64,0,69,0,68,0,72,0,51,0,27,0,38,0,10,0,15,0,63,0,51,0,49,0,62,0,25,0,10,0,46,0,63,0,91,0,27,0,15,0,14,0,10,0,44,0,15,0,31,0,57,0,54,0,55,0,53,0,6,0,38,0,10,0,11,0,51,0,21,0,46,0,46,0,44,0,Default Stride Awkward,0,39,0,47,0,71,0,22,0,46,0,51,0,6,0,6,0,10,0,6,0,35,0,9,0,74,0,34,0,19,0
Sean,Clifford,Green Bay Packers,QB,Penn State,27,57,7/14/98,74,218,1,16,2,Scrambler - QB,87,0,87,0,75,0,81,0,59,0,50,0,74,0,22,0,67,0,55,0,61,0,21,0,43,0,79,0,12,0,12,0,18,0,26,0,86,0,61,0,22,0,26,0,11,0,18,0,12,0,16,0,57,0,18,0,18,0,14,0,75,0,14,0,10,0,12,0,28,0,17,0,19,0,14,0,10,0,Long Stride Default,0,26,0,22,0,84,0,41,0,42,0,28,0,68,0,73,0,75,0,77,0,84,0,72,0,85,0,42,0,18,0
Trent,Scott,Washington Commanders,LT,Grambling St.,31,57,1/25/94,77,320,1,73,7,Power - OT,58,0,53,0,66,0,83,0,80,0,65,0,12,0,28,0,12,0,7,0,32,0,15,0,27,0,44,0,5,0,20,0,24,0,78,0,90,0,11,0,19,0,18,0,9,0,76,0,11,0,5,0,57,0,61,0,60,0,62,0,6,0,19,0,26,0,10,0,29,0,16,0,65,0,60,0,68,0,Default Stride Awkward,0,14,0,15,0,68,0,12,0,15,0,28,0,6,0,6,0,6,0,6,0,22,0,11,0,88,0,20,0,14,0
Sam,Ehlinger,Denver Broncos,QB,Texas,26,56,9/30/98,73,222,1,4,4,Scrambler - QB,79,0,81,0,85,0,86,0,67,0,53,0,78,0,23,0,71,0,70,0,65,0,45,0,70,0,76,0,23,0,10,0,17,0,31,0,86,0,69,0,14,0,18,0,10,0,27,0,10,0,27,0,56,0,18,0,16,0,14,0,77,0,18,0,10,0,10,0,29,0,21,0,25,0,10,0,15,0,Default Stride Loose,0,36,0,46,0,78,0,73,0,53,0,27,0,70,0,69,0,77,0,74,0,83,0,70,0,90,0,63,0,13,0
Tim,Boyle,Tennessee Titans,QB,E. Kentucky,30,56,10/3/94,76,232,1,15,7,Field General - QB,73,0,79,0,82,0,70,0,60,0,60,0,54,0,16,0,57,0,35,0,58,0,15,0,25,0,68,0,12,0,10,0,12,0,10,0,84,0,51,0,12,0,18,0,10,0,10,0,10,0,14,0,56,0,10,0,10,0,10,0,77,0,21,0,10,0,10,0,22,0,15,0,10,0,10,0,10,0,Default Stride Loose,0,15,0,14,0,77,0,52,0,32,0,25,0,75,0,72,0,78,0,72,0,82,0,72,0,75,0,35,0,19,0
Tyree,Jackson,Washington Commanders,TE,Buffalo,27,56,11/7/97,79,249,1,80,5,Vertical Threat - TE,87,0,81,0,83,0,75,0,74,0,56,0,78,0,22,0,65,0,58,0,68,0,70,0,73,0,75,0,46,0,10,0,38,0,60,0,83,0,68,0,14,0,26,0,17,0,48,0,12,0,51,0,56,0,54,0,54,0,52,0,71,0,14,0,10,0,12,0,31,0,58,0,52,0,52,0,49,0,Default,0,56,0,72,0,82,0,60,0,56,0,40,0,70,0,66,0,71,0,69,0,93,0,69,0,87,0,58,0,18,0
Will,Grier,Dallas Cowboys,QB,West Virginia,30,56,4/3/95,73,220,1,15,6,Scrambler - QB,81,0,80,0,81,0,75,0,57,0,59,0,69,0,19,0,64,0,50,0,58,0,15,0,29,0,77,0,12,0,10,0,13,0,17,0,89,0,57,0,44,0,55,0,10,0,10,0,13,0,14,0,56,0,13,0,12,0,12,0,75,0,18,0,10,0,10,0,26,0,12,0,17,0,15,0,18,0,Default,0,15,0,18,0,79,0,55,0,30,0,21,0,73,0,68,0,76,0,75,0,85,0,73,0,90,0,31,0,16,0
Chris,Oladokun,Kansas City Chiefs,QB,S. Dakota St.,27,55,9/3/97,74,195,1,19,3,Scrambler - QB,84,0,80,0,79,0,76,0,60,0,45,0,68,0,23,0,65,0,52,0,61,0,21,0,41,0,76,0,13,0,10,0,18,0,28,0,90,0,58,0,23,0,23,0,22,0,21,0,9,0,16,0,55,0,12,0,12,0,16,0,73,0,15,0,10,0,9,0,32,0,17,0,21,0,23,0,18,0,Default,0,19,0,21,0,82,0,55,0,35,0,28,0,69,0,70,0,75,0,76,0,85,0,72,0,87,0,37,0,10,0
Foster,Sarell,Washington Commanders,LT,Stanford,27,55,8/28/98,78,322,1,79,4,Power - OT,60,0,54,0,68,0,78,0,86,0,65,0,10,0,25,0,12,0,11,0,31,0,14,0,23,0,48,0,10,0,10,0,20,0,70,0,91,0,10,0,12,0,17,0,10,0,72,0,10,0,12,0,55,0,59,0,61,0,57,0,6,0,15,0,10,0,10,0,28,0,13,0,64,0,62,0,67,0,Long Stride Awkward,0,16,0,21,0,54,0,10,0,15,0,35,0,6,0,6,0,6,0,6,0,22,0,14,0,76,0,25,0,10,0
Joshua,Miles,Chicago Bears,LT,Morgan St.,29,55,1/4/96,77,325,1,78,6,Power - OT,74,0,56,0,86,0,81,0,85,0,58,0,15,0,38,0,12,0,8,0,46,0,25,0,30,0,53,0,5,0,16,0,33,0,79,0,85,0,10,0,11,0,16,0,10,0,78,0,12,0,5,0,55,0,62,0,61,0,63,0,6,0,31,0,21,0,10,0,25,0,15,0,63,0,64,0,61,0,Default Stride Awkward,0,15,0,15,0,64,0,10,0,20,0,45,0,6,0,6,0,6,0,6,0,13,0,10,0,78,0,35,0,13,0
Brandon,Allen,Tennessee Titans,QB,Arkansas,32,54,9/5/92,74,209,1,10,9,Field General - QB,70,0,76,0,70,0,65,0,56,0,61,0,52,0,21,0,56,0,30,0,59,0,20,0,26,0,74,0,15,0,9,0,11,0,21,0,85,0,47,0,20,0,21,0,13,0,11,0,12,0,17,0,54,0,17,0,18,0,14,0,75,0,21,0,9,0,9,0,28,0,19,0,16,0,10,0,10,0,Default,0,18,0,20,0,75,0,28,0,31,0,24,0,70,0,69,0,78,0,72,0,82,0,72,0,75,0,29,0,18,0
Feleipe,Franks,Atlanta Falcons,TE,Arkansas,27,54,12/22/97,78,234,1,84,4,Vertical Threat - TE,84,0,78,0,79,0,78,0,65,0,62,0,73,0,22,0,65,0,59,0,70,0,71,0,76,0,78,0,45,0,9,0,24,0,52,0,87,0,66,0,53,0,61,0,40,0,52,0,12,0,48,0,54,0,49,0,49,0,47,0,79,0,15,0,9,0,10,0,28,0,52,0,50,0,51,0,46,0,Default,0,53,0,67,0,84,0,63,0,46,0,26,0,74,0,71,0,78,0,72,0,90,0,70,0,88,0,49,0,18,0
Matt,Nelson,Minnesota Vikings,RT,Iowa,29,54,12/19/95,79,299,1,69,6,Power - OT,63,0,64,0,75,0,84,0,75,0,68,0,10,0,59,0,12,0,5,0,35,0,28,0,43,0,57,0,20,0,55,0,70,0,76,0,89,0,10,0,11,0,21,0,10,0,77,0,12,0,24,0,54,0,60,0,58,0,61,0,6,0,58,0,58,0,10,0,63,0,31,0,63,0,60,0,64,0,Long Stride Awkward,0,27,0,34,0,67,0,10,0,10,0,68,0,6,0,6,0,6,0,6,0,16,0,13,0,87,0,21,0,12,0
Brett,Toth,Philadelphia Eagles,LT,Army,29,53,9/1/96,78,304,1,64,6,Agile - OT,69,0,68,0,64,0,79,0,81,0,52,0,10,0,20,0,12,0,8,0,40,0,15,0,33,0,53,0,15,0,10,0,24,0,76,0,84,0,10,0,15,0,20,0,10,0,77,0,12,0,15,0,53,0,59,0,60,0,58,0,6,0,15,0,10,0,10,0,24,0,15,0,63,0,64,0,61,0,Default Stride Awkward,0,15,0,15,0,68,0,10,0,19,0,32,0,6,0,6,0,6,0,6,0,30,0,16,0,85,0,25,0,15,0
Ryan,McCollum,Pittsburgh Steelers,C,Texas AM,27,53,3/4/98,77,300,1,62,4,Agile - C,60,0,60,0,73,0,82,0,80,0,60,0,17,0,25,0,11,0,16,0,29,0,15,0,30,0,53,0,5,0,10,0,33,0,72,0,86,0,11,0,13,0,16,0,10,0,67,0,11,0,5,0,53,0,62,0,64,0,60,0,6,0,11,0,10,0,10,0,30,0,15,0,65,0,67,0,63,0,Default Stride Awkward,0,15,0,15,0,62,0,10,0,23,0,37,0,6,0,6,0,6,0,6,0,12,0,13,0,79,0,33,0,11,0
Tanner,Conner,Miami Dolphins,TE,Idaho State,27,53,3/20/98,75,232,1,80,3,Vertical Threat - TE,89,0,79,0,89,0,75,0,67,0,50,0,72,0,29,0,21,0,65,0,68,0,73,0,73,0,75,0,49,0,11,0,31,0,52,0,87,0,74,0,17,0,19,0,42,0,36,0,17,0,51,0,53,0,48,0,34,0,32,0,6,0,18,0,11,0,17,0,44,0,53,0,49,0,39,0,35,0,Default Stride Loose,0,53,0,77,0,86,0,70,0,62,0,36,0,6,0,10,0,15,0,10,0,26,0,10,0,70,0,56,0,19,0
Shane,Buechele,Buffalo Bills,QB,SMU,27,52,1/8/98,72,210,1,6,4,Field General - QB,76,0,72,0,74,0,76,0,51,0,57,0,64,0,11,0,50,0,37,0,61,0,21,0,32,0,69,0,10,0,9,0,18,0,32,0,89,0,55,0,21,0,24,0,10,0,25,0,15,0,16,0,52,0,20,0,20,0,20,0,65,0,15,0,10,0,10,0,20,0,19,0,24,0,20,0,20,0,Default Stride Loose,0,18,0,24,0,74,0,42,0,29,0,19,0,71,0,71,0,77,0,71,0,82,0,65,0,86,0,28,0,16,0
Emory,Jones,Atlanta Falcons,QB,Cincinnati,25,51,4/29/00,74,203,1,15,1,Scrambler - QB,86,0,74,0,74,0,81,0,61,0,42,0,72,0,21,0,65,0,66,0,61,0,19,0,29,0,72,0,15,0,9,0,11,0,19,0,89,0,69,0,20,0,21,0,20,0,10,0,12,0,17,0,51,0,17,0,18,0,14,0,69,0,20,0,9,0,9,0,28,0,19,0,16,0,11,0,10,0,Default Stride Loose,0,18,0,20,0,80,0,63,0,47,0,24,0,67,0,68,0,73,0,74,0,83,0,65,0,84,0,39,0,18,0